{"type": "FeatureCollection", "features": [{"type": "Feature", "geometry": {"type": "Point", "coordinates": [-71.10332495446438, 42.32538900636041]}, "properties": {"street": "HORAN WAY", "location_type": "Street", "dispatch_ts": "2020-11-18T17:42:26+00:00", "timestamp_ms": 1605721346000}}, {"type": "Feature", "geometry": {"type": "Point", "coordinates": [-71.10060005121365, 42.31923554012871]}, "properties": {"street": "AMORY ST", "location_type": "Street", "dispatch_ts": "2019-08-03T08:32:01+00:00", "timestamp_ms": 1564821121000}}, {"type": "Feature", "geometry": {"type": "Point", "coordinates": [-71.12383328463616, 42.31930813410081]}, "properties": {"street": null, "location_type": "Intersection", "dispatch_ts": "2021-10-20T11:29:26+00:00", "timestamp_ms": 1634729366000}}, {"type": "Feature", "geometry": {"type": "Point", "coordinates": [-71.06357304055308, 42.34326703316506]}, "properties": {"street": "BERKELEY ST", "location_type": "Street", "dispatch_ts": "2024-09-27T21:35:51+00:00", "timestamp_ms": 1727472951000}}, {"type": "Feature", "geometry": {"type": "Point", "coordinates": [-71.16601372430613, 42.34155677707316]}, "properties": {"street": "LAKE ST", "location_type": "Street", "dispatch_ts": "2022-12-24T18:08:28+00:00", "timestamp_ms": 1671905308000}}, {"type": "Feature", "geometry": {"type": "Point", "coordinates": [-71.11454471549048, 42.35085821304658]}, "properties": {"street": "COMMONWEALTH AVE", "location_type": "Street", "dispatch_ts": "2021-04-07T11:36:09+00:00", "timestamp_ms": 1617795369000}}, {"type": "Feature", "geometry": {"type": "Point", "coordinates": [-71.13443780810853, 42.35324345446998]}, "properties": {"street": null, "location_type": "Intersection", "dispatch_ts": "2018-07-21T20:53:27+00:00", "timestamp_ms": 1532206407000}}, {"type": "Feature", "geometry": {"type": "Point", "coordinates": [-71.05706580437074, 42.294971432336695]}, "properties": {"street": "CENTRE ST", "location_type": "Street", "dispatch_ts": "2024-06-03T11:49:25+00:00", "timestamp_ms": 1717415365000}}, {"type": "Feature", "geometry": {"type": "Point", "coordinates": [-71.0703456454831, 42.39064049721227]}, "properties": {"street": "ALFORD ST", "location_type": "Street", "dispatch_ts": "2018-05-16T16:30:49+00:00", "timestamp_ms": 1526488249000}}, {"type": "Feature", "geometry": {"type": "Point", "coordinates": [-71.06566715918989, 42.36112224200132]}, "properties": {"street": "CAMBRIDGE ST", "location_type": "Street", "dispatch_ts": "2023-08-24T18:33:37+00:00", "timestamp_ms": 1692902017000}}, {"type": "Feature", "geometry": {"type": "Point", "coordinates": [-71.15442612447721, 42.33914425625767]}, "properties": {"street": "CHESTNUT HILL AVE", "location_type": "Street", "dispatch_ts": "2020-08-03T16:26:46+00:00", "timestamp_ms": 1596472006000}}, {"type": "Feature", "geometry": {"type": "Point", "coordinates": [-71.06205808521851, 42.34404274573892]}, "properties": {"street": null, "location_type": "Intersection", "dispatch_ts": "2015-08-16T02:55:20+00:00", "timestamp_ms": 1439693720000}}, {"type": "Feature", "geometry": {"type": "Point", "coordinates": [-71.05396277166793, 42.278417236213656]}, "properties": {"street": "GRANITE AVE", "location_type": "Street", "dispatch_ts": "2019-05-31T15:56:35+00:00", "timestamp_ms": 1559318195000}}, {"type": "Feature", "geometry": {"type": "Point", "coordinates": [-71.12469249967215, 42.25328411011167]}, "properties": {"street": "HYDE PARK AVE", "location_type": "Street", "dispatch_ts": "2015-07-13T21:57:56+00:00", "timestamp_ms": 1436824676000}}, {"type": "Feature", "geometry": {"type": "Point", "coordinates": [-71.10383366737686, 42.31864295006575]}, "properties": {"street": "LAMARTINE ST", "location_type": "Street", "dispatch_ts": "2019-09-04T23:07:24+00:00", "timestamp_ms": 1567638444000}}, {"type": "Feature", "geometry": {"type": "Point", "coordinates": [-71.0890957622328, 42.35006295890982]}, "properties": {"street": null, "location_type": "Intersection", "dispatch_ts": "2019-05-07T14:25:35+00:00", "timestamp_ms": 1557239135000}}, {"type": "Feature", "geometry": {"type": "Point", "coordinates": [-71.0865483637565, 42.34486170780144]}, "properties": {"street": "MASSACHUSETTS AVE", "location_type": "Street", "dispatch_ts": "2016-10-11T21:12:14+00:00", "timestamp_ms": 1476220334000}}, {"type": "Feature", "geometry": {"type": "Point", "coordinates": [-71.09530193548915, 42.33438457270419]}, "properties": {"street": null, "location_type": "Intersection", "dispatch_ts": "2015-10-21T13:57:06+00:00", "timestamp_ms": 1445435826000}}, {"type": "Feature", "geometry": {"type": "Point", "coordinates": [-71.08032038126865, 42.339303441947735]}, "properties": {"street": null, "location_type": "Intersection", "dispatch_ts": "2015-05-20T19:58:00+00:00", "timestamp_ms": 1432151880000}}, {"type": "Feature", "geometry": {"type": "Point", "coordinates": [-71.06103916408678, 42.29722832026603]}, "properties": {"street": null, "location_type": "Intersection", "dispatch_ts": "2021-08-26T23:26:16+00:00", "timestamp_ms": 1630020376000}}, {"type": "Feature", "geometry": {"type": "Point", "coordinates": [-71.16573628429445, 42.35794228866559]}, "properties": {"street": "NONANTUM RD", "location_type": "Street", "dispatch_ts": "2016-06-17T22:50:11+00:00", "timestamp_ms": 1466203811000}}, {"type": "Feature", "geometry": {"type": "Point", "coordinates": [-71.0698517174454, 42.34123315416421]}, "properties": {"street": "WASHINGTON ST", "location_type": "Street", "dispatch_ts": "2022-12-05T20:13:41+00:00", "timestamp_ms": 1670271221000}}, {"type": "Feature", "geometry": {"type": "Point", "coordinates": [-71.05840263995944, 42.30767538847119]}, "properties": {"street": null, "location_type": "Intersection", "dispatch_ts": "2017-09-11T10:00:29+00:00", "timestamp_ms": 1505124029000}}, {"type": "Feature", "geometry": {"type": "Point", "coordinates": [-71.065934137825, 42.27992590941627]}, "properties": {"street": null, "location_type": "Intersection", "dispatch_ts": "2015-10-31T19:16:22+00:00", "timestamp_ms": 1446318982000}}, {"type": "Feature", "geometry": {"type": "Point", "coordinates": [-71.06199377505219, 42.35651792815249]}, "properties": {"street": null, "location_type": "Intersection", "dispatch_ts": "2016-05-11T23:17:03+00:00", "timestamp_ms": 1463008623000}}, {"type": "Feature", "geometry": {"type": "Point", "coordinates": [-71.13615997670247, 42.27902415582318]}, "properties": {"street": null, "location_type": "Intersection", "dispatch_ts": "2020-09-14T14:21:14+00:00", "timestamp_ms": 1600093274000}}, {"type": "Feature", "geometry": {"type": "Point", "coordinates": [-71.0472269692513, 42.33474444397014]}, "properties": {"street": "DORCHESTER ST", "location_type": "Street", "dispatch_ts": "2025-05-31T19:08:17+00:00", "timestamp_ms": 1748718497000}}, {"type": "Feature", "geometry": {"type": "Point", "coordinates": [-71.08559517665708, 42.34787894122673]}, "properties": {"street": null, "location_type": "Intersection", "dispatch_ts": "2024-09-02T01:23:31+00:00", "timestamp_ms": 1725240211000}}, {"type": "Feature", "geometry": {"type": "Point", "coordinates": [-71.10768396353738, 42.35023213814037]}, "properties": {"street": "COMMONWEALTH AVE", "location_type": "Street", "dispatch_ts": "2024-08-30T19:18:01+00:00", "timestamp_ms": 1725045481000}}, {"type": "Feature", "geometry": {"type": "Point", "coordinates": [-71.12133631401319, 42.308783113511446]}, "properties": {"street": null, "location_type": "Intersection", "dispatch_ts": "2020-05-22T15:00:57+00:00", "timestamp_ms": 1590159657000}}, {"type": "Feature", "geometry": {"type": "Point", "coordinates": [-71.07970290161622, 42.338800577730574]}, "properties": {"street": "MASSACHUSETTS AVE", "location_type": "Street", "dispatch_ts": "2020-09-30T20:40:15+00:00", "timestamp_ms": 1601498415000}}, {"type": "Feature", "geometry": {"type": "Point", "coordinates": [-71.05851973212272, 42.36694154078833]}, "properties": {"street": null, "location_type": "Intersection", "dispatch_ts": "2023-05-16T12:07:07+00:00", "timestamp_ms": 1684238827000}}, {"type": "Feature", "geometry": {"type": "Point", "coordinates": [-71.07410149118355, 42.350966232368926]}, "properties": {"street": "BOYLSTON ST", "location_type": "Street", "dispatch_ts": "2023-12-30T08:07:06+00:00", "timestamp_ms": 1703923626000}}, {"type": "Feature", "geometry": {"type": "Point", "coordinates": [-71.05250914087851, 42.32627239498442]}, "properties": {"street": "OLD COLONY AVE", "location_type": "Street", "dispatch_ts": "2024-12-16T15:13:43+00:00", "timestamp_ms": 1734362023000}}, {"type": "Feature", "geometry": {"type": "Point", "coordinates": [-71.05256611133179, 42.3286275185595]}, "properties": {"street": null, "location_type": "Intersection", "dispatch_ts": "2015-04-01T01:35:48+00:00", "timestamp_ms": 1427852148000}}, {"type": "Feature", "geometry": {"type": "Point", "coordinates": [-71.0753020860662, 42.304995753216744]}, "properties": {"street": "GENEVA AVE", "location_type": "Street", "dispatch_ts": "2015-08-11T09:20:55+00:00", "timestamp_ms": 1439284855000}}, {"type": "Feature", "geometry": {"type": "Point", "coordinates": [-71.07506118525284, 42.33502316542295]}, "properties": {"street": null, "location_type": "Intersection", "dispatch_ts": "2017-05-11T01:40:18+00:00", "timestamp_ms": 1494466818000}}, {"type": "Feature", "geometry": {"type": "Point", "coordinates": [-71.05837295220832, 42.32702796900526]}, "properties": {"street": "BOSTON ST", "location_type": "Street", "dispatch_ts": "2017-06-07T12:56:14+00:00", "timestamp_ms": 1496840174000}}, {"type": "Feature", "geometry": {"type": "Point", "coordinates": [-71.10768396353738, 42.35023213814037]}, "properties": {"street": "COMMONWEALTH AVE", "location_type": "Street", "dispatch_ts": "2025-09-14T13:49:54+00:00", "timestamp_ms": 1757857794000}}, {"type": "Feature", "geometry": {"type": "Point", "coordinates": [-71.13090277880767, 42.35446097582757]}, "properties": {"street": "FARRINGTON AVE", "location_type": "Street", "dispatch_ts": "2015-07-10T22:51:31+00:00", "timestamp_ms": 1436568691000}}, {"type": "Feature", "geometry": {"type": "Point", "coordinates": [-71.06944030675113, 42.33196869207494]}, "properties": {"street": "SOUTHAMPTON ST", "location_type": "Street", "dispatch_ts": "2021-11-10T21:30:32+00:00", "timestamp_ms": 1636579832000}}, {"type": "Feature", "geometry": {"type": "Point", "coordinates": [-71.15227465477108, 42.33718959235167]}, "properties": {"street": null, "location_type": "Intersection", "dispatch_ts": "2017-09-11T19:43:45+00:00", "timestamp_ms": 1505159025000}}, {"type": "Feature", "geometry": {"type": "Point", "coordinates": [-71.08302487673905, 42.280510726294]}, "properties": {"street": "MORTON ST", "location_type": "Street", "dispatch_ts": "2019-08-12T19:15:25+00:00", "timestamp_ms": 1565637325000}}, {"type": "Feature", "geometry": {"type": "Point", "coordinates": [-71.08284121000747, 42.34140359944468]}, "properties": {"street": "MASSACHUSETTS AVE", "location_type": "Street", "dispatch_ts": "2015-10-17T18:26:14+00:00", "timestamp_ms": 1445106374000}}, {"type": "Feature", "geometry": {"type": "Point", "coordinates": [-71.08462480823675, 42.305025594610626]}, "properties": {"street": "BLUE HILL AVE", "location_type": "Street", "dispatch_ts": "2015-05-29T22:40:21+00:00", "timestamp_ms": 1432939221000}}, {"type": "Feature", "geometry": {"type": "Point", "coordinates": [-71.089833576054, 42.278673737727395]}, "properties": {"street": "NORFOLK ST", "location_type": "Street", "dispatch_ts": "2017-06-21T10:57:43+00:00", "timestamp_ms": 1498042663000}}, {"type": "Feature", "geometry": {"type": "Point", "coordinates": [-71.07702612889162, 42.32236804710263]}, "properties": {"street": "BLUE HILL AVE", "location_type": "Street", "dispatch_ts": "2018-02-05T03:56:56+00:00", "timestamp_ms": 1517803016000}}, {"type": "Feature", "geometry": {"type": "Point", "coordinates": [-71.12528923377715, 42.28909537426279]}, "properties": {"street": "WASHINGTON ST", "location_type": "Street", "dispatch_ts": "2018-06-06T22:38:43+00:00", "timestamp_ms": 1528324723000}}, {"type": "Feature", "geometry": {"type": "Point", "coordinates": [-71.06244037926727, 42.29568956657006]}, "properties": {"street": "SILLOWAY ST", "location_type": "Street", "dispatch_ts": "2020-08-03T16:16:14+00:00", "timestamp_ms": 1596471374000}}, {"type": "Feature", "geometry": {"type": "Point", "coordinates": [-71.12371933998844, 42.36833400288524]}, "properties": {"street": null, "location_type": "Intersection", "dispatch_ts": "2016-06-13T15:06:53+00:00", "timestamp_ms": 1465830413000}}, {"type": "Feature", "geometry": {"type": "Point", "coordinates": [-71.06818881474172, 42.27111931882418]}, "properties": {"street": "ADAMS ST", "location_type": "Street", "dispatch_ts": "2018-11-07T13:40:21+00:00", "timestamp_ms": 1541598021000}}, {"type": "Feature", "geometry": {"type": "Point", "coordinates": [-71.06981723639923, 42.29282543849422]}, "properties": {"street": "LYNDHURST ST", "location_type": "Street", "dispatch_ts": "2018-05-24T16:16:10+00:00", "timestamp_ms": 1527178570000}}, {"type": "Feature", "geometry": {"type": "Point", "coordinates": [-71.11212435612543, 42.32159956476277]}, "properties": {"street": null, "location_type": "Intersection", "dispatch_ts": "2015-07-05T16:30:54+00:00", "timestamp_ms": 1436113854000}}, {"type": "Feature", "geometry": {"type": "Point", "coordinates": [-71.08813477346843, 42.34811804821059]}, "properties": {"street": null, "location_type": "Intersection", "dispatch_ts": "2017-04-30T01:17:54+00:00", "timestamp_ms": 1493515074000}}, {"type": "Feature", "geometry": {"type": "Point", "coordinates": [-71.06393839202299, 42.354018717743166]}, "properties": {"street": "TREMONT ST", "location_type": "Street", "dispatch_ts": "2016-04-30T01:45:55+00:00", "timestamp_ms": 1461980755000}}, {"type": "Feature", "geometry": {"type": "Point", "coordinates": [-71.15230164805877, 42.26577074817043]}, "properties": {"street": "WASHINGTON ST", "location_type": "Street", "dispatch_ts": "2020-06-05T19:17:08+00:00", "timestamp_ms": 1591384628000}}, {"type": "Feature", "geometry": {"type": "Point", "coordinates": [-71.17391419756582, 42.351590880590315]}, "properties": {"street": "TREMONT ST", "location_type": "Street", "dispatch_ts": "2022-06-17T12:55:41+00:00", "timestamp_ms": 1655470541000}}, {"type": "Feature", "geometry": {"type": "Point", "coordinates": [-71.06086565126813, 42.35046558801741]}, "properties": {"street": null, "location_type": "Intersection", "dispatch_ts": "2016-11-17T18:06:36+00:00", "timestamp_ms": 1479405996000}}, {"type": "Feature", "geometry": {"type": "Point", "coordinates": [-71.1037445243212, 42.348001394918526]}, "properties": {"street": null, "location_type": "Intersection", "dispatch_ts": "2021-02-28T02:54:39+00:00", "timestamp_ms": 1614480879000}}, {"type": "Feature", "geometry": {"type": "Point", "coordinates": [-71.05053323426012, 42.33861264554369]}, "properties": {"street": "BROADWAY ", "location_type": "Street", "dispatch_ts": "2025-09-11T22:01:53+00:00", "timestamp_ms": 1757628113000}}, {"type": "Feature", "geometry": {"type": "Point", "coordinates": [-71.1286713329066, 42.36021703073395]}, "properties": {"street": "HARVARD ST", "location_type": "Street", "dispatch_ts": "2020-04-25T17:03:34+00:00", "timestamp_ms": 1587834214000}}, {"type": "Feature", "geometry": {"type": "Point", "coordinates": [-71.063157147212, 42.33074513325406]}, "properties": {"street": null, "location_type": "Intersection", "dispatch_ts": "2024-08-12T02:11:55+00:00", "timestamp_ms": 1723428715000}}, {"type": "Feature", "geometry": {"type": "Point", "coordinates": [-71.06000729390735, 42.30078196791018]}, "properties": {"street": null, "location_type": "Intersection", "dispatch_ts": "2024-12-10T22:28:43+00:00", "timestamp_ms": 1733869723000}}, {"type": "Feature", "geometry": {"type": "Point", "coordinates": [-71.0336658721542, 42.3768633574032]}, "properties": {"street": null, "location_type": "Intersection", "dispatch_ts": "2016-03-30T20:29:40+00:00", "timestamp_ms": 1459369780000}}, {"type": "Feature", "geometry": {"type": "Point", "coordinates": [-71.06023883235669, 42.35029305862062]}, "properties": {"street": null, "location_type": "Intersection", "dispatch_ts": "2020-09-02T19:11:26+00:00", "timestamp_ms": 1599073886000}}, {"type": "Feature", "geometry": {"type": "Point", "coordinates": [-71.15816896352533, 42.28069501821534]}, "properties": {"street": null, "location_type": "Intersection", "dispatch_ts": "2021-09-30T15:52:47+00:00", "timestamp_ms": 1633017167000}}, {"type": "Feature", "geometry": {"type": "Point", "coordinates": [-71.06063600853199, 42.29863415939231]}, "properties": {"street": null, "location_type": "Intersection", "dispatch_ts": "2021-10-13T05:48:13+00:00", "timestamp_ms": 1634104093000}}, {"type": "Feature", "geometry": {"type": "Point", "coordinates": [-71.08913995778728, 42.29511133471358]}, "properties": {"street": "SHANDON RD", "location_type": "Street", "dispatch_ts": "2023-08-19T16:06:41+00:00", "timestamp_ms": 1692461201000}}, {"type": "Feature", "geometry": {"type": "Point", "coordinates": [-71.04601067022642, 42.31218099575016]}, "properties": {"street": "WILLIAM T MORRISSEY BLVD", "location_type": "Street", "dispatch_ts": "2020-06-22T14:33:03+00:00", "timestamp_ms": 1592836383000}}, {"type": "Feature", "geometry": {"type": "Point", "coordinates": [-71.08263862306744, 42.32385899819358]}, "properties": {"street": "WARREN ST", "location_type": "Street", "dispatch_ts": "2016-03-29T19:49:48+00:00", "timestamp_ms": 1459280988000}}, {"type": "Feature", "geometry": {"type": "Point", "coordinates": [-71.06759068223865, 42.32765684413819]}, "properties": {"street": "MASSACHUSETTS AVE", "location_type": "Street", "dispatch_ts": "2016-11-03T17:32:08+00:00", "timestamp_ms": 1478194328000}}, {"type": "Feature", "geometry": {"type": "Point", "coordinates": [-71.06263048201069, 42.30743311509816]}, "properties": {"street": "ADAMS ST", "location_type": "Street", "dispatch_ts": "2023-06-14T11:17:16+00:00", "timestamp_ms": 1686741436000}}, {"type": "Feature", "geometry": {"type": "Point", "coordinates": [-71.07982391690409, 42.33413037038142]}, "properties": {"street": null, "location_type": "Intersection", "dispatch_ts": "2017-02-06T21:58:47+00:00", "timestamp_ms": 1486418327000}}, {"type": "Feature", "geometry": {"type": "Point", "coordinates": [-71.11347595028886, 42.316878754320335]}, "properties": {"street": "CENTRE ST", "location_type": "Street", "dispatch_ts": "2016-06-16T21:12:49+00:00", "timestamp_ms": 1466111569000}}, {"type": "Feature", "geometry": {"type": "Point", "coordinates": [-71.0936517626102, 42.33696715096203]}, "properties": {"street": null, "location_type": "Intersection", "dispatch_ts": "2018-05-08T02:12:56+00:00", "timestamp_ms": 1525745576000}}, {"type": "Feature", "geometry": {"type": "Point", "coordinates": [-71.09286479820241, 42.34996583339366]}, "properties": {"street": null, "location_type": "Intersection", "dispatch_ts": "2022-04-20T09:05:34+00:00", "timestamp_ms": 1650445534000}}, {"type": "Feature", "geometry": {"type": "Point", "coordinates": [-71.04612337848715, 42.35196926813204]}, "properties": {"street": "SEAPORT BLVD", "location_type": "Street", "dispatch_ts": "2025-05-15T23:16:05+00:00", "timestamp_ms": 1747350965000}}, {"type": "Feature", "geometry": {"type": "Point", "coordinates": [-71.10491103400275, 42.33405399335929]}, "properties": {"street": null, "location_type": "Intersection", "dispatch_ts": "2022-10-15T22:56:00+00:00", "timestamp_ms": 1665874560000}}, {"type": "Feature", "geometry": {"type": "Point", "coordinates": [-71.08331473069589, 42.32949113504313]}, "properties": {"street": null, "location_type": "Intersection", "dispatch_ts": "2016-08-02T16:39:16+00:00", "timestamp_ms": 1470155956000}}, {"type": "Feature", "geometry": {"type": "Point", "coordinates": [-71.09157917302562, 42.3492217416669]}, "properties": {"street": null, "location_type": "Intersection", "dispatch_ts": "2025-04-16T21:30:15+00:00", "timestamp_ms": 1744839015000}}, {"type": "Feature", "geometry": {"type": "Point", "coordinates": [-71.00497824616637, 42.3872210481824]}, "properties": {"street": "BENNINGTON ST", "location_type": "Street", "dispatch_ts": "2017-09-06T07:16:08+00:00", "timestamp_ms": 1504682168000}}, {"type": "Feature", "geometry": {"type": "Point", "coordinates": [-71.15245057579087, 42.34611046670895]}, "properties": {"street": null, "location_type": "Intersection", "dispatch_ts": "2022-06-29T21:40:46+00:00", "timestamp_ms": 1656538846000}}, {"type": "Feature", "geometry": {"type": "Point", "coordinates": [-71.12126863855019, 42.351886419965325]}, "properties": {"street": null, "location_type": "Intersection", "dispatch_ts": "2024-07-31T08:02:14+00:00", "timestamp_ms": 1722412934000}}, {"type": "Feature", "geometry": {"type": "Point", "coordinates": [-71.11429837500964, 42.31190880496978]}, "properties": {"street": "CENTRE ST", "location_type": "Street", "dispatch_ts": "2016-06-21T20:04:44+00:00", "timestamp_ms": 1466539484000}}, {"type": "Feature", "geometry": {"type": "Point", "coordinates": [-71.06193786573692, 42.37168219998021]}, "properties": {"street": null, "location_type": "Other", "dispatch_ts": "2015-09-15T19:36:52+00:00", "timestamp_ms": 1442345812000}}, {"type": "Feature", "geometry": {"type": "Point", "coordinates": [-71.07040418665302, 42.36756441956377]}, "properties": {"street": "SCIENCE PARK", "location_type": "Street", "dispatch_ts": "2024-06-08T17:38:38+00:00", "timestamp_ms": 1717868318000}}, {"type": "Feature", "geometry": {"type": "Point", "coordinates": [-71.0128205594655, 42.38281895164344]}, "properties": {"street": null, "location_type": "Other", "dispatch_ts": "2019-05-31T22:33:13+00:00", "timestamp_ms": 1559341993000}}, {"type": "Feature", "geometry": {"type": "Point", "coordinates": [-71.07044759464875, 42.330313441773754]}, "properties": {"street": "CHESTERTON ST", "location_type": "Street", "dispatch_ts": "2023-11-23T17:24:39+00:00", "timestamp_ms": 1700760279000}}, {"type": "Feature", "geometry": {"type": "Point", "coordinates": [-71.06013224984667, 42.35983445834738]}, "properties": {"street": "CENTER PLZ", "location_type": "Street", "dispatch_ts": "2023-09-12T18:21:37+00:00", "timestamp_ms": 1694542897000}}, {"type": "Feature", "geometry": {"type": "Point", "coordinates": [-71.08728251286983, 42.34635837996971]}, "properties": {"street": "MASSACHUSETTS AVE", "location_type": "Street", "dispatch_ts": "2016-06-18T11:51:07+00:00", "timestamp_ms": 1466250667000}}, {"type": "Feature", "geometry": {"type": "Point", "coordinates": [-71.04743743626958, 42.29186827998203]}, "properties": {"street": "WILLIAM T MORRISSEY BLVD", "location_type": "Street", "dispatch_ts": "2023-02-15T13:37:34+00:00", "timestamp_ms": 1676468254000}}, {"type": "Feature", "geometry": {"type": "Point", "coordinates": [-71.08576313108206, 42.343374593597815]}, "properties": {"street": null, "location_type": "Intersection", "dispatch_ts": "2018-10-05T15:36:54+00:00", "timestamp_ms": 1538753814000}}, {"type": "Feature", "geometry": {"type": "Point", "coordinates": [-71.05785372970136, 42.328144434436126]}, "properties": {"street": null, "location_type": "Intersection", "dispatch_ts": "2016-12-21T21:20:15+00:00", "timestamp_ms": 1482355215000}}, {"type": "Feature", "geometry": {"type": "Point", "coordinates": [-71.11161394073045, 42.319510839088224]}, "properties": {"street": null, "location_type": "Intersection", "dispatch_ts": "2018-06-08T20:57:52+00:00", "timestamp_ms": 1528491472000}}, {"type": "Feature", "geometry": {"type": "Point", "coordinates": [-71.05421409210626, 42.35837651915486]}, "properties": {"street": null, "location_type": "Intersection", "dispatch_ts": "2019-08-12T00:02:37+00:00", "timestamp_ms": 1565568157000}}, {"type": "Feature", "geometry": {"type": "Point", "coordinates": [-71.13019940715564, 42.35273665382231]}, "properties": {"street": null, "location_type": "Intersection", "dispatch_ts": "2023-05-26T12:57:20+00:00", "timestamp_ms": 1685105840000}}, {"type": "Feature", "geometry": {"type": "Point", "coordinates": [-71.09476892618561, 42.33517299584815]}, "properties": {"street": null, "location_type": "Intersection", "dispatch_ts": "2015-05-20T12:06:56+00:00", "timestamp_ms": 1432123616000}}, {"type": "Feature", "geometry": {"type": "Point", "coordinates": [-71.11436239933684, 42.32468853881101]}, "properties": {"street": "JAMAICAWAY ", "location_type": "Street", "dispatch_ts": "2022-05-10T00:09:42+00:00", "timestamp_ms": 1652141382000}}, {"type": "Feature", "geometry": {"type": "Point", "coordinates": [-71.07479189151596, 42.3049795269569]}, "properties": {"street": null, "location_type": "Intersection", "dispatch_ts": "2015-06-26T00:13:36+00:00", "timestamp_ms": 1435277616000}}, {"type": "Feature", "geometry": {"type": "Point", "coordinates": [-71.09003258148472, 42.33850536222116]}, "properties": {"street": "FORSYTH ST", "location_type": "Street", "dispatch_ts": "2017-08-03T04:00:45+00:00", "timestamp_ms": 1501732845000}}, {"type": "Feature", "geometry": {"type": "Point", "coordinates": [-71.10439456596154, 42.3096155855278]}, "properties": {"street": "WASHINGTON ST", "location_type": "Street", "dispatch_ts": "2022-10-15T03:16:39+00:00", "timestamp_ms": 1665803799000}}, {"type": "Feature", "geometry": {"type": "Point", "coordinates": [-71.01837686711441, 42.38260174443383]}, "properties": {"street": null, "location_type": "Intersection", "dispatch_ts": "2016-08-15T15:04:10+00:00", "timestamp_ms": 1471273450000}}, {"type": "Feature", "geometry": {"type": "Point", "coordinates": [-71.11514334839842, 42.297665556379094]}, "properties": {"street": "HYDE PARK AVE", "location_type": "Street", "dispatch_ts": "2026-05-06T12:44:57+00:00", "timestamp_ms": 1778071497000}}, {"type": "Feature", "geometry": {"type": "Point", "coordinates": [-71.08174219034606, 42.34066415311041]}, "properties": {"street": null, "location_type": "Intersection", "dispatch_ts": "2017-11-18T01:12:18+00:00", "timestamp_ms": 1510967538000}}, {"type": "Feature", "geometry": {"type": "Point", "coordinates": [-71.05045221795521, 42.3414280675134]}, "properties": {"street": "C ST", "location_type": "Street", "dispatch_ts": "2022-06-02T20:53:38+00:00", "timestamp_ms": 1654203218000}}, {"type": "Feature", "geometry": {"type": "Point", "coordinates": [-71.06075911353928, 42.36047870992139]}, "properties": {"street": "CENTER PLZ", "location_type": "Street", "dispatch_ts": "2017-05-23T12:34:48+00:00", "timestamp_ms": 1495542888000}}, {"type": "Feature", "geometry": {"type": "Point", "coordinates": [-71.0890957622328, 42.35006295890982]}, "properties": {"street": null, "location_type": "Intersection", "dispatch_ts": "2023-01-31T12:45:31+00:00", "timestamp_ms": 1675169131000}}, {"type": "Feature", "geometry": {"type": "Point", "coordinates": [-71.08665732939623, 42.29868030969056]}, "properties": {"street": null, "location_type": "Intersection", "dispatch_ts": "2015-08-23T18:29:38+00:00", "timestamp_ms": 1440354578000}}, {"type": "Feature", "geometry": {"type": "Point", "coordinates": [-71.03909955673343, 42.37559485028072]}, "properties": {"street": null, "location_type": "Intersection", "dispatch_ts": "2022-06-15T11:14:49+00:00", "timestamp_ms": 1655291689000}}, {"type": "Feature", "geometry": {"type": "Point", "coordinates": [-71.06621770668454, 42.30033444343983]}, "properties": {"street": null, "location_type": "Intersection", "dispatch_ts": "2019-08-19T18:35:41+00:00", "timestamp_ms": 1566239741000}}, {"type": "Feature", "geometry": {"type": "Point", "coordinates": [-71.12522031938556, 42.352129184049474]}, "properties": {"street": null, "location_type": "Intersection", "dispatch_ts": "2017-07-30T15:53:25+00:00", "timestamp_ms": 1501430005000}}, {"type": "Feature", "geometry": {"type": "Point", "coordinates": [-71.08658263934163, 42.298906266453315]}, "properties": {"street": "BLUE HILL AVE", "location_type": "Street", "dispatch_ts": "2026-05-26T17:35:22+00:00", "timestamp_ms": 1779816922000}}, {"type": "Feature", "geometry": {"type": "Point", "coordinates": [-71.05720399487329, 42.31298547777894]}, "properties": {"street": null, "location_type": "Intersection", "dispatch_ts": "2022-07-07T19:22:05+00:00", "timestamp_ms": 1657221725000}}, {"type": "Feature", "geometry": {"type": "Point", "coordinates": [-71.07756821102899, 42.34871986492689]}, "properties": {"street": "HUNTINGTON AVE", "location_type": "Street", "dispatch_ts": "2020-10-05T16:38:40+00:00", "timestamp_ms": 1601915920000}}, {"type": "Feature", "geometry": {"type": "Point", "coordinates": [-71.0583574370177, 42.291135109339606]}, "properties": {"street": "LONSDALE ST", "location_type": "Street", "dispatch_ts": "2022-12-15T21:59:50+00:00", "timestamp_ms": 1671141590000}}, {"type": "Feature", "geometry": {"type": "Point", "coordinates": [-71.05815026141222, 42.30882709693413]}, "properties": {"street": "DORCHESTER AVE", "location_type": "Street", "dispatch_ts": "2016-04-25T13:03:27+00:00", "timestamp_ms": 1461589407000}}, {"type": "Feature", "geometry": {"type": "Point", "coordinates": [-71.039309320715, 42.38287803496183]}, "properties": {"street": "MERIDIAN ST", "location_type": "Street", "dispatch_ts": "2017-04-02T18:27:50+00:00", "timestamp_ms": 1491157670000}}, {"type": "Feature", "geometry": {"type": "Point", "coordinates": [-71.0834501340147, 42.32594939696213]}, "properties": {"street": null, "location_type": "Intersection", "dispatch_ts": "2018-05-29T22:16:19+00:00", "timestamp_ms": 1527632179000}}, {"type": "Feature", "geometry": {"type": "Point", "coordinates": [-71.07872484737986, 42.29221443983166]}, "properties": {"street": null, "location_type": "Intersection", "dispatch_ts": "2015-10-01T18:36:02+00:00", "timestamp_ms": 1443724562000}}, {"type": "Feature", "geometry": {"type": "Point", "coordinates": [-71.04604412583441, 42.35193326253371]}, "properties": {"street": "SEAPORT BLVD", "location_type": "Street", "dispatch_ts": "2025-06-23T16:19:33+00:00", "timestamp_ms": 1750695573000}}, {"type": "Feature", "geometry": {"type": "Point", "coordinates": [-71.12133631401319, 42.308783113511446]}, "properties": {"street": null, "location_type": "Intersection", "dispatch_ts": "2019-10-08T16:13:05+00:00", "timestamp_ms": 1570551185000}}, {"type": "Feature", "geometry": {"type": "Point", "coordinates": [-71.08404763111078, 42.30984214944947]}, "properties": {"street": "GEORGIA ST", "location_type": "Street", "dispatch_ts": "2020-08-09T22:20:42+00:00", "timestamp_ms": 1597011642000}}, {"type": "Feature", "geometry": {"type": "Point", "coordinates": [-71.06502405219014, 42.31700117111847]}, "properties": {"street": null, "location_type": "Intersection", "dispatch_ts": "2025-08-26T08:53:47+00:00", "timestamp_ms": 1756198427000}}, {"type": "Feature", "geometry": {"type": "Point", "coordinates": [-71.1519508959038, 42.33690479952035]}, "properties": {"street": "CHESTNUT HILL AVE", "location_type": "Street", "dispatch_ts": "2017-06-14T23:03:37+00:00", "timestamp_ms": 1497481417000}}, {"type": "Feature", "geometry": {"type": "Point", "coordinates": [-71.1417452442295, 42.35428461010554]}, "properties": {"street": "BEACON ST", "location_type": "Street", "dispatch_ts": "2015-05-26T18:57:52+00:00", "timestamp_ms": 1432666672000}}, {"type": "Feature", "geometry": {"type": "Point", "coordinates": [-71.11410954098257, 42.314366591599494]}, "properties": {"street": "CENTRE ST", "location_type": "Street", "dispatch_ts": "2025-09-23T13:54:24+00:00", "timestamp_ms": 1758635664000}}, {"type": "Feature", "geometry": {"type": "Point", "coordinates": [-71.12138398132088, 42.29278809589898]}, "properties": {"street": null, "location_type": "Intersection", "dispatch_ts": "2016-08-10T02:43:00+00:00", "timestamp_ms": 1470796980000}}, {"type": "Feature", "geometry": {"type": "Point", "coordinates": [-71.10705897036482, 42.33327829920892]}, "properties": {"street": null, "location_type": "Intersection", "dispatch_ts": "2023-05-01T13:53:46+00:00", "timestamp_ms": 1682949226000}}, {"type": "Feature", "geometry": {"type": "Point", "coordinates": [-71.05730116634538, 42.35675098930661]}, "properties": {"street": null, "location_type": "Intersection", "dispatch_ts": "2025-08-05T15:43:17+00:00", "timestamp_ms": 1754408597000}}, {"type": "Feature", "geometry": {"type": "Point", "coordinates": [-71.06817564290809, 42.33330554809788]}, "properties": {"street": null, "location_type": "Intersection", "dispatch_ts": "2024-10-26T12:46:19+00:00", "timestamp_ms": 1729946779000}}, {"type": "Feature", "geometry": {"type": "Point", "coordinates": [-71.06801396060187, 42.35242716422558]}, "properties": {"street": "BOYLSTON ST", "location_type": "Street", "dispatch_ts": "2016-09-21T23:00:15+00:00", "timestamp_ms": 1474498815000}}, {"type": "Feature", "geometry": {"type": "Point", "coordinates": [-71.11574637914951, 42.35122675187151]}, "properties": {"street": null, "location_type": "Intersection", "dispatch_ts": "2019-08-08T18:01:55+00:00", "timestamp_ms": 1565287315000}}, {"type": "Feature", "geometry": {"type": "Point", "coordinates": [-71.07788695035566, 42.27447669935794]}, "properties": {"street": null, "location_type": "Intersection", "dispatch_ts": "2017-06-23T19:52:24+00:00", "timestamp_ms": 1498247544000}}, {"type": "Feature", "geometry": {"type": "Point", "coordinates": [-71.0892160311824, 42.315606962123454]}, "properties": {"street": "HOLLANDER ST", "location_type": "Street", "dispatch_ts": "2017-04-19T21:33:37+00:00", "timestamp_ms": 1492637617000}}, {"type": "Feature", "geometry": {"type": "Point", "coordinates": [-71.08813477346843, 42.34811804821059]}, "properties": {"street": null, "location_type": "Intersection", "dispatch_ts": "2017-10-31T20:04:12+00:00", "timestamp_ms": 1509480252000}}, {"type": "Feature", "geometry": {"type": "Point", "coordinates": [-71.09731494711943, 42.312020107057535]}, "properties": {"street": "WALNUT AVE", "location_type": "Street", "dispatch_ts": "2023-06-25T02:06:15+00:00", "timestamp_ms": 1687658775000}}, {"type": "Feature", "geometry": {"type": "Point", "coordinates": [-71.10260503774002, 42.29919332256703]}, "properties": {"street": "MORTON ST", "location_type": "Street", "dispatch_ts": "2019-03-31T22:25:44+00:00", "timestamp_ms": 1554071144000}}, {"type": "Feature", "geometry": {"type": "Point", "coordinates": [-71.11856726368916, 42.35135655393588]}, "properties": {"street": null, "location_type": "Intersection", "dispatch_ts": "2015-01-12T21:59:16+00:00", "timestamp_ms": 1421099956000}}, {"type": "Feature", "geometry": {"type": "Point", "coordinates": [-71.07886465579597, 42.34967896555284]}, "properties": {"street": "BOYLSTON ST", "location_type": "Street", "dispatch_ts": "2018-10-06T13:07:09+00:00", "timestamp_ms": 1538831229000}}, {"type": "Feature", "geometry": {"type": "Point", "coordinates": [-71.06440308847162, 42.343441490230376]}, "properties": {"street": "HARRISON AVE", "location_type": "Street", "dispatch_ts": "2019-11-22T22:26:13+00:00", "timestamp_ms": 1574461573000}}, {"type": "Feature", "geometry": {"type": "Point", "coordinates": [-71.07854567230912, 42.34322869421276]}, "properties": {"street": null, "location_type": "Intersection", "dispatch_ts": "2022-11-19T16:40:40+00:00", "timestamp_ms": 1668876040000}}, {"type": "Feature", "geometry": {"type": "Point", "coordinates": [-71.15784406477921, 42.33953968354667]}, "properties": {"street": null, "location_type": "Intersection", "dispatch_ts": "2023-09-21T23:55:41+00:00", "timestamp_ms": 1695340541000}}, {"type": "Feature", "geometry": {"type": "Point", "coordinates": [-71.0718672428141, 42.38076955451669]}, "properties": {"street": null, "location_type": "Intersection", "dispatch_ts": "2024-10-25T11:02:56+00:00", "timestamp_ms": 1729854176000}}, {"type": "Feature", "geometry": {"type": "Point", "coordinates": [-71.05170000093852, 42.32926699984605]}, "properties": {"street": "COLUMBIA RD", "location_type": "Street", "dispatch_ts": "2018-09-16T20:31:53+00:00", "timestamp_ms": 1537129913000}}, {"type": "Feature", "geometry": {"type": "Point", "coordinates": [-71.10613267340098, 42.33826806953282]}, "properties": {"street": null, "location_type": "Intersection", "dispatch_ts": "2025-04-01T12:20:30+00:00", "timestamp_ms": 1743510030000}}, {"type": "Feature", "geometry": {"type": "Point", "coordinates": [-71.13219931350883, 42.36326938730116]}, "properties": {"street": null, "location_type": "Intersection", "dispatch_ts": "2022-04-27T10:29:02+00:00", "timestamp_ms": 1651055342000}}, {"type": "Feature", "geometry": {"type": "Point", "coordinates": [-71.16612035488879, 42.339933644574785]}, "properties": {"street": null, "location_type": "Intersection", "dispatch_ts": "2017-04-12T02:20:49+00:00", "timestamp_ms": 1491963649000}}, {"type": "Feature", "geometry": {"type": "Point", "coordinates": [-71.1222849940534, 42.271497438588355]}, "properties": {"street": "METROPOLITAN AVE", "location_type": "Street", "dispatch_ts": "2023-10-01T23:15:54+00:00", "timestamp_ms": 1696202154000}}, {"type": "Feature", "geometry": {"type": "Point", "coordinates": [-71.0658832780239, 42.31648412129852]}, "properties": {"street": "COLUMBIA RD", "location_type": "Street", "dispatch_ts": "2015-05-10T00:12:42+00:00", "timestamp_ms": 1431216762000}}, {"type": "Feature", "geometry": {"type": "Point", "coordinates": [-71.08059861450862, 42.29675196800696]}, "properties": {"street": "GLENWAY ST", "location_type": "Street", "dispatch_ts": "2015-08-21T17:54:14+00:00", "timestamp_ms": 1440179654000}}, {"type": "Feature", "geometry": {"type": "Point", "coordinates": [-71.11087384290468, 42.329071563959346]}, "properties": {"street": null, "location_type": "Intersection", "dispatch_ts": "2017-08-16T22:57:21+00:00", "timestamp_ms": 1502924241000}}, {"type": "Feature", "geometry": {"type": "Point", "coordinates": [-71.0579812237556, 42.32786791426213]}, "properties": {"street": "BOSTON ST", "location_type": "Street", "dispatch_ts": "2018-03-01T21:11:42+00:00", "timestamp_ms": 1519938702000}}, {"type": "Feature", "geometry": {"type": "Point", "coordinates": [-71.05091004717944, 42.355550960078354]}, "properties": {"street": "ATLANTIC AVE", "location_type": "Street", "dispatch_ts": "2016-08-01T21:27:15+00:00", "timestamp_ms": 1470086835000}}, {"type": "Feature", "geometry": {"type": "Point", "coordinates": [-71.06907762085946, 42.379402907242465]}, "properties": {"street": null, "location_type": "Intersection", "dispatch_ts": "2015-05-24T14:39:46+00:00", "timestamp_ms": 1432478386000}}, {"type": "Feature", "geometry": {"type": "Point", "coordinates": [-71.09124946314563, 42.33604347779593]}, "properties": {"street": null, "location_type": "Intersection", "dispatch_ts": "2016-06-15T12:47:54+00:00", "timestamp_ms": 1465994874000}}, {"type": "Feature", "geometry": {"type": "Point", "coordinates": [-71.06453754021307, 42.35238395350104]}, "properties": {"street": null, "location_type": "Intersection", "dispatch_ts": "2019-08-29T16:33:12+00:00", "timestamp_ms": 1567096392000}}, {"type": "Feature", "geometry": {"type": "Point", "coordinates": [-71.12816132356629, 42.291131000623395]}, "properties": {"street": "MENDUM ST", "location_type": "Street", "dispatch_ts": "2019-09-21T18:13:00+00:00", "timestamp_ms": 1569089580000}}, {"type": "Feature", "geometry": {"type": "Point", "coordinates": [-71.06780504686088, 42.3182066127924]}, "properties": {"street": "DUDLEY ST", "location_type": "Street", "dispatch_ts": "2025-05-15T16:42:16+00:00", "timestamp_ms": 1747327336000}}, {"type": "Feature", "geometry": {"type": "Point", "coordinates": [-71.0864961164136, 42.29075192764743]}, "properties": {"street": null, "location_type": "Intersection", "dispatch_ts": "2015-08-28T00:20:39+00:00", "timestamp_ms": 1440721239000}}, {"type": "Feature", "geometry": {"type": "Point", "coordinates": [-71.05618813507395, 42.352977192438246]}, "properties": {"street": null, "location_type": "Intersection", "dispatch_ts": "2017-08-03T20:58:42+00:00", "timestamp_ms": 1501793922000}}, {"type": "Feature", "geometry": {"type": "Point", "coordinates": [-71.1452453603343, 42.361582202765035]}, "properties": {"street": null, "location_type": "Intersection", "dispatch_ts": "2017-01-25T14:39:51+00:00", "timestamp_ms": 1485355191000}}, {"type": "Feature", "geometry": {"type": "Point", "coordinates": [-71.04201906263047, 42.28765748139439]}, "properties": {"street": "REDFIELD ST", "location_type": "Street", "dispatch_ts": "2019-05-29T04:06:12+00:00", "timestamp_ms": 1559102772000}}, {"type": "Feature", "geometry": {"type": "Point", "coordinates": [-71.07289709497566, 42.302377255309096]}, "properties": {"street": "BULLARD ST", "location_type": "Street", "dispatch_ts": "2018-09-15T23:14:57+00:00", "timestamp_ms": 1537053297000}}, {"type": "Feature", "geometry": {"type": "Point", "coordinates": [-71.0663931678352, 42.315796107665335]}, "properties": {"street": null, "location_type": "Intersection", "dispatch_ts": "2018-03-09T12:12:12+00:00", "timestamp_ms": 1520597532000}}, {"type": "Feature", "geometry": {"type": "Point", "coordinates": [-71.03929007079122, 42.3839838035472]}, "properties": {"street": null, "location_type": "Other", "dispatch_ts": "2023-06-24T16:22:01+00:00", "timestamp_ms": 1687623721000}}, {"type": "Feature", "geometry": {"type": "Point", "coordinates": [-71.06907607519652, 42.33191365921368]}, "properties": {"street": null, "location_type": "Intersection", "dispatch_ts": "2018-05-21T01:34:56+00:00", "timestamp_ms": 1526866496000}}, {"type": "Feature", "geometry": {"type": "Point", "coordinates": [-71.13190216690312, 42.237225666712646]}, "properties": {"street": null, "location_type": "Intersection", "dispatch_ts": "2016-07-01T23:00:31+00:00", "timestamp_ms": 1467414031000}}, {"type": "Feature", "geometry": {"type": "Point", "coordinates": [-71.10039053310793, 42.31946344643375]}, "properties": {"street": null, "location_type": "Intersection", "dispatch_ts": "2021-06-11T20:00:17+00:00", "timestamp_ms": 1623441617000}}, {"type": "Feature", "geometry": {"type": "Point", "coordinates": [-71.12033736783047, 42.365009993294706]}, "properties": {"street": null, "location_type": "Intersection", "dispatch_ts": "2015-10-01T21:19:01+00:00", "timestamp_ms": 1443734341000}}, {"type": "Feature", "geometry": {"type": "Point", "coordinates": [-71.05304791839848, 42.3316007144107]}, "properties": {"street": null, "location_type": "Intersection", "dispatch_ts": "2021-08-19T10:54:16+00:00", "timestamp_ms": 1629370456000}}, {"type": "Feature", "geometry": {"type": "Point", "coordinates": [-71.10933901191805, 42.33370118687633]}, "properties": {"street": "MISSION PARK DR", "location_type": "Street", "dispatch_ts": "2025-05-07T14:11:25+00:00", "timestamp_ms": 1746627085000}}, {"type": "Feature", "geometry": {"type": "Point", "coordinates": [-71.06108115409808, 42.32024413070673]}, "properties": {"street": null, "location_type": "Intersection", "dispatch_ts": "2015-04-24T16:36:06+00:00", "timestamp_ms": 1429893366000}}, {"type": "Feature", "geometry": {"type": "Point", "coordinates": [-71.07610278774378, 42.345185604388384]}, "properties": {"street": "COLUMBUS AVE", "location_type": "Street", "dispatch_ts": "2020-08-21T00:05:54+00:00", "timestamp_ms": 1597968354000}}, {"type": "Feature", "geometry": {"type": "Point", "coordinates": [-71.08832505044597, 42.32236493512272]}, "properties": {"street": null, "location_type": "Intersection", "dispatch_ts": "2023-10-06T11:44:54+00:00", "timestamp_ms": 1696592694000}}, {"type": "Feature", "geometry": {"type": "Point", "coordinates": [-71.08317651343712, 42.308323633094346]}, "properties": {"street": null, "location_type": "Intersection", "dispatch_ts": "2016-08-17T12:47:36+00:00", "timestamp_ms": 1471438056000}}, {"type": "Feature", "geometry": {"type": "Point", "coordinates": [-71.11369317639853, 42.321343382433774]}, "properties": {"street": "PERKINS ST", "location_type": "Street", "dispatch_ts": "2021-07-01T23:44:03+00:00", "timestamp_ms": 1625183043000}}, {"type": "Feature", "geometry": {"type": "Point", "coordinates": [-71.0615081707138, 42.320499124623666]}, "properties": {"street": null, "location_type": "Intersection", "dispatch_ts": "2018-10-08T15:33:53+00:00", "timestamp_ms": 1539012833000}}, {"type": "Feature", "geometry": {"type": "Point", "coordinates": [-71.11188219678236, 42.35054722636104]}, "properties": {"street": "COMMONWEALTH AVE", "location_type": "Street", "dispatch_ts": "2020-02-26T22:56:17+00:00", "timestamp_ms": 1582757777000}}, {"type": "Feature", "geometry": {"type": "Point", "coordinates": [-71.06469509166318, 42.2994174209346]}, "properties": {"street": "GENEVA AVE", "location_type": "Street", "dispatch_ts": "2020-09-30T14:55:40+00:00", "timestamp_ms": 1601477740000}}, {"type": "Feature", "geometry": {"type": "Point", "coordinates": [-71.12978643187438, 42.35037986012916]}, "properties": {"street": "COMMONWEALTH AVE", "location_type": "Street", "dispatch_ts": "2016-09-25T17:14:07+00:00", "timestamp_ms": 1474823647000}}, {"type": "Feature", "geometry": {"type": "Point", "coordinates": [-71.05031441290704, 42.30130029156757]}, "properties": {"street": null, "location_type": "Intersection", "dispatch_ts": "2023-11-11T12:50:57+00:00", "timestamp_ms": 1699707057000}}, {"type": "Feature", "geometry": {"type": "Point", "coordinates": [-71.03996786857807, 42.36711827545757]}, "properties": {"street": null, "location_type": "Intersection", "dispatch_ts": "2018-07-21T20:56:27+00:00", "timestamp_ms": 1532206587000}}, {"type": "Feature", "geometry": {"type": "Point", "coordinates": [-71.0894836662669, 42.350858072765824]}, "properties": {"street": null, "location_type": "Intersection", "dispatch_ts": "2019-01-04T14:33:33+00:00", "timestamp_ms": 1546612413000}}, {"type": "Feature", "geometry": {"type": "Point", "coordinates": [-71.13275759369229, 42.355539014087846]}, "properties": {"street": null, "location_type": "Intersection", "dispatch_ts": "2019-08-15T22:43:01+00:00", "timestamp_ms": 1565908981000}}, {"type": "Feature", "geometry": {"type": "Point", "coordinates": [-71.073674404066, 42.34912734851341]}, "properties": {"street": "STUART ST", "location_type": "Street", "dispatch_ts": "2019-04-18T21:56:38+00:00", "timestamp_ms": 1555624598000}}, {"type": "Feature", "geometry": {"type": "Point", "coordinates": [-71.07501036017783, 42.322177098314214]}, "properties": {"street": "MORELAND ST", "location_type": "Street", "dispatch_ts": "2019-06-14T23:55:59+00:00", "timestamp_ms": 1560556559000}}, {"type": "Feature", "geometry": {"type": "Point", "coordinates": [-71.06400702810312, 42.344513219238664]}, "properties": {"street": null, "location_type": "Intersection", "dispatch_ts": "2018-08-26T18:16:11+00:00", "timestamp_ms": 1535307371000}}, {"type": "Feature", "geometry": {"type": "Point", "coordinates": [-71.08538240593428, 42.28439849659112]}, "properties": {"street": "MOUNTAIN AVE", "location_type": "Street", "dispatch_ts": "2016-04-30T22:01:47+00:00", "timestamp_ms": 1462053707000}}, {"type": "Feature", "geometry": {"type": "Point", "coordinates": [-71.11123035999103, 42.3299298856194]}, "properties": {"street": "HUNTINGTON AVE", "location_type": "Street", "dispatch_ts": "2016-08-07T23:14:54+00:00", "timestamp_ms": 1470611694000}}, {"type": "Feature", "geometry": {"type": "Point", "coordinates": [-71.06430202234655, 42.32053902921328]}, "properties": {"street": null, "location_type": "Intersection", "dispatch_ts": "2024-07-03T18:52:44+00:00", "timestamp_ms": 1720032764000}}, {"type": "Feature", "geometry": {"type": "Point", "coordinates": [-71.0821318945312, 42.310124502050705]}, "properties": {"street": "BLUE HILL AVE", "location_type": "Street", "dispatch_ts": "2024-08-20T16:53:13+00:00", "timestamp_ms": 1724172793000}}, {"type": "Feature", "geometry": {"type": "Point", "coordinates": [-71.10630588178464, 42.33256708645679]}, "properties": {"street": null, "location_type": "Intersection", "dispatch_ts": "2016-11-18T22:38:52+00:00", "timestamp_ms": 1479508732000}}, {"type": "Feature", "geometry": {"type": "Point", "coordinates": [-71.06517940422535, 42.309492480718774]}, "properties": {"street": "HENDRY ST", "location_type": "Street", "dispatch_ts": "2024-05-15T23:35:39+00:00", "timestamp_ms": 1715816139000}}, {"type": "Feature", "geometry": {"type": "Point", "coordinates": [-71.10260850291361, 42.34333745727253]}, "properties": {"street": null, "location_type": "Intersection", "dispatch_ts": "2025-11-10T02:02:15+00:00", "timestamp_ms": 1762740135000}}, {"type": "Feature", "geometry": {"type": "Point", "coordinates": [-71.08469063045072, 42.33831439528961]}, "properties": {"street": null, "location_type": "Intersection", "dispatch_ts": "2017-12-14T13:53:35+00:00", "timestamp_ms": 1513259615000}}, {"type": "Feature", "geometry": {"type": "Point", "coordinates": [-71.12884629839007, 42.36387474007423]}, "properties": {"street": "HARVARD ST", "location_type": "Street", "dispatch_ts": "2018-04-15T22:44:49+00:00", "timestamp_ms": 1523832289000}}, {"type": "Feature", "geometry": {"type": "Point", "coordinates": [-71.12000456792825, 42.273499706550446]}, "properties": {"street": "HYDE PARK AVE", "location_type": "Street", "dispatch_ts": "2020-07-29T00:26:31+00:00", "timestamp_ms": 1595982391000}}, {"type": "Feature", "geometry": {"type": "Point", "coordinates": [-71.06135893466372, 42.29612368578539]}, "properties": {"street": null, "location_type": "Intersection", "dispatch_ts": "2024-06-20T03:04:37+00:00", "timestamp_ms": 1718852677000}}, {"type": "Feature", "geometry": {"type": "Point", "coordinates": [-71.09116938604284, 42.33652883087486]}, "properties": {"street": "LEON ST", "location_type": "Street", "dispatch_ts": "2015-06-11T15:47:17+00:00", "timestamp_ms": 1434037637000}}, {"type": "Feature", "geometry": {"type": "Point", "coordinates": [-71.14740941939206, 42.296603738981915]}, "properties": {"street": "VFW PKWY", "location_type": "Street", "dispatch_ts": "2016-06-06T14:57:46+00:00", "timestamp_ms": 1465225066000}}, {"type": "Feature", "geometry": {"type": "Point", "coordinates": [-71.15257876664178, 42.35058742166562]}, "properties": {"street": "MARKET ST", "location_type": "Street", "dispatch_ts": "2023-05-29T13:55:34+00:00", "timestamp_ms": 1685368534000}}, {"type": "Feature", "geometry": {"type": "Point", "coordinates": [-71.03808632916318, 42.36815853619696]}, "properties": {"street": "SUMNER ST", "location_type": "Street", "dispatch_ts": "2017-12-28T22:45:49+00:00", "timestamp_ms": 1514501149000}}, {"type": "Feature", "geometry": {"type": "Point", "coordinates": [-71.06898700084557, 42.31229115673352]}, "properties": {"street": "COLUMBIA RD", "location_type": "Street", "dispatch_ts": "2024-11-09T06:42:28+00:00", "timestamp_ms": 1731134548000}}, {"type": "Feature", "geometry": {"type": "Point", "coordinates": [-71.0566377525938, 42.32985829355282]}, "properties": {"street": "DORCHESTER ST", "location_type": "Street", "dispatch_ts": "2018-12-15T22:14:10+00:00", "timestamp_ms": 1544912050000}}, {"type": "Feature", "geometry": {"type": "Point", "coordinates": [-71.09510160211099, 42.348792212916806]}, "properties": {"street": "COMMONWEALTH AVE", "location_type": "Street", "dispatch_ts": "2015-07-23T16:20:38+00:00", "timestamp_ms": 1437668438000}}, {"type": "Feature", "geometry": {"type": "Point", "coordinates": [-71.09162933343781, 42.35028253854257]}, "properties": {"street": null, "location_type": "Intersection", "dispatch_ts": "2019-07-09T02:42:14+00:00", "timestamp_ms": 1562640134000}}, {"type": "Feature", "geometry": {"type": "Point", "coordinates": [-71.0781328268161, 42.35171705268001]}, "properties": {"street": null, "location_type": "Intersection", "dispatch_ts": "2023-07-09T03:41:35+00:00", "timestamp_ms": 1688874095000}}, {"type": "Feature", "geometry": {"type": "Point", "coordinates": [-71.1082347070069, 42.308655813471944]}, "properties": {"street": "AMORY ST", "location_type": "Street", "dispatch_ts": "2025-07-15T20:26:39+00:00", "timestamp_ms": 1752611199000}}, {"type": "Feature", "geometry": {"type": "Point", "coordinates": [-71.13210983019133, 42.35308579191109]}, "properties": {"street": null, "location_type": "Intersection", "dispatch_ts": "2018-05-12T13:53:47+00:00", "timestamp_ms": 1526133227000}}, {"type": "Feature", "geometry": {"type": "Point", "coordinates": [-71.01764000143119, 42.366562000404386]}, "properties": {"street": "TERMINAL RD", "location_type": "Street", "dispatch_ts": "2024-10-05T21:15:51+00:00", "timestamp_ms": 1728162951000}}, {"type": "Feature", "geometry": {"type": "Point", "coordinates": [-71.05520075781212, 42.335137519592344]}, "properties": {"street": null, "location_type": "Intersection", "dispatch_ts": "2017-07-05T16:57:36+00:00", "timestamp_ms": 1499273856000}}, {"type": "Feature", "geometry": {"type": "Point", "coordinates": [-71.07672590546144, 42.345987895054705]}, "properties": {"street": "YARMOUTH ST", "location_type": "Street", "dispatch_ts": "2021-05-24T22:08:15+00:00", "timestamp_ms": 1621894095000}}, {"type": "Feature", "geometry": {"type": "Point", "coordinates": [-71.06440170151066, 42.361280743514115]}, "properties": {"street": null, "location_type": "Intersection", "dispatch_ts": "2024-07-28T19:27:51+00:00", "timestamp_ms": 1722194871000}}, {"type": "Feature", "geometry": {"type": "Point", "coordinates": [-71.0732114860526, 42.38601994787295]}, "properties": {"street": "ALFORD ST", "location_type": "Street", "dispatch_ts": "2024-09-25T18:09:47+00:00", "timestamp_ms": 1727287787000}}, {"type": "Feature", "geometry": {"type": "Point", "coordinates": [-71.088641463287, 42.34915419274428]}, "properties": {"street": null, "location_type": "Intersection", "dispatch_ts": "2023-11-10T21:48:55+00:00", "timestamp_ms": 1699652935000}}, {"type": "Feature", "geometry": {"type": "Point", "coordinates": [-71.04601067022642, 42.31218099575016]}, "properties": {"street": "WILLIAM T MORRISSEY BLVD", "location_type": "Street", "dispatch_ts": "2018-09-06T18:04:48+00:00", "timestamp_ms": 1536257088000}}, {"type": "Feature", "geometry": {"type": "Point", "coordinates": [-71.05546319773828, 42.36521904960974]}, "properties": {"street": null, "location_type": "Intersection", "dispatch_ts": "2018-04-21T03:50:15+00:00", "timestamp_ms": 1524282615000}}, {"type": "Feature", "geometry": {"type": "Point", "coordinates": [-71.08057209320442, 42.30545102601266]}, "properties": {"street": null, "location_type": "Intersection", "dispatch_ts": "2015-08-28T19:20:16+00:00", "timestamp_ms": 1440789616000}}, {"type": "Feature", "geometry": {"type": "Point", "coordinates": [-71.1715910687905, 42.28747332050565]}, "properties": {"street": null, "location_type": "Intersection", "dispatch_ts": "2018-10-03T17:46:43+00:00", "timestamp_ms": 1538588803000}}, {"type": "Feature", "geometry": {"type": "Point", "coordinates": [-71.14710855613671, 42.35017711876958]}, "properties": {"street": null, "location_type": "Intersection", "dispatch_ts": "2020-12-08T20:52:57+00:00", "timestamp_ms": 1607460777000}}, {"type": "Feature", "geometry": {"type": "Point", "coordinates": [-71.05897542173986, 42.30515779822895]}, "properties": {"street": null, "location_type": "Intersection", "dispatch_ts": "2025-05-17T16:22:26+00:00", "timestamp_ms": 1747498946000}}, {"type": "Feature", "geometry": {"type": "Point", "coordinates": [-71.04707228381898, 42.328654299399446]}, "properties": {"street": null, "location_type": "Intersection", "dispatch_ts": "2024-04-28T19:13:04+00:00", "timestamp_ms": 1714331584000}}, {"type": "Feature", "geometry": {"type": "Point", "coordinates": [-71.08726967178062, 42.34109254412109]}, "properties": {"street": "HUNTINGTON AVE", "location_type": "Street", "dispatch_ts": "2015-12-11T19:54:39+00:00", "timestamp_ms": 1449863679000}}, {"type": "Feature", "geometry": {"type": "Point", "coordinates": [-71.10926693917598, 42.31668004986508]}, "properties": {"street": "BURR ST", "location_type": "Street", "dispatch_ts": "2019-08-09T06:10:26+00:00", "timestamp_ms": 1565331026000}}, {"type": "Feature", "geometry": {"type": "Point", "coordinates": [-71.10489438482145, 42.31703538939402]}, "properties": {"street": null, "location_type": "Intersection", "dispatch_ts": "2018-05-11T21:40:11+00:00", "timestamp_ms": 1526074811000}}, {"type": "Feature", "geometry": {"type": "Point", "coordinates": [-71.08649262594581, 42.28210417477517]}, "properties": {"street": "NORFOLK ST", "location_type": "Street", "dispatch_ts": "2015-10-17T19:47:51+00:00", "timestamp_ms": 1445111271000}}, {"type": "Feature", "geometry": {"type": "Point", "coordinates": [-71.05788410293417, 42.3099681930241]}, "properties": {"street": null, "location_type": "Intersection", "dispatch_ts": "2016-10-11T22:17:36+00:00", "timestamp_ms": 1476224256000}}, {"type": "Feature", "geometry": {"type": "Point", "coordinates": [-71.13659322223349, 42.36018114749611]}, "properties": {"street": null, "location_type": "Intersection", "dispatch_ts": "2018-09-11T11:47:20+00:00", "timestamp_ms": 1536666440000}}, {"type": "Feature", "geometry": {"type": "Point", "coordinates": [-71.1322720788568, 42.28742048289829]}, "properties": {"street": null, "location_type": "Intersection", "dispatch_ts": "2019-09-29T13:39:28+00:00", "timestamp_ms": 1569764368000}}, {"type": "Feature", "geometry": {"type": "Point", "coordinates": [-71.08016821466826, 42.27888585784849]}, "properties": {"street": null, "location_type": "Intersection", "dispatch_ts": "2016-06-14T11:13:28+00:00", "timestamp_ms": 1465902808000}}, {"type": "Feature", "geometry": {"type": "Point", "coordinates": [-71.10026881221391, 42.35077738777686]}, "properties": {"street": null, "location_type": "Intersection", "dispatch_ts": "2023-11-17T12:21:06+00:00", "timestamp_ms": 1700223666000}}, {"type": "Feature", "geometry": {"type": "Point", "coordinates": [-71.07324143085582, 42.31367572040389]}, "properties": {"street": "WAYLAND ST", "location_type": "Street", "dispatch_ts": "2016-05-28T18:05:52+00:00", "timestamp_ms": 1464458752000}}, {"type": "Feature", "geometry": {"type": "Point", "coordinates": [-71.10041968138044, 42.32369062313427]}, "properties": {"street": "LAMARTINE ST", "location_type": "Street", "dispatch_ts": "2019-10-07T12:47:14+00:00", "timestamp_ms": 1570452434000}}, {"type": "Feature", "geometry": {"type": "Point", "coordinates": [-71.05833214752505, 42.30801335793599]}, "properties": {"street": null, "location_type": "Intersection", "dispatch_ts": "2019-05-05T21:04:20+00:00", "timestamp_ms": 1557090260000}}, {"type": "Feature", "geometry": {"type": "Point", "coordinates": [-71.15544103068851, 42.35910259300156]}, "properties": {"street": "SOLDIERS FIELD RD", "location_type": "Street", "dispatch_ts": "2016-09-01T00:14:20+00:00", "timestamp_ms": 1472688860000}}, {"type": "Feature", "geometry": {"type": "Point", "coordinates": [-71.09243587873229, 42.27575049478902]}, "properties": {"street": "BABSON ST", "location_type": "Street", "dispatch_ts": "2016-07-13T18:05:14+00:00", "timestamp_ms": 1468433114000}}, {"type": "Feature", "geometry": {"type": "Point", "coordinates": [-71.06599619048959, 42.36122344505666]}, "properties": {"street": "CAMBRIDGE ST", "location_type": "Street", "dispatch_ts": "2019-11-12T21:48:17+00:00", "timestamp_ms": 1573595297000}}, {"type": "Feature", "geometry": {"type": "Point", "coordinates": [-71.05261737073926, 42.33023851046483]}, "properties": {"street": null, "location_type": "Intersection", "dispatch_ts": "2015-07-01T03:05:33+00:00", "timestamp_ms": 1435719933000}}, {"type": "Feature", "geometry": {"type": "Point", "coordinates": [-71.09497083279676, 42.348810517094634]}, "properties": {"street": null, "location_type": "Intersection", "dispatch_ts": "2023-06-30T21:37:13+00:00", "timestamp_ms": 1688161033000}}, {"type": "Feature", "geometry": {"type": "Point", "coordinates": [-71.0894836662669, 42.350858072765824]}, "properties": {"street": null, "location_type": "Intersection", "dispatch_ts": "2024-03-03T17:40:12+00:00", "timestamp_ms": 1709487612000}}, {"type": "Feature", "geometry": {"type": "Point", "coordinates": [-71.15245057579087, 42.34611046670895]}, "properties": {"street": null, "location_type": "Intersection", "dispatch_ts": "2024-10-21T18:16:17+00:00", "timestamp_ms": 1729534577000}}, {"type": "Feature", "geometry": {"type": "Point", "coordinates": [-71.11075004690231, 42.328291999662184]}, "properties": {"street": "HUNTINGTON AVE", "location_type": "Street", "dispatch_ts": "2024-08-13T12:47:58+00:00", "timestamp_ms": 1723553278000}}, {"type": "Feature", "geometry": {"type": "Point", "coordinates": [-71.04396613493486, 42.35099289108352]}, "properties": {"street": null, "location_type": "Intersection", "dispatch_ts": "2024-08-29T00:33:05+00:00", "timestamp_ms": 1724891585000}}, {"type": "Feature", "geometry": {"type": "Point", "coordinates": [-71.15826072383747, 42.28028648271914]}, "properties": {"street": "CENTRE ST", "location_type": "Street", "dispatch_ts": "2016-07-11T07:08:54+00:00", "timestamp_ms": 1468220934000}}, {"type": "Feature", "geometry": {"type": "Point", "coordinates": [-71.05896496013123, 42.31813884021366]}, "properties": {"street": null, "location_type": "Intersection", "dispatch_ts": "2018-10-25T12:19:38+00:00", "timestamp_ms": 1540469978000}}, {"type": "Feature", "geometry": {"type": "Point", "coordinates": [-71.10169466908104, 42.32288432673299]}, "properties": {"street": "CENTRE ST", "location_type": "Street", "dispatch_ts": "2018-10-29T03:29:28+00:00", "timestamp_ms": 1540783768000}}, {"type": "Feature", "geometry": {"type": "Point", "coordinates": [-71.07720764308463, 42.351954809401896]}, "properties": {"street": "COMMONWEALTH AVE", "location_type": "Street", "dispatch_ts": "2015-06-08T13:01:22+00:00", "timestamp_ms": 1433768482000}}, {"type": "Feature", "geometry": {"type": "Point", "coordinates": [-71.07334986291399, 42.379775829673925]}, "properties": {"street": "HOOD PARK DR", "location_type": "Street", "dispatch_ts": "2022-07-10T13:35:31+00:00", "timestamp_ms": 1657460131000}}, {"type": "Feature", "geometry": {"type": "Point", "coordinates": [-71.0725266455898, 42.3501810864911]}, "properties": {"street": "BERKELEY ST", "location_type": "Street", "dispatch_ts": "2016-10-25T00:01:57+00:00", "timestamp_ms": 1477353717000}}, {"type": "Feature", "geometry": {"type": "Point", "coordinates": [-71.11723583014407, 42.253869203558175]}, "properties": {"street": "TRUMAN PKWY", "location_type": "Street", "dispatch_ts": "2018-07-18T23:54:45+00:00", "timestamp_ms": 1531958085000}}, {"type": "Feature", "geometry": {"type": "Point", "coordinates": [-71.06553747033136, 42.34863241429081]}, "properties": {"street": null, "location_type": "Intersection", "dispatch_ts": "2023-12-21T21:48:55+00:00", "timestamp_ms": 1703195335000}}, {"type": "Feature", "geometry": {"type": "Point", "coordinates": [-71.06623523636692, 42.303579836967366]}, "properties": {"street": "HOMES AVE", "location_type": "Street", "dispatch_ts": "2023-08-22T23:27:22+00:00", "timestamp_ms": 1692746842000}}, {"type": "Feature", "geometry": {"type": "Point", "coordinates": [-71.09510160211099, 42.348792212916806]}, "properties": {"street": "COMMONWEALTH AVE", "location_type": "Street", "dispatch_ts": "2015-09-02T16:38:57+00:00", "timestamp_ms": 1441211937000}}, {"type": "Feature", "geometry": {"type": "Point", "coordinates": [-71.07468931616198, 42.344748019402395]}, "properties": {"street": "DARTMOUTH ST", "location_type": "Street", "dispatch_ts": "2016-12-08T16:44:31+00:00", "timestamp_ms": 1481215471000}}, {"type": "Feature", "geometry": {"type": "Point", "coordinates": [-71.11528811108806, 42.35094503125057]}, "properties": {"street": "COMMONWEALTH AVE", "location_type": "Street", "dispatch_ts": "2023-10-24T16:01:48+00:00", "timestamp_ms": 1698163308000}}, {"type": "Feature", "geometry": {"type": "Point", "coordinates": [-71.07503697333551, 42.30959619924518]}, "properties": {"street": "INTERVALE ST", "location_type": "Street", "dispatch_ts": "2018-09-07T23:48:53+00:00", "timestamp_ms": 1536364133000}}, {"type": "Feature", "geometry": {"type": "Point", "coordinates": [-71.08413881431355, 42.33863557316097]}, "properties": {"street": null, "location_type": "Intersection", "dispatch_ts": "2022-12-30T19:21:01+00:00", "timestamp_ms": 1672428061000}}, {"type": "Feature", "geometry": {"type": "Point", "coordinates": [-71.07717349271825, 42.29175733166888]}, "properties": {"street": null, "location_type": "Intersection", "dispatch_ts": "2026-04-09T22:51:53+00:00", "timestamp_ms": 1775775113000}}, {"type": "Feature", "geometry": {"type": "Point", "coordinates": [-71.10820883534267, 42.3123474485996]}, "properties": {"street": null, "location_type": "Intersection", "dispatch_ts": "2016-06-02T11:57:35+00:00", "timestamp_ms": 1464868655000}}, {"type": "Feature", "geometry": {"type": "Point", "coordinates": [-71.1451449806007, 42.35517040893669]}, "properties": {"street": null, "location_type": "Intersection", "dispatch_ts": "2023-12-08T22:49:40+00:00", "timestamp_ms": 1702075780000}}, {"type": "Feature", "geometry": {"type": "Point", "coordinates": [-71.13759754802892, 42.36403077175155]}, "properties": {"street": null, "location_type": "Intersection", "dispatch_ts": "2023-07-30T21:25:10+00:00", "timestamp_ms": 1690752310000}}, {"type": "Feature", "geometry": {"type": "Point", "coordinates": [-71.0588247205227, 42.35424564286206]}, "properties": {"street": "SUMMER ST", "location_type": "Street", "dispatch_ts": "2023-08-30T08:51:18+00:00", "timestamp_ms": 1693385478000}}, {"type": "Feature", "geometry": {"type": "Point", "coordinates": [-71.09698981116533, 42.32815996481075]}, "properties": {"street": null, "location_type": "Intersection", "dispatch_ts": "2017-09-27T23:15:38+00:00", "timestamp_ms": 1506554138000}}, {"type": "Feature", "geometry": {"type": "Point", "coordinates": [-71.06920315189424, 42.30540139666723]}, "properties": {"street": "OLNEY ST", "location_type": "Street", "dispatch_ts": "2023-06-09T22:36:10+00:00", "timestamp_ms": 1686350170000}}, {"type": "Feature", "geometry": {"type": "Point", "coordinates": [-71.02792398793136, 42.36534552242899]}, "properties": {"street": "MAVERICK ST", "location_type": "Street", "dispatch_ts": "2024-04-21T12:42:43+00:00", "timestamp_ms": 1713703363000}}, {"type": "Feature", "geometry": {"type": "Point", "coordinates": [-71.08740015057107, 42.34663977833315]}, "properties": {"street": null, "location_type": "Intersection", "dispatch_ts": "2018-07-18T12:34:37+00:00", "timestamp_ms": 1531917277000}}, {"type": "Feature", "geometry": {"type": "Point", "coordinates": [-71.0894836662669, 42.350858072765824]}, "properties": {"street": null, "location_type": "Intersection", "dispatch_ts": "2015-09-09T12:39:19+00:00", "timestamp_ms": 1441802359000}}, {"type": "Feature", "geometry": {"type": "Point", "coordinates": [-71.12126863855019, 42.351886419965325]}, "properties": {"street": null, "location_type": "Intersection", "dispatch_ts": "2017-09-11T22:13:27+00:00", "timestamp_ms": 1505168007000}}, {"type": "Feature", "geometry": {"type": "Point", "coordinates": [-71.0450656782138, 42.31167782991557]}, "properties": {"street": null, "location_type": "Other", "dispatch_ts": "2018-11-14T01:18:44+00:00", "timestamp_ms": 1542158324000}}, {"type": "Feature", "geometry": {"type": "Point", "coordinates": [-71.0738434678923, 42.33599125017535]}, "properties": {"street": null, "location_type": "Intersection", "dispatch_ts": "2020-06-09T21:04:22+00:00", "timestamp_ms": 1591736662000}}, {"type": "Feature", "geometry": {"type": "Point", "coordinates": [-71.088641463287, 42.34915419274428]}, "properties": {"street": null, "location_type": "Intersection", "dispatch_ts": "2024-05-19T13:36:45+00:00", "timestamp_ms": 1716125805000}}, {"type": "Feature", "geometry": {"type": "Point", "coordinates": [-71.06333124981911, 42.36408144393382]}, "properties": {"street": null, "location_type": "Intersection", "dispatch_ts": "2023-10-02T22:07:04+00:00", "timestamp_ms": 1696284424000}}, {"type": "Feature", "geometry": {"type": "Point", "coordinates": [-71.06942855113641, 42.35623106527977]}, "properties": {"street": null, "location_type": "Intersection", "dispatch_ts": "2021-08-18T17:47:54+00:00", "timestamp_ms": 1629308874000}}, {"type": "Feature", "geometry": {"type": "Point", "coordinates": [-71.05700727981439, 42.32951559009473]}, "properties": {"street": null, "location_type": "Intersection", "dispatch_ts": "2015-06-06T19:41:15+00:00", "timestamp_ms": 1433619675000}}, {"type": "Feature", "geometry": {"type": "Point", "coordinates": [-71.11208226832815, 42.332039138731]}, "properties": {"street": null, "location_type": "Intersection", "dispatch_ts": "2018-05-23T18:58:53+00:00", "timestamp_ms": 1527101933000}}, {"type": "Feature", "geometry": {"type": "Point", "coordinates": [-71.0602720985224, 42.330166322660226]}, "properties": {"street": null, "location_type": "Intersection", "dispatch_ts": "2022-07-18T20:15:13+00:00", "timestamp_ms": 1658175313000}}, {"type": "Feature", "geometry": {"type": "Point", "coordinates": [-71.05922441194356, 42.30062134474203]}, "properties": {"street": null, "location_type": "Intersection", "dispatch_ts": "2024-10-20T14:43:44+00:00", "timestamp_ms": 1729435424000}}, {"type": "Feature", "geometry": {"type": "Point", "coordinates": [-71.05589284751309, 42.3589991450213]}, "properties": {"street": null, "location_type": "Intersection", "dispatch_ts": "2016-06-10T16:25:19+00:00", "timestamp_ms": 1465575919000}}, {"type": "Feature", "geometry": {"type": "Point", "coordinates": [-71.11991731487966, 42.29416650887098]}, "properties": {"street": null, "location_type": "Intersection", "dispatch_ts": "2019-06-01T19:50:11+00:00", "timestamp_ms": 1559418611000}}, {"type": "Feature", "geometry": {"type": "Point", "coordinates": [-71.08045158488125, 42.34163983475299]}, "properties": {"street": null, "location_type": "Intersection", "dispatch_ts": "2018-03-28T13:15:41+00:00", "timestamp_ms": 1522242941000}}, {"type": "Feature", "geometry": {"type": "Point", "coordinates": [-71.13872971937842, 42.35307839406496]}, "properties": {"street": "CAMBRIDGE ST", "location_type": "Street", "dispatch_ts": "2019-09-24T18:02:44+00:00", "timestamp_ms": 1569348164000}}, {"type": "Feature", "geometry": {"type": "Point", "coordinates": [-71.11574637914951, 42.35122675187151]}, "properties": {"street": null, "location_type": "Intersection", "dispatch_ts": "2015-12-14T15:39:29+00:00", "timestamp_ms": 1450107569000}}, {"type": "Feature", "geometry": {"type": "Point", "coordinates": [-71.05960182532901, 42.31887258896855]}, "properties": {"street": null, "location_type": "Intersection", "dispatch_ts": "2015-09-07T19:31:44+00:00", "timestamp_ms": 1441654304000}}, {"type": "Feature", "geometry": {"type": "Point", "coordinates": [-71.08113433805923, 42.28073165579691]}, "properties": {"street": "SELDEN ST", "location_type": "Street", "dispatch_ts": "2019-07-28T01:43:21+00:00", "timestamp_ms": 1564278201000}}, {"type": "Feature", "geometry": {"type": "Point", "coordinates": [-71.0579907232022, 42.3588590504994]}, "properties": {"street": "COURT ST", "location_type": "Street", "dispatch_ts": "2017-04-02T18:17:27+00:00", "timestamp_ms": 1491157047000}}, {"type": "Feature", "geometry": {"type": "Point", "coordinates": [-71.08177220096147, 42.331892462783344]}, "properties": {"street": "WASHINGTON ST", "location_type": "Street", "dispatch_ts": "2019-12-06T23:38:01+00:00", "timestamp_ms": 1575675481000}}, {"type": "Feature", "geometry": {"type": "Point", "coordinates": [-71.05463244375349, 42.359211740209304]}, "properties": {"street": null, "location_type": "Intersection", "dispatch_ts": "2021-05-09T22:30:48+00:00", "timestamp_ms": 1620599448000}}, {"type": "Feature", "geometry": {"type": "Point", "coordinates": [-71.05846045414525, 42.35894156742373]}, "properties": {"street": "COURT ST", "location_type": "Street", "dispatch_ts": "2015-06-23T00:06:41+00:00", "timestamp_ms": 1435018001000}}, {"type": "Feature", "geometry": {"type": "Point", "coordinates": [-71.03190325861497, 42.33820446629441]}, "properties": {"street": "FIRST ST", "location_type": "Street", "dispatch_ts": "2025-07-19T18:36:28+00:00", "timestamp_ms": 1752950188000}}, {"type": "Feature", "geometry": {"type": "Point", "coordinates": [-71.06687768379015, 42.35253158764873]}, "properties": {"street": null, "location_type": "Intersection", "dispatch_ts": "2015-02-26T14:59:26+00:00", "timestamp_ms": 1424962766000}}, {"type": "Feature", "geometry": {"type": "Point", "coordinates": [-71.0769028677329, 42.29784667571929]}, "properties": {"street": "WATERLOW ST", "location_type": "Street", "dispatch_ts": "2018-10-19T20:48:16+00:00", "timestamp_ms": 1539982096000}}, {"type": "Feature", "geometry": {"type": "Point", "coordinates": [-71.11208226832815, 42.332039138731]}, "properties": {"street": null, "location_type": "Intersection", "dispatch_ts": "2016-06-01T11:42:33+00:00", "timestamp_ms": 1464781353000}}, {"type": "Feature", "geometry": {"type": "Point", "coordinates": [-71.1308572948762, 42.29774652362608]}, "properties": {"street": "CENTRE ST", "location_type": "Street", "dispatch_ts": "2019-06-18T20:11:02+00:00", "timestamp_ms": 1560888662000}}, {"type": "Feature", "geometry": {"type": "Point", "coordinates": [-71.0776413921357, 42.336004963994455]}, "properties": {"street": null, "location_type": "Intersection", "dispatch_ts": "2025-02-26T00:57:13+00:00", "timestamp_ms": 1740531433000}}, {"type": "Feature", "geometry": {"type": "Point", "coordinates": [-71.0725669399434, 42.28972403642222]}, "properties": {"street": null, "location_type": "Intersection", "dispatch_ts": "2017-10-26T00:07:35+00:00", "timestamp_ms": 1508976455000}}, {"type": "Feature", "geometry": {"type": "Point", "coordinates": [-71.08043932805592, 42.339326706988096]}, "properties": {"street": null, "location_type": "Intersection", "dispatch_ts": "2025-07-07T14:47:29+00:00", "timestamp_ms": 1751899649000}}, {"type": "Feature", "geometry": {"type": "Point", "coordinates": [-71.10205360992084, 42.34277914563934]}, "properties": {"street": null, "location_type": "Intersection", "dispatch_ts": "2015-05-17T15:26:47+00:00", "timestamp_ms": 1431876407000}}, {"type": "Feature", "geometry": {"type": "Point", "coordinates": [-71.06726939026979, 42.327275897948155]}, "properties": {"street": "MASSACHUSETTS AVE", "location_type": "Street", "dispatch_ts": "2015-10-30T22:09:50+00:00", "timestamp_ms": 1446242990000}}, {"type": "Feature", "geometry": {"type": "Point", "coordinates": [-71.05067118904451, 42.35703298028707]}, "properties": {"street": "ROWES WHRF", "location_type": "Street", "dispatch_ts": "2019-05-28T13:38:38+00:00", "timestamp_ms": 1559050718000}}, {"type": "Feature", "geometry": {"type": "Point", "coordinates": [-71.06698376492847, 42.36111941860366]}, "properties": {"street": "CAMBRIDGE ST", "location_type": "Street", "dispatch_ts": "2017-10-06T03:39:09+00:00", "timestamp_ms": 1507261149000}}, {"type": "Feature", "geometry": {"type": "Point", "coordinates": [-71.14673742844252, 42.35030981847824]}, "properties": {"street": "CAMBRIDGE ST", "location_type": "Street", "dispatch_ts": "2025-02-05T14:27:09+00:00", "timestamp_ms": 1738765629000}}, {"type": "Feature", "geometry": {"type": "Point", "coordinates": [-71.06790176605713, 42.32805229928843]}, "properties": {"street": null, "location_type": "Intersection", "dispatch_ts": "2020-10-30T12:05:55+00:00", "timestamp_ms": 1604059555000}}, {"type": "Feature", "geometry": {"type": "Point", "coordinates": [-71.13015629078365, 42.37015565136439]}, "properties": {"street": "SOLDIERS FIELD RD", "location_type": "Street", "dispatch_ts": "2016-10-20T21:50:14+00:00", "timestamp_ms": 1477000214000}}, {"type": "Feature", "geometry": {"type": "Point", "coordinates": [-71.05894007114489, 42.37968688991808]}, "properties": {"street": null, "location_type": "Intersection", "dispatch_ts": "2016-08-30T00:21:16+00:00", "timestamp_ms": 1472516476000}}, {"type": "Feature", "geometry": {"type": "Point", "coordinates": [-71.10488664658564, 42.34117562955574]}, "properties": {"street": "BROOKLINE AVE", "location_type": "Street", "dispatch_ts": "2024-05-04T05:37:13+00:00", "timestamp_ms": 1714801033000}}, {"type": "Feature", "geometry": {"type": "Point", "coordinates": [-71.10560941599594, 42.31579314497379]}, "properties": {"street": null, "location_type": "Intersection", "dispatch_ts": "2020-08-30T18:23:37+00:00", "timestamp_ms": 1598811817000}}, {"type": "Feature", "geometry": {"type": "Point", "coordinates": [-71.08845820954288, 42.33492814122745]}, "properties": {"street": null, "location_type": "Intersection", "dispatch_ts": "2020-07-08T15:17:23+00:00", "timestamp_ms": 1594221443000}}, {"type": "Feature", "geometry": {"type": "Point", "coordinates": [-71.06827397563993, 42.33314642600374]}, "properties": {"street": "ATKINSON ST", "location_type": "Street", "dispatch_ts": "2023-09-21T13:28:44+00:00", "timestamp_ms": 1695302924000}}, {"type": "Feature", "geometry": {"type": "Point", "coordinates": [-71.08612000474253, 42.31027720497777]}, "properties": {"street": "MONTANA ST", "location_type": "Street", "dispatch_ts": "2015-04-15T21:47:29+00:00", "timestamp_ms": 1429134449000}}, {"type": "Feature", "geometry": {"type": "Point", "coordinates": [-71.08769089364783, 42.32619436843795]}, "properties": {"street": null, "location_type": "Intersection", "dispatch_ts": "2023-04-06T22:12:29+00:00", "timestamp_ms": 1680819149000}}, {"type": "Feature", "geometry": {"type": "Point", "coordinates": [-71.08251021213488, 42.3338261496791]}, "properties": {"street": null, "location_type": "Intersection", "dispatch_ts": "2025-12-18T20:26:32+00:00", "timestamp_ms": 1766089592000}}, {"type": "Feature", "geometry": {"type": "Point", "coordinates": [-71.08626611441463, 42.33726344868572]}, "properties": {"street": "COLUMBUS AVE", "location_type": "Street", "dispatch_ts": "2016-07-28T13:41:34+00:00", "timestamp_ms": 1469713294000}}, {"type": "Feature", "geometry": {"type": "Point", "coordinates": [-71.14640984020846, 42.35007923131161]}, "properties": {"street": null, "location_type": "Intersection", "dispatch_ts": "2016-11-03T12:43:48+00:00", "timestamp_ms": 1478177028000}}, {"type": "Feature", "geometry": {"type": "Point", "coordinates": [-71.07520720352657, 42.34581718128474]}, "properties": {"street": null, "location_type": "Intersection", "dispatch_ts": "2016-09-30T21:04:13+00:00", "timestamp_ms": 1475269453000}}, {"type": "Feature", "geometry": {"type": "Point", "coordinates": [-71.03724388397082, 42.32973379078821]}, "properties": {"street": null, "location_type": "Intersection", "dispatch_ts": "2015-07-05T18:30:01+00:00", "timestamp_ms": 1436121001000}}, {"type": "Feature", "geometry": {"type": "Point", "coordinates": [-71.06798157413824, 42.33169814526776]}, "properties": {"street": null, "location_type": "Intersection", "dispatch_ts": "2023-02-24T20:20:28+00:00", "timestamp_ms": 1677270028000}}, {"type": "Feature", "geometry": {"type": "Point", "coordinates": [-71.10489438482145, 42.31703538939402]}, "properties": {"street": null, "location_type": "Intersection", "dispatch_ts": "2024-09-28T01:26:51+00:00", "timestamp_ms": 1727486811000}}, {"type": "Feature", "geometry": {"type": "Point", "coordinates": [-71.06942855113641, 42.35623106527977]}, "properties": {"street": null, "location_type": "Intersection", "dispatch_ts": "2016-06-03T13:30:15+00:00", "timestamp_ms": 1464960615000}}, {"type": "Feature", "geometry": {"type": "Point", "coordinates": [-71.07325485451064, 42.3098518567876]}, "properties": {"street": "CEYLON ST", "location_type": "Street", "dispatch_ts": "2017-07-02T19:33:54+00:00", "timestamp_ms": 1499024034000}}, {"type": "Feature", "geometry": {"type": "Point", "coordinates": [-71.06630423867779, 42.31585098371132]}, "properties": {"street": null, "location_type": "Intersection", "dispatch_ts": "2025-11-14T02:46:19+00:00", "timestamp_ms": 1763088379000}}, {"type": "Feature", "geometry": {"type": "Point", "coordinates": [-71.0858826199596, 42.32949736864398]}, "properties": {"street": null, "location_type": "Intersection", "dispatch_ts": "2022-10-21T20:06:24+00:00", "timestamp_ms": 1666382784000}}, {"type": "Feature", "geometry": {"type": "Point", "coordinates": [-71.08036009382856, 42.346506328109946]}, "properties": {"street": "HUNTINGTON AVE", "location_type": "Street", "dispatch_ts": "2019-06-11T01:19:18+00:00", "timestamp_ms": 1560215958000}}, {"type": "Feature", "geometry": {"type": "Point", "coordinates": [-71.11298242433787, 42.300778297661985]}, "properties": {"street": "WASHINGTON ST", "location_type": "Street", "dispatch_ts": "2024-08-29T19:16:51+00:00", "timestamp_ms": 1724959011000}}, {"type": "Feature", "geometry": {"type": "Point", "coordinates": [-71.05963441161889, 42.36320288319686]}, "properties": {"street": "FRIEND ST", "location_type": "Street", "dispatch_ts": "2020-08-05T14:50:15+00:00", "timestamp_ms": 1596639015000}}, {"type": "Feature", "geometry": {"type": "Point", "coordinates": [-71.07320922716953, 42.336496556301306]}, "properties": {"street": null, "location_type": "Intersection", "dispatch_ts": "2015-07-24T15:08:00+00:00", "timestamp_ms": 1437750480000}}, {"type": "Feature", "geometry": {"type": "Point", "coordinates": [-71.06594178482526, 42.343955255059186]}, "properties": {"street": null, "location_type": "Intersection", "dispatch_ts": "2017-06-13T21:24:15+00:00", "timestamp_ms": 1497389055000}}, {"type": "Feature", "geometry": {"type": "Point", "coordinates": [-71.10565735888288, 42.32264563227616]}, "properties": {"street": "CENTRE ST", "location_type": "Street", "dispatch_ts": "2015-08-30T10:36:35+00:00", "timestamp_ms": 1440930995000}}, {"type": "Feature", "geometry": {"type": "Point", "coordinates": [-71.07873971957686, 42.3479019145133]}, "properties": {"street": null, "location_type": "Intersection", "dispatch_ts": "2017-11-19T15:50:49+00:00", "timestamp_ms": 1511106649000}}, {"type": "Feature", "geometry": {"type": "Point", "coordinates": [-71.08334086460546, 42.34279170322507]}, "properties": {"street": "SAINT BOTOLPH ST", "location_type": "Street", "dispatch_ts": "2018-10-01T15:52:42+00:00", "timestamp_ms": 1538409162000}}, {"type": "Feature", "geometry": {"type": "Point", "coordinates": [-71.0716660174578, 42.33223893816556]}, "properties": {"street": null, "location_type": "Intersection", "dispatch_ts": "2019-09-26T17:06:32+00:00", "timestamp_ms": 1569517592000}}, {"type": "Feature", "geometry": {"type": "Point", "coordinates": [-71.10492078189199, 42.31810225224249]}, "properties": {"street": null, "location_type": "Intersection", "dispatch_ts": "2023-08-16T13:02:45+00:00", "timestamp_ms": 1692190965000}}, {"type": "Feature", "geometry": {"type": "Point", "coordinates": [-71.14896297874485, 42.356377178705955]}, "properties": {"street": "MARKET ST", "location_type": "Street", "dispatch_ts": "2025-08-26T17:58:26+00:00", "timestamp_ms": 1756231106000}}, {"type": "Feature", "geometry": {"type": "Point", "coordinates": [-71.07297910257174, 42.38650744247415]}, "properties": {"street": "ALFORD ST", "location_type": "Street", "dispatch_ts": "2024-01-11T16:12:45+00:00", "timestamp_ms": 1704989565000}}, {"type": "Feature", "geometry": {"type": "Point", "coordinates": [-71.08064739421705, 42.2968841310467]}, "properties": {"street": "GLENWAY ST", "location_type": "Street", "dispatch_ts": "2018-02-22T02:35:32+00:00", "timestamp_ms": 1519266932000}}, {"type": "Feature", "geometry": {"type": "Point", "coordinates": [-71.03991481133284, 42.28863540087725]}, "properties": {"street": null, "location_type": "Intersection", "dispatch_ts": "2018-07-28T20:46:43+00:00", "timestamp_ms": 1532810803000}}, {"type": "Feature", "geometry": {"type": "Point", "coordinates": [-71.15245057579087, 42.34611046670895]}, "properties": {"street": null, "location_type": "Intersection", "dispatch_ts": "2020-08-13T19:02:30+00:00", "timestamp_ms": 1597345350000}}, {"type": "Feature", "geometry": {"type": "Point", "coordinates": [-71.0650423000208, 42.28306432307373]}, "properties": {"street": null, "location_type": "Intersection", "dispatch_ts": "2026-06-09T15:52:13+00:00", "timestamp_ms": 1781020333000}}, {"type": "Feature", "geometry": {"type": "Point", "coordinates": [-71.11409353326769, 42.313239273641685]}, "properties": {"street": null, "location_type": "Intersection", "dispatch_ts": "2015-04-04T15:45:30+00:00", "timestamp_ms": 1428162330000}}, {"type": "Feature", "geometry": {"type": "Point", "coordinates": [-71.05229614655379, 42.3523361775864]}, "properties": {"street": null, "location_type": "Intersection", "dispatch_ts": "2018-09-16T18:39:07+00:00", "timestamp_ms": 1537123147000}}, {"type": "Feature", "geometry": {"type": "Point", "coordinates": [-71.04345054679881, 42.35072037782832]}, "properties": {"street": "SEAPORT BLVD", "location_type": "Street", "dispatch_ts": "2025-05-29T19:42:24+00:00", "timestamp_ms": 1748547744000}}, {"type": "Feature", "geometry": {"type": "Point", "coordinates": [-71.08378752457489, 42.35298416195821]}, "properties": {"street": null, "location_type": "Intersection", "dispatch_ts": "2023-03-26T20:30:31+00:00", "timestamp_ms": 1679862631000}}, {"type": "Feature", "geometry": {"type": "Point", "coordinates": [-71.06163466909639, 42.34276027184506]}, "properties": {"street": "FOURTH ST", "location_type": "Street", "dispatch_ts": "2015-01-22T05:14:22+00:00", "timestamp_ms": 1421903662000}}, {"type": "Feature", "geometry": {"type": "Point", "coordinates": [-71.0751857949066, 42.32736610300306]}, "properties": {"street": "HAMPDEN ST", "location_type": "Street", "dispatch_ts": "2018-09-17T18:00:33+00:00", "timestamp_ms": 1537207233000}}, {"type": "Feature", "geometry": {"type": "Point", "coordinates": [-71.08813477346843, 42.34811804821059]}, "properties": {"street": null, "location_type": "Intersection", "dispatch_ts": "2017-09-26T22:52:55+00:00", "timestamp_ms": 1506466375000}}, {"type": "Feature", "geometry": {"type": "Point", "coordinates": [-71.07376580465859, 42.288631623971675]}, "properties": {"street": "OAKWOOD ST", "location_type": "Street", "dispatch_ts": "2016-05-28T22:33:49+00:00", "timestamp_ms": 1464474829000}}, {"type": "Feature", "geometry": {"type": "Point", "coordinates": [-71.08813107672003, 42.3360920963896]}, "properties": {"street": "COLUMBUS AVE", "location_type": "Street", "dispatch_ts": "2021-04-25T16:24:47+00:00", "timestamp_ms": 1619367887000}}, {"type": "Feature", "geometry": {"type": "Point", "coordinates": [-71.1402660575179, 42.352563190894166]}, "properties": {"street": null, "location_type": "Intersection", "dispatch_ts": "2021-01-02T19:19:26+00:00", "timestamp_ms": 1609615166000}}, {"type": "Feature", "geometry": {"type": "Point", "coordinates": [-71.07557649821463, 42.339507366416576]}, "properties": {"street": null, "location_type": "Intersection", "dispatch_ts": "2020-10-14T17:17:05+00:00", "timestamp_ms": 1602695825000}}, {"type": "Feature", "geometry": {"type": "Point", "coordinates": [-71.08813477346843, 42.34811804821059]}, "properties": {"street": null, "location_type": "Intersection", "dispatch_ts": "2018-05-15T17:45:37+00:00", "timestamp_ms": 1526406337000}}, {"type": "Feature", "geometry": {"type": "Point", "coordinates": [-71.06196358133595, 42.320305531579855]}, "properties": {"street": "COLUMBIA RD", "location_type": "Street", "dispatch_ts": "2018-08-29T21:38:38+00:00", "timestamp_ms": 1535578718000}}, {"type": "Feature", "geometry": {"type": "Point", "coordinates": [-71.07541211114807, 42.34193913907639]}, "properties": {"street": "TREMONT ST", "location_type": "Street", "dispatch_ts": "2021-08-20T11:15:25+00:00", "timestamp_ms": 1629458125000}}, {"type": "Feature", "geometry": {"type": "Point", "coordinates": [-71.08618821585601, 42.34413429544672]}, "properties": {"street": "MASSACHUSETTS AVE", "location_type": "Street", "dispatch_ts": "2023-07-07T00:17:48+00:00", "timestamp_ms": 1688689068000}}, {"type": "Feature", "geometry": {"type": "Point", "coordinates": [-71.05873214789295, 42.29988213156983]}, "properties": {"street": "ADAMS ST", "location_type": "Street", "dispatch_ts": "2015-08-09T01:28:47+00:00", "timestamp_ms": 1439083727000}}, {"type": "Feature", "geometry": {"type": "Point", "coordinates": [-71.13693790974459, 42.24726363710054]}, "properties": {"street": "TURTLE POND PKWY", "location_type": "Street", "dispatch_ts": "2023-06-30T23:10:21+00:00", "timestamp_ms": 1688166621000}}, {"type": "Feature", "geometry": {"type": "Point", "coordinates": [-71.07951531428544, 42.31351245251181]}, "properties": {"street": null, "location_type": "Intersection", "dispatch_ts": "2022-07-08T04:03:37+00:00", "timestamp_ms": 1657253017000}}, {"type": "Feature", "geometry": {"type": "Point", "coordinates": [-71.14303389810502, 42.35461330978152]}, "properties": {"street": "BEACON ST", "location_type": "Street", "dispatch_ts": "2025-07-24T02:01:42+00:00", "timestamp_ms": 1753322502000}}, {"type": "Feature", "geometry": {"type": "Point", "coordinates": [-71.07870803857966, 42.352870994003595]}, "properties": {"street": null, "location_type": "Intersection", "dispatch_ts": "2023-06-13T22:25:03+00:00", "timestamp_ms": 1686695103000}}, {"type": "Feature", "geometry": {"type": "Point", "coordinates": [-71.09715182524712, 42.34880344290092]}, "properties": {"street": null, "location_type": "Intersection", "dispatch_ts": "2023-07-29T18:29:22+00:00", "timestamp_ms": 1690655362000}}, {"type": "Feature", "geometry": {"type": "Point", "coordinates": [-71.08588280248489, 42.3285934202376]}, "properties": {"street": "WASHINGTON ST", "location_type": "Street", "dispatch_ts": "2015-11-06T22:27:31+00:00", "timestamp_ms": 1446848851000}}, {"type": "Feature", "geometry": {"type": "Point", "coordinates": [-71.03546698221894, 42.33733812709306]}, "properties": {"street": null, "location_type": "Intersection", "dispatch_ts": "2018-09-05T21:47:37+00:00", "timestamp_ms": 1536184057000}}, {"type": "Feature", "geometry": {"type": "Point", "coordinates": [-71.02799441275482, 42.37620148266811]}, "properties": {"street": "SERVICE RD", "location_type": "Street", "dispatch_ts": "2024-07-13T20:13:39+00:00", "timestamp_ms": 1720901619000}}, {"type": "Feature", "geometry": {"type": "Point", "coordinates": [-71.09672716071056, 42.34876451600292]}, "properties": {"street": "COMMONWEALTH AVE", "location_type": "Street", "dispatch_ts": "2018-12-01T16:44:45+00:00", "timestamp_ms": 1543682685000}}, {"type": "Feature", "geometry": {"type": "Point", "coordinates": [-71.103738660806, 42.350636703273075]}, "properties": {"street": "BAY STATE RD", "location_type": "Street", "dispatch_ts": "2021-05-06T21:26:07+00:00", "timestamp_ms": 1620336367000}}, {"type": "Feature", "geometry": {"type": "Point", "coordinates": [-71.08360508401185, 42.352433386266895]}, "properties": {"street": "BEACON ST", "location_type": "Street", "dispatch_ts": "2015-09-19T18:16:44+00:00", "timestamp_ms": 1442686604000}}, {"type": "Feature", "geometry": {"type": "Point", "coordinates": [-71.08032038126865, 42.339303441947735]}, "properties": {"street": null, "location_type": "Intersection", "dispatch_ts": "2018-03-22T22:56:55+00:00", "timestamp_ms": 1521759415000}}, {"type": "Feature", "geometry": {"type": "Point", "coordinates": [-71.08328650678628, 42.32964683917707]}, "properties": {"street": "WARREN ST", "location_type": "Street", "dispatch_ts": "2023-10-14T22:43:48+00:00", "timestamp_ms": 1697323428000}}, {"type": "Feature", "geometry": {"type": "Point", "coordinates": [-71.13592088450461, 42.24434714698998]}, "properties": {"street": "IMBARO RD", "location_type": "Street", "dispatch_ts": "2023-02-15T21:19:43+00:00", "timestamp_ms": 1676495983000}}, {"type": "Feature", "geometry": {"type": "Point", "coordinates": [-71.15686289762955, 42.28408413861241]}, "properties": {"street": "CENTRE ST", "location_type": "Street", "dispatch_ts": "2015-11-04T14:12:57+00:00", "timestamp_ms": 1446646377000}}, {"type": "Feature", "geometry": {"type": "Point", "coordinates": [-71.04224600177733, 42.28617199958168]}, "properties": {"street": "WILLIAM T MORRISSEY BLVD", "location_type": "Street", "dispatch_ts": "2015-05-21T20:29:15+00:00", "timestamp_ms": 1432240155000}}, {"type": "Feature", "geometry": {"type": "Point", "coordinates": [-71.09455097322532, 42.29299034422417]}, "properties": {"street": null, "location_type": "Intersection", "dispatch_ts": "2015-06-25T15:11:42+00:00", "timestamp_ms": 1435245102000}}, {"type": "Feature", "geometry": {"type": "Point", "coordinates": [-71.11968162945485, 42.29058291852451]}, "properties": {"street": "BROOKWAY TER", "location_type": "Street", "dispatch_ts": "2019-09-08T19:27:16+00:00", "timestamp_ms": 1567970836000}}, {"type": "Feature", "geometry": {"type": "Point", "coordinates": [-71.08563920660583, 42.33767616526143]}, "properties": {"street": null, "location_type": "Intersection", "dispatch_ts": "2016-07-27T00:24:24+00:00", "timestamp_ms": 1469579064000}}, {"type": "Feature", "geometry": {"type": "Point", "coordinates": [-71.05838434637327, 42.36547167247528]}, "properties": {"street": null, "location_type": "Intersection", "dispatch_ts": "2016-05-16T23:35:51+00:00", "timestamp_ms": 1463441751000}}, {"type": "Feature", "geometry": {"type": "Point", "coordinates": [-71.07346021786326, 42.33356601748208]}, "properties": {"street": null, "location_type": "Intersection", "dispatch_ts": "2021-09-08T22:37:44+00:00", "timestamp_ms": 1631140664000}}, {"type": "Feature", "geometry": {"type": "Point", "coordinates": [-71.05630262925563, 42.35682397571664]}, "properties": {"street": null, "location_type": "Intersection", "dispatch_ts": "2018-08-09T13:51:07+00:00", "timestamp_ms": 1533822667000}}, {"type": "Feature", "geometry": {"type": "Point", "coordinates": [-71.0802765316498, 42.34814424759401]}, "properties": {"street": "RING RD", "location_type": "Street", "dispatch_ts": "2016-09-24T00:46:28+00:00", "timestamp_ms": 1474677988000}}, {"type": "Feature", "geometry": {"type": "Point", "coordinates": [-71.16932318352326, 42.34424403006748]}, "properties": {"street": "LAKE SHORE RD", "location_type": "Street", "dispatch_ts": "2018-12-05T02:03:37+00:00", "timestamp_ms": 1543975417000}}, {"type": "Feature", "geometry": {"type": "Point", "coordinates": [-71.08217364780215, 42.34970224795303]}, "properties": {"street": null, "location_type": "Intersection", "dispatch_ts": "2024-10-29T22:14:56+00:00", "timestamp_ms": 1730240096000}}, {"type": "Feature", "geometry": {"type": "Point", "coordinates": [-71.09073392305334, 42.34164201410177]}, "properties": {"street": "HEMENWAY ST", "location_type": "Street", "dispatch_ts": "2017-04-28T21:24:20+00:00", "timestamp_ms": 1493414660000}}, {"type": "Feature", "geometry": {"type": "Point", "coordinates": [-71.10051040902636, 42.350331778657896]}, "properties": {"street": "BAY STATE RD", "location_type": "Street", "dispatch_ts": "2024-05-02T01:53:18+00:00", "timestamp_ms": 1714614798000}}, {"type": "Feature", "geometry": {"type": "Point", "coordinates": [-71.0606100315401, 42.36573070417767]}, "properties": {"street": null, "location_type": "Intersection", "dispatch_ts": "2016-05-22T06:50:46+00:00", "timestamp_ms": 1463899846000}}, {"type": "Feature", "geometry": {"type": "Point", "coordinates": [-71.09437514443358, 42.331421903284216]}, "properties": {"street": null, "location_type": "Intersection", "dispatch_ts": "2016-10-29T21:57:49+00:00", "timestamp_ms": 1477778269000}}, {"type": "Feature", "geometry": {"type": "Point", "coordinates": [-71.14082457943327, 42.348022371968014]}, "properties": {"street": "COMMONWEALTH AVE", "location_type": "Street", "dispatch_ts": "2025-08-17T09:05:34+00:00", "timestamp_ms": 1755421534000}}, {"type": "Feature", "geometry": {"type": "Point", "coordinates": [-71.11462174077653, 42.30485504057767]}, "properties": {"street": null, "location_type": "Intersection", "dispatch_ts": "2020-03-05T19:07:29+00:00", "timestamp_ms": 1583435249000}}, {"type": "Feature", "geometry": {"type": "Point", "coordinates": [-71.1153442680057, 42.309870104627265]}, "properties": {"street": null, "location_type": "Intersection", "dispatch_ts": "2023-09-14T10:54:48+00:00", "timestamp_ms": 1694688888000}}, {"type": "Feature", "geometry": {"type": "Point", "coordinates": [-71.14881145445187, 42.34731909976343]}, "properties": {"street": "WASHINGTON ST", "location_type": "Street", "dispatch_ts": "2018-04-09T20:22:35+00:00", "timestamp_ms": 1523305355000}}, {"type": "Feature", "geometry": {"type": "Point", "coordinates": [-71.05424379200511, 42.32924117081134]}, "properties": {"street": null, "location_type": "Intersection", "dispatch_ts": "2022-10-20T10:55:08+00:00", "timestamp_ms": 1666263308000}}, {"type": "Feature", "geometry": {"type": "Point", "coordinates": [-71.06124121465298, 42.35054832270192]}, "properties": {"street": "KNEELAND ST", "location_type": "Street", "dispatch_ts": "2015-11-11T22:24:19+00:00", "timestamp_ms": 1447280659000}}, {"type": "Feature", "geometry": {"type": "Point", "coordinates": [-71.03237931418938, 42.378877807969495]}, "properties": {"street": null, "location_type": "Intersection", "dispatch_ts": "2019-09-05T00:00:52+00:00", "timestamp_ms": 1567641652000}}, {"type": "Feature", "geometry": {"type": "Point", "coordinates": [-71.0489335087402, 42.34043149265245]}, "properties": {"street": "D ST", "location_type": "Street", "dispatch_ts": "2023-03-15T18:47:33+00:00", "timestamp_ms": 1678906053000}}, {"type": "Feature", "geometry": {"type": "Point", "coordinates": [-71.13988581273196, 42.3451313556512]}, "properties": {"street": "SUMMIT AVE", "location_type": "Street", "dispatch_ts": "2025-07-14T22:06:37+00:00", "timestamp_ms": 1752530797000}}, {"type": "Feature", "geometry": {"type": "Point", "coordinates": [-71.11803407178053, 42.36419160189654]}, "properties": {"street": null, "location_type": "Intersection", "dispatch_ts": "2015-05-23T23:48:51+00:00", "timestamp_ms": 1432424931000}}, {"type": "Feature", "geometry": {"type": "Point", "coordinates": [-71.10118370171848, 42.313995133430296]}, "properties": {"street": null, "location_type": "Intersection", "dispatch_ts": "2020-08-25T19:32:40+00:00", "timestamp_ms": 1598383960000}}, {"type": "Feature", "geometry": {"type": "Point", "coordinates": [-71.07425515233521, 42.38404680008344]}, "properties": {"street": null, "location_type": "Intersection", "dispatch_ts": "2017-08-02T11:45:12+00:00", "timestamp_ms": 1501674312000}}, {"type": "Feature", "geometry": {"type": "Point", "coordinates": [-71.11277918732614, 42.3506520036509]}, "properties": {"street": "COMMONWEALTH AVE", "location_type": "Street", "dispatch_ts": "2024-09-24T21:22:43+00:00", "timestamp_ms": 1727212963000}}, {"type": "Feature", "geometry": {"type": "Point", "coordinates": [-71.15710509002695, 42.349060720222624]}, "properties": {"street": null, "location_type": "Intersection", "dispatch_ts": "2022-03-05T00:38:38+00:00", "timestamp_ms": 1646440718000}}, {"type": "Feature", "geometry": {"type": "Point", "coordinates": [-71.12964181623018, 42.36319629869734]}, "properties": {"street": "WESTERN AVE", "location_type": "Street", "dispatch_ts": "2018-11-20T03:44:13+00:00", "timestamp_ms": 1542685453000}}, {"type": "Feature", "geometry": {"type": "Point", "coordinates": [-71.13396002665161, 42.3550151153352]}, "properties": {"street": "CAMBRIDGE ST", "location_type": "Street", "dispatch_ts": "2016-07-16T07:50:30+00:00", "timestamp_ms": 1468655430000}}, {"type": "Feature", "geometry": {"type": "Point", "coordinates": [-71.10505269936861, 42.349738788295014]}, "properties": {"street": null, "location_type": "Intersection", "dispatch_ts": "2016-08-03T12:30:09+00:00", "timestamp_ms": 1470227409000}}, {"type": "Feature", "geometry": {"type": "Point", "coordinates": [-71.1355277597489, 42.279562744120504]}, "properties": {"street": null, "location_type": "Intersection", "dispatch_ts": "2020-07-24T01:53:54+00:00", "timestamp_ms": 1595555634000}}, {"type": "Feature", "geometry": {"type": "Point", "coordinates": [-71.03546698221894, 42.33733812709306]}, "properties": {"street": null, "location_type": "Intersection", "dispatch_ts": "2018-10-06T18:33:58+00:00", "timestamp_ms": 1538850838000}}, {"type": "Feature", "geometry": {"type": "Point", "coordinates": [-71.08045158488125, 42.34163983475299]}, "properties": {"street": null, "location_type": "Intersection", "dispatch_ts": "2020-09-12T20:35:58+00:00", "timestamp_ms": 1599942958000}}, {"type": "Feature", "geometry": {"type": "Point", "coordinates": [-71.06907607519652, 42.33191365921368]}, "properties": {"street": null, "location_type": "Intersection", "dispatch_ts": "2022-04-19T16:17:18+00:00", "timestamp_ms": 1650385038000}}, {"type": "Feature", "geometry": {"type": "Point", "coordinates": [-71.07158001109632, 42.30241196892509]}, "properties": {"street": null, "location_type": "Intersection", "dispatch_ts": "2019-04-09T04:02:58+00:00", "timestamp_ms": 1554782578000}}, {"type": "Feature", "geometry": {"type": "Point", "coordinates": [-71.14577056336165, 42.36154672165098]}, "properties": {"street": null, "location_type": "Intersection", "dispatch_ts": "2019-06-23T23:28:27+00:00", "timestamp_ms": 1561332507000}}, {"type": "Feature", "geometry": {"type": "Point", "coordinates": [-71.13251731720355, 42.37195523453768]}, "properties": {"street": null, "location_type": "Other", "dispatch_ts": "2020-10-01T22:03:06+00:00", "timestamp_ms": 1601589786000}}, {"type": "Feature", "geometry": {"type": "Point", "coordinates": [-71.05131954652289, 42.293616518153435]}, "properties": {"street": null, "location_type": "Intersection", "dispatch_ts": "2023-08-18T22:37:22+00:00", "timestamp_ms": 1692398242000}}, {"type": "Feature", "geometry": {"type": "Point", "coordinates": [-71.07285111842259, 42.3276317403328]}, "properties": {"street": null, "location_type": "Intersection", "dispatch_ts": "2025-08-06T14:57:18+00:00", "timestamp_ms": 1754492238000}}, {"type": "Feature", "geometry": {"type": "Point", "coordinates": [-71.0582240908298, 42.35676828846944]}, "properties": {"street": "MILK ST", "location_type": "Street", "dispatch_ts": "2023-10-20T18:46:02+00:00", "timestamp_ms": 1697827562000}}, {"type": "Feature", "geometry": {"type": "Point", "coordinates": [-71.08586021528231, 42.333209538136366]}, "properties": {"street": null, "location_type": "Intersection", "dispatch_ts": "2015-10-12T23:37:31+00:00", "timestamp_ms": 1444693051000}}, {"type": "Feature", "geometry": {"type": "Point", "coordinates": [-71.09006026573711, 42.26996964555825]}, "properties": {"street": null, "location_type": "Intersection", "dispatch_ts": "2023-08-26T14:18:12+00:00", "timestamp_ms": 1693059492000}}, {"type": "Feature", "geometry": {"type": "Point", "coordinates": [-71.05884694161522, 42.325952962430925]}, "properties": {"street": null, "location_type": "Intersection", "dispatch_ts": "2024-08-12T13:48:06+00:00", "timestamp_ms": 1723470486000}}, {"type": "Feature", "geometry": {"type": "Point", "coordinates": [-71.03926172552156, 42.380920390543274]}, "properties": {"street": "MERIDIAN ST", "location_type": "Street", "dispatch_ts": "2022-07-23T02:17:32+00:00", "timestamp_ms": 1658542652000}}, {"type": "Feature", "geometry": {"type": "Point", "coordinates": [-71.10677806403991, 42.337642701061895]}, "properties": {"street": "BINNEY ST", "location_type": "Street", "dispatch_ts": "2024-07-19T12:56:04+00:00", "timestamp_ms": 1721393764000}}, {"type": "Feature", "geometry": {"type": "Point", "coordinates": [-71.0894836662669, 42.350858072765824]}, "properties": {"street": null, "location_type": "Intersection", "dispatch_ts": "2024-08-20T15:17:42+00:00", "timestamp_ms": 1724167062000}}, {"type": "Feature", "geometry": {"type": "Point", "coordinates": [-71.10430900961141, 42.32498376520233]}, "properties": {"street": null, "location_type": "Intersection", "dispatch_ts": "2023-05-23T20:15:25+00:00", "timestamp_ms": 1684872925000}}, {"type": "Feature", "geometry": {"type": "Point", "coordinates": [-71.12932840880603, 42.29651428118543]}, "properties": {"street": null, "location_type": "Intersection", "dispatch_ts": "2017-08-08T13:22:50+00:00", "timestamp_ms": 1502198570000}}, {"type": "Feature", "geometry": {"type": "Point", "coordinates": [-71.06622536378873, 42.30697163556457]}, "properties": {"street": "BOWDOIN ST", "location_type": "Street", "dispatch_ts": "2020-05-16T22:52:09+00:00", "timestamp_ms": 1589669529000}}, {"type": "Feature", "geometry": {"type": "Point", "coordinates": [-71.0933602344697, 42.28606249525969]}, "properties": {"street": "MORTON ST", "location_type": "Street", "dispatch_ts": "2017-08-19T05:10:51+00:00", "timestamp_ms": 1503119451000}}, {"type": "Feature", "geometry": {"type": "Point", "coordinates": [-71.12522031938556, 42.352129184049474]}, "properties": {"street": null, "location_type": "Intersection", "dispatch_ts": "2015-04-16T22:17:12+00:00", "timestamp_ms": 1429222632000}}, {"type": "Feature", "geometry": {"type": "Point", "coordinates": [-71.06315311622686, 42.28988002753673]}, "properties": {"street": null, "location_type": "Intersection", "dispatch_ts": "2016-06-17T12:54:53+00:00", "timestamp_ms": 1466168093000}}, {"type": "Feature", "geometry": {"type": "Point", "coordinates": [-71.1452453603343, 42.361582202765035]}, "properties": {"street": null, "location_type": "Intersection", "dispatch_ts": "2018-09-14T22:55:47+00:00", "timestamp_ms": 1536965747000}}, {"type": "Feature", "geometry": {"type": "Point", "coordinates": [-71.05145914897061, 42.32143513905734]}, "properties": {"street": null, "location_type": "Intersection", "dispatch_ts": "2023-05-24T14:56:29+00:00", "timestamp_ms": 1684940189000}}, {"type": "Feature", "geometry": {"type": "Point", "coordinates": [-71.15477025888872, 42.26430244145092]}, "properties": {"street": "ROCKINGHAM AVE", "location_type": "Street", "dispatch_ts": "2026-06-09T21:14:02+00:00", "timestamp_ms": 1781039642000}}, {"type": "Feature", "geometry": {"type": "Point", "coordinates": [-71.09521026947148, 42.345263514524824]}, "properties": {"street": "BOYLSTON ST", "location_type": "Street", "dispatch_ts": "2021-06-19T09:37:21+00:00", "timestamp_ms": 1624095441000}}, {"type": "Feature", "geometry": {"type": "Point", "coordinates": [-71.0894836662669, 42.350858072765824]}, "properties": {"street": null, "location_type": "Intersection", "dispatch_ts": "2018-12-13T00:14:25+00:00", "timestamp_ms": 1544660065000}}, {"type": "Feature", "geometry": {"type": "Point", "coordinates": [-71.04554313267623, 42.351711172836254]}, "properties": {"street": null, "location_type": "Intersection", "dispatch_ts": "2024-08-01T20:03:49+00:00", "timestamp_ms": 1722542629000}}, {"type": "Feature", "geometry": {"type": "Point", "coordinates": [-71.10613267340098, 42.33826806953282]}, "properties": {"street": null, "location_type": "Intersection", "dispatch_ts": "2021-10-26T11:55:58+00:00", "timestamp_ms": 1635249358000}}, {"type": "Feature", "geometry": {"type": "Point", "coordinates": [-71.07346021786326, 42.33356601748208]}, "properties": {"street": null, "location_type": "Intersection", "dispatch_ts": "2023-04-03T23:42:09+00:00", "timestamp_ms": 1680565329000}}, {"type": "Feature", "geometry": {"type": "Point", "coordinates": [-71.10042701175331, 42.334374071412064]}, "properties": {"street": null, "location_type": "Intersection", "dispatch_ts": "2022-10-12T22:09:21+00:00", "timestamp_ms": 1665612561000}}, {"type": "Feature", "geometry": {"type": "Point", "coordinates": [-71.06031983722805, 42.363206919680806]}, "properties": {"street": "MERRIMAC ST", "location_type": "Street", "dispatch_ts": "2015-04-20T11:36:01+00:00", "timestamp_ms": 1429529761000}}, {"type": "Feature", "geometry": {"type": "Point", "coordinates": [-71.08258802437132, 42.35051424804509]}, "properties": {"street": null, "location_type": "Intersection", "dispatch_ts": "2016-09-21T11:55:00+00:00", "timestamp_ms": 1474458900000}}, {"type": "Feature", "geometry": {"type": "Point", "coordinates": [-71.08933804682093, 42.348083585912995]}, "properties": {"street": "NEWBURY ST", "location_type": "Street", "dispatch_ts": "2020-08-21T14:49:02+00:00", "timestamp_ms": 1598021342000}}, {"type": "Feature", "geometry": {"type": "Point", "coordinates": [-71.05541814130724, 42.35258719095286]}, "properties": {"street": null, "location_type": "Intersection", "dispatch_ts": "2018-06-23T18:25:19+00:00", "timestamp_ms": 1529778319000}}, {"type": "Feature", "geometry": {"type": "Point", "coordinates": [-71.07201818804987, 42.33262014368461]}, "properties": {"street": null, "location_type": "Intersection", "dispatch_ts": "2021-10-26T10:29:19+00:00", "timestamp_ms": 1635244159000}}, {"type": "Feature", "geometry": {"type": "Point", "coordinates": [-71.07077183750168, 42.335454135199086]}, "properties": {"street": null, "location_type": "Intersection", "dispatch_ts": "2017-06-02T15:45:57+00:00", "timestamp_ms": 1496418357000}}, {"type": "Feature", "geometry": {"type": "Point", "coordinates": [-71.0456520016812, 42.311489000264835]}, "properties": {"street": "WILLIAM T MORRISSEY BLVD", "location_type": "Street", "dispatch_ts": "2018-10-23T14:00:04+00:00", "timestamp_ms": 1540303204000}}, {"type": "Feature", "geometry": {"type": "Point", "coordinates": [-71.03905401894093, 42.37350117707042]}, "properties": {"street": "MERIDIAN ST", "location_type": "Street", "dispatch_ts": "2018-08-10T18:22:25+00:00", "timestamp_ms": 1533925345000}}, {"type": "Feature", "geometry": {"type": "Point", "coordinates": [-71.05851973212272, 42.36694154078833]}, "properties": {"street": null, "location_type": "Intersection", "dispatch_ts": "2022-06-25T19:28:26+00:00", "timestamp_ms": 1656185306000}}, {"type": "Feature", "geometry": {"type": "Point", "coordinates": [-71.15160413184984, 42.33662927984868]}, "properties": {"street": "CHESTNUT HILL AVE", "location_type": "Street", "dispatch_ts": "2024-08-14T15:55:56+00:00", "timestamp_ms": 1723650956000}}, {"type": "Feature", "geometry": {"type": "Point", "coordinates": [-71.080797237222, 42.34916814977043]}, "properties": {"street": null, "location_type": "Intersection", "dispatch_ts": "2015-10-04T06:51:33+00:00", "timestamp_ms": 1443941493000}}, {"type": "Feature", "geometry": {"type": "Point", "coordinates": [-71.12075607691948, 42.299672444178505]}, "properties": {"street": null, "location_type": "Other", "dispatch_ts": "2016-05-27T23:42:42+00:00", "timestamp_ms": 1464392562000}}, {"type": "Feature", "geometry": {"type": "Point", "coordinates": [-71.10933825044575, 42.33705717062523]}, "properties": {"street": null, "location_type": "Intersection", "dispatch_ts": "2023-05-24T22:18:52+00:00", "timestamp_ms": 1684966732000}}, {"type": "Feature", "geometry": {"type": "Point", "coordinates": [-71.06370982239197, 42.361184382895]}, "properties": {"street": null, "location_type": "Intersection", "dispatch_ts": "2016-11-09T13:15:24+00:00", "timestamp_ms": 1478697324000}}, {"type": "Feature", "geometry": {"type": "Point", "coordinates": [-71.05230915084313, 42.322831118343025]}, "properties": {"street": null, "location_type": "Intersection", "dispatch_ts": "2015-09-18T00:17:17+00:00", "timestamp_ms": 1442535437000}}, {"type": "Feature", "geometry": {"type": "Point", "coordinates": [-71.1035519657417, 42.34412659719371]}, "properties": {"street": "PARK DR", "location_type": "Street", "dispatch_ts": "2025-07-01T10:51:31+00:00", "timestamp_ms": 1751367091000}}, {"type": "Feature", "geometry": {"type": "Point", "coordinates": [-71.10389056064702, 42.33384175967298]}, "properties": {"street": "TREMONT ST", "location_type": "Street", "dispatch_ts": "2024-02-06T14:31:13+00:00", "timestamp_ms": 1707229873000}}, {"type": "Feature", "geometry": {"type": "Point", "coordinates": [-71.11657758300223, 42.32102718594854]}, "properties": {"street": null, "location_type": "Intersection", "dispatch_ts": "2023-06-01T19:02:58+00:00", "timestamp_ms": 1685646178000}}, {"type": "Feature", "geometry": {"type": "Point", "coordinates": [-71.07664015477019, 42.29290699475663]}, "properties": {"street": "MILLET ST", "location_type": "Street", "dispatch_ts": "2018-08-01T00:27:23+00:00", "timestamp_ms": 1533083243000}}, {"type": "Feature", "geometry": {"type": "Point", "coordinates": [-71.06167984426598, 42.342789446068664]}, "properties": {"street": null, "location_type": "Intersection", "dispatch_ts": "2022-09-13T12:06:02+00:00", "timestamp_ms": 1663070762000}}, {"type": "Feature", "geometry": {"type": "Point", "coordinates": [-71.0825875163003, 42.34479562033232]}, "properties": {"street": "HUNTINGTON AVE", "location_type": "Street", "dispatch_ts": "2019-02-03T02:10:45+00:00", "timestamp_ms": 1549159845000}}, {"type": "Feature", "geometry": {"type": "Point", "coordinates": [-71.05347476430595, 42.33226600312035]}, "properties": {"street": "OLD COLONY AVE", "location_type": "Street", "dispatch_ts": "2025-12-03T00:03:25+00:00", "timestamp_ms": 1764720205000}}, {"type": "Feature", "geometry": {"type": "Point", "coordinates": [-71.09698981116533, 42.32815996481075]}, "properties": {"street": null, "location_type": "Intersection", "dispatch_ts": "2017-05-01T13:49:09+00:00", "timestamp_ms": 1493646549000}}, {"type": "Feature", "geometry": {"type": "Point", "coordinates": [-71.07221436152076, 42.28294541687298]}, "properties": {"street": "STOCKTON ST", "location_type": "Street", "dispatch_ts": "2018-10-29T13:24:27+00:00", "timestamp_ms": 1540819467000}}, {"type": "Feature", "geometry": {"type": "Point", "coordinates": [-71.10473290141023, 42.32150217670788]}, "properties": {"street": "MOZART ST", "location_type": "Street", "dispatch_ts": "2018-05-21T19:57:09+00:00", "timestamp_ms": 1526932629000}}, {"type": "Feature", "geometry": {"type": "Point", "coordinates": [-71.08316328255285, 42.33067159851579]}, "properties": {"street": "WASHINGTON ST", "location_type": "Street", "dispatch_ts": "2015-09-22T18:46:27+00:00", "timestamp_ms": 1442947587000}}, {"type": "Feature", "geometry": {"type": "Point", "coordinates": [-71.08815345299436, 42.34368400465059]}, "properties": {"street": "WESTLAND AVE", "location_type": "Street", "dispatch_ts": "2015-08-20T11:45:04+00:00", "timestamp_ms": 1440071104000}}, {"type": "Feature", "geometry": {"type": "Point", "coordinates": [-71.088641463287, 42.34915419274428]}, "properties": {"street": null, "location_type": "Intersection", "dispatch_ts": "2022-09-29T21:26:16+00:00", "timestamp_ms": 1664486776000}}, {"type": "Feature", "geometry": {"type": "Point", "coordinates": [-71.08032038126865, 42.339303441947735]}, "properties": {"street": null, "location_type": "Intersection", "dispatch_ts": "2017-06-24T01:38:23+00:00", "timestamp_ms": 1498268303000}}, {"type": "Feature", "geometry": {"type": "Point", "coordinates": [-71.07302580875351, 42.357086592627496]}, "properties": {"street": "DAVID G MUGAR WAY", "location_type": "Street", "dispatch_ts": "2023-10-08T20:51:26+00:00", "timestamp_ms": 1696798286000}}, {"type": "Feature", "geometry": {"type": "Point", "coordinates": [-71.07598590309406, 42.34956455303435]}, "properties": {"street": "SAINT JAMES AVE", "location_type": "Street", "dispatch_ts": "2016-08-26T02:55:11+00:00", "timestamp_ms": 1472180111000}}, {"type": "Feature", "geometry": {"type": "Point", "coordinates": [-71.06772511021387, 42.273504668295715]}, "properties": {"street": "DORCHESTER AVE", "location_type": "Street", "dispatch_ts": "2020-10-20T15:35:09+00:00", "timestamp_ms": 1603208109000}}, {"type": "Feature", "geometry": {"type": "Point", "coordinates": [-71.05779941523492, 42.35880538718526]}, "properties": {"street": "WASHINGTON ST", "location_type": "Street", "dispatch_ts": "2026-06-03T21:37:38+00:00", "timestamp_ms": 1780522658000}}, {"type": "Feature", "geometry": {"type": "Point", "coordinates": [-71.06416190504098, 42.28625633705137]}, "properties": {"street": null, "location_type": "Intersection", "dispatch_ts": "2025-05-04T23:47:21+00:00", "timestamp_ms": 1746402441000}}, {"type": "Feature", "geometry": {"type": "Point", "coordinates": [-71.08722309679966, 42.34623729261882]}, "properties": {"street": "MASSACHUSETTS AVE", "location_type": "Street", "dispatch_ts": "2024-05-03T15:09:55+00:00", "timestamp_ms": 1714748995000}}, {"type": "Feature", "geometry": {"type": "Point", "coordinates": [-71.09970638557034, 42.33953048013789]}, "properties": {"street": "FENWAY ", "location_type": "Street", "dispatch_ts": "2018-04-05T20:30:50+00:00", "timestamp_ms": 1522960250000}}, {"type": "Feature", "geometry": {"type": "Point", "coordinates": [-71.09235716936715, 42.33291213904815]}, "properties": {"street": null, "location_type": "Intersection", "dispatch_ts": "2019-10-21T21:00:57+00:00", "timestamp_ms": 1571691657000}}, {"type": "Feature", "geometry": {"type": "Point", "coordinates": [-71.0574701532557, 42.36277821163417]}, "properties": {"street": null, "location_type": "Intersection", "dispatch_ts": "2024-08-29T23:59:46+00:00", "timestamp_ms": 1724975986000}}, {"type": "Feature", "geometry": {"type": "Point", "coordinates": [-71.05151113191656, 42.356684210361166]}, "properties": {"street": null, "location_type": "Intersection", "dispatch_ts": "2017-01-31T14:08:36+00:00", "timestamp_ms": 1485871716000}}, {"type": "Feature", "geometry": {"type": "Point", "coordinates": [-71.04281885991156, 42.34653662043716]}, "properties": {"street": "SUMMER ST", "location_type": "Street", "dispatch_ts": "2015-03-27T18:37:48+00:00", "timestamp_ms": 1427481468000}}, {"type": "Feature", "geometry": {"type": "Point", "coordinates": [-71.10409618225167, 42.34692491946051]}, "properties": {"street": null, "location_type": "Intersection", "dispatch_ts": "2018-11-04T17:57:49+00:00", "timestamp_ms": 1541354269000}}, {"type": "Feature", "geometry": {"type": "Point", "coordinates": [-71.08174219034606, 42.34066415311041]}, "properties": {"street": null, "location_type": "Intersection", "dispatch_ts": "2024-11-22T01:14:23+00:00", "timestamp_ms": 1732238063000}}, {"type": "Feature", "geometry": {"type": "Point", "coordinates": [-71.03124018515827, 42.378518073275075]}, "properties": {"street": "SARATOGA ST", "location_type": "Street", "dispatch_ts": "2020-05-29T16:58:37+00:00", "timestamp_ms": 1590771517000}}, {"type": "Feature", "geometry": {"type": "Point", "coordinates": [-71.09535480828525, 42.345238374674445]}, "properties": {"street": null, "location_type": "Intersection", "dispatch_ts": "2019-06-09T02:33:43+00:00", "timestamp_ms": 1560047623000}}, {"type": "Feature", "geometry": {"type": "Point", "coordinates": [-71.07639250403479, 42.34832392212208]}, "properties": {"street": null, "location_type": "Intersection", "dispatch_ts": "2016-04-10T11:59:45+00:00", "timestamp_ms": 1460289585000}}, {"type": "Feature", "geometry": {"type": "Point", "coordinates": [-71.11188219678236, 42.35054722636104]}, "properties": {"street": "COMMONWEALTH AVE", "location_type": "Street", "dispatch_ts": "2024-08-21T22:02:32+00:00", "timestamp_ms": 1724277752000}}, {"type": "Feature", "geometry": {"type": "Point", "coordinates": [-71.07204087178353, 42.341319772502]}, "properties": {"street": null, "location_type": "Intersection", "dispatch_ts": "2015-10-17T15:23:12+00:00", "timestamp_ms": 1445095392000}}, {"type": "Feature", "geometry": {"type": "Point", "coordinates": [-71.07938181079399, 42.29608953070597]}, "properties": {"street": "STANDISH ST", "location_type": "Street", "dispatch_ts": "2024-08-03T19:27:23+00:00", "timestamp_ms": 1722713243000}}, {"type": "Feature", "geometry": {"type": "Point", "coordinates": [-71.07396168652528, 42.30920146224481]}, "properties": {"street": null, "location_type": "Intersection", "dispatch_ts": "2018-08-23T21:37:58+00:00", "timestamp_ms": 1535060278000}}, {"type": "Feature", "geometry": {"type": "Point", "coordinates": [-71.05846045414525, 42.35894156742373]}, "properties": {"street": "COURT ST", "location_type": "Street", "dispatch_ts": "2025-07-01T22:02:03+00:00", "timestamp_ms": 1751407323000}}, {"type": "Feature", "geometry": {"type": "Point", "coordinates": [-71.10131695429628, 42.33297522820264]}, "properties": {"street": null, "location_type": "Intersection", "dispatch_ts": "2016-01-08T15:58:18+00:00", "timestamp_ms": 1452268698000}}, {"type": "Feature", "geometry": {"type": "Point", "coordinates": [-71.0700712745353, 42.33060193072624]}, "properties": {"street": "MASSACHUSETTS AVE", "location_type": "Street", "dispatch_ts": "2023-09-05T23:05:37+00:00", "timestamp_ms": 1693955137000}}, {"type": "Feature", "geometry": {"type": "Point", "coordinates": [-71.07515101230298, 42.334953111183935]}, "properties": {"street": null, "location_type": "Intersection", "dispatch_ts": "2023-09-10T20:01:36+00:00", "timestamp_ms": 1694376096000}}, {"type": "Feature", "geometry": {"type": "Point", "coordinates": [-71.095725428098, 42.331588396898496]}, "properties": {"street": "TREMONT ST", "location_type": "Street", "dispatch_ts": "2022-08-22T20:45:02+00:00", "timestamp_ms": 1661201102000}}, {"type": "Feature", "geometry": {"type": "Point", "coordinates": [-71.06801396060187, 42.35242716422558]}, "properties": {"street": "BOYLSTON ST", "location_type": "Street", "dispatch_ts": "2015-10-27T13:51:10+00:00", "timestamp_ms": 1445953870000}}, {"type": "Feature", "geometry": {"type": "Point", "coordinates": [-71.04941197487032, 42.29128781889998]}, "properties": {"street": "NEPONSET AVE", "location_type": "Street", "dispatch_ts": "2020-04-26T00:40:42+00:00", "timestamp_ms": 1587861642000}}, {"type": "Feature", "geometry": {"type": "Point", "coordinates": [-71.0894836662669, 42.350858072765824]}, "properties": {"street": null, "location_type": "Intersection", "dispatch_ts": "2016-03-04T16:03:53+00:00", "timestamp_ms": 1457107433000}}, {"type": "Feature", "geometry": {"type": "Point", "coordinates": [-71.07178116762232, 42.34871016874683]}, "properties": {"street": null, "location_type": "Intersection", "dispatch_ts": "2017-09-25T12:45:48+00:00", "timestamp_ms": 1506343548000}}, {"type": "Feature", "geometry": {"type": "Point", "coordinates": [-71.09323424061772, 42.33362108343158]}, "properties": {"street": null, "location_type": "Intersection", "dispatch_ts": "2023-10-19T13:49:18+00:00", "timestamp_ms": 1697723358000}}, {"type": "Feature", "geometry": {"type": "Point", "coordinates": [-71.07153949679972, 42.30344978195013]}, "properties": {"street": null, "location_type": "Intersection", "dispatch_ts": "2015-11-18T14:52:52+00:00", "timestamp_ms": 1447858372000}}, {"type": "Feature", "geometry": {"type": "Point", "coordinates": [-71.10946126544216, 42.35150718068714]}, "properties": {"street": null, "location_type": "Intersection", "dispatch_ts": "2018-10-10T22:42:57+00:00", "timestamp_ms": 1539211377000}}, {"type": "Feature", "geometry": {"type": "Point", "coordinates": [-71.07295971547238, 42.352184052271646]}, "properties": {"street": "NEWBURY ST", "location_type": "Street", "dispatch_ts": "2018-09-07T21:46:42+00:00", "timestamp_ms": 1536356802000}}, {"type": "Feature", "geometry": {"type": "Point", "coordinates": [-71.0662267144103, 42.299722392681915]}, "properties": {"street": "BLOOMFIELD ST", "location_type": "Street", "dispatch_ts": "2019-06-04T14:57:14+00:00", "timestamp_ms": 1559660234000}}, {"type": "Feature", "geometry": {"type": "Point", "coordinates": [-71.0753613847683, 42.383584917311275]}, "properties": {"street": null, "location_type": "Intersection", "dispatch_ts": "2023-01-29T19:02:47+00:00", "timestamp_ms": 1675018967000}}, {"type": "Feature", "geometry": {"type": "Point", "coordinates": [-71.07012182291702, 42.33066151291005]}, "properties": {"street": "MASSACHUSETTS AVE", "location_type": "Street", "dispatch_ts": "2024-10-03T17:51:09+00:00", "timestamp_ms": 1727977869000}}, {"type": "Feature", "geometry": {"type": "Point", "coordinates": [-71.06065491073791, 42.37041411173548]}, "properties": {"street": "CHARLES RIVER AVE", "location_type": "Street", "dispatch_ts": "2020-03-08T05:21:13+00:00", "timestamp_ms": 1583644873000}}, {"type": "Feature", "geometry": {"type": "Point", "coordinates": [-71.07239053862105, 42.306247235806865]}, "properties": {"street": "PURITAN AVE", "location_type": "Street", "dispatch_ts": "2016-04-11T15:20:52+00:00", "timestamp_ms": 1460388052000}}, {"type": "Feature", "geometry": {"type": "Point", "coordinates": [-71.08284421230768, 42.316372123054194]}, "properties": {"street": null, "location_type": "Intersection", "dispatch_ts": "2015-05-04T18:54:36+00:00", "timestamp_ms": 1430765676000}}, {"type": "Feature", "geometry": {"type": "Point", "coordinates": [-71.15227465477108, 42.33718959235167]}, "properties": {"street": null, "location_type": "Intersection", "dispatch_ts": "2022-03-26T13:41:05+00:00", "timestamp_ms": 1648302065000}}, {"type": "Feature", "geometry": {"type": "Point", "coordinates": [-71.06151067444466, 42.350638183396654]}, "properties": {"street": null, "location_type": "Intersection", "dispatch_ts": "2017-02-15T15:51:31+00:00", "timestamp_ms": 1487173891000}}, {"type": "Feature", "geometry": {"type": "Point", "coordinates": [-71.09009221641313, 42.35213319979134]}, "properties": {"street": null, "location_type": "Other", "dispatch_ts": "2019-12-10T22:21:03+00:00", "timestamp_ms": 1576016463000}}, {"type": "Feature", "geometry": {"type": "Point", "coordinates": [-71.08333758956945, 42.329401482568834]}, "properties": {"street": "WARREN ST", "location_type": "Street", "dispatch_ts": "2015-04-17T20:28:40+00:00", "timestamp_ms": 1429302520000}}, {"type": "Feature", "geometry": {"type": "Point", "coordinates": [-71.0483200851554, 42.2808725053484]}, "properties": {"street": "HILL TOP ST", "location_type": "Street", "dispatch_ts": "2020-05-04T18:20:08+00:00", "timestamp_ms": 1588616408000}}, {"type": "Feature", "geometry": {"type": "Point", "coordinates": [-71.09144563080696, 42.29597957540956]}, "properties": {"street": "SHANDON RD", "location_type": "Street", "dispatch_ts": "2019-07-28T17:50:30+00:00", "timestamp_ms": 1564336230000}}, {"type": "Feature", "geometry": {"type": "Point", "coordinates": [-71.14092964307322, 42.23993811384059]}, "properties": {"street": "MILTON ST", "location_type": "Street", "dispatch_ts": "2024-04-10T21:33:46+00:00", "timestamp_ms": 1712784826000}}, {"type": "Feature", "geometry": {"type": "Point", "coordinates": [-71.10606125191771, 42.30096108778841]}, "properties": {"street": null, "location_type": "Intersection", "dispatch_ts": "2018-01-27T17:55:25+00:00", "timestamp_ms": 1517075725000}}, {"type": "Feature", "geometry": {"type": "Point", "coordinates": [-71.07382970589995, 42.352874559568626]}, "properties": {"street": null, "location_type": "Intersection", "dispatch_ts": "2016-01-06T13:37:07+00:00", "timestamp_ms": 1452087427000}}, {"type": "Feature", "geometry": {"type": "Point", "coordinates": [-71.1107381844917, 42.35204825372744]}, "properties": {"street": null, "location_type": "Other", "dispatch_ts": "2017-09-20T16:22:37+00:00", "timestamp_ms": 1505924557000}}, {"type": "Feature", "geometry": {"type": "Point", "coordinates": [-71.07150471947891, 42.289879924805774]}, "properties": {"street": null, "location_type": "Intersection", "dispatch_ts": "2015-06-25T23:34:22+00:00", "timestamp_ms": 1435275262000}}, {"type": "Feature", "geometry": {"type": "Point", "coordinates": [-71.11134463627154, 42.33019828491713]}, "properties": {"street": "HUNTINGTON AVE", "location_type": "Street", "dispatch_ts": "2020-12-21T22:33:10+00:00", "timestamp_ms": 1608589990000}}, {"type": "Feature", "geometry": {"type": "Point", "coordinates": [-71.03278123853684, 42.37948624003035]}, "properties": {"street": null, "location_type": "Intersection", "dispatch_ts": "2019-05-18T20:03:47+00:00", "timestamp_ms": 1558209827000}}, {"type": "Feature", "geometry": {"type": "Point", "coordinates": [-71.06677276714628, 42.30646637200691]}, "properties": {"street": "BOWDOIN ST", "location_type": "Street", "dispatch_ts": "2024-09-11T21:46:03+00:00", "timestamp_ms": 1726091163000}}, {"type": "Feature", "geometry": {"type": "Point", "coordinates": [-71.08615696976189, 42.329530074408446]}, "properties": {"street": "MALCOLM X BLVD", "location_type": "Street", "dispatch_ts": "2017-01-21T21:09:01+00:00", "timestamp_ms": 1485032941000}}, {"type": "Feature", "geometry": {"type": "Point", "coordinates": [-71.08097898488408, 42.3300772584744]}, "properties": {"street": "DEGAUTIER WAY", "location_type": "Street", "dispatch_ts": "2021-05-08T17:51:53+00:00", "timestamp_ms": 1620496313000}}, {"type": "Feature", "geometry": {"type": "Point", "coordinates": [-71.0974615748242, 42.33110027930578]}, "properties": {"street": "PARKER ST", "location_type": "Street", "dispatch_ts": "2017-01-21T23:08:25+00:00", "timestamp_ms": 1485040105000}}, {"type": "Feature", "geometry": {"type": "Point", "coordinates": [-71.05712857103043, 42.36023894319388]}, "properties": {"street": null, "location_type": "Intersection", "dispatch_ts": "2018-11-14T19:32:49+00:00", "timestamp_ms": 1542223969000}}, {"type": "Feature", "geometry": {"type": "Point", "coordinates": [-71.12700594224123, 42.35776995270896]}, "properties": {"street": "CAMBRIDGE ST", "location_type": "Street", "dispatch_ts": "2022-07-01T12:26:19+00:00", "timestamp_ms": 1656678379000}}, {"type": "Feature", "geometry": {"type": "Point", "coordinates": [-71.12390976244477, 42.248498561615506]}, "properties": {"street": "TRUMAN PKWY", "location_type": "Street", "dispatch_ts": "2023-08-14T19:53:08+00:00", "timestamp_ms": 1692042788000}}, {"type": "Feature", "geometry": {"type": "Point", "coordinates": [-71.08695111059428, 42.34568245134684]}, "properties": {"street": "MASSACHUSETTS AVE", "location_type": "Street", "dispatch_ts": "2019-04-07T03:04:15+00:00", "timestamp_ms": 1554606255000}}, {"type": "Feature", "geometry": {"type": "Point", "coordinates": [-71.13923977425485, 42.36080758319393]}, "properties": {"street": null, "location_type": "Intersection", "dispatch_ts": "2023-04-04T19:05:46+00:00", "timestamp_ms": 1680635146000}}, {"type": "Feature", "geometry": {"type": "Point", "coordinates": [-71.08032038126865, 42.339303441947735]}, "properties": {"street": null, "location_type": "Intersection", "dispatch_ts": "2016-06-22T20:28:38+00:00", "timestamp_ms": 1466627318000}}, {"type": "Feature", "geometry": {"type": "Point", "coordinates": [-71.06054044025757, 42.3624227999828]}, "properties": {"street": "BOWKER ST", "location_type": "Street", "dispatch_ts": "2017-07-09T05:09:35+00:00", "timestamp_ms": 1499576975000}}, {"type": "Feature", "geometry": {"type": "Point", "coordinates": [-71.0830427749883, 42.30889199079419]}, "properties": {"street": "BLUE HILL AVE", "location_type": "Street", "dispatch_ts": "2017-09-09T16:40:23+00:00", "timestamp_ms": 1504975223000}}, {"type": "Feature", "geometry": {"type": "Point", "coordinates": [-71.07775020695051, 42.319280966860696]}, "properties": {"street": null, "location_type": "Intersection", "dispatch_ts": "2017-08-24T11:27:21+00:00", "timestamp_ms": 1503574041000}}, {"type": "Feature", "geometry": {"type": "Point", "coordinates": [-71.07171344582669, 42.29153224608411]}, "properties": {"street": "WASHINGTON ST", "location_type": "Street", "dispatch_ts": "2017-11-08T21:07:33+00:00", "timestamp_ms": 1510175253000}}, {"type": "Feature", "geometry": {"type": "Point", "coordinates": [-71.06594178482526, 42.343955255059186]}, "properties": {"street": null, "location_type": "Intersection", "dispatch_ts": "2020-10-21T12:07:28+00:00", "timestamp_ms": 1603282048000}}, {"type": "Feature", "geometry": {"type": "Point", "coordinates": [-71.07729980403512, 42.34094201889591]}, "properties": {"street": null, "location_type": "Intersection", "dispatch_ts": "2015-05-22T04:27:37+00:00", "timestamp_ms": 1432268857000}}, {"type": "Feature", "geometry": {"type": "Point", "coordinates": [-71.05414657897956, 42.33523920958663]}, "properties": {"street": "EIGHTH ST", "location_type": "Street", "dispatch_ts": "2017-11-21T00:52:29+00:00", "timestamp_ms": 1511225549000}}, {"type": "Feature", "geometry": {"type": "Point", "coordinates": [-71.06672411607956, 42.352504470783614]}, "properties": {"street": "BOYLSTON ST", "location_type": "Street", "dispatch_ts": "2015-07-06T22:51:58+00:00", "timestamp_ms": 1436223118000}}, {"type": "Feature", "geometry": {"type": "Point", "coordinates": [-71.0878284631317, 42.29489285279704]}, "properties": {"street": null, "location_type": "Intersection", "dispatch_ts": "2023-04-19T23:26:55+00:00", "timestamp_ms": 1681946815000}}, {"type": "Feature", "geometry": {"type": "Point", "coordinates": [-71.08764572948667, 42.34709358441706]}, "properties": {"street": "MASSACHUSETTS AVE", "location_type": "Street", "dispatch_ts": "2019-06-10T22:36:50+00:00", "timestamp_ms": 1560206210000}}, {"type": "Feature", "geometry": {"type": "Point", "coordinates": [-71.06878405861382, 42.30490895140604]}, "properties": {"street": null, "location_type": "Intersection", "dispatch_ts": "2015-09-12T17:40:56+00:00", "timestamp_ms": 1442079656000}}, {"type": "Feature", "geometry": {"type": "Point", "coordinates": [-71.09678415476978, 42.31733445683931]}, "properties": {"street": null, "location_type": "Intersection", "dispatch_ts": "2016-05-03T19:41:17+00:00", "timestamp_ms": 1462304477000}}, {"type": "Feature", "geometry": {"type": "Point", "coordinates": [-71.05260013294145, 42.32922413817151]}, "properties": {"street": null, "location_type": "Intersection", "dispatch_ts": "2021-11-07T18:22:45+00:00", "timestamp_ms": 1636309365000}}, {"type": "Feature", "geometry": {"type": "Point", "coordinates": [-71.06799442952732, 42.27222690446021]}, "properties": {"street": null, "location_type": "Intersection", "dispatch_ts": "2016-08-10T03:14:42+00:00", "timestamp_ms": 1470798882000}}, {"type": "Feature", "geometry": {"type": "Point", "coordinates": [-71.11176041639595, 42.331206715420045]}, "properties": {"street": "HUNTINGTON AVE", "location_type": "Street", "dispatch_ts": "2020-11-19T15:06:18+00:00", "timestamp_ms": 1605798378000}}, {"type": "Feature", "geometry": {"type": "Point", "coordinates": [-71.088641463287, 42.34915419274428]}, "properties": {"street": null, "location_type": "Intersection", "dispatch_ts": "2024-07-27T15:15:18+00:00", "timestamp_ms": 1722093318000}}, {"type": "Feature", "geometry": {"type": "Point", "coordinates": [-71.12870507425602, 42.28496657681768]}, "properties": {"street": "POPLAR ST", "location_type": "Street", "dispatch_ts": "2017-06-23T14:33:40+00:00", "timestamp_ms": 1498228420000}}, {"type": "Feature", "geometry": {"type": "Point", "coordinates": [-71.07336417046554, 42.333626141121165]}, "properties": {"street": null, "location_type": "Intersection", "dispatch_ts": "2015-04-05T01:59:59+00:00", "timestamp_ms": 1428199199000}}, {"type": "Feature", "geometry": {"type": "Point", "coordinates": [-71.08558020749739, 42.336446183795786]}, "properties": {"street": "TREMONT ST", "location_type": "Street", "dispatch_ts": "2020-03-06T17:39:14+00:00", "timestamp_ms": 1583516354000}}, {"type": "Feature", "geometry": {"type": "Point", "coordinates": [-71.10378595736597, 42.3344784181525]}, "properties": {"street": "HUNTINGTON AVE", "location_type": "Street", "dispatch_ts": "2021-08-31T23:23:24+00:00", "timestamp_ms": 1630452204000}}, {"type": "Feature", "geometry": {"type": "Point", "coordinates": [-71.08828378942644, 42.2958075595298]}, "properties": {"street": "ANGELL ST", "location_type": "Street", "dispatch_ts": "2019-01-16T14:26:30+00:00", "timestamp_ms": 1547648790000}}, {"type": "Feature", "geometry": {"type": "Point", "coordinates": [-71.05716111414901, 42.318493230094376]}, "properties": {"street": "COTTAGE ST", "location_type": "Street", "dispatch_ts": "2025-07-28T11:54:39+00:00", "timestamp_ms": 1753703679000}}, {"type": "Feature", "geometry": {"type": "Point", "coordinates": [-71.07167967696428, 42.29097383818739]}, "properties": {"street": null, "location_type": "Intersection", "dispatch_ts": "2019-09-15T21:42:07+00:00", "timestamp_ms": 1568583727000}}, {"type": "Feature", "geometry": {"type": "Point", "coordinates": [-71.07204196254794, 42.30127144946581]}, "properties": {"street": null, "location_type": "Intersection", "dispatch_ts": "2017-01-19T13:20:24+00:00", "timestamp_ms": 1484832024000}}, {"type": "Feature", "geometry": {"type": "Point", "coordinates": [-71.10260503774002, 42.29919332256703]}, "properties": {"street": "MORTON ST", "location_type": "Street", "dispatch_ts": "2016-06-27T20:07:56+00:00", "timestamp_ms": 1467058076000}}, {"type": "Feature", "geometry": {"type": "Point", "coordinates": [-71.13458688526886, 42.354749686368834]}, "properties": {"street": "CAMBRIDGE ST", "location_type": "Street", "dispatch_ts": "2019-07-01T11:50:33+00:00", "timestamp_ms": 1561981833000}}, {"type": "Feature", "geometry": {"type": "Point", "coordinates": [-71.09162933343781, 42.35028253854257]}, "properties": {"street": null, "location_type": "Intersection", "dispatch_ts": "2024-08-29T12:00:02+00:00", "timestamp_ms": 1724932802000}}, {"type": "Feature", "geometry": {"type": "Point", "coordinates": [-71.11073892111, 42.35206936638369]}, "properties": {"street": "BOSTON UNIVERSITY BRG", "location_type": "Street", "dispatch_ts": "2020-11-02T13:27:01+00:00", "timestamp_ms": 1604323621000}}, {"type": "Feature", "geometry": {"type": "Point", "coordinates": [-71.06801091411468, 42.393537004062296]}, "properties": {"street": "ALFORD ST", "location_type": "Street", "dispatch_ts": "2018-09-28T20:57:22+00:00", "timestamp_ms": 1538168242000}}, {"type": "Feature", "geometry": {"type": "Point", "coordinates": [-71.11188219678236, 42.35054722636104]}, "properties": {"street": "COMMONWEALTH AVE", "location_type": "Street", "dispatch_ts": "2023-10-10T12:47:48+00:00", "timestamp_ms": 1696942068000}}, {"type": "Feature", "geometry": {"type": "Point", "coordinates": [-71.09405575190446, 42.320051629612585]}, "properties": {"street": "WASHINGTON ST", "location_type": "Street", "dispatch_ts": "2024-09-04T02:19:35+00:00", "timestamp_ms": 1725416375000}}, {"type": "Feature", "geometry": {"type": "Point", "coordinates": [-71.04076027119665, 42.33137896692799]}, "properties": {"street": "EIGHTH ST", "location_type": "Street", "dispatch_ts": "2019-06-01T23:03:23+00:00", "timestamp_ms": 1559430203000}}, {"type": "Feature", "geometry": {"type": "Point", "coordinates": [-71.12388287812213, 42.25676736247688]}, "properties": {"street": "HYDE PARK AVE", "location_type": "Street", "dispatch_ts": "2019-09-09T08:38:07+00:00", "timestamp_ms": 1568018287000}}, {"type": "Feature", "geometry": {"type": "Point", "coordinates": [-71.08717836802579, 42.28377752029836]}, "properties": {"street": "WILDWOOD ST", "location_type": "Street", "dispatch_ts": "2017-04-28T15:52:03+00:00", "timestamp_ms": 1493394723000}}, {"type": "Feature", "geometry": {"type": "Point", "coordinates": [-71.07017475408378, 42.34873614416994]}, "properties": {"street": "ISABELLA ST", "location_type": "Street", "dispatch_ts": "2015-09-15T15:11:16+00:00", "timestamp_ms": 1442329876000}}, {"type": "Feature", "geometry": {"type": "Point", "coordinates": [-71.03930928714342, 42.38318159428282]}, "properties": {"street": "MERIDIAN ST", "location_type": "Street", "dispatch_ts": "2022-10-18T19:04:47+00:00", "timestamp_ms": 1666119887000}}, {"type": "Feature", "geometry": {"type": "Point", "coordinates": [-71.11509400529675, 42.323553663245185]}, "properties": {"street": null, "location_type": "Intersection", "dispatch_ts": "2015-06-07T14:58:21+00:00", "timestamp_ms": 1433689101000}}, {"type": "Feature", "geometry": {"type": "Point", "coordinates": [-71.16211433259485, 42.34639447019346]}, "properties": {"street": null, "location_type": "Intersection", "dispatch_ts": "2016-06-24T15:58:27+00:00", "timestamp_ms": 1466783907000}}, {"type": "Feature", "geometry": {"type": "Point", "coordinates": [-71.07689323350004, 42.34929906846397]}, "properties": {"street": null, "location_type": "Intersection", "dispatch_ts": "2022-08-19T17:36:41+00:00", "timestamp_ms": 1660930601000}}, {"type": "Feature", "geometry": {"type": "Point", "coordinates": [-71.05878136610792, 42.30601870770874]}, "properties": {"street": null, "location_type": "Intersection", "dispatch_ts": "2017-11-17T17:39:56+00:00", "timestamp_ms": 1510940396000}}, {"type": "Feature", "geometry": {"type": "Point", "coordinates": [-71.07771871788813, 42.326768065053784]}, "properties": {"street": "FOREST ST", "location_type": "Street", "dispatch_ts": "2021-08-13T19:38:56+00:00", "timestamp_ms": 1628883536000}}, {"type": "Feature", "geometry": {"type": "Point", "coordinates": [-71.03545854374084, 42.37277953621197]}, "properties": {"street": null, "location_type": "Intersection", "dispatch_ts": "2021-03-12T02:08:58+00:00", "timestamp_ms": 1615514938000}}, {"type": "Feature", "geometry": {"type": "Point", "coordinates": [-71.10123351027605, 42.30853413196705]}, "properties": {"street": "GLEN RD", "location_type": "Street", "dispatch_ts": "2024-10-28T23:26:44+00:00", "timestamp_ms": 1730158004000}}, {"type": "Feature", "geometry": {"type": "Point", "coordinates": [-71.11388850837422, 42.35098401309591]}, "properties": {"street": "COMMONWEALTH AVE", "location_type": "Street", "dispatch_ts": "2019-10-16T20:28:47+00:00", "timestamp_ms": 1571257727000}}, {"type": "Feature", "geometry": {"type": "Point", "coordinates": [-71.10753898816782, 42.32087210212397]}, "properties": {"street": "SHERIDAN ST", "location_type": "Street", "dispatch_ts": "2019-11-08T14:29:25+00:00", "timestamp_ms": 1573223365000}}, {"type": "Feature", "geometry": {"type": "Point", "coordinates": [-71.06167984426598, 42.342789446068664]}, "properties": {"street": null, "location_type": "Intersection", "dispatch_ts": "2015-12-09T21:04:04+00:00", "timestamp_ms": 1449695044000}}, {"type": "Feature", "geometry": {"type": "Point", "coordinates": [-71.09732120008674, 42.33846577140717]}, "properties": {"street": null, "location_type": "Intersection", "dispatch_ts": "2016-06-18T02:37:15+00:00", "timestamp_ms": 1466217435000}}, {"type": "Feature", "geometry": {"type": "Point", "coordinates": [-71.07508205638511, 42.32831231502485]}, "properties": {"street": null, "location_type": "Intersection", "dispatch_ts": "2026-06-18T19:22:50+00:00", "timestamp_ms": 1781810570000}}, {"type": "Feature", "geometry": {"type": "Point", "coordinates": [-71.0722598097585, 42.32996546245063]}, "properties": {"street": null, "location_type": "Intersection", "dispatch_ts": "2022-10-31T20:24:58+00:00", "timestamp_ms": 1667247898000}}, {"type": "Feature", "geometry": {"type": "Point", "coordinates": [-71.08274163741525, 42.32861313791138]}, "properties": {"street": null, "location_type": "Intersection", "dispatch_ts": "2018-12-03T11:43:14+00:00", "timestamp_ms": 1543837394000}}, {"type": "Feature", "geometry": {"type": "Point", "coordinates": [-71.11668388016292, 42.35111179984614]}, "properties": {"street": "COMMONWEALTH AVE", "location_type": "Street", "dispatch_ts": "2016-04-13T21:07:28+00:00", "timestamp_ms": 1460581648000}}, {"type": "Feature", "geometry": {"type": "Point", "coordinates": [-71.07707893735669, 42.28443701881139]}, "properties": {"street": null, "location_type": "Intersection", "dispatch_ts": "2022-08-09T22:29:03+00:00", "timestamp_ms": 1660084143000}}, {"type": "Feature", "geometry": {"type": "Point", "coordinates": [-71.09495127342362, 42.33294730536005]}, "properties": {"street": "HALLECK ST", "location_type": "Street", "dispatch_ts": "2020-07-21T01:20:07+00:00", "timestamp_ms": 1595294407000}}, {"type": "Feature", "geometry": {"type": "Point", "coordinates": [-71.07201818804987, 42.33262014368461]}, "properties": {"street": null, "location_type": "Intersection", "dispatch_ts": "2025-07-05T14:27:53+00:00", "timestamp_ms": 1751725673000}}, {"type": "Feature", "geometry": {"type": "Point", "coordinates": [-71.088641463287, 42.34915419274428]}, "properties": {"street": null, "location_type": "Intersection", "dispatch_ts": "2018-08-03T01:11:40+00:00", "timestamp_ms": 1533258700000}}, {"type": "Feature", "geometry": {"type": "Point", "coordinates": [-71.08813477346843, 42.34811804821059]}, "properties": {"street": null, "location_type": "Intersection", "dispatch_ts": "2020-02-24T17:16:59+00:00", "timestamp_ms": 1582564619000}}, {"type": "Feature", "geometry": {"type": "Point", "coordinates": [-71.04595791864489, 42.35306757208928]}, "properties": {"street": null, "location_type": "Intersection", "dispatch_ts": "2025-03-26T20:50:55+00:00", "timestamp_ms": 1743022255000}}, {"type": "Feature", "geometry": {"type": "Point", "coordinates": [-71.07342099408642, 42.33359095305056]}, "properties": {"street": null, "location_type": "Intersection", "dispatch_ts": "2020-07-28T11:23:43+00:00", "timestamp_ms": 1595935423000}}, {"type": "Feature", "geometry": {"type": "Point", "coordinates": [-71.07017629990659, 42.30399296269528]}, "properties": {"street": "BOWDOIN ST", "location_type": "Street", "dispatch_ts": "2023-12-17T21:46:53+00:00", "timestamp_ms": 1702849613000}}, {"type": "Feature", "geometry": {"type": "Point", "coordinates": [-71.13178430828262, 42.35197348081277]}, "properties": {"street": "HARVARD AVE", "location_type": "Street", "dispatch_ts": "2017-06-02T19:39:00+00:00", "timestamp_ms": 1496432340000}}, {"type": "Feature", "geometry": {"type": "Point", "coordinates": [-71.11550352776706, 42.30848985554542]}, "properties": {"street": null, "location_type": "Intersection", "dispatch_ts": "2016-05-11T21:31:08+00:00", "timestamp_ms": 1463002268000}}, {"type": "Feature", "geometry": {"type": "Point", "coordinates": [-71.06801396060187, 42.35242716422558]}, "properties": {"street": "BOYLSTON ST", "location_type": "Street", "dispatch_ts": "2015-04-11T19:18:23+00:00", "timestamp_ms": 1428779903000}}, {"type": "Feature", "geometry": {"type": "Point", "coordinates": [-71.05838434637327, 42.36547167247528]}, "properties": {"street": null, "location_type": "Intersection", "dispatch_ts": "2016-07-14T17:18:45+00:00", "timestamp_ms": 1468516725000}}, {"type": "Feature", "geometry": {"type": "Point", "coordinates": [-71.05108196117128, 42.35560388741009]}, "properties": {"street": null, "location_type": "Other", "dispatch_ts": "2025-09-30T21:28:30+00:00", "timestamp_ms": 1759267710000}}, {"type": "Feature", "geometry": {"type": "Point", "coordinates": [-71.10349139280369, 42.31323682563594]}, "properties": {"street": null, "location_type": "Intersection", "dispatch_ts": "2016-07-11T21:37:44+00:00", "timestamp_ms": 1468273064000}}, {"type": "Feature", "geometry": {"type": "Point", "coordinates": [-71.0863656271783, 42.31097362391168]}, "properties": {"street": null, "location_type": "Intersection", "dispatch_ts": "2020-07-26T21:28:50+00:00", "timestamp_ms": 1595798930000}}, {"type": "Feature", "geometry": {"type": "Point", "coordinates": [-71.07219846325376, 42.34954032886454]}, "properties": {"street": null, "location_type": "Intersection", "dispatch_ts": "2017-06-29T16:53:14+00:00", "timestamp_ms": 1498755194000}}, {"type": "Feature", "geometry": {"type": "Point", "coordinates": [-71.07869852348692, 42.314846429173734]}, "properties": {"street": "BLUE HILL AVE", "location_type": "Street", "dispatch_ts": "2023-08-20T19:57:56+00:00", "timestamp_ms": 1692561476000}}, {"type": "Feature", "geometry": {"type": "Point", "coordinates": [-71.0749402387718, 42.33793121931071]}, "properties": {"street": null, "location_type": "Intersection", "dispatch_ts": "2016-06-10T22:32:28+00:00", "timestamp_ms": 1465597948000}}, {"type": "Feature", "geometry": {"type": "Point", "coordinates": [-71.05681944263057, 42.323077814412045]}, "properties": {"street": "DORCHESTER AVE", "location_type": "Street", "dispatch_ts": "2018-05-04T16:35:42+00:00", "timestamp_ms": 1525451742000}}, {"type": "Feature", "geometry": {"type": "Point", "coordinates": [-71.0894836662669, 42.350858072765824]}, "properties": {"street": null, "location_type": "Intersection", "dispatch_ts": "2015-08-07T11:06:19+00:00", "timestamp_ms": 1438945579000}}, {"type": "Feature", "geometry": {"type": "Point", "coordinates": [-71.08530392399184, 42.337876532927]}, "properties": {"street": "COLUMBUS AVE", "location_type": "Street", "dispatch_ts": "2015-05-13T13:39:23+00:00", "timestamp_ms": 1431524363000}}, {"type": "Feature", "geometry": {"type": "Point", "coordinates": [-71.07984110452273, 42.3070439536111]}, "properties": {"street": "BISHOP JOE L SMITH WAY", "location_type": "Street", "dispatch_ts": "2017-06-22T16:13:07+00:00", "timestamp_ms": 1498147987000}}, {"type": "Feature", "geometry": {"type": "Point", "coordinates": [-71.07790574262506, 42.349937792883395]}, "properties": {"street": "BOYLSTON ST", "location_type": "Street", "dispatch_ts": "2019-03-16T18:34:58+00:00", "timestamp_ms": 1552761298000}}, {"type": "Feature", "geometry": {"type": "Point", "coordinates": [-71.04498146465195, 42.35303503831353]}, "properties": {"street": "MARINA PARK DR", "location_type": "Street", "dispatch_ts": "2019-12-10T13:48:41+00:00", "timestamp_ms": 1575985721000}}, {"type": "Feature", "geometry": {"type": "Point", "coordinates": [-71.07237578388705, 42.38159614499874]}, "properties": {"street": "RUTHERFORD AVE", "location_type": "Street", "dispatch_ts": "2019-07-20T14:01:33+00:00", "timestamp_ms": 1563631293000}}, {"type": "Feature", "geometry": {"type": "Point", "coordinates": [-71.0652080164487, 42.31706909804054]}, "properties": {"street": null, "location_type": "Intersection", "dispatch_ts": "2019-08-01T10:30:01+00:00", "timestamp_ms": 1564655401000}}, {"type": "Feature", "geometry": {"type": "Point", "coordinates": [-71.11752429146709, 42.36010418886195]}, "properties": {"street": "SOLDIERS FIELD RD", "location_type": "Street", "dispatch_ts": "2023-09-20T22:12:10+00:00", "timestamp_ms": 1695247930000}}, {"type": "Feature", "geometry": {"type": "Point", "coordinates": [-71.09832116250529, 42.34892409426082]}, "properties": {"street": "COMMONWEALTH AVE", "location_type": "Street", "dispatch_ts": "2024-09-07T04:34:11+00:00", "timestamp_ms": 1725683651000}}, {"type": "Feature", "geometry": {"type": "Point", "coordinates": [-71.06934652237825, 42.30542201902013]}, "properties": {"street": "OLNEY ST", "location_type": "Street", "dispatch_ts": "2020-09-24T22:19:09+00:00", "timestamp_ms": 1600985949000}}, {"type": "Feature", "geometry": {"type": "Point", "coordinates": [-71.06263617201766, 42.35226216416782]}, "properties": {"street": "WASHINGTON ST", "location_type": "Street", "dispatch_ts": "2017-10-27T20:30:12+00:00", "timestamp_ms": 1509136212000}}, {"type": "Feature", "geometry": {"type": "Point", "coordinates": [-71.0894836662669, 42.350858072765824]}, "properties": {"street": null, "location_type": "Intersection", "dispatch_ts": "2015-11-11T00:49:55+00:00", "timestamp_ms": 1447202995000}}, {"type": "Feature", "geometry": {"type": "Point", "coordinates": [-71.08349626712129, 42.341740072151474]}, "properties": {"street": "MASSACHUSETTS AVE", "location_type": "Street", "dispatch_ts": "2019-07-02T21:47:33+00:00", "timestamp_ms": 1562104053000}}, {"type": "Feature", "geometry": {"type": "Point", "coordinates": [-71.06849457469428, 42.37506370087742]}, "properties": {"street": "NEW RUTHERFORD AVE", "location_type": "Street", "dispatch_ts": "2024-10-03T14:50:44+00:00", "timestamp_ms": 1727967044000}}, {"type": "Feature", "geometry": {"type": "Point", "coordinates": [-71.04750715317628, 42.35276785940946]}, "properties": {"street": "SEAPORT BLVD", "location_type": "Street", "dispatch_ts": "2018-09-27T22:06:29+00:00", "timestamp_ms": 1538085989000}}, {"type": "Feature", "geometry": {"type": "Point", "coordinates": [-71.11189391855498, 42.33153225310125]}, "properties": {"street": "HUNTINGTON AVE", "location_type": "Street", "dispatch_ts": "2022-01-03T02:08:53+00:00", "timestamp_ms": 1641175733000}}, {"type": "Feature", "geometry": {"type": "Point", "coordinates": [-71.11208226832815, 42.332039138731]}, "properties": {"street": null, "location_type": "Intersection", "dispatch_ts": "2015-06-19T01:09:45+00:00", "timestamp_ms": 1434676185000}}, {"type": "Feature", "geometry": {"type": "Point", "coordinates": [-71.10395963623199, 42.32283075352424]}, "properties": {"street": "CENTRE ST", "location_type": "Street", "dispatch_ts": "2017-04-29T22:29:55+00:00", "timestamp_ms": 1493504995000}}, {"type": "Feature", "geometry": {"type": "Point", "coordinates": [-71.06411536263465, 42.36533876761834]}, "properties": {"street": null, "location_type": "Intersection", "dispatch_ts": "2017-11-15T18:20:20+00:00", "timestamp_ms": 1510770020000}}, {"type": "Feature", "geometry": {"type": "Point", "coordinates": [-71.11657758300223, 42.32102718594854]}, "properties": {"street": null, "location_type": "Intersection", "dispatch_ts": "2025-08-19T17:10:02+00:00", "timestamp_ms": 1755623402000}}, {"type": "Feature", "geometry": {"type": "Point", "coordinates": [-71.14297732443144, 42.35164318018644]}, "properties": {"street": null, "location_type": "Intersection", "dispatch_ts": "2015-08-10T15:44:37+00:00", "timestamp_ms": 1439221477000}}, {"type": "Feature", "geometry": {"type": "Point", "coordinates": [-71.0562355494073, 42.303684631834784]}, "properties": {"street": null, "location_type": "Intersection", "dispatch_ts": "2016-05-27T13:45:39+00:00", "timestamp_ms": 1464356739000}}, {"type": "Feature", "geometry": {"type": "Point", "coordinates": [-71.06790196880588, 42.3667015364395]}, "properties": {"street": "LEVERETT CIR", "location_type": "Street", "dispatch_ts": "2019-09-21T20:12:26+00:00", "timestamp_ms": 1569096746000}}, {"type": "Feature", "geometry": {"type": "Point", "coordinates": [-71.05390119439755, 42.27826916845255]}, "properties": {"street": "GRANITE AVE", "location_type": "Street", "dispatch_ts": "2021-08-08T18:54:17+00:00", "timestamp_ms": 1628448857000}}, {"type": "Feature", "geometry": {"type": "Point", "coordinates": [-71.0936517626102, 42.33696715096203]}, "properties": {"street": null, "location_type": "Intersection", "dispatch_ts": "2015-09-08T22:40:36+00:00", "timestamp_ms": 1441752036000}}, {"type": "Feature", "geometry": {"type": "Point", "coordinates": [-71.05837193898326, 42.34983861612529]}, "properties": {"street": null, "location_type": "Intersection", "dispatch_ts": "2015-09-30T21:19:55+00:00", "timestamp_ms": 1443647995000}}, {"type": "Feature", "geometry": {"type": "Point", "coordinates": [-71.11527774543828, 42.3067084897296]}, "properties": {"street": "SOUTH ST", "location_type": "Street", "dispatch_ts": "2018-06-13T00:05:16+00:00", "timestamp_ms": 1528848316000}}, {"type": "Feature", "geometry": {"type": "Point", "coordinates": [-71.12571106001556, 42.25113728733332]}, "properties": {"street": "HYDE PARK AVE", "location_type": "Street", "dispatch_ts": "2023-11-29T12:59:00+00:00", "timestamp_ms": 1701262740000}}, {"type": "Feature", "geometry": {"type": "Point", "coordinates": [-71.04704999178013, 42.31058866919823]}, "properties": {"street": "SAVIN HILL AVE", "location_type": "Street", "dispatch_ts": "2018-11-08T07:06:07+00:00", "timestamp_ms": 1541660767000}}, {"type": "Feature", "geometry": {"type": "Point", "coordinates": [-71.11931609417277, 42.364052993758435]}, "properties": {"street": "WESTERN AVE", "location_type": "Street", "dispatch_ts": "2015-10-12T21:45:27+00:00", "timestamp_ms": 1444686327000}}, {"type": "Feature", "geometry": {"type": "Point", "coordinates": [-71.0687472471511, 42.36109241104729]}, "properties": {"street": null, "location_type": "Intersection", "dispatch_ts": "2017-09-19T21:09:37+00:00", "timestamp_ms": 1505855377000}}, {"type": "Feature", "geometry": {"type": "Point", "coordinates": [-71.08664090727981, 42.34734434156725]}, "properties": {"street": null, "location_type": "Intersection", "dispatch_ts": "2015-09-15T12:51:16+00:00", "timestamp_ms": 1442321476000}}, {"type": "Feature", "geometry": {"type": "Point", "coordinates": [-71.06101928791676, 42.3705295310252]}, "properties": {"street": null, "location_type": "Intersection", "dispatch_ts": "2018-02-22T13:42:37+00:00", "timestamp_ms": 1519306957000}}, {"type": "Feature", "geometry": {"type": "Point", "coordinates": [-71.05086900093976, 42.32157799977611]}, "properties": {"street": "WILLIAM J DAY BLVD", "location_type": "Street", "dispatch_ts": "2020-08-04T11:08:01+00:00", "timestamp_ms": 1596539281000}}, {"type": "Feature", "geometry": {"type": "Point", "coordinates": [-71.11782156586436, 42.36202851955793]}, "properties": {"street": "SOLDIERS FIELD RD", "location_type": "Street", "dispatch_ts": "2020-08-28T15:19:43+00:00", "timestamp_ms": 1598627983000}}, {"type": "Feature", "geometry": {"type": "Point", "coordinates": [-71.10205360992084, 42.34277914563934]}, "properties": {"street": null, "location_type": "Intersection", "dispatch_ts": "2015-11-04T00:56:36+00:00", "timestamp_ms": 1446598596000}}, {"type": "Feature", "geometry": {"type": "Point", "coordinates": [-71.13806431985552, 42.286236267498374]}, "properties": {"street": null, "location_type": "Intersection", "dispatch_ts": "2017-11-15T21:25:52+00:00", "timestamp_ms": 1510781152000}}, {"type": "Feature", "geometry": {"type": "Point", "coordinates": [-71.04224600177733, 42.28617199958168]}, "properties": {"street": "WILLIAM T MORRISSEY BLVD", "location_type": "Street", "dispatch_ts": "2020-08-10T12:17:13+00:00", "timestamp_ms": 1597061833000}}, {"type": "Feature", "geometry": {"type": "Point", "coordinates": [-71.08394748708274, 42.342030804292186]}, "properties": {"street": "MASSACHUSETTS AVE", "location_type": "Street", "dispatch_ts": "2023-10-28T02:36:56+00:00", "timestamp_ms": 1698460616000}}, {"type": "Feature", "geometry": {"type": "Point", "coordinates": [-71.04917712976155, 42.30066608531419]}, "properties": {"street": null, "location_type": "Intersection", "dispatch_ts": "2023-05-19T19:16:17+00:00", "timestamp_ms": 1684523777000}}, {"type": "Feature", "geometry": {"type": "Point", "coordinates": [-71.13437930229962, 42.34661848387339]}, "properties": {"street": "WALBRIDGE ST", "location_type": "Street", "dispatch_ts": "2020-04-14T22:00:34+00:00", "timestamp_ms": 1586901634000}}, {"type": "Feature", "geometry": {"type": "Point", "coordinates": [-71.08049319776167, 42.341662158904306]}, "properties": {"street": null, "location_type": "Intersection", "dispatch_ts": "2021-04-03T18:25:12+00:00", "timestamp_ms": 1617474312000}}, {"type": "Feature", "geometry": {"type": "Point", "coordinates": [-71.05825757845017, 42.329758837192905]}, "properties": {"street": null, "location_type": "Intersection", "dispatch_ts": "2026-01-24T21:18:07+00:00", "timestamp_ms": 1769289487000}}, {"type": "Feature", "geometry": {"type": "Point", "coordinates": [-71.05288183108644, 42.36572806343412]}, "properties": {"street": "HANOVER ST", "location_type": "Street", "dispatch_ts": "2023-06-22T20:50:50+00:00", "timestamp_ms": 1687467050000}}, {"type": "Feature", "geometry": {"type": "Point", "coordinates": [-71.0615616799745, 42.29543374135926]}, "properties": {"street": "DORCHESTER AVE", "location_type": "Street", "dispatch_ts": "2016-09-13T11:45:56+00:00", "timestamp_ms": 1473767156000}}, {"type": "Feature", "geometry": {"type": "Point", "coordinates": [-71.08032038126865, 42.339303441947735]}, "properties": {"street": null, "location_type": "Intersection", "dispatch_ts": "2018-02-26T01:22:06+00:00", "timestamp_ms": 1519608126000}}, {"type": "Feature", "geometry": {"type": "Point", "coordinates": [-71.12630134202719, 42.28816476666642]}, "properties": {"street": null, "location_type": "Intersection", "dispatch_ts": "2016-11-15T13:09:30+00:00", "timestamp_ms": 1479215370000}}, {"type": "Feature", "geometry": {"type": "Point", "coordinates": [-71.0574701532557, 42.36277821163417]}, "properties": {"street": null, "location_type": "Intersection", "dispatch_ts": "2019-09-25T18:25:34+00:00", "timestamp_ms": 1569435934000}}, {"type": "Feature", "geometry": {"type": "Point", "coordinates": [-71.064909139748, 42.37588021804984]}, "properties": {"street": "MAIN ST", "location_type": "Street", "dispatch_ts": "2025-07-22T22:49:24+00:00", "timestamp_ms": 1753224564000}}, {"type": "Feature", "geometry": {"type": "Point", "coordinates": [-71.08130450873163, 42.306042019983515]}, "properties": {"street": "WASHINGTON ST", "location_type": "Street", "dispatch_ts": "2024-08-28T16:05:14+00:00", "timestamp_ms": 1724861114000}}, {"type": "Feature", "geometry": {"type": "Point", "coordinates": [-71.13396002665161, 42.3550151153352]}, "properties": {"street": "CAMBRIDGE ST", "location_type": "Street", "dispatch_ts": "2024-06-28T00:35:03+00:00", "timestamp_ms": 1719534903000}}, {"type": "Feature", "geometry": {"type": "Point", "coordinates": [-71.06097788138149, 42.358152596863334]}, "properties": {"street": "BEACON ST", "location_type": "Street", "dispatch_ts": "2017-08-02T13:45:29+00:00", "timestamp_ms": 1501681529000}}, {"type": "Feature", "geometry": {"type": "Point", "coordinates": [-71.09157917302562, 42.3492217416669]}, "properties": {"street": null, "location_type": "Intersection", "dispatch_ts": "2021-09-25T14:55:50+00:00", "timestamp_ms": 1632581750000}}, {"type": "Feature", "geometry": {"type": "Point", "coordinates": [-71.0730459916481, 42.35126745580462]}, "properties": {"street": null, "location_type": "Intersection", "dispatch_ts": "2018-09-23T22:24:41+00:00", "timestamp_ms": 1537741481000}}, {"type": "Feature", "geometry": {"type": "Point", "coordinates": [-71.06660908092002, 42.361126500556594]}, "properties": {"street": "CAMBRIDGE ST", "location_type": "Street", "dispatch_ts": "2025-12-04T11:50:18+00:00", "timestamp_ms": 1764849018000}}, {"type": "Feature", "geometry": {"type": "Point", "coordinates": [-71.10036225483073, 42.35033317006784]}, "properties": {"street": null, "location_type": "Intersection", "dispatch_ts": "2018-06-26T23:01:50+00:00", "timestamp_ms": 1530054110000}}, {"type": "Feature", "geometry": {"type": "Point", "coordinates": [-71.0753613847683, 42.383584917311275]}, "properties": {"street": null, "location_type": "Intersection", "dispatch_ts": "2022-09-28T23:17:39+00:00", "timestamp_ms": 1664407059000}}, {"type": "Feature", "geometry": {"type": "Point", "coordinates": [-71.1084140106412, 42.32268328696414]}, "properties": {"street": "CREIGHTON ST", "location_type": "Street", "dispatch_ts": "2018-07-18T14:31:52+00:00", "timestamp_ms": 1531924312000}}, {"type": "Feature", "geometry": {"type": "Point", "coordinates": [-71.08064092207917, 42.353817617966286]}, "properties": {"street": "BACK ST", "location_type": "Street", "dispatch_ts": "2020-09-07T18:50:40+00:00", "timestamp_ms": 1599504640000}}, {"type": "Feature", "geometry": {"type": "Point", "coordinates": [-71.15927227809888, 42.35911921947359]}, "properties": {"street": "BEACON ST", "location_type": "Street", "dispatch_ts": "2020-03-09T20:48:44+00:00", "timestamp_ms": 1583786924000}}, {"type": "Feature", "geometry": {"type": "Point", "coordinates": [-71.06613502428593, 42.31873388507228]}, "properties": {"street": "WENDOVER ST", "location_type": "Street", "dispatch_ts": "2017-09-17T15:27:45+00:00", "timestamp_ms": 1505662065000}}, {"type": "Feature", "geometry": {"type": "Point", "coordinates": [-71.09750335703683, 42.31509556651001]}, "properties": {"street": "COLUMBUS AVE", "location_type": "Street", "dispatch_ts": "2019-06-19T19:35:05+00:00", "timestamp_ms": 1560972905000}}, {"type": "Feature", "geometry": {"type": "Point", "coordinates": [-71.06006163697337, 42.35787797558994]}, "properties": {"street": "SCHOOL ST", "location_type": "Street", "dispatch_ts": "2020-05-04T18:53:31+00:00", "timestamp_ms": 1588618411000}}, {"type": "Feature", "geometry": {"type": "Point", "coordinates": [-71.09936142025707, 42.34816679446723]}, "properties": {"street": "BEACON ST", "location_type": "Street", "dispatch_ts": "2024-09-11T21:51:40+00:00", "timestamp_ms": 1726091500000}}, {"type": "Feature", "geometry": {"type": "Point", "coordinates": [-71.09886174988296, 42.346879010103066]}, "properties": {"street": "BROOKLINE AVE", "location_type": "Street", "dispatch_ts": "2018-08-20T22:44:06+00:00", "timestamp_ms": 1534805046000}}, {"type": "Feature", "geometry": {"type": "Point", "coordinates": [-71.12661527280903, 42.365536168296224]}, "properties": {"street": null, "location_type": "Intersection", "dispatch_ts": "2020-07-29T22:18:46+00:00", "timestamp_ms": 1596061126000}}, {"type": "Feature", "geometry": {"type": "Point", "coordinates": [-71.11161394073045, 42.319510839088224]}, "properties": {"street": null, "location_type": "Intersection", "dispatch_ts": "2019-07-30T15:03:26+00:00", "timestamp_ms": 1564499006000}}, {"type": "Feature", "geometry": {"type": "Point", "coordinates": [-71.09716608105978, 42.31695502347812]}, "properties": {"street": null, "location_type": "Intersection", "dispatch_ts": "2017-04-09T15:58:10+00:00", "timestamp_ms": 1491753490000}}, {"type": "Feature", "geometry": {"type": "Point", "coordinates": [-71.10500053872293, 42.31701842994032]}, "properties": {"street": "BOYLSTON ST", "location_type": "Street", "dispatch_ts": "2018-07-12T17:54:00+00:00", "timestamp_ms": 1531418040000}}, {"type": "Feature", "geometry": {"type": "Point", "coordinates": [-71.05884912265964, 42.37229638221316]}, "properties": {"street": "CONSTITUTION RD", "location_type": "Street", "dispatch_ts": "2023-07-30T20:06:26+00:00", "timestamp_ms": 1690747586000}}, {"type": "Feature", "geometry": {"type": "Point", "coordinates": [-71.1059103509729, 42.300258416024754]}, "properties": {"street": "MORTON ST", "location_type": "Street", "dispatch_ts": "2024-04-03T00:25:52+00:00", "timestamp_ms": 1712103952000}}, {"type": "Feature", "geometry": {"type": "Point", "coordinates": [-71.09404322424164, 42.32007443291712]}, "properties": {"street": null, "location_type": "Intersection", "dispatch_ts": "2016-07-01T03:40:44+00:00", "timestamp_ms": 1467344444000}}, {"type": "Feature", "geometry": {"type": "Point", "coordinates": [-71.11410711384151, 42.314067164115066]}, "properties": {"street": "CENTRE ST", "location_type": "Street", "dispatch_ts": "2017-12-01T19:39:43+00:00", "timestamp_ms": 1512157183000}}, {"type": "Feature", "geometry": {"type": "Point", "coordinates": [-71.10056780840284, 42.32283108180544]}, "properties": {"street": null, "location_type": "Intersection", "dispatch_ts": "2025-06-20T17:12:34+00:00", "timestamp_ms": 1750439554000}}, {"type": "Feature", "geometry": {"type": "Point", "coordinates": [-71.08049993836859, 42.33364827774625]}, "properties": {"street": "WASHINGTON ST", "location_type": "Street", "dispatch_ts": "2023-12-10T16:47:40+00:00", "timestamp_ms": 1702226860000}}, {"type": "Feature", "geometry": {"type": "Point", "coordinates": [-71.06196358133595, 42.320305531579855]}, "properties": {"street": "COLUMBIA RD", "location_type": "Street", "dispatch_ts": "2023-11-05T02:42:03+00:00", "timestamp_ms": 1699152123000}}, {"type": "Feature", "geometry": {"type": "Point", "coordinates": [-71.05899814363265, 42.36355220584664]}, "properties": {"street": null, "location_type": "Intersection", "dispatch_ts": "2016-11-11T22:40:46+00:00", "timestamp_ms": 1478904046000}}, {"type": "Feature", "geometry": {"type": "Point", "coordinates": [-71.06472240882967, 42.28426574206351]}, "properties": {"street": "DORCHESTER AVE", "location_type": "Street", "dispatch_ts": "2025-10-18T19:48:49+00:00", "timestamp_ms": 1760816929000}}, {"type": "Feature", "geometry": {"type": "Point", "coordinates": [-71.11373104470171, 42.31219208854241]}, "properties": {"street": "SEAVERNS AVE", "location_type": "Street", "dispatch_ts": "2018-09-29T16:48:32+00:00", "timestamp_ms": 1538239712000}}, {"type": "Feature", "geometry": {"type": "Point", "coordinates": [-71.05207413646912, 42.35523620585885]}, "properties": {"street": null, "location_type": "Intersection", "dispatch_ts": "2025-07-25T13:33:24+00:00", "timestamp_ms": 1753450404000}}, {"type": "Feature", "geometry": {"type": "Point", "coordinates": [-71.10969381963007, 42.31780394292469]}, "properties": {"street": "ADELAIDE ST", "location_type": "Street", "dispatch_ts": "2018-08-02T04:06:27+00:00", "timestamp_ms": 1533182787000}}, {"type": "Feature", "geometry": {"type": "Point", "coordinates": [-71.06945544490645, 42.34222258426629]}, "properties": {"street": "WALTHAM ST", "location_type": "Street", "dispatch_ts": "2023-07-10T21:35:34+00:00", "timestamp_ms": 1689024934000}}, {"type": "Feature", "geometry": {"type": "Point", "coordinates": [-71.0968124221489, 42.313904803171965]}, "properties": {"street": "CLEAVES ST", "location_type": "Street", "dispatch_ts": "2025-07-06T03:02:16+00:00", "timestamp_ms": 1751770936000}}, {"type": "Feature", "geometry": {"type": "Point", "coordinates": [-71.05974457340534, 42.301741186651526]}, "properties": {"street": "DORCHESTER AVE", "location_type": "Street", "dispatch_ts": "2026-05-16T16:14:48+00:00", "timestamp_ms": 1778948088000}}, {"type": "Feature", "geometry": {"type": "Point", "coordinates": [-71.04304011447721, 42.34557417243289]}, "properties": {"street": null, "location_type": "Intersection", "dispatch_ts": "2015-06-04T15:02:38+00:00", "timestamp_ms": 1433430158000}}, {"type": "Feature", "geometry": {"type": "Point", "coordinates": [-71.09113078844834, 42.34070937564643]}, "properties": {"street": "FORSYTH ST", "location_type": "Street", "dispatch_ts": "2023-11-18T02:48:48+00:00", "timestamp_ms": 1700275728000}}, {"type": "Feature", "geometry": {"type": "Point", "coordinates": [-71.0897306155816, 42.35137566639242]}, "properties": {"street": null, "location_type": "Intersection", "dispatch_ts": "2018-04-24T16:57:21+00:00", "timestamp_ms": 1524589041000}}, {"type": "Feature", "geometry": {"type": "Point", "coordinates": [-71.0581671265987, 42.30597605134514]}, "properties": {"street": "LINDEN ST", "location_type": "Street", "dispatch_ts": "2020-07-06T22:31:10+00:00", "timestamp_ms": 1594074670000}}, {"type": "Feature", "geometry": {"type": "Point", "coordinates": [-71.08245150651159, 42.32856659947568]}, "properties": {"street": "DUDLEY ST", "location_type": "Street", "dispatch_ts": "2017-10-13T13:53:49+00:00", "timestamp_ms": 1507902829000}}, {"type": "Feature", "geometry": {"type": "Point", "coordinates": [-71.02972349047319, 42.374006154271704]}, "properties": {"street": "TRANSPORTATION WAY", "location_type": "Street", "dispatch_ts": "2023-07-24T23:30:48+00:00", "timestamp_ms": 1690241448000}}, {"type": "Feature", "geometry": {"type": "Point", "coordinates": [-71.08378752457489, 42.35298416195821]}, "properties": {"street": null, "location_type": "Intersection", "dispatch_ts": "2016-04-30T20:49:06+00:00", "timestamp_ms": 1462049346000}}, {"type": "Feature", "geometry": {"type": "Point", "coordinates": [-71.09323424061772, 42.33362108343158]}, "properties": {"street": null, "location_type": "Intersection", "dispatch_ts": "2023-04-12T20:51:42+00:00", "timestamp_ms": 1681332702000}}, {"type": "Feature", "geometry": {"type": "Point", "coordinates": [-71.1020243982207, 42.323979675877965]}, "properties": {"street": "BICKFORD ST", "location_type": "Street", "dispatch_ts": "2024-06-08T17:11:37+00:00", "timestamp_ms": 1717866697000}}, {"type": "Feature", "geometry": {"type": "Point", "coordinates": [-71.04436782057077, 42.3511630508498]}, "properties": {"street": "SEAPORT BLVD", "location_type": "Street", "dispatch_ts": "2025-07-21T00:01:45+00:00", "timestamp_ms": 1753056105000}}, {"type": "Feature", "geometry": {"type": "Point", "coordinates": [-71.07152498427492, 42.284530317693054]}, "properties": {"street": null, "location_type": "Intersection", "dispatch_ts": "2018-08-30T21:53:57+00:00", "timestamp_ms": 1535666037000}}, {"type": "Feature", "geometry": {"type": "Point", "coordinates": [-71.05115653261826, 42.30890872746396]}, "properties": {"street": "DENNY ST", "location_type": "Street", "dispatch_ts": "2020-11-07T17:41:38+00:00", "timestamp_ms": 1604770898000}}, {"type": "Feature", "geometry": {"type": "Point", "coordinates": [-71.06502124440003, 42.31715008754644]}, "properties": {"street": "COLUMBIA RD", "location_type": "Street", "dispatch_ts": "2026-04-25T19:48:04+00:00", "timestamp_ms": 1777146484000}}, {"type": "Feature", "geometry": {"type": "Point", "coordinates": [-71.0702349143055, 42.31135491681683]}, "properties": {"street": null, "location_type": "Intersection", "dispatch_ts": "2025-06-04T16:22:45+00:00", "timestamp_ms": 1749054165000}}, {"type": "Feature", "geometry": {"type": "Point", "coordinates": [-71.08704845767167, 42.29812323243154]}, "properties": {"street": null, "location_type": "Intersection", "dispatch_ts": "2022-07-08T04:30:26+00:00", "timestamp_ms": 1657254626000}}, {"type": "Feature", "geometry": {"type": "Point", "coordinates": [-71.11465710988557, 42.32440287135224]}, "properties": {"street": null, "location_type": "Intersection", "dispatch_ts": "2016-08-26T21:36:51+00:00", "timestamp_ms": 1472247411000}}, {"type": "Feature", "geometry": {"type": "Point", "coordinates": [-71.05086900093976, 42.32157799977611]}, "properties": {"street": "WILLIAM J DAY BLVD", "location_type": "Street", "dispatch_ts": "2020-05-15T01:28:31+00:00", "timestamp_ms": 1589506111000}}, {"type": "Feature", "geometry": {"type": "Point", "coordinates": [-71.05599377102207, 42.30455632917505]}, "properties": {"street": null, "location_type": "Intersection", "dispatch_ts": "2019-03-13T11:58:26+00:00", "timestamp_ms": 1552478306000}}, {"type": "Feature", "geometry": {"type": "Point", "coordinates": [-71.08695726564085, 42.349311703619904]}, "properties": {"street": "COMMONWEALTH AVE", "location_type": "Street", "dispatch_ts": "2023-11-28T19:12:27+00:00", "timestamp_ms": 1701198747000}}, {"type": "Feature", "geometry": {"type": "Point", "coordinates": [-71.04820283628804, 42.35020800910659]}, "properties": {"street": null, "location_type": "Intersection", "dispatch_ts": "2018-11-30T12:43:14+00:00", "timestamp_ms": 1543581794000}}, {"type": "Feature", "geometry": {"type": "Point", "coordinates": [-71.12133631401319, 42.308783113511446]}, "properties": {"street": null, "location_type": "Intersection", "dispatch_ts": "2018-08-06T12:57:40+00:00", "timestamp_ms": 1533560260000}}, {"type": "Feature", "geometry": {"type": "Point", "coordinates": [-71.10434269178569, 42.30277711205584]}, "properties": {"street": null, "location_type": "Intersection", "dispatch_ts": "2017-07-08T21:17:14+00:00", "timestamp_ms": 1499548634000}}, {"type": "Feature", "geometry": {"type": "Point", "coordinates": [-71.05552768916363, 42.28269377724952]}, "properties": {"street": "GALLIVAN BLVD", "location_type": "Street", "dispatch_ts": "2022-05-29T15:23:01+00:00", "timestamp_ms": 1653837781000}}, {"type": "Feature", "geometry": {"type": "Point", "coordinates": [-71.06517819061084, 42.33112093018955]}, "properties": {"street": "SOUTHAMPTON ST", "location_type": "Street", "dispatch_ts": "2015-12-16T16:36:01+00:00", "timestamp_ms": 1450283761000}}, {"type": "Feature", "geometry": {"type": "Point", "coordinates": [-71.10911276783479, 42.30483231618187]}, "properties": {"street": null, "location_type": "Intersection", "dispatch_ts": "2015-11-04T14:01:05+00:00", "timestamp_ms": 1446645665000}}, {"type": "Feature", "geometry": {"type": "Point", "coordinates": [-71.07846969861997, 42.31369009202045]}, "properties": {"street": "FAYSTON ST", "location_type": "Street", "dispatch_ts": "2018-06-15T16:13:19+00:00", "timestamp_ms": 1529079199000}}, {"type": "Feature", "geometry": {"type": "Point", "coordinates": [-71.09353799124229, 42.33216104356479]}, "properties": {"street": "TREMONT ST", "location_type": "Street", "dispatch_ts": "2019-07-25T11:52:21+00:00", "timestamp_ms": 1564055541000}}, {"type": "Feature", "geometry": {"type": "Point", "coordinates": [-71.07079143738089, 42.362095129651074]}, "properties": {"street": "CHARLES ST", "location_type": "Street", "dispatch_ts": "2018-07-09T16:22:36+00:00", "timestamp_ms": 1531153356000}}, {"type": "Feature", "geometry": {"type": "Point", "coordinates": [-71.02713775944345, 42.37919787033604]}, "properties": {"street": "DAY SQ", "location_type": "Street", "dispatch_ts": "2019-05-18T17:43:46+00:00", "timestamp_ms": 1558201426000}}, {"type": "Feature", "geometry": {"type": "Point", "coordinates": [-71.06649779089452, 42.306732735705424]}, "properties": {"street": null, "location_type": "Intersection", "dispatch_ts": "2015-12-13T23:24:53+00:00", "timestamp_ms": 1450049093000}}, {"type": "Feature", "geometry": {"type": "Point", "coordinates": [-71.06081525614212, 42.36561100118066]}, "properties": {"street": "CAUSEWAY ST", "location_type": "Street", "dispatch_ts": "2023-07-21T10:35:10+00:00", "timestamp_ms": 1689935710000}}, {"type": "Feature", "geometry": {"type": "Point", "coordinates": [-71.04917712976155, 42.30066608531419]}, "properties": {"street": null, "location_type": "Intersection", "dispatch_ts": "2015-05-18T04:57:38+00:00", "timestamp_ms": 1431925058000}}, {"type": "Feature", "geometry": {"type": "Point", "coordinates": [-71.11128453240768, 42.33008217869738]}, "properties": {"street": null, "location_type": "Intersection", "dispatch_ts": "2021-05-03T21:26:36+00:00", "timestamp_ms": 1620077196000}}, {"type": "Feature", "geometry": {"type": "Point", "coordinates": [-71.07353135306391, 42.32334167541581]}, "properties": {"street": "DUDLEY ST", "location_type": "Street", "dispatch_ts": "2018-09-17T21:19:24+00:00", "timestamp_ms": 1537219164000}}, {"type": "Feature", "geometry": {"type": "Point", "coordinates": [-71.16018998342118, 42.35191746588683]}, "properties": {"street": null, "location_type": "Intersection", "dispatch_ts": "2020-07-09T21:59:50+00:00", "timestamp_ms": 1594331990000}}, {"type": "Feature", "geometry": {"type": "Point", "coordinates": [-71.10851662665783, 42.33326368233063]}, "properties": {"street": "HUNTINGTON AVE", "location_type": "Street", "dispatch_ts": "2019-10-30T01:13:39+00:00", "timestamp_ms": 1572398019000}}, {"type": "Feature", "geometry": {"type": "Point", "coordinates": [-71.04499100183105, 42.2919770003977]}, "properties": {"street": "TENEAN ST", "location_type": "Street", "dispatch_ts": "2016-09-18T16:45:20+00:00", "timestamp_ms": 1474217120000}}, {"type": "Feature", "geometry": {"type": "Point", "coordinates": [-71.07758189502495, 42.302114500430314]}, "properties": {"street": null, "location_type": "Intersection", "dispatch_ts": "2015-08-12T00:01:54+00:00", "timestamp_ms": 1439337714000}}, {"type": "Feature", "geometry": {"type": "Point", "coordinates": [-71.07563050723822, 42.33746016491123]}, "properties": {"street": null, "location_type": "Intersection", "dispatch_ts": "2023-09-15T16:56:42+00:00", "timestamp_ms": 1694797002000}}, {"type": "Feature", "geometry": {"type": "Point", "coordinates": [-71.07871204847659, 42.33691817781775]}, "properties": {"street": null, "location_type": "Intersection", "dispatch_ts": "2017-04-13T20:23:43+00:00", "timestamp_ms": 1492115023000}}, {"type": "Feature", "geometry": {"type": "Point", "coordinates": [-71.0675067445976, 42.32757951313204]}, "properties": {"street": null, "location_type": "Intersection", "dispatch_ts": "2026-05-27T11:36:01+00:00", "timestamp_ms": 1779881761000}}, {"type": "Feature", "geometry": {"type": "Point", "coordinates": [-71.08022962101839, 42.31252986074664]}, "properties": {"street": "BLUE HILL AVE", "location_type": "Street", "dispatch_ts": "2020-08-15T18:41:16+00:00", "timestamp_ms": 1597516876000}}, {"type": "Feature", "geometry": {"type": "Point", "coordinates": [-71.10796877138122, 42.323656717997515]}, "properties": {"street": "CREIGHTON ST", "location_type": "Street", "dispatch_ts": "2016-05-14T04:39:15+00:00", "timestamp_ms": 1463200755000}}, {"type": "Feature", "geometry": {"type": "Point", "coordinates": [-71.05976913462558, 42.36298120600326]}, "properties": {"street": null, "location_type": "Intersection", "dispatch_ts": "2016-02-26T00:04:01+00:00", "timestamp_ms": 1456445041000}}, {"type": "Feature", "geometry": {"type": "Point", "coordinates": [-71.04151242959803, 42.33403108467579]}, "properties": {"street": "H ST", "location_type": "Street", "dispatch_ts": "2023-06-27T01:31:43+00:00", "timestamp_ms": 1687829503000}}, {"type": "Feature", "geometry": {"type": "Point", "coordinates": [-71.12538881871117, 42.3029093973659]}, "properties": {"street": null, "location_type": "Intersection", "dispatch_ts": "2015-07-13T12:40:03+00:00", "timestamp_ms": 1436791203000}}, {"type": "Feature", "geometry": {"type": "Point", "coordinates": [-71.09329527826293, 42.337532028214895]}, "properties": {"street": "PARKER ST", "location_type": "Street", "dispatch_ts": "2016-10-31T12:43:24+00:00", "timestamp_ms": 1477917804000}}, {"type": "Feature", "geometry": {"type": "Point", "coordinates": [-71.12056400065579, 42.28633129402607]}, "properties": {"street": "SHERWOOD ST", "location_type": "Street", "dispatch_ts": "2020-06-25T02:03:45+00:00", "timestamp_ms": 1593050625000}}, {"type": "Feature", "geometry": {"type": "Point", "coordinates": [-71.08285762479466, 42.33900070450448]}, "properties": {"street": "CAMDEN ST", "location_type": "Street", "dispatch_ts": "2026-04-12T00:22:58+00:00", "timestamp_ms": 1775953378000}}, {"type": "Feature", "geometry": {"type": "Point", "coordinates": [-71.08071934619511, 42.33337409507278]}, "properties": {"street": "WASHINGTON ST", "location_type": "Street", "dispatch_ts": "2023-04-11T22:14:12+00:00", "timestamp_ms": 1681251252000}}, {"type": "Feature", "geometry": {"type": "Point", "coordinates": [-71.07384872493837, 42.384779170190896]}, "properties": {"street": null, "location_type": "Intersection", "dispatch_ts": "2017-11-02T12:25:09+00:00", "timestamp_ms": 1509625509000}}, {"type": "Feature", "geometry": {"type": "Point", "coordinates": [-71.09109469076722, 42.32062233392533]}, "properties": {"street": "KENSINGTON ST", "location_type": "Street", "dispatch_ts": "2018-11-30T22:38:12+00:00", "timestamp_ms": 1543617492000}}, {"type": "Feature", "geometry": {"type": "Point", "coordinates": [-71.13226172268527, 42.35377256854198]}, "properties": {"street": "HARVARD AVE", "location_type": "Street", "dispatch_ts": "2023-10-06T19:02:59+00:00", "timestamp_ms": 1696618979000}}, {"type": "Feature", "geometry": {"type": "Point", "coordinates": [-71.0865705758515, 42.32666556506979]}, "properties": {"street": "SAINT JAMES PL", "location_type": "Street", "dispatch_ts": "2017-10-13T12:53:37+00:00", "timestamp_ms": 1507899217000}}, {"type": "Feature", "geometry": {"type": "Point", "coordinates": [-71.05766813808698, 42.36382222079274]}, "properties": {"street": null, "location_type": "Intersection", "dispatch_ts": "2018-04-14T17:23:24+00:00", "timestamp_ms": 1523726604000}}, {"type": "Feature", "geometry": {"type": "Point", "coordinates": [-71.083036130622, 42.341431930094465]}, "properties": {"street": "MASSACHUSETTS AVE", "location_type": "Street", "dispatch_ts": "2025-05-27T12:32:38+00:00", "timestamp_ms": 1748349158000}}, {"type": "Feature", "geometry": {"type": "Point", "coordinates": [-71.07173518738091, 42.3834742538953]}, "properties": {"street": null, "location_type": "Intersection", "dispatch_ts": "2022-08-29T23:55:17+00:00", "timestamp_ms": 1661817317000}}, {"type": "Feature", "geometry": {"type": "Point", "coordinates": [-71.05866207058192, 42.35707431520006]}, "properties": {"street": null, "location_type": "Intersection", "dispatch_ts": "2023-09-27T18:06:08+00:00", "timestamp_ms": 1695837968000}}, {"type": "Feature", "geometry": {"type": "Point", "coordinates": [-71.09535480828525, 42.345238374674445]}, "properties": {"street": null, "location_type": "Intersection", "dispatch_ts": "2025-08-16T03:41:01+00:00", "timestamp_ms": 1755315661000}}, {"type": "Feature", "geometry": {"type": "Point", "coordinates": [-71.13399362885603, 42.35013319291754]}, "properties": {"street": "GREYLOCK RD", "location_type": "Street", "dispatch_ts": "2021-11-06T16:24:40+00:00", "timestamp_ms": 1636215880000}}, {"type": "Feature", "geometry": {"type": "Point", "coordinates": [-71.0665070935346, 42.27976325973796]}, "properties": {"street": "DORCHESTER AVE", "location_type": "Street", "dispatch_ts": "2020-01-16T21:12:52+00:00", "timestamp_ms": 1579209172000}}, {"type": "Feature", "geometry": {"type": "Point", "coordinates": [-71.07326912603575, 42.33351402890968]}, "properties": {"street": "MASSACHUSETTS AVE", "location_type": "Street", "dispatch_ts": "2020-10-21T15:17:05+00:00", "timestamp_ms": 1603293425000}}, {"type": "Feature", "geometry": {"type": "Point", "coordinates": [-71.05329170394455, 42.33385509575585]}, "properties": {"street": null, "location_type": "Intersection", "dispatch_ts": "2015-08-14T15:55:50+00:00", "timestamp_ms": 1439567750000}}, {"type": "Feature", "geometry": {"type": "Point", "coordinates": [-71.11127281768063, 42.33002635050504]}, "properties": {"street": "HUNTINGTON AVE", "location_type": "Street", "dispatch_ts": "2020-08-31T00:50:39+00:00", "timestamp_ms": 1598835039000}}, {"type": "Feature", "geometry": {"type": "Point", "coordinates": [-71.06825322019361, 42.331734325293155]}, "properties": {"street": "SOUTHAMPTON ST", "location_type": "Street", "dispatch_ts": "2023-12-20T11:14:49+00:00", "timestamp_ms": 1703070889000}}, {"type": "Feature", "geometry": {"type": "Point", "coordinates": [-71.06579601372937, 42.35700976381983]}, "properties": {"street": null, "location_type": "Intersection", "dispatch_ts": "2021-07-13T12:11:18+00:00", "timestamp_ms": 1626178278000}}, {"type": "Feature", "geometry": {"type": "Point", "coordinates": [-71.07176993782916, 42.34866951431901]}, "properties": {"street": null, "location_type": "Intersection", "dispatch_ts": "2024-08-30T19:03:31+00:00", "timestamp_ms": 1725044611000}}, {"type": "Feature", "geometry": {"type": "Point", "coordinates": [-71.09854500736756, 42.34718688667332]}, "properties": {"street": null, "location_type": "Intersection", "dispatch_ts": "2017-04-15T18:52:08+00:00", "timestamp_ms": 1492282328000}}, {"type": "Feature", "geometry": {"type": "Point", "coordinates": [-71.0606100315401, 42.36573070417767]}, "properties": {"street": null, "location_type": "Intersection", "dispatch_ts": "2023-12-13T12:50:19+00:00", "timestamp_ms": 1702471819000}}, {"type": "Feature", "geometry": {"type": "Point", "coordinates": [-71.07346403587849, 42.34298306924939]}, "properties": {"street": "TREMONT ST", "location_type": "Street", "dispatch_ts": "2024-04-05T22:09:45+00:00", "timestamp_ms": 1712354985000}}, {"type": "Feature", "geometry": {"type": "Point", "coordinates": [-71.12289822992071, 42.293630910870185]}, "properties": {"street": null, "location_type": "Intersection", "dispatch_ts": "2025-05-17T22:30:39+00:00", "timestamp_ms": 1747521039000}}, {"type": "Feature", "geometry": {"type": "Point", "coordinates": [-71.08761484457497, 42.34523351421875]}, "properties": {"street": null, "location_type": "Intersection", "dispatch_ts": "2017-07-10T17:04:27+00:00", "timestamp_ms": 1499706267000}}, {"type": "Feature", "geometry": {"type": "Point", "coordinates": [-71.14673742844252, 42.35030981847824]}, "properties": {"street": "CAMBRIDGE ST", "location_type": "Street", "dispatch_ts": "2016-11-08T15:00:50+00:00", "timestamp_ms": 1478617250000}}, {"type": "Feature", "geometry": {"type": "Point", "coordinates": [-71.06528487615876, 42.361231554366455]}, "properties": {"street": "CAMBRIDGE ST", "location_type": "Street", "dispatch_ts": "2021-04-10T22:03:36+00:00", "timestamp_ms": 1618092216000}}, {"type": "Feature", "geometry": {"type": "Point", "coordinates": [-71.06859487273525, 42.29516883125666]}, "properties": {"street": "TREMLETT ST", "location_type": "Street", "dispatch_ts": "2016-07-04T17:35:01+00:00", "timestamp_ms": 1467653701000}}, {"type": "Feature", "geometry": {"type": "Point", "coordinates": [-71.03338990857223, 42.33737362143686]}, "properties": {"street": null, "location_type": "Intersection", "dispatch_ts": "2020-06-05T18:37:21+00:00", "timestamp_ms": 1591382241000}}, {"type": "Feature", "geometry": {"type": "Point", "coordinates": [-71.04282012932887, 42.35047818515596]}, "properties": {"street": null, "location_type": "Intersection", "dispatch_ts": "2018-07-04T12:07:14+00:00", "timestamp_ms": 1530706034000}}, {"type": "Feature", "geometry": {"type": "Point", "coordinates": [-71.09502353882917, 42.334796579352805]}, "properties": {"street": null, "location_type": "Intersection", "dispatch_ts": "2015-10-09T13:37:20+00:00", "timestamp_ms": 1444397840000}}, {"type": "Feature", "geometry": {"type": "Point", "coordinates": [-71.15587747277648, 42.27931474266757]}, "properties": {"street": null, "location_type": "Intersection", "dispatch_ts": "2019-09-05T21:06:07+00:00", "timestamp_ms": 1567717567000}}, {"type": "Feature", "geometry": {"type": "Point", "coordinates": [-71.0717540762779, 42.36400444782005]}, "properties": {"street": null, "location_type": "Other", "dispatch_ts": "2015-07-15T12:27:48+00:00", "timestamp_ms": 1436963268000}}, {"type": "Feature", "geometry": {"type": "Point", "coordinates": [-71.05868673136607, 42.358152960903624]}, "properties": {"street": "PI ALY", "location_type": "Street", "dispatch_ts": "2016-03-01T23:33:24+00:00", "timestamp_ms": 1456875204000}}, {"type": "Feature", "geometry": {"type": "Point", "coordinates": [-71.07573628670127, 42.33446495632261]}, "properties": {"street": null, "location_type": "Intersection", "dispatch_ts": "2024-12-09T21:47:45+00:00", "timestamp_ms": 1733780865000}}, {"type": "Feature", "geometry": {"type": "Point", "coordinates": [-71.11657758300223, 42.32102718594854]}, "properties": {"street": null, "location_type": "Intersection", "dispatch_ts": "2018-08-18T19:09:53+00:00", "timestamp_ms": 1534619393000}}, {"type": "Feature", "geometry": {"type": "Point", "coordinates": [-71.07467507070935, 42.30246075514076]}, "properties": {"street": "MALLON RD", "location_type": "Street", "dispatch_ts": "2020-09-08T17:54:22+00:00", "timestamp_ms": 1599587662000}}, {"type": "Feature", "geometry": {"type": "Point", "coordinates": [-71.05680540884488, 42.32252114323408]}, "properties": {"street": null, "location_type": "Intersection", "dispatch_ts": "2020-09-16T18:05:49+00:00", "timestamp_ms": 1600279549000}}, {"type": "Feature", "geometry": {"type": "Point", "coordinates": [-71.06102029840773, 42.37087336003561]}, "properties": {"street": "CONSTITUTION RD", "location_type": "Street", "dispatch_ts": "2019-11-02T23:03:42+00:00", "timestamp_ms": 1572735822000}}, {"type": "Feature", "geometry": {"type": "Point", "coordinates": [-71.09731494711943, 42.312020107057535]}, "properties": {"street": "WALNUT AVE", "location_type": "Street", "dispatch_ts": "2026-04-15T14:29:04+00:00", "timestamp_ms": 1776263344000}}, {"type": "Feature", "geometry": {"type": "Point", "coordinates": [-71.15039335433343, 42.33553916104743]}, "properties": {"street": null, "location_type": "Intersection", "dispatch_ts": "2016-04-20T21:32:13+00:00", "timestamp_ms": 1461187933000}}, {"type": "Feature", "geometry": {"type": "Point", "coordinates": [-71.08151935991754, 42.3535912925739]}, "properties": {"street": null, "location_type": "Intersection", "dispatch_ts": "2023-09-02T22:26:06+00:00", "timestamp_ms": 1693693566000}}, {"type": "Feature", "geometry": {"type": "Point", "coordinates": [-71.06297174005779, 42.35099134006472]}, "properties": {"street": null, "location_type": "Intersection", "dispatch_ts": "2016-09-26T13:06:28+00:00", "timestamp_ms": 1474895188000}}, {"type": "Feature", "geometry": {"type": "Point", "coordinates": [-71.15076549997268, 42.35658908913998]}, "properties": {"street": "BEACON ST", "location_type": "Street", "dispatch_ts": "2016-10-14T23:07:20+00:00", "timestamp_ms": 1476486440000}}, {"type": "Feature", "geometry": {"type": "Point", "coordinates": [-71.07078884608336, 42.33651807954778]}, "properties": {"street": "NEWTON ST", "location_type": "Street", "dispatch_ts": "2022-10-17T15:05:18+00:00", "timestamp_ms": 1666019118000}}, {"type": "Feature", "geometry": {"type": "Point", "coordinates": [-71.11893255093167, 42.293983407325214]}, "properties": {"street": "BROOKWAY RD", "location_type": "Street", "dispatch_ts": "2018-05-28T19:47:26+00:00", "timestamp_ms": 1527536846000}}, {"type": "Feature", "geometry": {"type": "Point", "coordinates": [-71.13019940715564, 42.35273665382231]}, "properties": {"street": null, "location_type": "Intersection", "dispatch_ts": "2016-10-06T23:46:40+00:00", "timestamp_ms": 1475797600000}}, {"type": "Feature", "geometry": {"type": "Point", "coordinates": [-71.07776345708949, 42.3198888361974]}, "properties": {"street": null, "location_type": "Intersection", "dispatch_ts": "2020-06-14T05:17:08+00:00", "timestamp_ms": 1592111828000}}, {"type": "Feature", "geometry": {"type": "Point", "coordinates": [-71.0602285694976, 42.36159258462602]}, "properties": {"street": "NEW SUDBURY ST", "location_type": "Street", "dispatch_ts": "2019-01-15T13:02:43+00:00", "timestamp_ms": 1547557363000}}, {"type": "Feature", "geometry": {"type": "Point", "coordinates": [-71.07486208622466, 42.34512669847817]}, "properties": {"street": null, "location_type": "Intersection", "dispatch_ts": "2020-11-07T19:01:53+00:00", "timestamp_ms": 1604775713000}}, {"type": "Feature", "geometry": {"type": "Point", "coordinates": [-71.06289015150102, 42.35565209264844]}, "properties": {"street": null, "location_type": "Intersection", "dispatch_ts": "2019-09-19T08:34:41+00:00", "timestamp_ms": 1568882081000}}, {"type": "Feature", "geometry": {"type": "Point", "coordinates": [-71.05468197876505, 42.360693858606226]}, "properties": {"street": "CLINTON ST", "location_type": "Street", "dispatch_ts": "2022-08-19T18:57:53+00:00", "timestamp_ms": 1660935473000}}, {"type": "Feature", "geometry": {"type": "Point", "coordinates": [-71.04134446712077, 42.28973560422267]}, "properties": {"street": "LAWLEY ST", "location_type": "Street", "dispatch_ts": "2018-05-27T11:10:40+00:00", "timestamp_ms": 1527419440000}}, {"type": "Feature", "geometry": {"type": "Point", "coordinates": [-71.10156684687225, 42.3228750949572]}, "properties": {"street": "CENTRE ST", "location_type": "Street", "dispatch_ts": "2016-09-22T02:07:02+00:00", "timestamp_ms": 1474510022000}}, {"type": "Feature", "geometry": {"type": "Point", "coordinates": [-71.06460061531308, 42.36545952874391]}, "properties": {"street": "LOMASNEY WAY", "location_type": "Street", "dispatch_ts": "2024-10-31T13:53:56+00:00", "timestamp_ms": 1730382836000}}, {"type": "Feature", "geometry": {"type": "Point", "coordinates": [-71.11668388016292, 42.35111179984614]}, "properties": {"street": "COMMONWEALTH AVE", "location_type": "Street", "dispatch_ts": "2018-07-02T20:49:17+00:00", "timestamp_ms": 1530564557000}}, {"type": "Feature", "geometry": {"type": "Point", "coordinates": [-71.080797237222, 42.34916814977043]}, "properties": {"street": null, "location_type": "Intersection", "dispatch_ts": "2020-10-04T00:48:47+00:00", "timestamp_ms": 1601772527000}}, {"type": "Feature", "geometry": {"type": "Point", "coordinates": [-71.03205815754636, 42.34471157444269]}, "properties": {"street": null, "location_type": "Intersection", "dispatch_ts": "2024-08-30T17:12:11+00:00", "timestamp_ms": 1725037931000}}, {"type": "Feature", "geometry": {"type": "Point", "coordinates": [-71.0690320908372, 42.34669517826515]}, "properties": {"street": "TREMONT ST", "location_type": "Street", "dispatch_ts": "2024-11-18T15:08:42+00:00", "timestamp_ms": 1731942522000}}, {"type": "Feature", "geometry": {"type": "Point", "coordinates": [-71.12181508936045, 42.29301238707876]}, "properties": {"street": "ARCHDALE RD", "location_type": "Street", "dispatch_ts": "2021-10-02T15:28:06+00:00", "timestamp_ms": 1633188486000}}, {"type": "Feature", "geometry": {"type": "Point", "coordinates": [-71.09775693503352, 42.350379998796065]}, "properties": {"street": "DEERFIELD ST", "location_type": "Street", "dispatch_ts": "2026-04-27T18:33:20+00:00", "timestamp_ms": 1777314800000}}, {"type": "Feature", "geometry": {"type": "Point", "coordinates": [-71.07838705992887, 42.30908075336563]}, "properties": {"street": "DEVON ST", "location_type": "Street", "dispatch_ts": "2015-07-22T17:36:36+00:00", "timestamp_ms": 1437586596000}}, {"type": "Feature", "geometry": {"type": "Point", "coordinates": [-71.05427330461684, 42.342867854605814]}, "properties": {"street": null, "location_type": "Intersection", "dispatch_ts": "2016-07-05T13:08:56+00:00", "timestamp_ms": 1467724136000}}, {"type": "Feature", "geometry": {"type": "Point", "coordinates": [-71.09825252446801, 42.3249230491624]}, "properties": {"street": null, "location_type": "Intersection", "dispatch_ts": "2016-05-26T14:57:05+00:00", "timestamp_ms": 1464274625000}}, {"type": "Feature", "geometry": {"type": "Point", "coordinates": [-71.1006813405713, 42.351433560718846]}, "properties": {"street": null, "location_type": "Other", "dispatch_ts": "2015-07-09T18:38:01+00:00", "timestamp_ms": 1436467081000}}, {"type": "Feature", "geometry": {"type": "Point", "coordinates": [-71.05586214635599, 42.36072121790223]}, "properties": {"street": null, "location_type": "Intersection", "dispatch_ts": "2024-07-05T19:54:50+00:00", "timestamp_ms": 1720209290000}}, {"type": "Feature", "geometry": {"type": "Point", "coordinates": [-71.06456485636484, 42.3466358349408]}, "properties": {"street": null, "location_type": "Intersection", "dispatch_ts": "2022-01-24T17:39:24+00:00", "timestamp_ms": 1643045964000}}, {"type": "Feature", "geometry": {"type": "Point", "coordinates": [-71.087571225469, 42.33540515274999]}, "properties": {"street": null, "location_type": "Intersection", "dispatch_ts": "2020-01-15T20:38:40+00:00", "timestamp_ms": 1579120720000}}, {"type": "Feature", "geometry": {"type": "Point", "coordinates": [-71.07957210848602, 42.38231066725652]}, "properties": {"street": null, "location_type": "Intersection", "dispatch_ts": "2016-06-16T22:49:24+00:00", "timestamp_ms": 1466117364000}}, {"type": "Feature", "geometry": {"type": "Point", "coordinates": [-71.07071661568612, 42.331361390215626]}, "properties": {"street": "MASSACHUSETTS AVE", "location_type": "Street", "dispatch_ts": "2019-06-01T01:00:04+00:00", "timestamp_ms": 1559350804000}}, {"type": "Feature", "geometry": {"type": "Point", "coordinates": [-71.11307301607596, 42.30065853781828]}, "properties": {"street": "WASHINGTON ST", "location_type": "Street", "dispatch_ts": "2016-06-22T17:49:51+00:00", "timestamp_ms": 1466617791000}}, {"type": "Feature", "geometry": {"type": "Point", "coordinates": [-71.06191927819238, 42.32093484902871]}, "properties": {"street": "MASSACHUSETTS AVE", "location_type": "Street", "dispatch_ts": "2015-08-29T02:24:08+00:00", "timestamp_ms": 1440815048000}}, {"type": "Feature", "geometry": {"type": "Point", "coordinates": [-71.12784523916856, 42.25860094699897]}, "properties": {"street": "CHILD ST", "location_type": "Street", "dispatch_ts": "2018-04-29T21:53:53+00:00", "timestamp_ms": 1525038833000}}, {"type": "Feature", "geometry": {"type": "Point", "coordinates": [-71.07071661568612, 42.331361390215626]}, "properties": {"street": "MASSACHUSETTS AVE", "location_type": "Street", "dispatch_ts": "2026-01-27T17:43:57+00:00", "timestamp_ms": 1769535837000}}, {"type": "Feature", "geometry": {"type": "Point", "coordinates": [-71.13247802460747, 42.35311106471883]}, "properties": {"street": "BRIGHTON AVE", "location_type": "Street", "dispatch_ts": "2015-05-30T05:59:23+00:00", "timestamp_ms": 1432965563000}}, {"type": "Feature", "geometry": {"type": "Point", "coordinates": [-71.08247843649525, 42.329314261509225]}, "properties": {"street": null, "location_type": "Intersection", "dispatch_ts": "2017-09-07T21:10:14+00:00", "timestamp_ms": 1504818614000}}, {"type": "Feature", "geometry": {"type": "Point", "coordinates": [-71.05086900093976, 42.32157799977611]}, "properties": {"street": "WILLIAM J DAY BLVD", "location_type": "Street", "dispatch_ts": "2018-11-06T22:36:00+00:00", "timestamp_ms": 1541543760000}}, {"type": "Feature", "geometry": {"type": "Point", "coordinates": [-71.11276666447554, 42.31899638660497]}, "properties": {"street": "PERSHING RD", "location_type": "Street", "dispatch_ts": "2019-10-16T14:39:29+00:00", "timestamp_ms": 1571236769000}}, {"type": "Feature", "geometry": {"type": "Point", "coordinates": [-71.13207788752581, 42.35863623671262]}, "properties": {"street": "BRADBURY ST", "location_type": "Street", "dispatch_ts": "2019-04-29T16:09:31+00:00", "timestamp_ms": 1556554171000}}, {"type": "Feature", "geometry": {"type": "Point", "coordinates": [-71.0591542902778, 42.32525007066641]}, "properties": {"street": "BOSTON ST", "location_type": "Street", "dispatch_ts": "2019-07-30T20:23:08+00:00", "timestamp_ms": 1564518188000}}, {"type": "Feature", "geometry": {"type": "Point", "coordinates": [-71.0827128710957, 42.324119449182575]}, "properties": {"street": null, "location_type": "Intersection", "dispatch_ts": "2022-10-16T22:31:01+00:00", "timestamp_ms": 1665959461000}}, {"type": "Feature", "geometry": {"type": "Point", "coordinates": [-71.11003140123927, 42.32164402060941]}, "properties": {"street": "CENTRE ST", "location_type": "Street", "dispatch_ts": "2024-09-17T12:22:17+00:00", "timestamp_ms": 1726575737000}}, {"type": "Feature", "geometry": {"type": "Point", "coordinates": [-71.11405773232495, 42.315668812364045]}, "properties": {"street": "CENTRE ST", "location_type": "Street", "dispatch_ts": "2016-10-21T21:46:07+00:00", "timestamp_ms": 1477086367000}}, {"type": "Feature", "geometry": {"type": "Point", "coordinates": [-71.06630478424326, 42.30917635962247]}, "properties": {"street": null, "location_type": "Intersection", "dispatch_ts": "2015-07-27T15:45:21+00:00", "timestamp_ms": 1438011921000}}, {"type": "Feature", "geometry": {"type": "Point", "coordinates": [-71.07532910710479, 42.32616066794144]}, "properties": {"street": null, "location_type": "Intersection", "dispatch_ts": "2021-05-10T23:22:15+00:00", "timestamp_ms": 1620688935000}}, {"type": "Feature", "geometry": {"type": "Point", "coordinates": [-71.05900743573768, 42.3255892557619]}, "properties": {"street": "BOSTON ST", "location_type": "Street", "dispatch_ts": "2018-03-27T17:14:58+00:00", "timestamp_ms": 1522170898000}}, {"type": "Feature", "geometry": {"type": "Point", "coordinates": [-71.08032038126865, 42.339303441947735]}, "properties": {"street": null, "location_type": "Intersection", "dispatch_ts": "2020-08-03T19:06:28+00:00", "timestamp_ms": 1596481588000}}, {"type": "Feature", "geometry": {"type": "Point", "coordinates": [-71.11208226832815, 42.332039138731]}, "properties": {"street": null, "location_type": "Intersection", "dispatch_ts": "2024-03-03T13:58:38+00:00", "timestamp_ms": 1709474318000}}, {"type": "Feature", "geometry": {"type": "Point", "coordinates": [-71.06673066937418, 42.294684166021376]}, "properties": {"street": null, "location_type": "Intersection", "dispatch_ts": "2020-02-12T13:53:02+00:00", "timestamp_ms": 1581515582000}}, {"type": "Feature", "geometry": {"type": "Point", "coordinates": [-71.06942855113641, 42.35623106527977]}, "properties": {"street": null, "location_type": "Intersection", "dispatch_ts": "2023-06-25T02:10:52+00:00", "timestamp_ms": 1687659052000}}, {"type": "Feature", "geometry": {"type": "Point", "coordinates": [-71.06566715918989, 42.36112224200132]}, "properties": {"street": "CAMBRIDGE ST", "location_type": "Street", "dispatch_ts": "2016-06-10T17:55:01+00:00", "timestamp_ms": 1465581301000}}, {"type": "Feature", "geometry": {"type": "Point", "coordinates": [-71.09617852953305, 42.32950505915262]}, "properties": {"street": "COLUMBUS AVE", "location_type": "Street", "dispatch_ts": "2023-04-14T21:46:17+00:00", "timestamp_ms": 1681508777000}}, {"type": "Feature", "geometry": {"type": "Point", "coordinates": [-71.07264227387566, 42.35044478611902]}, "properties": {"street": null, "location_type": "Intersection", "dispatch_ts": "2017-04-23T13:47:38+00:00", "timestamp_ms": 1492955258000}}, {"type": "Feature", "geometry": {"type": "Point", "coordinates": [-71.11000571791561, 42.312762064652176]}, "properties": {"street": "CHESTNUT AVE", "location_type": "Street", "dispatch_ts": "2016-05-26T22:04:01+00:00", "timestamp_ms": 1464300241000}}, {"type": "Feature", "geometry": {"type": "Point", "coordinates": [-71.08578424881854, 42.34192590077281]}, "properties": {"street": "HUNTINGTON AVE", "location_type": "Street", "dispatch_ts": "2017-10-24T23:09:20+00:00", "timestamp_ms": 1508886560000}}, {"type": "Feature", "geometry": {"type": "Point", "coordinates": [-71.09246495867646, 42.321319447503]}, "properties": {"street": null, "location_type": "Intersection", "dispatch_ts": "2017-06-14T14:18:44+00:00", "timestamp_ms": 1497449924000}}, {"type": "Feature", "geometry": {"type": "Point", "coordinates": [-71.09162933343781, 42.35028253854257]}, "properties": {"street": null, "location_type": "Intersection", "dispatch_ts": "2024-09-05T20:34:43+00:00", "timestamp_ms": 1725568483000}}, {"type": "Feature", "geometry": {"type": "Point", "coordinates": [-71.10315921260327, 42.319450400533974]}, "properties": {"street": null, "location_type": "Intersection", "dispatch_ts": "2017-07-07T16:36:28+00:00", "timestamp_ms": 1499445388000}}, {"type": "Feature", "geometry": {"type": "Point", "coordinates": [-71.05375115218736, 42.36081120252193]}, "properties": {"street": null, "location_type": "Intersection", "dispatch_ts": "2015-09-14T12:45:22+00:00", "timestamp_ms": 1442234722000}}, {"type": "Feature", "geometry": {"type": "Point", "coordinates": [-71.0285707305508, 42.377773905328]}, "properties": {"street": null, "location_type": "Intersection", "dispatch_ts": "2015-10-09T15:53:30+00:00", "timestamp_ms": 1444406010000}}, {"type": "Feature", "geometry": {"type": "Point", "coordinates": [-71.09752951715414, 42.33093594459646]}, "properties": {"street": "PARKER ST", "location_type": "Street", "dispatch_ts": "2019-01-15T15:16:38+00:00", "timestamp_ms": 1547565398000}}, {"type": "Feature", "geometry": {"type": "Point", "coordinates": [-71.07881859941854, 42.340125762574345]}, "properties": {"street": null, "location_type": "Intersection", "dispatch_ts": "2016-10-08T18:22:11+00:00", "timestamp_ms": 1475950931000}}, {"type": "Feature", "geometry": {"type": "Point", "coordinates": [-71.04823057559207, 42.31998301092738]}, "properties": {"street": "MOUNT VERNON ST", "location_type": "Street", "dispatch_ts": "2018-06-01T21:32:26+00:00", "timestamp_ms": 1527888746000}}, {"type": "Feature", "geometry": {"type": "Point", "coordinates": [-71.05938914782281, 42.351100192400935]}, "properties": {"street": null, "location_type": "Intersection", "dispatch_ts": "2024-08-20T21:29:43+00:00", "timestamp_ms": 1724189383000}}, {"type": "Feature", "geometry": {"type": "Point", "coordinates": [-71.16778339619688, 42.35068119154766]}, "properties": {"street": null, "location_type": "Intersection", "dispatch_ts": "2015-07-10T12:17:00+00:00", "timestamp_ms": 1436530620000}}, {"type": "Feature", "geometry": {"type": "Point", "coordinates": [-71.08085287311532, 42.30566467089525]}, "properties": {"street": "WASHINGTON ST", "location_type": "Street", "dispatch_ts": "2017-06-23T21:51:20+00:00", "timestamp_ms": 1498254680000}}, {"type": "Feature", "geometry": {"type": "Point", "coordinates": [-71.07346021786326, 42.33356601748208]}, "properties": {"street": null, "location_type": "Intersection", "dispatch_ts": "2022-03-19T02:14:39+00:00", "timestamp_ms": 1647656079000}}, {"type": "Feature", "geometry": {"type": "Point", "coordinates": [-71.0759546962682, 42.3008702217321]}, "properties": {"street": null, "location_type": "Intersection", "dispatch_ts": "2020-10-31T02:38:47+00:00", "timestamp_ms": 1604111927000}}, {"type": "Feature", "geometry": {"type": "Point", "coordinates": [-71.11338621046123, 42.30599920759537]}, "properties": {"street": "MCBRIDE ST", "location_type": "Street", "dispatch_ts": "2021-06-04T19:28:06+00:00", "timestamp_ms": 1622834886000}}, {"type": "Feature", "geometry": {"type": "Point", "coordinates": [-71.1204594426327, 42.24332191944787]}, "properties": {"street": "GARFIELD AVE", "location_type": "Street", "dispatch_ts": "2016-08-22T20:01:33+00:00", "timestamp_ms": 1471896093000}}, {"type": "Feature", "geometry": {"type": "Point", "coordinates": [-71.15710509002695, 42.349060720222624]}, "properties": {"street": null, "location_type": "Intersection", "dispatch_ts": "2025-10-06T21:28:23+00:00", "timestamp_ms": 1759786103000}}, {"type": "Feature", "geometry": {"type": "Point", "coordinates": [-71.06941647729512, 42.33196395967507]}, "properties": {"street": "SOUTHAMPTON ST", "location_type": "Street", "dispatch_ts": "2024-10-25T01:27:59+00:00", "timestamp_ms": 1729819679000}}, {"type": "Feature", "geometry": {"type": "Point", "coordinates": [-71.05242661687485, 42.324365370416515]}, "properties": {"street": null, "location_type": "Intersection", "dispatch_ts": "2024-02-12T00:00:11+00:00", "timestamp_ms": 1707696011000}}, {"type": "Feature", "geometry": {"type": "Point", "coordinates": [-71.07123312954977, 42.2719603741197]}, "properties": {"street": null, "location_type": "Intersection", "dispatch_ts": "2023-10-14T14:43:36+00:00", "timestamp_ms": 1697294616000}}, {"type": "Feature", "geometry": {"type": "Point", "coordinates": [-71.12877385359675, 42.251953392444776]}, "properties": {"street": "BUSINESS ST", "location_type": "Street", "dispatch_ts": "2015-06-04T15:33:26+00:00", "timestamp_ms": 1433432006000}}, {"type": "Feature", "geometry": {"type": "Point", "coordinates": [-71.0850258466602, 42.34284918462784]}, "properties": {"street": null, "location_type": "Intersection", "dispatch_ts": "2022-05-10T21:04:35+00:00", "timestamp_ms": 1652216675000}}, {"type": "Feature", "geometry": {"type": "Point", "coordinates": [-71.05570160861973, 42.37259609914598]}, "properties": {"street": "THIRD ST", "location_type": "Street", "dispatch_ts": "2019-06-01T22:18:44+00:00", "timestamp_ms": 1559427524000}}, {"type": "Feature", "geometry": {"type": "Point", "coordinates": [-71.13915079280395, 42.291798585801814]}, "properties": {"street": null, "location_type": "Intersection", "dispatch_ts": "2015-06-04T11:31:28+00:00", "timestamp_ms": 1433417488000}}, {"type": "Feature", "geometry": {"type": "Point", "coordinates": [-71.15304809826502, 42.3451264586891]}, "properties": {"street": null, "location_type": "Intersection", "dispatch_ts": "2016-08-03T17:36:51+00:00", "timestamp_ms": 1470245811000}}, {"type": "Feature", "geometry": {"type": "Point", "coordinates": [-71.08683074634197, 42.34546463341209]}, "properties": {"street": null, "location_type": "Intersection", "dispatch_ts": "2019-04-15T20:29:07+00:00", "timestamp_ms": 1555360147000}}, {"type": "Feature", "geometry": {"type": "Point", "coordinates": [-71.1068962243591, 42.28751214132433]}, "properties": {"street": "AMERICAN LEGION HWY", "location_type": "Street", "dispatch_ts": "2018-09-02T07:46:13+00:00", "timestamp_ms": 1535874373000}}, {"type": "Feature", "geometry": {"type": "Point", "coordinates": [-71.07823559839973, 42.32254926845893]}, "properties": {"street": "PERRIN ST", "location_type": "Street", "dispatch_ts": "2025-09-30T22:49:28+00:00", "timestamp_ms": 1759272568000}}, {"type": "Feature", "geometry": {"type": "Point", "coordinates": [-71.11132406903057, 42.3301482408998]}, "properties": {"street": "HUNTINGTON AVE", "location_type": "Street", "dispatch_ts": "2024-10-28T16:07:53+00:00", "timestamp_ms": 1730131673000}}, {"type": "Feature", "geometry": {"type": "Point", "coordinates": [-71.098390266271, 42.32494158672127]}, "properties": {"street": null, "location_type": "Intersection", "dispatch_ts": "2023-10-31T10:26:02+00:00", "timestamp_ms": 1698747962000}}, {"type": "Feature", "geometry": {"type": "Point", "coordinates": [-71.13251731720355, 42.37195523453768]}, "properties": {"street": null, "location_type": "Other", "dispatch_ts": "2018-02-13T00:29:55+00:00", "timestamp_ms": 1518481795000}}, {"type": "Feature", "geometry": {"type": "Point", "coordinates": [-71.07461686927782, 42.324640347316226]}, "properties": {"street": "DUDLEY ST", "location_type": "Street", "dispatch_ts": "2024-08-28T23:52:47+00:00", "timestamp_ms": 1724889167000}}, {"type": "Feature", "geometry": {"type": "Point", "coordinates": [-71.07377121387327, 42.383933900770366]}, "properties": {"street": null, "location_type": "Intersection", "dispatch_ts": "2023-08-23T12:57:53+00:00", "timestamp_ms": 1692795473000}}, {"type": "Feature", "geometry": {"type": "Point", "coordinates": [-71.09672716071056, 42.34876451600292]}, "properties": {"street": "COMMONWEALTH AVE", "location_type": "Street", "dispatch_ts": "2017-02-28T03:54:49+00:00", "timestamp_ms": 1488254089000}}, {"type": "Feature", "geometry": {"type": "Point", "coordinates": [-71.09439938726126, 42.318217881056874]}, "properties": {"street": "CODMAN PARK", "location_type": "Street", "dispatch_ts": "2023-10-14T15:40:39+00:00", "timestamp_ms": 1697298039000}}, {"type": "Feature", "geometry": {"type": "Point", "coordinates": [-71.10400797916209, 42.31000093815088]}, "properties": {"street": "WASHINGTON ST", "location_type": "Street", "dispatch_ts": "2023-08-03T00:59:18+00:00", "timestamp_ms": 1691024358000}}, {"type": "Feature", "geometry": {"type": "Point", "coordinates": [-71.05132313056424, 42.357891207343776]}, "properties": {"street": null, "location_type": "Intersection", "dispatch_ts": "2015-06-27T20:50:35+00:00", "timestamp_ms": 1435438235000}}, {"type": "Feature", "geometry": {"type": "Point", "coordinates": [-71.12112281728325, 42.35258347993819]}, "properties": {"street": "BABCOCK ST", "location_type": "Street", "dispatch_ts": "2024-07-13T05:47:19+00:00", "timestamp_ms": 1720849639000}}, {"type": "Feature", "geometry": {"type": "Point", "coordinates": [-71.07188119640257, 42.33278458171752]}, "properties": {"street": null, "location_type": "Other", "dispatch_ts": "2019-07-17T05:19:40+00:00", "timestamp_ms": 1563340780000}}, {"type": "Feature", "geometry": {"type": "Point", "coordinates": [-71.05288183108644, 42.36572806343412]}, "properties": {"street": "HANOVER ST", "location_type": "Street", "dispatch_ts": "2023-09-10T10:34:40+00:00", "timestamp_ms": 1694342080000}}, {"type": "Feature", "geometry": {"type": "Point", "coordinates": [-71.0635967261972, 42.29876555934294]}, "properties": {"street": "GENEVA AVE", "location_type": "Street", "dispatch_ts": "2015-09-09T00:12:02+00:00", "timestamp_ms": 1441757522000}}, {"type": "Feature", "geometry": {"type": "Point", "coordinates": [-71.11234561342147, 42.27612617415904]}, "properties": {"street": "CUMMINS HWY", "location_type": "Street", "dispatch_ts": "2019-04-25T00:46:10+00:00", "timestamp_ms": 1556153170000}}, {"type": "Feature", "geometry": {"type": "Point", "coordinates": [-71.11574637914951, 42.35122675187151]}, "properties": {"street": null, "location_type": "Intersection", "dispatch_ts": "2024-04-09T19:50:04+00:00", "timestamp_ms": 1712692204000}}, {"type": "Feature", "geometry": {"type": "Point", "coordinates": [-71.10991095443079, 42.34032049983787]}, "properties": {"street": null, "location_type": "Intersection", "dispatch_ts": "2016-08-21T12:26:19+00:00", "timestamp_ms": 1471782379000}}, {"type": "Feature", "geometry": {"type": "Point", "coordinates": [-71.09652519438909, 42.32623134280982]}, "properties": {"street": null, "location_type": "Intersection", "dispatch_ts": "2017-05-29T04:48:49+00:00", "timestamp_ms": 1496033329000}}, {"type": "Feature", "geometry": {"type": "Point", "coordinates": [-71.09162933343781, 42.35028253854257]}, "properties": {"street": null, "location_type": "Intersection", "dispatch_ts": "2017-02-28T22:29:18+00:00", "timestamp_ms": 1488320958000}}, {"type": "Feature", "geometry": {"type": "Point", "coordinates": [-71.05082820080483, 42.33882404580702]}, "properties": {"street": null, "location_type": "Intersection", "dispatch_ts": "2015-09-20T16:11:16+00:00", "timestamp_ms": 1442765476000}}, {"type": "Feature", "geometry": {"type": "Point", "coordinates": [-71.1079743768336, 42.28861911794901]}, "properties": {"street": "WALK HILL ST", "location_type": "Street", "dispatch_ts": "2025-09-27T03:34:43+00:00", "timestamp_ms": 1758944083000}}, {"type": "Feature", "geometry": {"type": "Point", "coordinates": [-71.10613267340098, 42.33826806953282]}, "properties": {"street": null, "location_type": "Intersection", "dispatch_ts": "2015-09-25T14:01:57+00:00", "timestamp_ms": 1443189717000}}, {"type": "Feature", "geometry": {"type": "Point", "coordinates": [-71.10597604034216, 42.348418618756405]}, "properties": {"street": null, "location_type": "Intersection", "dispatch_ts": "2020-08-30T18:02:54+00:00", "timestamp_ms": 1598810574000}}, {"type": "Feature", "geometry": {"type": "Point", "coordinates": [-71.10131695429628, 42.33297522820264]}, "properties": {"street": null, "location_type": "Intersection", "dispatch_ts": "2020-12-13T21:13:09+00:00", "timestamp_ms": 1607893989000}}, {"type": "Feature", "geometry": {"type": "Point", "coordinates": [-71.05371372165156, 42.321385630403135]}, "properties": {"street": null, "location_type": "Intersection", "dispatch_ts": "2018-05-09T05:46:20+00:00", "timestamp_ms": 1525844780000}}, {"type": "Feature", "geometry": {"type": "Point", "coordinates": [-71.05846015948089, 42.36428520063309]}, "properties": {"street": null, "location_type": "Intersection", "dispatch_ts": "2022-10-03T02:31:35+00:00", "timestamp_ms": 1664764295000}}, {"type": "Feature", "geometry": {"type": "Point", "coordinates": [-71.0674064725926, 42.31462346908519]}, "properties": {"street": null, "location_type": "Intersection", "dispatch_ts": "2024-12-02T20:50:24+00:00", "timestamp_ms": 1733172624000}}, {"type": "Feature", "geometry": {"type": "Point", "coordinates": [-71.12396113041314, 42.25644520097543]}, "properties": {"street": "HYDE PARK AVE", "location_type": "Street", "dispatch_ts": "2017-10-24T22:06:16+00:00", "timestamp_ms": 1508882776000}}, {"type": "Feature", "geometry": {"type": "Point", "coordinates": [-71.10605232311909, 42.34005182528552]}, "properties": {"street": "BROOKLINE AVE", "location_type": "Street", "dispatch_ts": "2024-04-13T20:00:52+00:00", "timestamp_ms": 1713038452000}}, {"type": "Feature", "geometry": {"type": "Point", "coordinates": [-71.09610229186325, 42.33165494923722]}, "properties": {"street": null, "location_type": "Intersection", "dispatch_ts": "2015-07-22T20:37:28+00:00", "timestamp_ms": 1437597448000}}, {"type": "Feature", "geometry": {"type": "Point", "coordinates": [-71.06222819985342, 42.371908286857554]}, "properties": {"street": "CITY SQ", "location_type": "Street", "dispatch_ts": "2023-10-03T20:35:29+00:00", "timestamp_ms": 1696365329000}}, {"type": "Feature", "geometry": {"type": "Point", "coordinates": [-71.05840263995944, 42.30767538847119]}, "properties": {"street": null, "location_type": "Intersection", "dispatch_ts": "2016-04-05T12:59:16+00:00", "timestamp_ms": 1459861156000}}, {"type": "Feature", "geometry": {"type": "Point", "coordinates": [-71.10624455689903, 42.33286937362665]}, "properties": {"street": "WAIT ST", "location_type": "Street", "dispatch_ts": "2017-09-01T02:20:16+00:00", "timestamp_ms": 1504232416000}}, {"type": "Feature", "geometry": {"type": "Point", "coordinates": [-71.05259498002174, 42.32881533450684]}, "properties": {"street": "OLD COLONY AVE", "location_type": "Street", "dispatch_ts": "2021-06-21T22:25:02+00:00", "timestamp_ms": 1624314302000}}, {"type": "Feature", "geometry": {"type": "Point", "coordinates": [-71.08701122709405, 42.28158103626234]}, "properties": {"street": null, "location_type": "Intersection", "dispatch_ts": "2016-08-19T00:51:08+00:00", "timestamp_ms": 1471567868000}}, {"type": "Feature", "geometry": {"type": "Point", "coordinates": [-71.07079143738089, 42.362095129651074]}, "properties": {"street": "CHARLES ST", "location_type": "Street", "dispatch_ts": "2018-07-24T21:26:39+00:00", "timestamp_ms": 1532467599000}}, {"type": "Feature", "geometry": {"type": "Point", "coordinates": [-71.08773574910583, 42.347297506470184]}, "properties": {"street": null, "location_type": "Intersection", "dispatch_ts": "2025-08-25T15:33:33+00:00", "timestamp_ms": 1756136013000}}, {"type": "Feature", "geometry": {"type": "Point", "coordinates": [-71.1355277597489, 42.279562744120504]}, "properties": {"street": null, "location_type": "Intersection", "dispatch_ts": "2022-10-06T18:36:21+00:00", "timestamp_ms": 1665081381000}}, {"type": "Feature", "geometry": {"type": "Point", "coordinates": [-71.11553487158675, 42.30931890168424]}, "properties": {"street": null, "location_type": "Intersection", "dispatch_ts": "2016-07-07T16:28:32+00:00", "timestamp_ms": 1467908912000}}, {"type": "Feature", "geometry": {"type": "Point", "coordinates": [-71.05316010336027, 42.35161158611592]}, "properties": {"street": "SUMMER ST", "location_type": "Street", "dispatch_ts": "2019-06-28T22:19:49+00:00", "timestamp_ms": 1561760389000}}, {"type": "Feature", "geometry": {"type": "Point", "coordinates": [-71.06999586092593, 42.33053602243401]}, "properties": {"street": null, "location_type": "Intersection", "dispatch_ts": "2021-08-07T13:01:00+00:00", "timestamp_ms": 1628341260000}}, {"type": "Feature", "geometry": {"type": "Point", "coordinates": [-71.07031959653592, 42.33882308145198]}, "properties": {"street": null, "location_type": "Intersection", "dispatch_ts": "2017-05-01T17:46:20+00:00", "timestamp_ms": 1493660780000}}, {"type": "Feature", "geometry": {"type": "Point", "coordinates": [-71.03463116970192, 42.34634999648576]}, "properties": {"street": "NORTHERN AVE", "location_type": "Street", "dispatch_ts": "2017-10-11T21:08:04+00:00", "timestamp_ms": 1507756084000}}, {"type": "Feature", "geometry": {"type": "Point", "coordinates": [-71.1141792185234, 42.31230785377189]}, "properties": {"street": null, "location_type": "Intersection", "dispatch_ts": "2019-04-26T22:45:18+00:00", "timestamp_ms": 1556318718000}}, {"type": "Feature", "geometry": {"type": "Point", "coordinates": [-71.09053140741166, 42.3488458952179]}, "properties": {"street": "COMMONWEALTH AVE", "location_type": "Street", "dispatch_ts": "2024-05-09T21:58:20+00:00", "timestamp_ms": 1715291900000}}, {"type": "Feature", "geometry": {"type": "Point", "coordinates": [-71.05320541276865, 42.35606764910959]}, "properties": {"street": null, "location_type": "Intersection", "dispatch_ts": "2023-07-10T22:11:07+00:00", "timestamp_ms": 1689027067000}}, {"type": "Feature", "geometry": {"type": "Point", "coordinates": [-71.07616239461876, 42.352644170415445]}, "properties": {"street": null, "location_type": "Intersection", "dispatch_ts": "2024-11-24T20:27:40+00:00", "timestamp_ms": 1732480060000}}, {"type": "Feature", "geometry": {"type": "Point", "coordinates": [-71.0757154084846, 42.32838824260216]}, "properties": {"street": "DUBOIS ST", "location_type": "Street", "dispatch_ts": "2022-10-28T11:07:22+00:00", "timestamp_ms": 1666955242000}}, {"type": "Feature", "geometry": {"type": "Point", "coordinates": [-71.05131013453179, 42.32140313732133]}, "properties": {"street": null, "location_type": "Intersection", "dispatch_ts": "2016-07-15T09:34:57+00:00", "timestamp_ms": 1468575297000}}, {"type": "Feature", "geometry": {"type": "Point", "coordinates": [-71.05726142045955, 42.31274005744189]}, "properties": {"street": "DORCHESTER AVE", "location_type": "Street", "dispatch_ts": "2024-05-31T23:37:26+00:00", "timestamp_ms": 1717198646000}}, {"type": "Feature", "geometry": {"type": "Point", "coordinates": [-71.03548938162207, 42.33816144991679]}, "properties": {"street": null, "location_type": "Intersection", "dispatch_ts": "2023-07-26T16:29:23+00:00", "timestamp_ms": 1690388963000}}, {"type": "Feature", "geometry": {"type": "Point", "coordinates": [-71.05541994085277, 42.35260486988443]}, "properties": {"street": null, "location_type": "Intersection", "dispatch_ts": "2025-10-23T21:08:47+00:00", "timestamp_ms": 1761253727000}}, {"type": "Feature", "geometry": {"type": "Point", "coordinates": [-71.077315301106, 42.3501121863815]}, "properties": {"street": null, "location_type": "Intersection", "dispatch_ts": "2018-07-19T21:09:52+00:00", "timestamp_ms": 1532034592000}}, {"type": "Feature", "geometry": {"type": "Point", "coordinates": [-71.0672283549626, 42.351817265336386]}, "properties": {"street": "PARK PLZ", "location_type": "Street", "dispatch_ts": "2024-02-19T06:14:20+00:00", "timestamp_ms": 1708323260000}}, {"type": "Feature", "geometry": {"type": "Point", "coordinates": [-71.07170161661307, 42.29128914815883]}, "properties": {"street": "WASHINGTON ST", "location_type": "Street", "dispatch_ts": "2018-04-02T19:19:19+00:00", "timestamp_ms": 1522696759000}}, {"type": "Feature", "geometry": {"type": "Point", "coordinates": [-71.1371836940347, 42.34706146872066]}, "properties": {"street": null, "location_type": "Intersection", "dispatch_ts": "2015-11-24T00:02:10+00:00", "timestamp_ms": 1448323330000}}, {"type": "Feature", "geometry": {"type": "Point", "coordinates": [-71.088641463287, 42.34915419274428]}, "properties": {"street": null, "location_type": "Intersection", "dispatch_ts": "2021-10-29T21:20:31+00:00", "timestamp_ms": 1635542431000}}, {"type": "Feature", "geometry": {"type": "Point", "coordinates": [-71.06473365265816, 42.34318483091871]}, "properties": {"street": "HARRISON AVE", "location_type": "Street", "dispatch_ts": "2018-10-06T21:31:37+00:00", "timestamp_ms": 1538861497000}}, {"type": "Feature", "geometry": {"type": "Point", "coordinates": [-71.09437514443358, 42.331421903284216]}, "properties": {"street": null, "location_type": "Intersection", "dispatch_ts": "2017-08-11T13:50:32+00:00", "timestamp_ms": 1502459432000}}, {"type": "Feature", "geometry": {"type": "Point", "coordinates": [-71.14567950957913, 42.35420822345392]}, "properties": {"street": "MURDOCK ST", "location_type": "Street", "dispatch_ts": "2023-12-09T23:27:39+00:00", "timestamp_ms": 1702164459000}}, {"type": "Feature", "geometry": {"type": "Point", "coordinates": [-71.12551349031853, 42.28766663463495]}, "properties": {"street": "BEXLEY RD", "location_type": "Street", "dispatch_ts": "2017-07-11T17:54:17+00:00", "timestamp_ms": 1499795657000}}, {"type": "Feature", "geometry": {"type": "Point", "coordinates": [-71.07201818804987, 42.33262014368461]}, "properties": {"street": null, "location_type": "Intersection", "dispatch_ts": "2023-12-23T19:30:44+00:00", "timestamp_ms": 1703359844000}}, {"type": "Feature", "geometry": {"type": "Point", "coordinates": [-71.06073502712391, 42.29830012975884]}, "properties": {"street": "DORCHESTER AVE", "location_type": "Street", "dispatch_ts": "2024-09-17T14:06:26+00:00", "timestamp_ms": 1726581986000}}, {"type": "Feature", "geometry": {"type": "Point", "coordinates": [-71.05651514498877, 42.35063792580104]}, "properties": {"street": "ATLANTIC AVE", "location_type": "Street", "dispatch_ts": "2019-01-08T21:39:23+00:00", "timestamp_ms": 1546983563000}}, {"type": "Feature", "geometry": {"type": "Point", "coordinates": [-71.09854380311236, 42.315542270374]}, "properties": {"street": "WASHINGTON ST", "location_type": "Street", "dispatch_ts": "2018-07-22T00:08:19+00:00", "timestamp_ms": 1532218099000}}, {"type": "Feature", "geometry": {"type": "Point", "coordinates": [-71.12456295971587, 42.289786584364045]}, "properties": {"street": "WASHINGTON ST", "location_type": "Street", "dispatch_ts": "2022-07-17T18:36:59+00:00", "timestamp_ms": 1658083019000}}, {"type": "Feature", "geometry": {"type": "Point", "coordinates": [-71.11574637914951, 42.35122675187151]}, "properties": {"street": null, "location_type": "Intersection", "dispatch_ts": "2021-07-01T20:16:43+00:00", "timestamp_ms": 1625170603000}}, {"type": "Feature", "geometry": {"type": "Point", "coordinates": [-71.10247878389598, 42.29245849521882]}, "properties": {"street": null, "location_type": "Intersection", "dispatch_ts": "2021-05-27T21:10:22+00:00", "timestamp_ms": 1622149822000}}, {"type": "Feature", "geometry": {"type": "Point", "coordinates": [-71.07556121537029, 42.31941680301341]}, "properties": {"street": "JULIAN ST", "location_type": "Street", "dispatch_ts": "2021-08-19T17:35:11+00:00", "timestamp_ms": 1629394511000}}, {"type": "Feature", "geometry": {"type": "Point", "coordinates": [-71.09337520578886, 42.27703520142993]}, "properties": {"street": null, "location_type": "Intersection", "dispatch_ts": "2022-09-11T00:56:34+00:00", "timestamp_ms": 1662857794000}}, {"type": "Feature", "geometry": {"type": "Point", "coordinates": [-71.05889499884663, 42.36743200767938]}, "properties": {"street": "WASHINGTON ST", "location_type": "Street", "dispatch_ts": "2017-04-10T22:46:04+00:00", "timestamp_ms": 1491864364000}}, {"type": "Feature", "geometry": {"type": "Point", "coordinates": [-71.06123659774454, 42.36099545584348]}, "properties": {"street": null, "location_type": "Intersection", "dispatch_ts": "2024-10-31T12:37:12+00:00", "timestamp_ms": 1730378232000}}, {"type": "Feature", "geometry": {"type": "Point", "coordinates": [-71.09008649682575, 42.352125221541854]}, "properties": {"street": null, "location_type": "Other", "dispatch_ts": "2016-06-18T02:43:20+00:00", "timestamp_ms": 1466217800000}}, {"type": "Feature", "geometry": {"type": "Point", "coordinates": [-71.08991017846118, 42.3126404244271]}, "properties": {"street": null, "location_type": "Intersection", "dispatch_ts": "2019-02-22T21:11:32+00:00", "timestamp_ms": 1550869892000}}, {"type": "Feature", "geometry": {"type": "Point", "coordinates": [-71.05416601340971, 42.278952629513384]}, "properties": {"street": null, "location_type": "Intersection", "dispatch_ts": "2015-07-19T21:53:11+00:00", "timestamp_ms": 1437342791000}}, {"type": "Feature", "geometry": {"type": "Point", "coordinates": [-71.14995222567173, 42.35480988929018]}, "properties": {"street": null, "location_type": "Intersection", "dispatch_ts": "2025-05-28T16:00:28+00:00", "timestamp_ms": 1748448028000}}, {"type": "Feature", "geometry": {"type": "Point", "coordinates": [-71.11410491547647, 42.31461092733042]}, "properties": {"street": null, "location_type": "Intersection", "dispatch_ts": "2018-09-12T23:21:04+00:00", "timestamp_ms": 1536794464000}}, {"type": "Feature", "geometry": {"type": "Point", "coordinates": [-71.1452453603343, 42.361582202765035]}, "properties": {"street": null, "location_type": "Intersection", "dispatch_ts": "2021-09-06T21:28:30+00:00", "timestamp_ms": 1630963710000}}, {"type": "Feature", "geometry": {"type": "Point", "coordinates": [-71.08793094209352, 42.34582606054316]}, "properties": {"street": "EDGERLY RD", "location_type": "Street", "dispatch_ts": "2018-04-11T17:41:16+00:00", "timestamp_ms": 1523468476000}}, {"type": "Feature", "geometry": {"type": "Point", "coordinates": [-71.15756191443845, 42.35730521517919]}, "properties": {"street": null, "location_type": "Intersection", "dispatch_ts": "2025-08-15T21:34:05+00:00", "timestamp_ms": 1755293645000}}, {"type": "Feature", "geometry": {"type": "Point", "coordinates": [-71.09955133350748, 42.3356108083537]}, "properties": {"street": null, "location_type": "Intersection", "dispatch_ts": "2019-07-09T13:05:25+00:00", "timestamp_ms": 1562677525000}}, {"type": "Feature", "geometry": {"type": "Point", "coordinates": [-71.06214413868385, 42.35390875883925]}, "properties": {"street": null, "location_type": "Intersection", "dispatch_ts": "2023-01-16T21:40:09+00:00", "timestamp_ms": 1673905209000}}, {"type": "Feature", "geometry": {"type": "Point", "coordinates": [-71.05194613911776, 42.357914189512165]}, "properties": {"street": null, "location_type": "Intersection", "dispatch_ts": "2025-05-25T21:32:22+00:00", "timestamp_ms": 1748208742000}}, {"type": "Feature", "geometry": {"type": "Point", "coordinates": [-71.00022328403618, 42.38430563556003]}, "properties": {"street": "SARATOGA ST", "location_type": "Street", "dispatch_ts": "2023-07-11T22:12:06+00:00", "timestamp_ms": 1689113526000}}, {"type": "Feature", "geometry": {"type": "Point", "coordinates": [-71.07086895430434, 42.304616019966765]}, "properties": {"street": "BLAKEVILLE ST", "location_type": "Street", "dispatch_ts": "2024-09-02T21:28:03+00:00", "timestamp_ms": 1725312483000}}, {"type": "Feature", "geometry": {"type": "Point", "coordinates": [-71.03554440085088, 42.37614020686332]}, "properties": {"street": "BENNINGTON ST", "location_type": "Street", "dispatch_ts": "2018-03-01T00:42:35+00:00", "timestamp_ms": 1519864955000}}, {"type": "Feature", "geometry": {"type": "Point", "coordinates": [-71.10175726611169, 42.34751318843811]}, "properties": {"street": null, "location_type": "Intersection", "dispatch_ts": "2026-05-28T01:52:06+00:00", "timestamp_ms": 1779933126000}}, {"type": "Feature", "geometry": {"type": "Point", "coordinates": [-71.15023394171763, 42.336103522191344]}, "properties": {"street": "BEACON ST", "location_type": "Street", "dispatch_ts": "2023-04-05T21:51:12+00:00", "timestamp_ms": 1680731472000}}, {"type": "Feature", "geometry": {"type": "Point", "coordinates": [-71.1461828591374, 42.360899126443314]}, "properties": {"street": null, "location_type": "Intersection", "dispatch_ts": "2018-09-01T13:56:35+00:00", "timestamp_ms": 1535810195000}}, {"type": "Feature", "geometry": {"type": "Point", "coordinates": [-71.11018806403452, 42.328565412046515]}, "properties": {"street": "HEATH ST", "location_type": "Street", "dispatch_ts": "2015-09-11T16:24:54+00:00", "timestamp_ms": 1441988694000}}, {"type": "Feature", "geometry": {"type": "Point", "coordinates": [-71.11938190519433, 42.25186681947197]}, "properties": {"street": "TRUMAN PKWY", "location_type": "Street", "dispatch_ts": "2016-07-04T19:44:24+00:00", "timestamp_ms": 1467661464000}}, {"type": "Feature", "geometry": {"type": "Point", "coordinates": [-71.0721081195909, 42.29551315096727]}, "properties": {"street": null, "location_type": "Intersection", "dispatch_ts": "2021-11-14T05:04:11+00:00", "timestamp_ms": 1636866251000}}, {"type": "Feature", "geometry": {"type": "Point", "coordinates": [-71.11581932118241, 42.35100723755177]}, "properties": {"street": "COMMONWEALTH AVE", "location_type": "Street", "dispatch_ts": "2015-12-10T17:59:40+00:00", "timestamp_ms": 1449770380000}}, {"type": "Feature", "geometry": {"type": "Point", "coordinates": [-71.05681081706605, 42.32247978254373]}, "properties": {"street": "DORCHESTER AVE", "location_type": "Street", "dispatch_ts": "2017-09-08T19:13:08+00:00", "timestamp_ms": 1504897988000}}, {"type": "Feature", "geometry": {"type": "Point", "coordinates": [-71.13144203483283, 42.351184061426615]}, "properties": {"street": null, "location_type": "Intersection", "dispatch_ts": "2023-03-16T19:04:12+00:00", "timestamp_ms": 1678993452000}}, {"type": "Feature", "geometry": {"type": "Point", "coordinates": [-71.1139871597199, 42.3507930950227]}, "properties": {"street": "COMMONWEALTH AVE", "location_type": "Street", "dispatch_ts": "2024-10-29T15:02:42+00:00", "timestamp_ms": 1730214162000}}, {"type": "Feature", "geometry": {"type": "Point", "coordinates": [-71.0623881462013, 42.36812821267448]}, "properties": {"street": null, "location_type": "Other", "dispatch_ts": "2023-07-23T15:20:07+00:00", "timestamp_ms": 1690125607000}}, {"type": "Feature", "geometry": {"type": "Point", "coordinates": [-71.13989026063156, 42.24539330149408]}, "properties": {"street": "FAIRVIEW AVE", "location_type": "Street", "dispatch_ts": "2015-06-20T15:41:34+00:00", "timestamp_ms": 1434814894000}}, {"type": "Feature", "geometry": {"type": "Point", "coordinates": [-71.12579387649645, 42.288633210234195]}, "properties": {"street": null, "location_type": "Intersection", "dispatch_ts": "2026-04-29T21:26:01+00:00", "timestamp_ms": 1777497961000}}, {"type": "Feature", "geometry": {"type": "Point", "coordinates": [-71.05411725463388, 42.356490935537295]}, "properties": {"street": "FRANKLIN ST", "location_type": "Street", "dispatch_ts": "2015-10-01T19:43:24+00:00", "timestamp_ms": 1443728604000}}, {"type": "Feature", "geometry": {"type": "Point", "coordinates": [-71.1452453603343, 42.361582202765035]}, "properties": {"street": null, "location_type": "Intersection", "dispatch_ts": "2017-07-27T13:09:16+00:00", "timestamp_ms": 1501160956000}}, {"type": "Feature", "geometry": {"type": "Point", "coordinates": [-71.13987258678725, 42.359664896957064]}, "properties": {"street": "ANTWERP ST", "location_type": "Street", "dispatch_ts": "2024-08-11T01:18:22+00:00", "timestamp_ms": 1723339102000}}, {"type": "Feature", "geometry": {"type": "Point", "coordinates": [-71.12960882469709, 42.36331288032844]}, "properties": {"street": "HARVARD ST", "location_type": "Street", "dispatch_ts": "2024-08-12T22:23:23+00:00", "timestamp_ms": 1723501403000}}, {"type": "Feature", "geometry": {"type": "Point", "coordinates": [-71.15942238918666, 42.35913019989877]}, "properties": {"street": null, "location_type": "Intersection", "dispatch_ts": "2015-07-10T12:38:36+00:00", "timestamp_ms": 1436531916000}}, {"type": "Feature", "geometry": {"type": "Point", "coordinates": [-71.06729901814596, 42.34793508615041]}, "properties": {"street": null, "location_type": "Intersection", "dispatch_ts": "2021-08-02T21:06:54+00:00", "timestamp_ms": 1627938414000}}, {"type": "Feature", "geometry": {"type": "Point", "coordinates": [-71.05515900949173, 42.37445111534041]}, "properties": {"street": null, "location_type": "Intersection", "dispatch_ts": "2026-06-07T02:52:20+00:00", "timestamp_ms": 1780800740000}}, {"type": "Feature", "geometry": {"type": "Point", "coordinates": [-71.10253472497402, 42.31151159086565]}, "properties": {"street": null, "location_type": "Intersection", "dispatch_ts": "2022-05-12T01:43:21+00:00", "timestamp_ms": 1652319801000}}, {"type": "Feature", "geometry": {"type": "Point", "coordinates": [-71.06067335915063, 42.28881765776857]}, "properties": {"street": "MONSIGNOR PATRICK J. LYDON WAY", "location_type": "Street", "dispatch_ts": "2015-05-14T21:36:12+00:00", "timestamp_ms": 1431639372000}}, {"type": "Feature", "geometry": {"type": "Point", "coordinates": [-71.07509724425027, 42.33781187858496]}, "properties": {"street": "WASHINGTON ST", "location_type": "Street", "dispatch_ts": "2018-05-25T15:00:03+00:00", "timestamp_ms": 1527260403000}}, {"type": "Feature", "geometry": {"type": "Point", "coordinates": [-71.12284657540278, 42.28640682801171]}, "properties": {"street": "SYCAMORE ST", "location_type": "Street", "dispatch_ts": "2024-07-10T22:23:18+00:00", "timestamp_ms": 1720650198000}}, {"type": "Feature", "geometry": {"type": "Point", "coordinates": [-71.0903626770122, 42.29182502471545]}, "properties": {"street": "HARVARD ST", "location_type": "Street", "dispatch_ts": "2022-07-14T16:55:39+00:00", "timestamp_ms": 1657817739000}}, {"type": "Feature", "geometry": {"type": "Point", "coordinates": [-71.07596127984468, 42.334301176187886]}, "properties": {"street": "HARRISON AVE", "location_type": "Street", "dispatch_ts": "2025-09-22T17:42:21+00:00", "timestamp_ms": 1758562941000}}, {"type": "Feature", "geometry": {"type": "Point", "coordinates": [-71.08274163741525, 42.32861313791138]}, "properties": {"street": null, "location_type": "Intersection", "dispatch_ts": "2016-08-13T20:48:02+00:00", "timestamp_ms": 1471121282000}}, {"type": "Feature", "geometry": {"type": "Point", "coordinates": [-71.08452642790111, 42.33837651377575]}, "properties": {"street": "COLUMBUS AVE", "location_type": "Street", "dispatch_ts": "2025-11-19T19:45:30+00:00", "timestamp_ms": 1763581530000}}, {"type": "Feature", "geometry": {"type": "Point", "coordinates": [-71.10258228699901, 42.34580213339116]}, "properties": {"street": "FULLERTON ST", "location_type": "Street", "dispatch_ts": "2021-05-15T04:00:13+00:00", "timestamp_ms": 1621051213000}}, {"type": "Feature", "geometry": {"type": "Point", "coordinates": [-71.05215520932036, 42.35438849457216]}, "properties": {"street": "ATLANTIC AVE", "location_type": "Street", "dispatch_ts": "2019-06-14T21:25:24+00:00", "timestamp_ms": 1560547524000}}, {"type": "Feature", "geometry": {"type": "Point", "coordinates": [-71.11876330776754, 42.28550305953522]}, "properties": {"street": null, "location_type": "Intersection", "dispatch_ts": "2017-04-04T21:25:15+00:00", "timestamp_ms": 1491341115000}}, {"type": "Feature", "geometry": {"type": "Point", "coordinates": [-71.15140322916106, 42.33647434603828]}, "properties": {"street": "CHESTNUT HILL AVE", "location_type": "Street", "dispatch_ts": "2021-07-10T20:49:50+00:00", "timestamp_ms": 1625950190000}}, {"type": "Feature", "geometry": {"type": "Point", "coordinates": [-71.11000225202132, 42.32201412530426]}, "properties": {"street": null, "location_type": "Intersection", "dispatch_ts": "2024-12-09T00:09:22+00:00", "timestamp_ms": 1733702962000}}, {"type": "Feature", "geometry": {"type": "Point", "coordinates": [-71.08493259743702, 42.34655381971012]}, "properties": {"street": "DALTON ST", "location_type": "Street", "dispatch_ts": "2024-04-26T07:46:11+00:00", "timestamp_ms": 1714117571000}}, {"type": "Feature", "geometry": {"type": "Point", "coordinates": [-71.06717749022991, 42.377656715130584]}, "properties": {"street": null, "location_type": "Intersection", "dispatch_ts": "2019-10-10T12:17:42+00:00", "timestamp_ms": 1570709862000}}, {"type": "Feature", "geometry": {"type": "Point", "coordinates": [-71.05476337569299, 42.34134211281312]}, "properties": {"street": "BROADWAY ", "location_type": "Street", "dispatch_ts": "2019-06-28T12:42:26+00:00", "timestamp_ms": 1561725746000}}, {"type": "Feature", "geometry": {"type": "Point", "coordinates": [-71.0776413921357, 42.336004963994455]}, "properties": {"street": null, "location_type": "Intersection", "dispatch_ts": "2015-07-02T17:22:03+00:00", "timestamp_ms": 1435857723000}}, {"type": "Feature", "geometry": {"type": "Point", "coordinates": [-71.05803538658006, 42.30931600093535]}, "properties": {"street": "DORCHESTER AVE", "location_type": "Street", "dispatch_ts": "2020-09-07T21:29:20+00:00", "timestamp_ms": 1599514160000}}, {"type": "Feature", "geometry": {"type": "Point", "coordinates": [-71.07250463622503, 42.38387843612744]}, "properties": {"street": "MAIN ST", "location_type": "Street", "dispatch_ts": "2016-06-24T18:17:14+00:00", "timestamp_ms": 1466792234000}}, {"type": "Feature", "geometry": {"type": "Point", "coordinates": [-71.11530283126771, 42.35115595860822]}, "properties": {"street": "COMMONWEALTH AVE", "location_type": "Street", "dispatch_ts": "2023-10-22T18:19:37+00:00", "timestamp_ms": 1697998777000}}, {"type": "Feature", "geometry": {"type": "Point", "coordinates": [-71.0909706966076, 42.33120536704262]}, "properties": {"street": "MALCOLM X BLVD", "location_type": "Street", "dispatch_ts": "2017-02-23T23:01:43+00:00", "timestamp_ms": 1487890903000}}, {"type": "Feature", "geometry": {"type": "Point", "coordinates": [-71.08813477346843, 42.34811804821059]}, "properties": {"street": null, "location_type": "Intersection", "dispatch_ts": "2021-08-04T19:18:36+00:00", "timestamp_ms": 1628104716000}}, {"type": "Feature", "geometry": {"type": "Point", "coordinates": [-71.11079266254356, 42.30615999561309]}, "properties": {"street": null, "location_type": "Intersection", "dispatch_ts": "2024-09-12T17:55:52+00:00", "timestamp_ms": 1726163752000}}, {"type": "Feature", "geometry": {"type": "Point", "coordinates": [-71.08043932805592, 42.339326706988096]}, "properties": {"street": null, "location_type": "Intersection", "dispatch_ts": "2021-07-30T14:02:26+00:00", "timestamp_ms": 1627653746000}}, {"type": "Feature", "geometry": {"type": "Point", "coordinates": [-71.05650171707263, 42.36826121474807]}, "properties": {"street": "COMMERCIAL ST", "location_type": "Street", "dispatch_ts": "2026-06-28T21:30:59+00:00", "timestamp_ms": 1782682259000}}, {"type": "Feature", "geometry": {"type": "Point", "coordinates": [-71.08590446891365, 42.32586841721589]}, "properties": {"street": "AKRON ST", "location_type": "Street", "dispatch_ts": "2015-09-02T16:11:17+00:00", "timestamp_ms": 1441210277000}}, {"type": "Feature", "geometry": {"type": "Point", "coordinates": [-71.07072052990213, 42.358813281673896]}, "properties": {"street": null, "location_type": "Intersection", "dispatch_ts": "2018-07-28T16:45:54+00:00", "timestamp_ms": 1532796354000}}, {"type": "Feature", "geometry": {"type": "Point", "coordinates": [-71.07538230226844, 42.34862588827371]}, "properties": {"street": null, "location_type": "Intersection", "dispatch_ts": "2017-04-28T20:16:46+00:00", "timestamp_ms": 1493410606000}}, {"type": "Feature", "geometry": {"type": "Point", "coordinates": [-71.12522031938556, 42.352129184049474]}, "properties": {"street": null, "location_type": "Intersection", "dispatch_ts": "2024-10-18T23:54:51+00:00", "timestamp_ms": 1729295691000}}, {"type": "Feature", "geometry": {"type": "Point", "coordinates": [-71.06790196880588, 42.3667015364395]}, "properties": {"street": "LEVERETT CIR", "location_type": "Street", "dispatch_ts": "2023-10-15T20:12:19+00:00", "timestamp_ms": 1697400739000}}, {"type": "Feature", "geometry": {"type": "Point", "coordinates": [-71.10460030180887, 42.349872263996744]}, "properties": {"street": "COMMONWEALTH AVE", "location_type": "Street", "dispatch_ts": "2023-12-19T21:50:27+00:00", "timestamp_ms": 1703022627000}}, {"type": "Feature", "geometry": {"type": "Point", "coordinates": [-71.0802005531392, 42.31839636941689]}, "properties": {"street": "EDGEWOOD ST", "location_type": "Street", "dispatch_ts": "2016-09-02T21:39:04+00:00", "timestamp_ms": 1472852344000}}, {"type": "Feature", "geometry": {"type": "Point", "coordinates": [-71.09354124195102, 42.34626356910832]}, "properties": {"street": "BOYLSTON ST", "location_type": "Street", "dispatch_ts": "2018-10-23T02:14:09+00:00", "timestamp_ms": 1540260849000}}, {"type": "Feature", "geometry": {"type": "Point", "coordinates": [-71.0897306155816, 42.35137566639242]}, "properties": {"street": null, "location_type": "Intersection", "dispatch_ts": "2016-11-08T13:14:39+00:00", "timestamp_ms": 1478610879000}}, {"type": "Feature", "geometry": {"type": "Point", "coordinates": [-71.15039335433343, 42.33553916104743]}, "properties": {"street": null, "location_type": "Intersection", "dispatch_ts": "2022-05-15T14:48:55+00:00", "timestamp_ms": 1652626135000}}, {"type": "Feature", "geometry": {"type": "Point", "coordinates": [-71.06942855113641, 42.35623106527977]}, "properties": {"street": null, "location_type": "Intersection", "dispatch_ts": "2018-09-14T16:41:14+00:00", "timestamp_ms": 1536943274000}}, {"type": "Feature", "geometry": {"type": "Point", "coordinates": [-71.17734261375803, 42.28122490502203]}, "properties": {"street": "GARDNER ST", "location_type": "Street", "dispatch_ts": "2023-10-01T16:47:06+00:00", "timestamp_ms": 1696178826000}}, {"type": "Feature", "geometry": {"type": "Point", "coordinates": [-71.06312448345656, 42.289977879284926]}, "properties": {"street": "DORCHESTER AVE", "location_type": "Street", "dispatch_ts": "2015-07-26T17:53:11+00:00", "timestamp_ms": 1437933191000}}, {"type": "Feature", "geometry": {"type": "Point", "coordinates": [-71.11388850837422, 42.35098401309591]}, "properties": {"street": "COMMONWEALTH AVE", "location_type": "Street", "dispatch_ts": "2023-07-17T17:58:49+00:00", "timestamp_ms": 1689616729000}}, {"type": "Feature", "geometry": {"type": "Point", "coordinates": [-71.11218584228173, 42.32313375406967]}, "properties": {"street": null, "location_type": "Intersection", "dispatch_ts": "2023-05-30T20:34:15+00:00", "timestamp_ms": 1685478855000}}, {"type": "Feature", "geometry": {"type": "Point", "coordinates": [-71.09009925800886, 42.33525140345611]}, "properties": {"street": "RUGGLES ST", "location_type": "Street", "dispatch_ts": "2020-06-05T20:14:00+00:00", "timestamp_ms": 1591388040000}}, {"type": "Feature", "geometry": {"type": "Point", "coordinates": [-71.0944341557379, 42.31967747880921]}, "properties": {"street": "WASHINGTON ST", "location_type": "Street", "dispatch_ts": "2019-09-23T13:38:29+00:00", "timestamp_ms": 1569245909000}}, {"type": "Feature", "geometry": {"type": "Point", "coordinates": [-71.04096274204903, 42.34930967872144]}, "properties": {"street": "SEAPORT LN", "location_type": "Street", "dispatch_ts": "2015-08-18T12:06:00+00:00", "timestamp_ms": 1439899560000}}, {"type": "Feature", "geometry": {"type": "Point", "coordinates": [-71.08769089364783, 42.32619436843795]}, "properties": {"street": null, "location_type": "Intersection", "dispatch_ts": "2018-09-27T22:52:58+00:00", "timestamp_ms": 1538088778000}}, {"type": "Feature", "geometry": {"type": "Point", "coordinates": [-71.06313802272501, 42.355393667031045]}, "properties": {"street": "TREMONT ST", "location_type": "Street", "dispatch_ts": "2022-10-16T01:13:55+00:00", "timestamp_ms": 1665882835000}}, {"type": "Feature", "geometry": {"type": "Point", "coordinates": [-71.0969173786721, 42.348957442916095]}, "properties": {"street": null, "location_type": "Intersection", "dispatch_ts": "2017-10-30T21:15:30+00:00", "timestamp_ms": 1509398130000}}, {"type": "Feature", "geometry": {"type": "Point", "coordinates": [-71.08740015057107, 42.34663977833315]}, "properties": {"street": null, "location_type": "Intersection", "dispatch_ts": "2019-06-13T02:48:50+00:00", "timestamp_ms": 1560394130000}}, {"type": "Feature", "geometry": {"type": "Point", "coordinates": [-71.05204512445304, 42.355252749505226]}, "properties": {"street": null, "location_type": "Intersection", "dispatch_ts": "2022-04-13T20:26:46+00:00", "timestamp_ms": 1649881606000}}, {"type": "Feature", "geometry": {"type": "Point", "coordinates": [-71.05132313056424, 42.357891207343776]}, "properties": {"street": null, "location_type": "Intersection", "dispatch_ts": "2023-06-22T22:53:02+00:00", "timestamp_ms": 1687474382000}}, {"type": "Feature", "geometry": {"type": "Point", "coordinates": [-71.05879570318852, 42.378768149238525]}, "properties": {"street": "WALFORD WAY", "location_type": "Street", "dispatch_ts": "2015-07-31T21:49:37+00:00", "timestamp_ms": 1438379377000}}, {"type": "Feature", "geometry": {"type": "Point", "coordinates": [-71.11790651042809, 42.2960706375571]}, "properties": {"street": "WASHINGTON ST", "location_type": "Street", "dispatch_ts": "2016-03-24T14:26:24+00:00", "timestamp_ms": 1458829584000}}, {"type": "Feature", "geometry": {"type": "Point", "coordinates": [-71.05259099155035, 42.345071117674784]}, "properties": {"street": null, "location_type": "Intersection", "dispatch_ts": "2019-07-02T22:45:17+00:00", "timestamp_ms": 1562107517000}}, {"type": "Feature", "geometry": {"type": "Point", "coordinates": [-71.0759546962682, 42.3008702217321]}, "properties": {"street": null, "location_type": "Intersection", "dispatch_ts": "2021-08-01T19:09:45+00:00", "timestamp_ms": 1627844985000}}, {"type": "Feature", "geometry": {"type": "Point", "coordinates": [-71.13502159907041, 42.28002295555453]}, "properties": {"street": "WASHINGTON ST", "location_type": "Street", "dispatch_ts": "2025-04-29T17:33:54+00:00", "timestamp_ms": 1745948034000}}, {"type": "Feature", "geometry": {"type": "Point", "coordinates": [-71.13443780810853, 42.35324345446998]}, "properties": {"street": null, "location_type": "Intersection", "dispatch_ts": "2015-12-17T14:53:56+00:00", "timestamp_ms": 1450364036000}}, {"type": "Feature", "geometry": {"type": "Point", "coordinates": [-71.10382894791732, 42.322847220855714]}, "properties": {"street": "CENTRE ST", "location_type": "Street", "dispatch_ts": "2024-10-23T21:12:12+00:00", "timestamp_ms": 1729717932000}}, {"type": "Feature", "geometry": {"type": "Point", "coordinates": [-71.08704845767167, 42.29812323243154]}, "properties": {"street": null, "location_type": "Intersection", "dispatch_ts": "2021-05-10T20:45:15+00:00", "timestamp_ms": 1620679515000}}, {"type": "Feature", "geometry": {"type": "Point", "coordinates": [-71.10733135966284, 42.31002548732707]}, "properties": {"street": null, "location_type": "Intersection", "dispatch_ts": "2016-10-09T13:26:56+00:00", "timestamp_ms": 1476019616000}}, {"type": "Feature", "geometry": {"type": "Point", "coordinates": [-71.14064398823731, 42.34250098199409]}, "properties": {"street": "WASHINGTON ST", "location_type": "Street", "dispatch_ts": "2019-09-26T21:10:17+00:00", "timestamp_ms": 1569532217000}}, {"type": "Feature", "geometry": {"type": "Point", "coordinates": [-71.05806214949337, 42.36730021925989]}, "properties": {"street": null, "location_type": "Intersection", "dispatch_ts": "2016-10-20T10:56:01+00:00", "timestamp_ms": 1476960961000}}, {"type": "Feature", "geometry": {"type": "Point", "coordinates": [-71.16115353964337, 42.35163219474739]}, "properties": {"street": "BEECHCROFT ST", "location_type": "Street", "dispatch_ts": "2025-05-15T21:24:17+00:00", "timestamp_ms": 1747344257000}}, {"type": "Feature", "geometry": {"type": "Point", "coordinates": [-71.09235716936715, 42.33291213904815]}, "properties": {"street": null, "location_type": "Intersection", "dispatch_ts": "2020-06-03T00:27:08+00:00", "timestamp_ms": 1591144028000}}, {"type": "Feature", "geometry": {"type": "Point", "coordinates": [-71.06621212021332, 42.338683021697406]}, "properties": {"street": "ALBANY ST", "location_type": "Street", "dispatch_ts": "2023-05-21T18:53:28+00:00", "timestamp_ms": 1684695208000}}, {"type": "Feature", "geometry": {"type": "Point", "coordinates": [-71.12127952547488, 42.26467138757942]}, "properties": {"street": "HYDE PARK AVE", "location_type": "Street", "dispatch_ts": "2015-08-15T16:38:11+00:00", "timestamp_ms": 1439656691000}}, {"type": "Feature", "geometry": {"type": "Point", "coordinates": [-71.1490967223977, 42.356175205693965]}, "properties": {"street": null, "location_type": "Intersection", "dispatch_ts": "2016-11-09T21:52:12+00:00", "timestamp_ms": 1478728332000}}, {"type": "Feature", "geometry": {"type": "Point", "coordinates": [-71.0956614400289, 42.32768542703378]}, "properties": {"street": null, "location_type": "Intersection", "dispatch_ts": "2021-10-04T10:16:57+00:00", "timestamp_ms": 1633342617000}}, {"type": "Feature", "geometry": {"type": "Point", "coordinates": [-71.1270099982586, 42.35244894990395]}, "properties": {"street": "BRIGHTON AVE", "location_type": "Street", "dispatch_ts": "2022-10-18T23:24:24+00:00", "timestamp_ms": 1666135464000}}, {"type": "Feature", "geometry": {"type": "Point", "coordinates": [-71.06249250754156, 42.3430043858044]}, "properties": {"street": null, "location_type": "Intersection", "dispatch_ts": "2020-07-24T22:42:15+00:00", "timestamp_ms": 1595630535000}}, {"type": "Feature", "geometry": {"type": "Point", "coordinates": [-71.0850258466602, 42.34284918462784]}, "properties": {"street": null, "location_type": "Intersection", "dispatch_ts": "2022-08-12T14:13:08+00:00", "timestamp_ms": 1660313588000}}, {"type": "Feature", "geometry": {"type": "Point", "coordinates": [-71.07302573256756, 42.2984918823191]}, "properties": {"street": null, "location_type": "Intersection", "dispatch_ts": "2023-07-13T15:33:44+00:00", "timestamp_ms": 1689262424000}}, {"type": "Feature", "geometry": {"type": "Point", "coordinates": [-71.13315393225582, 42.349529209195666]}, "properties": {"street": "COMMONWEALTH AVE", "location_type": "Street", "dispatch_ts": "2023-10-25T01:37:22+00:00", "timestamp_ms": 1698197842000}}, {"type": "Feature", "geometry": {"type": "Point", "coordinates": [-71.12246037804748, 42.25009237667316]}, "properties": {"street": null, "location_type": "Intersection", "dispatch_ts": "2018-09-29T19:24:02+00:00", "timestamp_ms": 1538249042000}}, {"type": "Feature", "geometry": {"type": "Point", "coordinates": [-71.07882605585341, 42.31461443457508]}, "properties": {"street": null, "location_type": "Intersection", "dispatch_ts": "2020-11-06T20:53:33+00:00", "timestamp_ms": 1604696013000}}, {"type": "Feature", "geometry": {"type": "Point", "coordinates": [-71.06103916408678, 42.29722832026603]}, "properties": {"street": null, "location_type": "Intersection", "dispatch_ts": "2025-05-17T19:11:22+00:00", "timestamp_ms": 1747509082000}}, {"type": "Feature", "geometry": {"type": "Point", "coordinates": [-71.10323130029636, 42.26689280417995]}, "properties": {"street": "RALWOOD RD", "location_type": "Street", "dispatch_ts": "2017-04-12T05:40:15+00:00", "timestamp_ms": 1491975615000}}, {"type": "Feature", "geometry": {"type": "Point", "coordinates": [-71.06800670562625, 42.31324391798088]}, "properties": {"street": "COLUMBIA RD", "location_type": "Street", "dispatch_ts": "2016-07-01T02:43:04+00:00", "timestamp_ms": 1467340984000}}, {"type": "Feature", "geometry": {"type": "Point", "coordinates": [-71.05963642612298, 42.36548023406352]}, "properties": {"street": "BEVERLY ST", "location_type": "Street", "dispatch_ts": "2026-06-08T15:46:57+00:00", "timestamp_ms": 1780933617000}}, {"type": "Feature", "geometry": {"type": "Point", "coordinates": [-71.07816227864446, 42.31626121236708]}, "properties": {"street": null, "location_type": "Intersection", "dispatch_ts": "2019-07-30T00:17:40+00:00", "timestamp_ms": 1564445860000}}, {"type": "Feature", "geometry": {"type": "Point", "coordinates": [-71.1109567442934, 42.35065384443565]}, "properties": {"street": null, "location_type": "Intersection", "dispatch_ts": "2018-04-24T00:37:25+00:00", "timestamp_ms": 1524530245000}}, {"type": "Feature", "geometry": {"type": "Point", "coordinates": [-71.1374598089923, 42.35358779948504]}, "properties": {"street": null, "location_type": "Other", "dispatch_ts": "2016-07-29T17:57:42+00:00", "timestamp_ms": 1469815062000}}, {"type": "Feature", "geometry": {"type": "Point", "coordinates": [-71.07605870940365, 42.35447188164498]}, "properties": {"street": "BEACON ST", "location_type": "Street", "dispatch_ts": "2017-12-19T14:19:06+00:00", "timestamp_ms": 1513693146000}}, {"type": "Feature", "geometry": {"type": "Point", "coordinates": [-71.07613214568656, 42.38570752775754]}, "properties": {"street": null, "location_type": "Intersection", "dispatch_ts": "2023-09-27T11:59:41+00:00", "timestamp_ms": 1695815981000}}, {"type": "Feature", "geometry": {"type": "Point", "coordinates": [-71.06128023583976, 42.34595927761557]}, "properties": {"street": null, "location_type": "Intersection", "dispatch_ts": "2022-07-30T06:20:27+00:00", "timestamp_ms": 1659162027000}}, {"type": "Feature", "geometry": {"type": "Point", "coordinates": [-71.05147238054313, 42.3547449999745]}, "properties": {"street": null, "location_type": "Intersection", "dispatch_ts": "2015-10-02T23:58:00+00:00", "timestamp_ms": 1443830280000}}, {"type": "Feature", "geometry": {"type": "Point", "coordinates": [-71.05705571108751, 42.33554323541083]}, "properties": {"street": "DORCHESTER AVE", "location_type": "Street", "dispatch_ts": "2015-07-08T23:08:26+00:00", "timestamp_ms": 1436396906000}}, {"type": "Feature", "geometry": {"type": "Point", "coordinates": [-71.08395644617381, 42.3373502631633]}, "properties": {"street": null, "location_type": "Intersection", "dispatch_ts": "2019-08-29T23:24:19+00:00", "timestamp_ms": 1567121059000}}, {"type": "Feature", "geometry": {"type": "Point", "coordinates": [-71.15039335433343, 42.33553916104743]}, "properties": {"street": null, "location_type": "Intersection", "dispatch_ts": "2021-09-21T12:54:47+00:00", "timestamp_ms": 1632228887000}}, {"type": "Feature", "geometry": {"type": "Point", "coordinates": [-71.06460061531308, 42.36545952874391]}, "properties": {"street": "LOMASNEY WAY", "location_type": "Street", "dispatch_ts": "2023-09-06T21:43:36+00:00", "timestamp_ms": 1694036616000}}, {"type": "Feature", "geometry": {"type": "Point", "coordinates": [-71.07194597058745, 42.321894769442466]}, "properties": {"street": "ALBION ST", "location_type": "Street", "dispatch_ts": "2023-07-22T20:55:29+00:00", "timestamp_ms": 1690059329000}}, {"type": "Feature", "geometry": {"type": "Point", "coordinates": [-71.07142647244626, 42.34030394873862]}, "properties": {"street": "WASHINGTON ST", "location_type": "Street", "dispatch_ts": "2019-05-22T17:59:37+00:00", "timestamp_ms": 1558547977000}}, {"type": "Feature", "geometry": {"type": "Point", "coordinates": [-71.0722406486934, 42.33005582622633]}, "properties": {"street": "GERARD ST", "location_type": "Street", "dispatch_ts": "2017-09-18T20:06:30+00:00", "timestamp_ms": 1505765190000}}, {"type": "Feature", "geometry": {"type": "Point", "coordinates": [-71.09455681768162, 42.292974207775785]}, "properties": {"street": "KINGBIRD RD", "location_type": "Street", "dispatch_ts": "2021-01-17T13:13:05+00:00", "timestamp_ms": 1610889185000}}, {"type": "Feature", "geometry": {"type": "Point", "coordinates": [-71.1452453603343, 42.361582202765035]}, "properties": {"street": null, "location_type": "Intersection", "dispatch_ts": "2018-07-24T23:47:52+00:00", "timestamp_ms": 1532476072000}}, {"type": "Feature", "geometry": {"type": "Point", "coordinates": [-71.0831211661756, 42.32717093812808]}, "properties": {"street": "WARREN ST", "location_type": "Street", "dispatch_ts": "2018-08-07T21:41:11+00:00", "timestamp_ms": 1533678071000}}, {"type": "Feature", "geometry": {"type": "Point", "coordinates": [-71.10985026247143, 42.35032017390137]}, "properties": {"street": null, "location_type": "Intersection", "dispatch_ts": "2020-03-11T14:25:50+00:00", "timestamp_ms": 1583936750000}}, {"type": "Feature", "geometry": {"type": "Point", "coordinates": [-71.07212419686832, 42.33254716094328]}, "properties": {"street": null, "location_type": "Intersection", "dispatch_ts": "2015-10-05T11:46:07+00:00", "timestamp_ms": 1444045567000}}, {"type": "Feature", "geometry": {"type": "Point", "coordinates": [-71.03839790701728, 42.37208269473564]}, "properties": {"street": "GOVE ST", "location_type": "Street", "dispatch_ts": "2024-09-14T01:35:31+00:00", "timestamp_ms": 1726277731000}}, {"type": "Feature", "geometry": {"type": "Point", "coordinates": [-71.12426752864486, 42.27311189892969]}, "properties": {"street": "BURLEY ST", "location_type": "Street", "dispatch_ts": "2018-05-31T19:40:40+00:00", "timestamp_ms": 1527795640000}}, {"type": "Feature", "geometry": {"type": "Point", "coordinates": [-71.05800629650564, 42.35233705515977]}, "properties": {"street": null, "location_type": "Intersection", "dispatch_ts": "2017-07-21T10:54:51+00:00", "timestamp_ms": 1500634491000}}, {"type": "Feature", "geometry": {"type": "Point", "coordinates": [-71.06818559322133, 42.374285584013585]}, "properties": {"street": "RAMP - NEW RUTHERFORD AVENUE T ", "location_type": "Street", "dispatch_ts": "2018-07-30T18:28:29+00:00", "timestamp_ms": 1532975309000}}, {"type": "Feature", "geometry": {"type": "Point", "coordinates": [-71.15940572497716, 42.35655120762986]}, "properties": {"street": "BROOKSDALE RD", "location_type": "Street", "dispatch_ts": "2020-06-22T19:52:01+00:00", "timestamp_ms": 1592855521000}}, {"type": "Feature", "geometry": {"type": "Point", "coordinates": [-71.06351112193339, 42.345317733519785]}, "properties": {"street": "HARRISON AVE", "location_type": "Street", "dispatch_ts": "2023-07-10T22:58:50+00:00", "timestamp_ms": 1689029930000}}, {"type": "Feature", "geometry": {"type": "Point", "coordinates": [-71.04947393764101, 42.34908926060443]}, "properties": {"street": null, "location_type": "Intersection", "dispatch_ts": "2017-08-24T16:05:00+00:00", "timestamp_ms": 1503590700000}}, {"type": "Feature", "geometry": {"type": "Point", "coordinates": [-71.12383328463616, 42.31930813410081]}, "properties": {"street": null, "location_type": "Intersection", "dispatch_ts": "2018-06-19T21:47:45+00:00", "timestamp_ms": 1529444865000}}, {"type": "Feature", "geometry": {"type": "Point", "coordinates": [-71.16274785217973, 42.345531988634896]}, "properties": {"street": "LAKE ST", "location_type": "Street", "dispatch_ts": "2021-01-18T21:34:37+00:00", "timestamp_ms": 1611005677000}}, {"type": "Feature", "geometry": {"type": "Point", "coordinates": [-71.06192789589848, 42.32094539062352]}, "properties": {"street": "MASSACHUSETTS AVE", "location_type": "Street", "dispatch_ts": "2022-08-03T21:32:47+00:00", "timestamp_ms": 1659562367000}}, {"type": "Feature", "geometry": {"type": "Point", "coordinates": [-71.13454561000457, 42.35030094569499]}, "properties": {"street": "GREYLOCK RD", "location_type": "Street", "dispatch_ts": "2016-02-22T11:51:33+00:00", "timestamp_ms": 1456141893000}}, {"type": "Feature", "geometry": {"type": "Point", "coordinates": [-71.1147044666188, 42.303872419169345]}, "properties": {"street": "SOUTH ST", "location_type": "Street", "dispatch_ts": "2022-11-26T14:52:40+00:00", "timestamp_ms": 1669474360000}}, {"type": "Feature", "geometry": {"type": "Point", "coordinates": [-71.0678713100035, 42.37823928425097]}, "properties": {"street": "MAIN ST", "location_type": "Street", "dispatch_ts": "2017-01-20T16:10:10+00:00", "timestamp_ms": 1484928610000}}, {"type": "Feature", "geometry": {"type": "Point", "coordinates": [-71.1340646702315, 42.34863766667117]}, "properties": {"street": null, "location_type": "Intersection", "dispatch_ts": "2019-09-03T22:08:36+00:00", "timestamp_ms": 1567548516000}}, {"type": "Feature", "geometry": {"type": "Point", "coordinates": [-71.06985726600723, 42.319013099778886]}, "properties": {"street": "DUDLEY ST", "location_type": "Street", "dispatch_ts": "2016-05-24T06:00:47+00:00", "timestamp_ms": 1464069647000}}, {"type": "Feature", "geometry": {"type": "Point", "coordinates": [-71.11225138927693, 42.32385933429324]}, "properties": {"street": "HUNTINGTON AVE", "location_type": "Street", "dispatch_ts": "2022-09-20T16:02:32+00:00", "timestamp_ms": 1663689752000}}, {"type": "Feature", "geometry": {"type": "Point", "coordinates": [-71.11466821110048, 42.305437854143705]}, "properties": {"street": null, "location_type": "Intersection", "dispatch_ts": "2021-11-11T22:21:29+00:00", "timestamp_ms": 1636669289000}}, {"type": "Feature", "geometry": {"type": "Point", "coordinates": [-71.11619895071273, 42.29777436211959]}, "properties": {"street": "WASHINGTON ST", "location_type": "Street", "dispatch_ts": "2018-09-27T11:38:34+00:00", "timestamp_ms": 1538048314000}}, {"type": "Feature", "geometry": {"type": "Point", "coordinates": [-71.09825252446801, 42.3249230491624]}, "properties": {"street": null, "location_type": "Intersection", "dispatch_ts": "2024-03-20T11:39:56+00:00", "timestamp_ms": 1710934796000}}, {"type": "Feature", "geometry": {"type": "Point", "coordinates": [-71.1180401750074, 42.36421585766353]}, "properties": {"street": "SOLDIERS FIELD RD", "location_type": "Street", "dispatch_ts": "2023-06-18T18:42:39+00:00", "timestamp_ms": 1687113759000}}, {"type": "Feature", "geometry": {"type": "Point", "coordinates": [-71.0627999040534, 42.36468972256714]}, "properties": {"street": "CAUSEWAY ST", "location_type": "Street", "dispatch_ts": "2025-09-19T22:37:33+00:00", "timestamp_ms": 1758321453000}}, {"type": "Feature", "geometry": {"type": "Point", "coordinates": [-71.01767956847846, 42.387781747602126]}, "properties": {"street": "WILLIAM F MCCLELLAN HWY", "location_type": "Street", "dispatch_ts": "2023-09-01T15:36:14+00:00", "timestamp_ms": 1693582574000}}, {"type": "Feature", "geometry": {"type": "Point", "coordinates": [-71.095725428098, 42.331588396898496]}, "properties": {"street": "TREMONT ST", "location_type": "Street", "dispatch_ts": "2017-06-13T13:43:13+00:00", "timestamp_ms": 1497361393000}}, {"type": "Feature", "geometry": {"type": "Point", "coordinates": [-71.07425515233521, 42.38404680008344]}, "properties": {"street": null, "location_type": "Intersection", "dispatch_ts": "2015-12-08T10:31:14+00:00", "timestamp_ms": 1449570674000}}, {"type": "Feature", "geometry": {"type": "Point", "coordinates": [-71.11158427247007, 42.30123608170043]}, "properties": {"street": null, "location_type": "Intersection", "dispatch_ts": "2025-09-14T22:25:22+00:00", "timestamp_ms": 1757888722000}}, {"type": "Feature", "geometry": {"type": "Point", "coordinates": [-71.1312215165072, 42.36140927818474]}, "properties": {"street": "FRANKLIN ST", "location_type": "Street", "dispatch_ts": "2019-10-01T01:01:18+00:00", "timestamp_ms": 1569891678000}}, {"type": "Feature", "geometry": {"type": "Point", "coordinates": [-71.08193044353433, 42.334452661644086]}, "properties": {"street": null, "location_type": "Intersection", "dispatch_ts": "2020-11-03T18:47:51+00:00", "timestamp_ms": 1604429271000}}, {"type": "Feature", "geometry": {"type": "Point", "coordinates": [-71.13640499495622, 42.35038906036996]}, "properties": {"street": "ALLSTON ST", "location_type": "Street", "dispatch_ts": "2017-09-04T16:43:34+00:00", "timestamp_ms": 1504543414000}}, {"type": "Feature", "geometry": {"type": "Point", "coordinates": [-71.06223790977515, 42.35627942400619]}, "properties": {"street": "TREMONT ST", "location_type": "Street", "dispatch_ts": "2016-08-30T02:04:05+00:00", "timestamp_ms": 1472522645000}}, {"type": "Feature", "geometry": {"type": "Point", "coordinates": [-71.12759451645613, 42.36338798666746]}, "properties": {"street": null, "location_type": "Intersection", "dispatch_ts": "2024-11-13T16:31:34+00:00", "timestamp_ms": 1731515494000}}, {"type": "Feature", "geometry": {"type": "Point", "coordinates": [-71.11070880900988, 42.33281705988005]}, "properties": {"street": "HUNTINGTON AVE", "location_type": "Street", "dispatch_ts": "2015-05-29T12:42:13+00:00", "timestamp_ms": 1432903333000}}, {"type": "Feature", "geometry": {"type": "Point", "coordinates": [-71.0850258466602, 42.34284918462784]}, "properties": {"street": null, "location_type": "Intersection", "dispatch_ts": "2017-07-21T07:09:20+00:00", "timestamp_ms": 1500620960000}}, {"type": "Feature", "geometry": {"type": "Point", "coordinates": [-71.13859087894447, 42.35531182320075]}, "properties": {"street": "EVERETT ST", "location_type": "Street", "dispatch_ts": "2018-02-28T13:35:26+00:00", "timestamp_ms": 1519824926000}}, {"type": "Feature", "geometry": {"type": "Point", "coordinates": [-71.12522031938556, 42.352129184049474]}, "properties": {"street": null, "location_type": "Intersection", "dispatch_ts": "2017-06-05T23:54:48+00:00", "timestamp_ms": 1496706888000}}, {"type": "Feature", "geometry": {"type": "Point", "coordinates": [-71.12405746601459, 42.29026062098594]}, "properties": {"street": "WASHINGTON ST", "location_type": "Street", "dispatch_ts": "2023-10-25T19:05:06+00:00", "timestamp_ms": 1698260706000}}, {"type": "Feature", "geometry": {"type": "Point", "coordinates": [-71.08125425824643, 42.35308061268948]}, "properties": {"street": null, "location_type": "Intersection", "dispatch_ts": "2017-10-31T17:58:07+00:00", "timestamp_ms": 1509472687000}}, {"type": "Feature", "geometry": {"type": "Point", "coordinates": [-71.06297174005779, 42.35099134006472]}, "properties": {"street": null, "location_type": "Intersection", "dispatch_ts": "2015-05-02T17:16:52+00:00", "timestamp_ms": 1430587012000}}, {"type": "Feature", "geometry": {"type": "Point", "coordinates": [-71.0520958085151, 42.32962731730677]}, "properties": {"street": "JAMES ONEILL ST", "location_type": "Street", "dispatch_ts": "2024-05-13T23:49:15+00:00", "timestamp_ms": 1715644155000}}, {"type": "Feature", "geometry": {"type": "Point", "coordinates": [-71.07705391826013, 42.33643069680337]}, "properties": {"street": "WASHINGTON ST", "location_type": "Street", "dispatch_ts": "2018-10-18T20:25:53+00:00", "timestamp_ms": 1539894353000}}, {"type": "Feature", "geometry": {"type": "Point", "coordinates": [-71.08531785253747, 42.35015288458995]}, "properties": {"street": "COMMONWEALTH AVE", "location_type": "Street", "dispatch_ts": "2019-08-17T05:04:47+00:00", "timestamp_ms": 1566018287000}}, {"type": "Feature", "geometry": {"type": "Point", "coordinates": [-71.11109551286684, 42.32962350766265]}, "properties": {"street": "HUNTINGTON AVE", "location_type": "Street", "dispatch_ts": "2023-10-05T12:56:01+00:00", "timestamp_ms": 1696510561000}}, {"type": "Feature", "geometry": {"type": "Point", "coordinates": [-71.13967232220261, 42.28486790851286]}, "properties": {"street": "NEWBURG ST", "location_type": "Street", "dispatch_ts": "2018-08-28T12:21:07+00:00", "timestamp_ms": 1535458867000}}, {"type": "Feature", "geometry": {"type": "Point", "coordinates": [-71.04731963991364, 42.28870872493451]}, "properties": {"street": null, "location_type": "Intersection", "dispatch_ts": "2018-10-21T06:44:04+00:00", "timestamp_ms": 1540104244000}}, {"type": "Feature", "geometry": {"type": "Point", "coordinates": [-71.0768107130726, 42.32268174256222]}, "properties": {"street": "BLUE HILL AVE", "location_type": "Street", "dispatch_ts": "2019-07-28T06:17:33+00:00", "timestamp_ms": 1564294653000}}, {"type": "Feature", "geometry": {"type": "Point", "coordinates": [-71.1519508959038, 42.33690479952035]}, "properties": {"street": "CHESTNUT HILL AVE", "location_type": "Street", "dispatch_ts": "2018-11-02T18:17:54+00:00", "timestamp_ms": 1541182674000}}, {"type": "Feature", "geometry": {"type": "Point", "coordinates": [-71.13275759369229, 42.355539014087846]}, "properties": {"street": null, "location_type": "Intersection", "dispatch_ts": "2019-09-21T12:48:14+00:00", "timestamp_ms": 1569070094000}}, {"type": "Feature", "geometry": {"type": "Point", "coordinates": [-71.09510160211099, 42.348792212916806]}, "properties": {"street": "COMMONWEALTH AVE", "location_type": "Street", "dispatch_ts": "2022-07-29T23:46:59+00:00", "timestamp_ms": 1659138419000}}, {"type": "Feature", "geometry": {"type": "Point", "coordinates": [-71.15227465477108, 42.33718959235167]}, "properties": {"street": null, "location_type": "Intersection", "dispatch_ts": "2019-06-04T11:39:36+00:00", "timestamp_ms": 1559648376000}}, {"type": "Feature", "geometry": {"type": "Point", "coordinates": [-71.12641216060481, 42.24251130355648]}, "properties": {"street": "TRUMAN PKWY", "location_type": "Street", "dispatch_ts": "2024-06-01T21:43:40+00:00", "timestamp_ms": 1717278220000}}, {"type": "Feature", "geometry": {"type": "Point", "coordinates": [-71.07962137033644, 42.297747163239194]}, "properties": {"street": null, "location_type": "Intersection", "dispatch_ts": "2020-03-11T21:24:50+00:00", "timestamp_ms": 1583961890000}}, {"type": "Feature", "geometry": {"type": "Point", "coordinates": [-71.17734261375803, 42.28122490502203]}, "properties": {"street": "GARDNER ST", "location_type": "Street", "dispatch_ts": "2026-03-29T21:46:36+00:00", "timestamp_ms": 1774820796000}}, {"type": "Feature", "geometry": {"type": "Point", "coordinates": [-71.07898652394952, 42.310466606405896]}, "properties": {"street": null, "location_type": "Intersection", "dispatch_ts": "2015-08-09T23:17:55+00:00", "timestamp_ms": 1439162275000}}, {"type": "Feature", "geometry": {"type": "Point", "coordinates": [-71.08406513204291, 42.34220375919181]}, "properties": {"street": null, "location_type": "Intersection", "dispatch_ts": "2018-12-15T03:52:24+00:00", "timestamp_ms": 1544845944000}}, {"type": "Feature", "geometry": {"type": "Point", "coordinates": [-71.05838615349718, 42.36366521912647]}, "properties": {"street": null, "location_type": "Intersection", "dispatch_ts": "2023-09-29T13:19:51+00:00", "timestamp_ms": 1695993591000}}, {"type": "Feature", "geometry": {"type": "Point", "coordinates": [-71.06502405219014, 42.31700117111847]}, "properties": {"street": null, "location_type": "Intersection", "dispatch_ts": "2025-07-10T02:06:32+00:00", "timestamp_ms": 1752113192000}}, {"type": "Feature", "geometry": {"type": "Point", "coordinates": [-71.05802671850468, 42.30935623396226]}, "properties": {"street": "DORCHESTER AVE", "location_type": "Street", "dispatch_ts": "2026-06-03T18:17:39+00:00", "timestamp_ms": 1780510659000}}, {"type": "Feature", "geometry": {"type": "Point", "coordinates": [-71.05545535989445, 42.35908422296376]}, "properties": {"street": null, "location_type": "Intersection", "dispatch_ts": "2023-09-26T11:37:17+00:00", "timestamp_ms": 1695728237000}}, {"type": "Feature", "geometry": {"type": "Point", "coordinates": [-71.08576313108206, 42.343374593597815]}, "properties": {"street": null, "location_type": "Intersection", "dispatch_ts": "2025-06-18T12:24:08+00:00", "timestamp_ms": 1750249448000}}, {"type": "Feature", "geometry": {"type": "Point", "coordinates": [-71.06534351826406, 42.36750326093685]}, "properties": {"street": "NASHUA ST", "location_type": "Street", "dispatch_ts": "2023-04-14T12:34:57+00:00", "timestamp_ms": 1681475697000}}, {"type": "Feature", "geometry": {"type": "Point", "coordinates": [-71.1451449806007, 42.35517040893669]}, "properties": {"street": null, "location_type": "Intersection", "dispatch_ts": "2021-09-24T04:38:28+00:00", "timestamp_ms": 1632458308000}}, {"type": "Feature", "geometry": {"type": "Point", "coordinates": [-71.07939319008209, 42.33203814540713]}, "properties": {"street": null, "location_type": "Intersection", "dispatch_ts": "2020-02-19T15:15:58+00:00", "timestamp_ms": 1582125358000}}, {"type": "Feature", "geometry": {"type": "Point", "coordinates": [-71.09871925443841, 42.315365141642886]}, "properties": {"street": "WASHINGTON ST", "location_type": "Street", "dispatch_ts": "2021-07-19T20:52:05+00:00", "timestamp_ms": 1626727925000}}, {"type": "Feature", "geometry": {"type": "Point", "coordinates": [-71.06813038890913, 42.37848694967504]}, "properties": {"street": null, "location_type": "Intersection", "dispatch_ts": "2020-07-02T16:41:33+00:00", "timestamp_ms": 1593708093000}}, {"type": "Feature", "geometry": {"type": "Point", "coordinates": [-71.0594315110295, 42.30657077261745]}, "properties": {"street": "LYON ST", "location_type": "Street", "dispatch_ts": "2024-06-09T02:58:59+00:00", "timestamp_ms": 1717901939000}}, {"type": "Feature", "geometry": {"type": "Point", "coordinates": [-71.06917418805168, 42.29812396829829]}, "properties": {"street": "TONAWANDA ST", "location_type": "Street", "dispatch_ts": "2015-07-24T18:12:55+00:00", "timestamp_ms": 1437761575000}}, {"type": "Feature", "geometry": {"type": "Point", "coordinates": [-71.13541496192168, 42.36473201020285]}, "properties": {"street": null, "location_type": "Intersection", "dispatch_ts": "2022-09-04T17:09:25+00:00", "timestamp_ms": 1662311365000}}, {"type": "Feature", "geometry": {"type": "Point", "coordinates": [-71.05541814130724, 42.35258719095286]}, "properties": {"street": null, "location_type": "Intersection", "dispatch_ts": "2015-01-24T07:32:54+00:00", "timestamp_ms": 1422084774000}}, {"type": "Feature", "geometry": {"type": "Point", "coordinates": [-71.0781328268161, 42.35171705268001]}, "properties": {"street": null, "location_type": "Intersection", "dispatch_ts": "2024-06-12T14:13:03+00:00", "timestamp_ms": 1718201583000}}, {"type": "Feature", "geometry": {"type": "Point", "coordinates": [-71.08924621287369, 42.283465662133466]}, "properties": {"street": "MORTON ST", "location_type": "Street", "dispatch_ts": "2018-06-26T23:58:21+00:00", "timestamp_ms": 1530057501000}}, {"type": "Feature", "geometry": {"type": "Point", "coordinates": [-71.06369917529065, 42.35449064781651]}, "properties": {"street": "TREMONT ST", "location_type": "Street", "dispatch_ts": "2015-08-24T21:55:32+00:00", "timestamp_ms": 1440453332000}}, {"type": "Feature", "geometry": {"type": "Point", "coordinates": [-71.11574637914951, 42.35122675187151]}, "properties": {"street": null, "location_type": "Intersection", "dispatch_ts": "2024-11-06T20:41:01+00:00", "timestamp_ms": 1730925661000}}, {"type": "Feature", "geometry": {"type": "Point", "coordinates": [-71.11188219678236, 42.35054722636104]}, "properties": {"street": "COMMONWEALTH AVE", "location_type": "Street", "dispatch_ts": "2022-04-02T22:23:42+00:00", "timestamp_ms": 1648938222000}}, {"type": "Feature", "geometry": {"type": "Point", "coordinates": [-71.04811487032407, 42.29172902992735]}, "properties": {"street": null, "location_type": "Intersection", "dispatch_ts": "2016-07-26T20:51:35+00:00", "timestamp_ms": 1469566295000}}, {"type": "Feature", "geometry": {"type": "Point", "coordinates": [-71.09349910239139, 42.27321527954641]}, "properties": {"street": "BLUE HILL AVE", "location_type": "Street", "dispatch_ts": "2021-06-07T11:41:22+00:00", "timestamp_ms": 1623066082000}}, {"type": "Feature", "geometry": {"type": "Point", "coordinates": [-71.08674674543097, 42.34120699208225]}, "properties": {"street": "HUNTINGTON AVE", "location_type": "Street", "dispatch_ts": "2015-09-03T19:36:10+00:00", "timestamp_ms": 1441308970000}}, {"type": "Feature", "geometry": {"type": "Point", "coordinates": [-71.05583111408647, 42.356576388862045]}, "properties": {"street": "POST OFFICE SQ", "location_type": "Street", "dispatch_ts": "2026-06-19T18:58:29+00:00", "timestamp_ms": 1781895509000}}, {"type": "Feature", "geometry": {"type": "Point", "coordinates": [-71.0696335335975, 42.289964858446375]}, "properties": {"street": null, "location_type": "Intersection", "dispatch_ts": "2019-06-07T03:44:34+00:00", "timestamp_ms": 1559879074000}}, {"type": "Feature", "geometry": {"type": "Point", "coordinates": [-71.15820807838031, 42.34663126467593]}, "properties": {"street": null, "location_type": "Intersection", "dispatch_ts": "2025-03-25T20:39:40+00:00", "timestamp_ms": 1742935180000}}, {"type": "Feature", "geometry": {"type": "Point", "coordinates": [-71.08326621939412, 42.33929615621506]}, "properties": {"street": null, "location_type": "Intersection", "dispatch_ts": "2016-05-12T22:09:51+00:00", "timestamp_ms": 1463090991000}}, {"type": "Feature", "geometry": {"type": "Point", "coordinates": [-71.0729724892513, 42.32111375911397]}, "properties": {"street": "COTTAGE ST", "location_type": "Street", "dispatch_ts": "2015-09-18T22:21:19+00:00", "timestamp_ms": 1442614879000}}, {"type": "Feature", "geometry": {"type": "Point", "coordinates": [-71.04622099335008, 42.31928193048413]}, "properties": {"street": "MOUNT VERNON ST", "location_type": "Street", "dispatch_ts": "2019-12-30T02:17:25+00:00", "timestamp_ms": 1577672245000}}, {"type": "Feature", "geometry": {"type": "Point", "coordinates": [-71.08773574910583, 42.347297506470184]}, "properties": {"street": null, "location_type": "Intersection", "dispatch_ts": "2019-06-03T17:27:53+00:00", "timestamp_ms": 1559582873000}}, {"type": "Feature", "geometry": {"type": "Point", "coordinates": [-71.14927202851865, 42.338648559685325]}, "properties": {"street": null, "location_type": "Intersection", "dispatch_ts": "2022-05-05T23:40:49+00:00", "timestamp_ms": 1651794049000}}, {"type": "Feature", "geometry": {"type": "Point", "coordinates": [-71.1109567442934, 42.35065384443565]}, "properties": {"street": null, "location_type": "Intersection", "dispatch_ts": "2024-05-26T17:00:40+00:00", "timestamp_ms": 1716742840000}}, {"type": "Feature", "geometry": {"type": "Point", "coordinates": [-71.1022907956102, 42.32635845619989]}, "properties": {"street": null, "location_type": "Intersection", "dispatch_ts": "2015-06-28T18:49:16+00:00", "timestamp_ms": 1435517356000}}, {"type": "Feature", "geometry": {"type": "Point", "coordinates": [-71.13294253844568, 42.35698093324336]}, "properties": {"street": null, "location_type": "Intersection", "dispatch_ts": "2022-09-25T23:03:29+00:00", "timestamp_ms": 1664147009000}}, {"type": "Feature", "geometry": {"type": "Point", "coordinates": [-71.07777191748303, 42.31868640742947]}, "properties": {"street": "BLUE HILL AVE", "location_type": "Street", "dispatch_ts": "2018-12-12T00:11:48+00:00", "timestamp_ms": 1544573508000}}, {"type": "Feature", "geometry": {"type": "Point", "coordinates": [-71.05279313859235, 42.36093620664295]}, "properties": {"street": null, "location_type": "Intersection", "dispatch_ts": "2019-09-07T17:06:13+00:00", "timestamp_ms": 1567875973000}}, {"type": "Feature", "geometry": {"type": "Point", "coordinates": [-71.06941647729512, 42.33196395967507]}, "properties": {"street": "SOUTHAMPTON ST", "location_type": "Street", "dispatch_ts": "2024-08-17T05:09:28+00:00", "timestamp_ms": 1723871368000}}, {"type": "Feature", "geometry": {"type": "Point", "coordinates": [-71.10999125266751, 42.33627616772608]}, "properties": {"street": null, "location_type": "Intersection", "dispatch_ts": "2024-10-19T19:22:11+00:00", "timestamp_ms": 1729365731000}}, {"type": "Feature", "geometry": {"type": "Point", "coordinates": [-71.08354310968942, 42.31476951642881]}, "properties": {"street": null, "location_type": "Intersection", "dispatch_ts": "2020-09-17T09:20:27+00:00", "timestamp_ms": 1600334427000}}, {"type": "Feature", "geometry": {"type": "Point", "coordinates": [-71.08614600414484, 42.284303806304]}, "properties": {"street": "WILLOWWOOD ST", "location_type": "Street", "dispatch_ts": "2024-11-25T19:41:44+00:00", "timestamp_ms": 1732563704000}}, {"type": "Feature", "geometry": {"type": "Point", "coordinates": [-71.05809790859084, 42.309040940533734]}, "properties": {"street": "DORCHESTER AVE", "location_type": "Street", "dispatch_ts": "2018-10-31T19:48:43+00:00", "timestamp_ms": 1541015323000}}, {"type": "Feature", "geometry": {"type": "Point", "coordinates": [-71.05773361864047, 42.3283978025045]}, "properties": {"street": null, "location_type": "Intersection", "dispatch_ts": "2022-03-06T03:14:35+00:00", "timestamp_ms": 1646536475000}}, {"type": "Feature", "geometry": {"type": "Point", "coordinates": [-71.10355002109517, 42.34412458772958]}, "properties": {"street": "PARK DR", "location_type": "Street", "dispatch_ts": "2017-07-20T21:07:41+00:00", "timestamp_ms": 1500584861000}}, {"type": "Feature", "geometry": {"type": "Point", "coordinates": [-71.05375115218736, 42.36081120252193]}, "properties": {"street": null, "location_type": "Intersection", "dispatch_ts": "2025-05-25T23:33:27+00:00", "timestamp_ms": 1748216007000}}, {"type": "Feature", "geometry": {"type": "Point", "coordinates": [-71.1013302435489, 42.32642716144351]}, "properties": {"street": null, "location_type": "Intersection", "dispatch_ts": "2018-08-30T17:35:21+00:00", "timestamp_ms": 1535650521000}}, {"type": "Feature", "geometry": {"type": "Point", "coordinates": [-71.15146995641868, 42.33596619675357]}, "properties": {"street": "BEACON ST", "location_type": "Street", "dispatch_ts": "2019-09-03T13:11:54+00:00", "timestamp_ms": 1567516314000}}, {"type": "Feature", "geometry": {"type": "Point", "coordinates": [-71.06727033705181, 42.34409238853432]}, "properties": {"street": "SHAWMUT AVE", "location_type": "Street", "dispatch_ts": "2021-04-24T20:49:26+00:00", "timestamp_ms": 1619297366000}}, {"type": "Feature", "geometry": {"type": "Point", "coordinates": [-71.13247802460747, 42.35311106471883]}, "properties": {"street": "BRIGHTON AVE", "location_type": "Street", "dispatch_ts": "2023-09-15T02:15:00+00:00", "timestamp_ms": 1694744100000}}, {"type": "Feature", "geometry": {"type": "Point", "coordinates": [-71.16126680178785, 42.34892525885914]}, "properties": {"street": null, "location_type": "Intersection", "dispatch_ts": "2020-06-17T13:15:54+00:00", "timestamp_ms": 1592399754000}}, {"type": "Feature", "geometry": {"type": "Point", "coordinates": [-71.13592146509927, 42.34597313575535]}, "properties": {"street": "COREY RD", "location_type": "Street", "dispatch_ts": "2018-05-31T22:52:52+00:00", "timestamp_ms": 1527807172000}}, {"type": "Feature", "geometry": {"type": "Point", "coordinates": [-71.10791219117398, 42.271411036931106]}, "properties": {"street": "KENNEBEC ST", "location_type": "Street", "dispatch_ts": "2019-07-07T22:22:33+00:00", "timestamp_ms": 1562538153000}}, {"type": "Feature", "geometry": {"type": "Point", "coordinates": [-71.08805561986742, 42.28823299035468]}, "properties": {"street": "LUCERNE ST", "location_type": "Street", "dispatch_ts": "2019-08-12T23:14:18+00:00", "timestamp_ms": 1565651658000}}, {"type": "Feature", "geometry": {"type": "Point", "coordinates": [-71.0444300009593, 42.347343999893965]}, "properties": {"street": "SUMMER ST", "location_type": "Street", "dispatch_ts": "2018-05-05T21:55:17+00:00", "timestamp_ms": 1525557317000}}, {"type": "Feature", "geometry": {"type": "Point", "coordinates": [-71.11728117980358, 42.29408405538427]}, "properties": {"street": "HYDE PARK AVE", "location_type": "Street", "dispatch_ts": "2024-07-06T16:04:37+00:00", "timestamp_ms": 1720281877000}}, {"type": "Feature", "geometry": {"type": "Point", "coordinates": [-71.08737160459694, 42.30225703948814]}, "properties": {"street": null, "location_type": "Intersection", "dispatch_ts": "2022-08-23T18:47:59+00:00", "timestamp_ms": 1661280479000}}, {"type": "Feature", "geometry": {"type": "Point", "coordinates": [-71.0576955473442, 42.3550127518232]}, "properties": {"street": null, "location_type": "Intersection", "dispatch_ts": "2018-06-21T12:53:14+00:00", "timestamp_ms": 1529585594000}}, {"type": "Feature", "geometry": {"type": "Point", "coordinates": [-71.08602887091368, 42.34176007819401]}, "properties": {"street": "HUNTINGTON AVE", "location_type": "Street", "dispatch_ts": "2017-06-02T20:44:47+00:00", "timestamp_ms": 1496436287000}}, {"type": "Feature", "geometry": {"type": "Point", "coordinates": [-71.0766708142226, 42.32289444751956]}, "properties": {"street": null, "location_type": "Intersection", "dispatch_ts": "2020-10-14T16:43:31+00:00", "timestamp_ms": 1602693811000}}, {"type": "Feature", "geometry": {"type": "Point", "coordinates": [-71.05924522198107, 42.35345364619629]}, "properties": {"street": "KINGSTON ST", "location_type": "Street", "dispatch_ts": "2018-10-13T01:36:21+00:00", "timestamp_ms": 1539394581000}}, {"type": "Feature", "geometry": {"type": "Point", "coordinates": [-71.10333348628944, 42.32537975634262]}, "properties": {"street": "HORAN WAY", "location_type": "Street", "dispatch_ts": "2016-06-19T22:44:06+00:00", "timestamp_ms": 1466376246000}}, {"type": "Feature", "geometry": {"type": "Point", "coordinates": [-71.07067559168148, 42.351908980479784]}, "properties": {"street": null, "location_type": "Intersection", "dispatch_ts": "2015-04-17T23:58:31+00:00", "timestamp_ms": 1429315111000}}, {"type": "Feature", "geometry": {"type": "Point", "coordinates": [-71.08704845767167, 42.29812323243154]}, "properties": {"street": null, "location_type": "Intersection", "dispatch_ts": "2022-12-01T17:59:31+00:00", "timestamp_ms": 1669917571000}}, {"type": "Feature", "geometry": {"type": "Point", "coordinates": [-71.06252859054376, 42.353257814190776]}, "properties": {"street": "WASHINGTON ST", "location_type": "Street", "dispatch_ts": "2018-10-05T22:23:45+00:00", "timestamp_ms": 1538778225000}}, {"type": "Feature", "geometry": {"type": "Point", "coordinates": [-71.15823154556698, 42.341278569136506]}, "properties": {"street": "KIRKWOOD RD", "location_type": "Street", "dispatch_ts": "2021-11-30T14:14:52+00:00", "timestamp_ms": 1638281692000}}, {"type": "Feature", "geometry": {"type": "Point", "coordinates": [-71.1139871597199, 42.3507930950227]}, "properties": {"street": "COMMONWEALTH AVE", "location_type": "Street", "dispatch_ts": "2017-06-21T12:12:07+00:00", "timestamp_ms": 1498047127000}}, {"type": "Feature", "geometry": {"type": "Point", "coordinates": [-71.08687622791048, 42.28105296057483]}, "properties": {"street": "FLINT ST", "location_type": "Street", "dispatch_ts": "2015-05-08T23:24:49+00:00", "timestamp_ms": 1431127489000}}, {"type": "Feature", "geometry": {"type": "Point", "coordinates": [-71.09310821717347, 42.351220195555015]}, "properties": {"street": null, "location_type": "Other", "dispatch_ts": "2020-06-18T16:34:42+00:00", "timestamp_ms": 1592498082000}}, {"type": "Feature", "geometry": {"type": "Point", "coordinates": [-71.13396002665161, 42.3550151153352]}, "properties": {"street": "CAMBRIDGE ST", "location_type": "Street", "dispatch_ts": "2023-11-02T02:46:20+00:00", "timestamp_ms": 1698893180000}}, {"type": "Feature", "geometry": {"type": "Point", "coordinates": [-71.04952413939466, 42.32043411939231]}, "properties": {"street": null, "location_type": "Intersection", "dispatch_ts": "2020-04-19T20:52:20+00:00", "timestamp_ms": 1587329540000}}, {"type": "Feature", "geometry": {"type": "Point", "coordinates": [-71.05838434637327, 42.36547167247528]}, "properties": {"street": null, "location_type": "Intersection", "dispatch_ts": "2015-12-22T13:10:14+00:00", "timestamp_ms": 1450789814000}}, {"type": "Feature", "geometry": {"type": "Point", "coordinates": [-71.06951497698343, 42.37985525916377]}, "properties": {"street": null, "location_type": "Intersection", "dispatch_ts": "2022-06-25T00:23:44+00:00", "timestamp_ms": 1656116624000}}, {"type": "Feature", "geometry": {"type": "Point", "coordinates": [-71.02220246353464, 42.38120970661462]}, "properties": {"street": null, "location_type": "Intersection", "dispatch_ts": "2018-11-03T09:46:54+00:00", "timestamp_ms": 1541238414000}}, {"type": "Feature", "geometry": {"type": "Point", "coordinates": [-71.10972201761051, 42.3229256519512]}, "properties": {"street": "DAY ST", "location_type": "Street", "dispatch_ts": "2016-10-31T21:19:52+00:00", "timestamp_ms": 1477948792000}}, {"type": "Feature", "geometry": {"type": "Point", "coordinates": [-71.02993293298718, 42.3765947209435]}, "properties": {"street": null, "location_type": "Intersection", "dispatch_ts": "2015-06-29T20:50:50+00:00", "timestamp_ms": 1435611050000}}, {"type": "Feature", "geometry": {"type": "Point", "coordinates": [-71.08174219034606, 42.34066415311041]}, "properties": {"street": null, "location_type": "Intersection", "dispatch_ts": "2020-09-22T01:41:32+00:00", "timestamp_ms": 1600738892000}}, {"type": "Feature", "geometry": {"type": "Point", "coordinates": [-71.06916632893811, 42.329542979983]}, "properties": {"street": null, "location_type": "Intersection", "dispatch_ts": "2024-05-13T21:26:13+00:00", "timestamp_ms": 1715635573000}}, {"type": "Feature", "geometry": {"type": "Point", "coordinates": [-71.115840763742, 42.298303155382285]}, "properties": {"street": null, "location_type": "Intersection", "dispatch_ts": "2020-04-05T18:02:16+00:00", "timestamp_ms": 1586109736000}}, {"type": "Feature", "geometry": {"type": "Point", "coordinates": [-71.08340934050523, 42.30828752067939]}, "properties": {"street": "BLUE HILL AVE", "location_type": "Street", "dispatch_ts": "2025-04-09T19:46:03+00:00", "timestamp_ms": 1744227963000}}, {"type": "Feature", "geometry": {"type": "Point", "coordinates": [-71.10678132978862, 42.28774218627452]}, "properties": {"street": null, "location_type": "Intersection", "dispatch_ts": "2015-05-09T07:22:42+00:00", "timestamp_ms": 1431156162000}}, {"type": "Feature", "geometry": {"type": "Point", "coordinates": [-71.0899012672215, 42.34396843192583]}, "properties": {"street": null, "location_type": "Intersection", "dispatch_ts": "2020-08-13T13:56:32+00:00", "timestamp_ms": 1597326992000}}, {"type": "Feature", "geometry": {"type": "Point", "coordinates": [-71.11098157756783, 42.33266409519378]}, "properties": {"street": "HUNTINGTON AVE", "location_type": "Street", "dispatch_ts": "2020-08-20T04:54:17+00:00", "timestamp_ms": 1597899257000}}, {"type": "Feature", "geometry": {"type": "Point", "coordinates": [-71.07702219706704, 42.33646616628194]}, "properties": {"street": null, "location_type": "Intersection", "dispatch_ts": "2017-06-14T22:05:53+00:00", "timestamp_ms": 1497477953000}}, {"type": "Feature", "geometry": {"type": "Point", "coordinates": [-71.08683074634197, 42.34546463341209]}, "properties": {"street": null, "location_type": "Intersection", "dispatch_ts": "2018-08-02T22:35:29+00:00", "timestamp_ms": 1533249329000}}, {"type": "Feature", "geometry": {"type": "Point", "coordinates": [-71.05472681122767, 42.35228832264528]}, "properties": {"street": "SUMMER ST", "location_type": "Street", "dispatch_ts": "2015-08-26T21:27:43+00:00", "timestamp_ms": 1440624463000}}, {"type": "Feature", "geometry": {"type": "Point", "coordinates": [-71.05307108489042, 42.32788828283487]}, "properties": {"street": "COLONEL MICHAEL J. MCDONOUGH WAY", "location_type": "Street", "dispatch_ts": "2015-06-23T23:39:11+00:00", "timestamp_ms": 1435102751000}}, {"type": "Feature", "geometry": {"type": "Point", "coordinates": [-71.10921685046675, 42.31830588694407]}, "properties": {"street": "BOYLSTON ST", "location_type": "Street", "dispatch_ts": "2018-10-15T21:53:25+00:00", "timestamp_ms": 1539640405000}}, {"type": "Feature", "geometry": {"type": "Point", "coordinates": [-71.09505631954386, 42.3133854236596]}, "properties": {"street": null, "location_type": "Intersection", "dispatch_ts": "2022-08-03T01:59:28+00:00", "timestamp_ms": 1659491968000}}, {"type": "Feature", "geometry": {"type": "Point", "coordinates": [-71.07212419686832, 42.33254716094328]}, "properties": {"street": null, "location_type": "Intersection", "dispatch_ts": "2019-07-02T23:14:50+00:00", "timestamp_ms": 1562109290000}}, {"type": "Feature", "geometry": {"type": "Point", "coordinates": [-71.14796142568743, 42.28476024052678]}, "properties": {"street": "ANAWAN AVE", "location_type": "Street", "dispatch_ts": "2020-06-25T15:18:52+00:00", "timestamp_ms": 1593098332000}}, {"type": "Feature", "geometry": {"type": "Point", "coordinates": [-71.08304457778226, 42.34855193601243]}, "properties": {"street": "BOYLSTON ST", "location_type": "Street", "dispatch_ts": "2022-12-14T23:03:18+00:00", "timestamp_ms": 1671058998000}}, {"type": "Feature", "geometry": {"type": "Point", "coordinates": [-71.06393839202299, 42.354018717743166]}, "properties": {"street": "TREMONT ST", "location_type": "Street", "dispatch_ts": "2021-09-13T16:50:45+00:00", "timestamp_ms": 1631551845000}}, {"type": "Feature", "geometry": {"type": "Point", "coordinates": [-71.06551454347502, 42.3167505678835]}, "properties": {"street": null, "location_type": "Intersection", "dispatch_ts": "2016-08-30T23:55:09+00:00", "timestamp_ms": 1472601309000}}, {"type": "Feature", "geometry": {"type": "Point", "coordinates": [-71.092399234367, 42.33295015679992]}, "properties": {"street": null, "location_type": "Intersection", "dispatch_ts": "2016-03-22T18:27:16+00:00", "timestamp_ms": 1458671236000}}, {"type": "Feature", "geometry": {"type": "Point", "coordinates": [-71.07201818804987, 42.33262014368461]}, "properties": {"street": null, "location_type": "Intersection", "dispatch_ts": "2022-11-05T10:56:24+00:00", "timestamp_ms": 1667645784000}}, {"type": "Feature", "geometry": {"type": "Point", "coordinates": [-71.04750715317628, 42.35276785940946]}, "properties": {"street": "SEAPORT BLVD", "location_type": "Street", "dispatch_ts": "2018-09-27T22:40:16+00:00", "timestamp_ms": 1538088016000}}, {"type": "Feature", "geometry": {"type": "Point", "coordinates": [-71.0585391508754, 42.36686321678099]}, "properties": {"street": null, "location_type": "Intersection", "dispatch_ts": "2015-03-10T00:19:56+00:00", "timestamp_ms": 1425946796000}}, {"type": "Feature", "geometry": {"type": "Point", "coordinates": [-71.10604446244054, 42.31485296849013]}, "properties": {"street": null, "location_type": "Intersection", "dispatch_ts": "2024-01-11T21:59:56+00:00", "timestamp_ms": 1705010396000}}, {"type": "Feature", "geometry": {"type": "Point", "coordinates": [-71.07336417046554, 42.333626141121165]}, "properties": {"street": null, "location_type": "Intersection", "dispatch_ts": "2016-06-23T16:09:01+00:00", "timestamp_ms": 1466698141000}}, {"type": "Feature", "geometry": {"type": "Point", "coordinates": [-71.10259916930715, 42.311440466822106]}, "properties": {"street": null, "location_type": "Intersection", "dispatch_ts": "2023-06-13T18:14:28+00:00", "timestamp_ms": 1686680068000}}, {"type": "Feature", "geometry": {"type": "Point", "coordinates": [-71.05121744062639, 42.33279650296991]}, "properties": {"street": "DORCHESTER ST", "location_type": "Street", "dispatch_ts": "2023-04-27T21:33:47+00:00", "timestamp_ms": 1682631227000}}, {"type": "Feature", "geometry": {"type": "Point", "coordinates": [-71.13688946973065, 42.35945864490659]}, "properties": {"street": "EVERETT ST", "location_type": "Street", "dispatch_ts": "2024-05-02T17:49:13+00:00", "timestamp_ms": 1714672153000}}, {"type": "Feature", "geometry": {"type": "Point", "coordinates": [-71.05401585393919, 42.36775447127704]}, "properties": {"street": null, "location_type": "Intersection", "dispatch_ts": "2020-08-09T20:55:26+00:00", "timestamp_ms": 1597006526000}}, {"type": "Feature", "geometry": {"type": "Point", "coordinates": [-71.08268196367528, 42.27133510692524]}, "properties": {"street": "RIVER ST", "location_type": "Street", "dispatch_ts": "2021-09-15T21:39:25+00:00", "timestamp_ms": 1631741965000}}, {"type": "Feature", "geometry": {"type": "Point", "coordinates": [-71.14069430311254, 42.35239567083273]}, "properties": {"street": "CAMBRIDGE ST", "location_type": "Street", "dispatch_ts": "2020-10-04T18:59:33+00:00", "timestamp_ms": 1601837973000}}, {"type": "Feature", "geometry": {"type": "Point", "coordinates": [-71.07777629366032, 42.30638790081784]}, "properties": {"street": "COLUMBIA RD", "location_type": "Street", "dispatch_ts": "2025-06-18T06:09:15+00:00", "timestamp_ms": 1750226955000}}, {"type": "Feature", "geometry": {"type": "Point", "coordinates": [-71.09672716071056, 42.34876451600292]}, "properties": {"street": "COMMONWEALTH AVE", "location_type": "Street", "dispatch_ts": "2016-07-18T01:11:19+00:00", "timestamp_ms": 1468804279000}}, {"type": "Feature", "geometry": {"type": "Point", "coordinates": [-71.0695905871538, 42.311102735828754]}, "properties": {"street": null, "location_type": "Intersection", "dispatch_ts": "2018-03-27T23:53:28+00:00", "timestamp_ms": 1522194808000}}, {"type": "Feature", "geometry": {"type": "Point", "coordinates": [-71.08125778045732, 42.29295226559531]}, "properties": {"street": null, "location_type": "Intersection", "dispatch_ts": "2020-09-04T19:11:55+00:00", "timestamp_ms": 1599246715000}}, {"type": "Feature", "geometry": {"type": "Point", "coordinates": [-71.09778387889432, 42.34859825530192]}, "properties": {"street": "BEACON ST", "location_type": "Street", "dispatch_ts": "2018-10-04T12:46:11+00:00", "timestamp_ms": 1538657171000}}, {"type": "Feature", "geometry": {"type": "Point", "coordinates": [-71.14659884058, 42.29247895477087]}, "properties": {"street": null, "location_type": "Intersection", "dispatch_ts": "2024-10-18T12:27:03+00:00", "timestamp_ms": 1729254423000}}, {"type": "Feature", "geometry": {"type": "Point", "coordinates": [-71.10260850291361, 42.34333745727253]}, "properties": {"street": null, "location_type": "Intersection", "dispatch_ts": "2019-10-21T13:45:54+00:00", "timestamp_ms": 1571665554000}}, {"type": "Feature", "geometry": {"type": "Point", "coordinates": [-71.08057209320442, 42.30545102601266]}, "properties": {"street": null, "location_type": "Intersection", "dispatch_ts": "2016-11-16T20:49:20+00:00", "timestamp_ms": 1479329360000}}, {"type": "Feature", "geometry": {"type": "Point", "coordinates": [-71.14296264337038, 42.343814781189145]}, "properties": {"street": null, "location_type": "Intersection", "dispatch_ts": "2018-09-03T23:01:22+00:00", "timestamp_ms": 1536015682000}}, {"type": "Feature", "geometry": {"type": "Point", "coordinates": [-71.16050972237113, 42.27810690230268]}, "properties": {"street": "SPRING ST", "location_type": "Street", "dispatch_ts": "2026-06-23T15:47:52+00:00", "timestamp_ms": 1782229672000}}, {"type": "Feature", "geometry": {"type": "Point", "coordinates": [-71.07113456515926, 42.29575923642785]}, "properties": {"street": null, "location_type": "Intersection", "dispatch_ts": "2018-09-07T17:40:01+00:00", "timestamp_ms": 1536342001000}}, {"type": "Feature", "geometry": {"type": "Point", "coordinates": [-71.08108608780726, 42.271357140657955]}, "properties": {"street": "RIVER ST", "location_type": "Street", "dispatch_ts": "2018-07-11T23:29:12+00:00", "timestamp_ms": 1531351752000}}, {"type": "Feature", "geometry": {"type": "Point", "coordinates": [-71.03063520266244, 42.37043139967512]}, "properties": {"street": "PORTER ST", "location_type": "Street", "dispatch_ts": "2024-09-07T00:19:42+00:00", "timestamp_ms": 1725668382000}}, {"type": "Feature", "geometry": {"type": "Point", "coordinates": [-71.07178116762232, 42.34871016874683]}, "properties": {"street": null, "location_type": "Intersection", "dispatch_ts": "2025-09-05T05:35:49+00:00", "timestamp_ms": 1757050549000}}, {"type": "Feature", "geometry": {"type": "Point", "coordinates": [-71.11581932118241, 42.35100723755177]}, "properties": {"street": "COMMONWEALTH AVE", "location_type": "Street", "dispatch_ts": "2016-06-13T14:41:03+00:00", "timestamp_ms": 1465828863000}}, {"type": "Feature", "geometry": {"type": "Point", "coordinates": [-71.08659925925923, 42.35074620795373]}, "properties": {"street": null, "location_type": "Intersection", "dispatch_ts": "2021-07-08T22:08:21+00:00", "timestamp_ms": 1625782101000}}, {"type": "Feature", "geometry": {"type": "Point", "coordinates": [-71.10217378419541, 42.34375377983695]}, "properties": {"street": "BROOKLINE AVE", "location_type": "Street", "dispatch_ts": "2020-07-27T23:34:49+00:00", "timestamp_ms": 1595892889000}}, {"type": "Feature", "geometry": {"type": "Point", "coordinates": [-71.06879344215015, 42.32910801290163]}, "properties": {"street": null, "location_type": "Intersection", "dispatch_ts": "2025-08-29T03:58:34+00:00", "timestamp_ms": 1756439914000}}, {"type": "Feature", "geometry": {"type": "Point", "coordinates": [-71.10991095443079, 42.34032049983787]}, "properties": {"street": null, "location_type": "Intersection", "dispatch_ts": "2019-05-03T18:27:27+00:00", "timestamp_ms": 1556908047000}}, {"type": "Feature", "geometry": {"type": "Point", "coordinates": [-71.09456918217178, 42.34914599963929]}, "properties": {"street": "COMMONWEALTH AVE", "location_type": "Street", "dispatch_ts": "2016-08-29T22:02:01+00:00", "timestamp_ms": 1472508121000}}, {"type": "Feature", "geometry": {"type": "Point", "coordinates": [-71.06333196572272, 42.32038132064664]}, "properties": {"street": "ELDER ST", "location_type": "Street", "dispatch_ts": "2016-06-02T22:16:50+00:00", "timestamp_ms": 1464905810000}}, {"type": "Feature", "geometry": {"type": "Point", "coordinates": [-71.06249250754156, 42.3430043858044]}, "properties": {"street": null, "location_type": "Intersection", "dispatch_ts": "2024-02-14T14:25:19+00:00", "timestamp_ms": 1707920719000}}, {"type": "Feature", "geometry": {"type": "Point", "coordinates": [-71.06798595994115, 42.305463724644646]}, "properties": {"street": "BOWDOIN ST", "location_type": "Street", "dispatch_ts": "2016-04-12T15:47:23+00:00", "timestamp_ms": 1460476043000}}, {"type": "Feature", "geometry": {"type": "Point", "coordinates": [-71.08716182949135, 42.34611243283066]}, "properties": {"street": "MASSACHUSETTS AVE", "location_type": "Street", "dispatch_ts": "2025-09-18T13:58:03+00:00", "timestamp_ms": 1758203883000}}, {"type": "Feature", "geometry": {"type": "Point", "coordinates": [-71.06260311917818, 42.352388713378275]}, "properties": {"street": null, "location_type": "Intersection", "dispatch_ts": "2019-05-04T21:53:25+00:00", "timestamp_ms": 1557006805000}}, {"type": "Feature", "geometry": {"type": "Point", "coordinates": [-71.11000225202132, 42.32201412530426]}, "properties": {"street": null, "location_type": "Intersection", "dispatch_ts": "2018-10-10T21:59:37+00:00", "timestamp_ms": 1539208777000}}, {"type": "Feature", "geometry": {"type": "Point", "coordinates": [-71.15268686871704, 42.287444100761945]}, "properties": {"street": "CENTRE ST", "location_type": "Street", "dispatch_ts": "2018-09-08T22:15:35+00:00", "timestamp_ms": 1536444935000}}, {"type": "Feature", "geometry": {"type": "Point", "coordinates": [-71.14151618514694, 42.34298293797733]}, "properties": {"street": null, "location_type": "Intersection", "dispatch_ts": "2015-04-09T13:15:31+00:00", "timestamp_ms": 1428585331000}}, {"type": "Feature", "geometry": {"type": "Point", "coordinates": [-71.04659878689368, 42.353806893298]}, "properties": {"street": "COURTHOUSE WAY", "location_type": "Street", "dispatch_ts": "2020-07-19T13:10:19+00:00", "timestamp_ms": 1595164219000}}, {"type": "Feature", "geometry": {"type": "Point", "coordinates": [-71.07730017425214, 42.35503420828609]}, "properties": {"street": null, "location_type": "Other", "dispatch_ts": "2017-04-24T22:40:51+00:00", "timestamp_ms": 1493073651000}}, {"type": "Feature", "geometry": {"type": "Point", "coordinates": [-71.05402636502994, 42.278570150989424]}, "properties": {"street": "GRANITE AVE", "location_type": "Street", "dispatch_ts": "2015-08-02T15:41:51+00:00", "timestamp_ms": 1438530111000}}, {"type": "Feature", "geometry": {"type": "Point", "coordinates": [-71.13586384345096, 42.28851265903954]}, "properties": {"street": "FLETCHER ST", "location_type": "Street", "dispatch_ts": "2025-09-24T13:22:33+00:00", "timestamp_ms": 1758720153000}}, {"type": "Feature", "geometry": {"type": "Point", "coordinates": [-71.13132169601725, 42.35604619097846]}, "properties": {"street": null, "location_type": "Intersection", "dispatch_ts": "2025-10-30T03:53:05+00:00", "timestamp_ms": 1761796385000}}, {"type": "Feature", "geometry": {"type": "Point", "coordinates": [-71.15039335433343, 42.33553916104743]}, "properties": {"street": null, "location_type": "Intersection", "dispatch_ts": "2021-04-14T10:11:26+00:00", "timestamp_ms": 1618395086000}}, {"type": "Feature", "geometry": {"type": "Point", "coordinates": [-71.06453754021307, 42.35238395350104]}, "properties": {"street": null, "location_type": "Intersection", "dispatch_ts": "2016-12-31T23:37:20+00:00", "timestamp_ms": 1483227440000}}, {"type": "Feature", "geometry": {"type": "Point", "coordinates": [-71.0781328268161, 42.35171705268001]}, "properties": {"street": null, "location_type": "Intersection", "dispatch_ts": "2017-08-11T20:28:39+00:00", "timestamp_ms": 1502483319000}}, {"type": "Feature", "geometry": {"type": "Point", "coordinates": [-71.05244277056015, 42.35953596090297]}, "properties": {"street": null, "location_type": "Intersection", "dispatch_ts": "2018-12-13T21:59:19+00:00", "timestamp_ms": 1544738359000}}, {"type": "Feature", "geometry": {"type": "Point", "coordinates": [-71.05889509529953, 42.36758452073998]}, "properties": {"street": null, "location_type": "Other", "dispatch_ts": "2018-05-24T12:21:08+00:00", "timestamp_ms": 1527164468000}}, {"type": "Feature", "geometry": {"type": "Point", "coordinates": [-71.07739009979856, 42.33688680645476]}, "properties": {"street": "MASSACHUSETTS AVE", "location_type": "Street", "dispatch_ts": "2018-06-06T23:01:12+00:00", "timestamp_ms": 1528326072000}}, {"type": "Feature", "geometry": {"type": "Point", "coordinates": [-71.08255584300927, 42.32857731979477]}, "properties": {"street": "DUDLEY ST", "location_type": "Street", "dispatch_ts": "2015-05-06T16:47:44+00:00", "timestamp_ms": 1430930864000}}, {"type": "Feature", "geometry": {"type": "Point", "coordinates": [-71.05462555297827, 42.32135243642121]}, "properties": {"street": "COLUMBIA RD", "location_type": "Street", "dispatch_ts": "2026-05-19T21:52:16+00:00", "timestamp_ms": 1779227536000}}, {"type": "Feature", "geometry": {"type": "Point", "coordinates": [-71.05975878653958, 42.35495138050681]}, "properties": {"street": null, "location_type": "Intersection", "dispatch_ts": "2019-11-08T00:19:52+00:00", "timestamp_ms": 1573172392000}}, {"type": "Feature", "geometry": {"type": "Point", "coordinates": [-71.12126863855019, 42.351886419965325]}, "properties": {"street": null, "location_type": "Intersection", "dispatch_ts": "2018-04-28T19:50:30+00:00", "timestamp_ms": 1524945030000}}, {"type": "Feature", "geometry": {"type": "Point", "coordinates": [-71.13106154540633, 42.350555735595485]}, "properties": {"street": null, "location_type": "Intersection", "dispatch_ts": "2024-11-17T21:03:02+00:00", "timestamp_ms": 1731877382000}}, {"type": "Feature", "geometry": {"type": "Point", "coordinates": [-71.07498230703759, 42.34001878841594]}, "properties": {"street": "NEWTON ST", "location_type": "Street", "dispatch_ts": "2023-10-05T01:07:35+00:00", "timestamp_ms": 1696468055000}}, {"type": "Feature", "geometry": {"type": "Point", "coordinates": [-71.14654382699655, 42.355506853502845]}, "properties": {"street": "BEACON ST", "location_type": "Street", "dispatch_ts": "2023-09-19T00:43:43+00:00", "timestamp_ms": 1695084223000}}, {"type": "Feature", "geometry": {"type": "Point", "coordinates": [-71.10944377021737, 42.35026009795321]}, "properties": {"street": null, "location_type": "Intersection", "dispatch_ts": "2023-03-20T18:42:08+00:00", "timestamp_ms": 1679337728000}}, {"type": "Feature", "geometry": {"type": "Point", "coordinates": [-71.11586813688551, 42.29826331999083]}, "properties": {"street": null, "location_type": "Intersection", "dispatch_ts": "2024-09-02T16:25:55+00:00", "timestamp_ms": 1725294355000}}, {"type": "Feature", "geometry": {"type": "Point", "coordinates": [-71.10605232311909, 42.34005182528552]}, "properties": {"street": "BROOKLINE AVE", "location_type": "Street", "dispatch_ts": "2024-09-09T12:35:28+00:00", "timestamp_ms": 1725885328000}}, {"type": "Feature", "geometry": {"type": "Point", "coordinates": [-71.14711778672572, 42.35936668776958]}, "properties": {"street": null, "location_type": "Intersection", "dispatch_ts": "2021-08-30T21:35:44+00:00", "timestamp_ms": 1630359344000}}, {"type": "Feature", "geometry": {"type": "Point", "coordinates": [-71.08604528832058, 42.34957794855685]}, "properties": {"street": null, "location_type": "Intersection", "dispatch_ts": "2016-08-31T12:28:33+00:00", "timestamp_ms": 1472646513000}}, {"type": "Feature", "geometry": {"type": "Point", "coordinates": [-71.08170925571582, 42.32103451435409]}, "properties": {"street": "WARREN ST", "location_type": "Street", "dispatch_ts": "2024-07-02T11:59:00+00:00", "timestamp_ms": 1719921540000}}, {"type": "Feature", "geometry": {"type": "Point", "coordinates": [-71.06734044966623, 42.34115897660026]}, "properties": {"street": "HARRISON AVE", "location_type": "Street", "dispatch_ts": "2021-10-13T20:55:10+00:00", "timestamp_ms": 1634158510000}}, {"type": "Feature", "geometry": {"type": "Point", "coordinates": [-71.06289015150102, 42.35565209264844]}, "properties": {"street": null, "location_type": "Intersection", "dispatch_ts": "2017-09-13T17:42:38+00:00", "timestamp_ms": 1505324558000}}, {"type": "Feature", "geometry": {"type": "Point", "coordinates": [-71.07881859941854, 42.340125762574345]}, "properties": {"street": null, "location_type": "Intersection", "dispatch_ts": "2024-08-09T20:25:37+00:00", "timestamp_ms": 1723235137000}}, {"type": "Feature", "geometry": {"type": "Point", "coordinates": [-71.1035519657417, 42.34412659719371]}, "properties": {"street": "PARK DR", "location_type": "Street", "dispatch_ts": "2024-12-04T16:27:34+00:00", "timestamp_ms": 1733329654000}}, {"type": "Feature", "geometry": {"type": "Point", "coordinates": [-71.13019940715564, 42.35273665382231]}, "properties": {"street": null, "location_type": "Intersection", "dispatch_ts": "2023-10-26T22:14:38+00:00", "timestamp_ms": 1698358478000}}, {"type": "Feature", "geometry": {"type": "Point", "coordinates": [-71.0730459916481, 42.35126745580462]}, "properties": {"street": null, "location_type": "Intersection", "dispatch_ts": "2016-08-12T10:37:10+00:00", "timestamp_ms": 1470998230000}}, {"type": "Feature", "geometry": {"type": "Point", "coordinates": [-71.16211433259485, 42.34639447019346]}, "properties": {"street": null, "location_type": "Intersection", "dispatch_ts": "2019-03-26T12:00:18+00:00", "timestamp_ms": 1553601618000}}, {"type": "Feature", "geometry": {"type": "Point", "coordinates": [-71.04710771487304, 42.294119251874704]}, "properties": {"street": "WILLIAM T MORRISSEY BLVD", "location_type": "Street", "dispatch_ts": "2019-04-11T19:57:36+00:00", "timestamp_ms": 1555012656000}}, {"type": "Feature", "geometry": {"type": "Point", "coordinates": [-71.15528115965073, 42.3506097070509]}, "properties": {"street": null, "location_type": "Intersection", "dispatch_ts": "2016-11-09T18:00:06+00:00", "timestamp_ms": 1478714406000}}, {"type": "Feature", "geometry": {"type": "Point", "coordinates": [-71.05782159570894, 42.35863349024043]}, "properties": {"street": null, "location_type": "Intersection", "dispatch_ts": "2015-08-21T02:54:21+00:00", "timestamp_ms": 1440125661000}}, {"type": "Feature", "geometry": {"type": "Point", "coordinates": [-71.0651763119515, 42.32483366412123]}, "properties": {"street": null, "location_type": "Intersection", "dispatch_ts": "2020-08-16T18:53:25+00:00", "timestamp_ms": 1597604005000}}, {"type": "Feature", "geometry": {"type": "Point", "coordinates": [-71.0652080164487, 42.31706909804054]}, "properties": {"street": null, "location_type": "Intersection", "dispatch_ts": "2017-07-21T17:23:00+00:00", "timestamp_ms": 1500657780000}}, {"type": "Feature", "geometry": {"type": "Point", "coordinates": [-71.06759068223865, 42.32765684413819]}, "properties": {"street": "MASSACHUSETTS AVE", "location_type": "Street", "dispatch_ts": "2016-08-30T19:23:12+00:00", "timestamp_ms": 1472584992000}}, {"type": "Feature", "geometry": {"type": "Point", "coordinates": [-71.06458588329478, 42.30403763995897]}, "properties": {"street": null, "location_type": "Intersection", "dispatch_ts": "2017-06-26T23:31:53+00:00", "timestamp_ms": 1498519913000}}, {"type": "Feature", "geometry": {"type": "Point", "coordinates": [-71.16049110521224, 42.34888754508947]}, "properties": {"street": null, "location_type": "Intersection", "dispatch_ts": "2023-07-14T02:06:49+00:00", "timestamp_ms": 1689300409000}}, {"type": "Feature", "geometry": {"type": "Point", "coordinates": [-71.0702349143055, 42.31135491681683]}, "properties": {"street": null, "location_type": "Intersection", "dispatch_ts": "2016-09-11T03:35:34+00:00", "timestamp_ms": 1473564934000}}, {"type": "Feature", "geometry": {"type": "Point", "coordinates": [-71.04720137910763, 42.349569853982814]}, "properties": {"street": null, "location_type": "Intersection", "dispatch_ts": "2018-09-06T03:04:41+00:00", "timestamp_ms": 1536203081000}}, {"type": "Feature", "geometry": {"type": "Point", "coordinates": [-71.09540421087289, 42.337866796705526]}, "properties": {"street": "HUNTINGTON AVE", "location_type": "Street", "dispatch_ts": "2017-12-14T10:54:10+00:00", "timestamp_ms": 1513248850000}}, {"type": "Feature", "geometry": {"type": "Point", "coordinates": [-71.11535739993349, 42.306916276093]}, "properties": {"street": "SOUTH ST", "location_type": "Street", "dispatch_ts": "2021-05-27T19:39:10+00:00", "timestamp_ms": 1622144350000}}, {"type": "Feature", "geometry": {"type": "Point", "coordinates": [-71.11752429146709, 42.36010418886195]}, "properties": {"street": "SOLDIERS FIELD RD", "location_type": "Street", "dispatch_ts": "2021-11-10T21:35:54+00:00", "timestamp_ms": 1636580154000}}, {"type": "Feature", "geometry": {"type": "Point", "coordinates": [-71.04933778801868, 42.3226670853083]}, "properties": {"street": "WILLIAM J DAY BLVD", "location_type": "Street", "dispatch_ts": "2022-10-18T22:38:04+00:00", "timestamp_ms": 1666132684000}}, {"type": "Feature", "geometry": {"type": "Point", "coordinates": [-71.08353493514693, 42.28936660331449]}, "properties": {"street": "STRATTON ST", "location_type": "Street", "dispatch_ts": "2016-07-14T04:52:12+00:00", "timestamp_ms": 1468471932000}}, {"type": "Feature", "geometry": {"type": "Point", "coordinates": [-71.04780793561974, 42.35227780094479]}, "properties": {"street": "FARNSWORTH ST", "location_type": "Street", "dispatch_ts": "2023-05-28T14:03:28+00:00", "timestamp_ms": 1685282608000}}, {"type": "Feature", "geometry": {"type": "Point", "coordinates": [-71.09230774075881, 42.3409447212657]}, "properties": {"street": "FENWAY ", "location_type": "Street", "dispatch_ts": "2024-08-29T10:47:09+00:00", "timestamp_ms": 1724928429000}}, {"type": "Feature", "geometry": {"type": "Point", "coordinates": [-71.0647615189406, 42.331054854319106]}, "properties": {"street": null, "location_type": "Intersection", "dispatch_ts": "2015-09-03T14:03:44+00:00", "timestamp_ms": 1441289024000}}, {"type": "Feature", "geometry": {"type": "Point", "coordinates": [-71.08576313108206, 42.343374593597815]}, "properties": {"street": null, "location_type": "Intersection", "dispatch_ts": "2023-05-17T00:50:05+00:00", "timestamp_ms": 1684284605000}}, {"type": "Feature", "geometry": {"type": "Point", "coordinates": [-71.10131695429628, 42.33297522820264]}, "properties": {"street": null, "location_type": "Intersection", "dispatch_ts": "2015-09-25T13:47:43+00:00", "timestamp_ms": 1443188863000}}, {"type": "Feature", "geometry": {"type": "Point", "coordinates": [-71.05825757845017, 42.329758837192905]}, "properties": {"street": null, "location_type": "Intersection", "dispatch_ts": "2023-07-12T20:06:56+00:00", "timestamp_ms": 1689192416000}}, {"type": "Feature", "geometry": {"type": "Point", "coordinates": [-71.088641463287, 42.34915419274428]}, "properties": {"street": null, "location_type": "Intersection", "dispatch_ts": "2017-08-07T14:19:23+00:00", "timestamp_ms": 1502115563000}}, {"type": "Feature", "geometry": {"type": "Point", "coordinates": [-71.15065637506389, 42.34895618789233]}, "properties": {"street": null, "location_type": "Intersection", "dispatch_ts": "2016-11-20T03:31:50+00:00", "timestamp_ms": 1479612710000}}, {"type": "Feature", "geometry": {"type": "Point", "coordinates": [-71.02265623061918, 42.38393193644314]}, "properties": {"street": null, "location_type": "Intersection", "dispatch_ts": "2015-09-17T21:16:46+00:00", "timestamp_ms": 1442524606000}}, {"type": "Feature", "geometry": {"type": "Point", "coordinates": [-71.14114393125793, 42.34703457898304]}, "properties": {"street": "COMMONWEALTH AVE", "location_type": "Street", "dispatch_ts": "2017-08-24T14:53:07+00:00", "timestamp_ms": 1503586387000}}, {"type": "Feature", "geometry": {"type": "Point", "coordinates": [-71.13957604978053, 42.36223776947701]}, "properties": {"street": "LITCHFIELD ST", "location_type": "Street", "dispatch_ts": "2020-07-06T22:28:11+00:00", "timestamp_ms": 1594074491000}}, {"type": "Feature", "geometry": {"type": "Point", "coordinates": [-71.08562476967397, 42.301934301163925]}, "properties": {"street": null, "location_type": "Intersection", "dispatch_ts": "2019-05-24T14:59:51+00:00", "timestamp_ms": 1558709991000}}, {"type": "Feature", "geometry": {"type": "Point", "coordinates": [-71.08378214663334, 42.328721346752864]}, "properties": {"street": "DUDLEY ST", "location_type": "Street", "dispatch_ts": "2019-08-28T12:10:54+00:00", "timestamp_ms": 1566994254000}}, {"type": "Feature", "geometry": {"type": "Point", "coordinates": [-71.10438420241124, 42.34509892686996]}, "properties": {"street": "PARK DR", "location_type": "Street", "dispatch_ts": "2015-09-15T21:11:38+00:00", "timestamp_ms": 1442351498000}}, {"type": "Feature", "geometry": {"type": "Point", "coordinates": [-71.13133162976375, 42.3630499890881]}, "properties": {"street": "WESTERN AVE", "location_type": "Street", "dispatch_ts": "2017-10-29T19:00:17+00:00", "timestamp_ms": 1509303617000}}, {"type": "Feature", "geometry": {"type": "Point", "coordinates": [-71.07212419686832, 42.33254716094328]}, "properties": {"street": null, "location_type": "Intersection", "dispatch_ts": "2016-10-19T21:43:33+00:00", "timestamp_ms": 1476913413000}}, {"type": "Feature", "geometry": {"type": "Point", "coordinates": [-71.12630134202719, 42.28816476666642]}, "properties": {"street": null, "location_type": "Intersection", "dispatch_ts": "2021-09-29T01:17:18+00:00", "timestamp_ms": 1632878238000}}, {"type": "Feature", "geometry": {"type": "Point", "coordinates": [-71.06543205863981, 42.281700128896574]}, "properties": {"street": "DORCHESTER AVE", "location_type": "Street", "dispatch_ts": "2023-05-19T05:07:41+00:00", "timestamp_ms": 1684472861000}}, {"type": "Feature", "geometry": {"type": "Point", "coordinates": [-71.0726574520627, 42.384250534925755]}, "properties": {"street": "MAIN ST", "location_type": "Street", "dispatch_ts": "2021-03-18T18:46:44+00:00", "timestamp_ms": 1616093204000}}, {"type": "Feature", "geometry": {"type": "Point", "coordinates": [-71.0440865848439, 42.33049929912376]}, "properties": {"street": null, "location_type": "Intersection", "dispatch_ts": "2022-07-29T21:20:42+00:00", "timestamp_ms": 1659129642000}}, {"type": "Feature", "geometry": {"type": "Point", "coordinates": [-71.13379118772858, 42.23969378543443]}, "properties": {"street": null, "location_type": "Intersection", "dispatch_ts": "2020-10-06T19:26:15+00:00", "timestamp_ms": 1602012375000}}, {"type": "Feature", "geometry": {"type": "Point", "coordinates": [-71.13505988564867, 42.36320697025249]}, "properties": {"street": "WESTERN AVE", "location_type": "Street", "dispatch_ts": "2024-10-30T03:23:11+00:00", "timestamp_ms": 1730258591000}}, {"type": "Feature", "geometry": {"type": "Point", "coordinates": [-71.06153229781877, 42.35494525382701]}, "properties": {"street": "TEMPLE PL", "location_type": "Street", "dispatch_ts": "2023-10-13T04:03:56+00:00", "timestamp_ms": 1697169836000}}, {"type": "Feature", "geometry": {"type": "Point", "coordinates": [-71.07050689506303, 42.34605554552149]}, "properties": {"street": "BERKELEY ST", "location_type": "Street", "dispatch_ts": "2017-09-14T21:16:33+00:00", "timestamp_ms": 1505423793000}}, {"type": "Feature", "geometry": {"type": "Point", "coordinates": [-71.09273644469381, 42.33558894160623]}, "properties": {"street": "ANNUNCIATION RD", "location_type": "Street", "dispatch_ts": "2019-11-18T22:13:10+00:00", "timestamp_ms": 1574115190000}}, {"type": "Feature", "geometry": {"type": "Point", "coordinates": [-71.15451345178883, 42.33840495914792]}, "properties": {"street": "COMMONWEALTH AVE", "location_type": "Street", "dispatch_ts": "2021-06-12T20:56:09+00:00", "timestamp_ms": 1623531369000}}, {"type": "Feature", "geometry": {"type": "Point", "coordinates": [-71.08344622355169, 42.32867315488852]}, "properties": {"street": null, "location_type": "Other", "dispatch_ts": "2016-03-01T16:44:58+00:00", "timestamp_ms": 1456850698000}}, {"type": "Feature", "geometry": {"type": "Point", "coordinates": [-71.13661519718663, 42.35341206434078]}, "properties": {"street": "BRIGHTON AVE", "location_type": "Street", "dispatch_ts": "2022-04-29T03:57:12+00:00", "timestamp_ms": 1651204632000}}, {"type": "Feature", "geometry": {"type": "Point", "coordinates": [-71.09436515201052, 42.34554840026876]}, "properties": {"street": null, "location_type": "Intersection", "dispatch_ts": "2017-07-07T00:46:46+00:00", "timestamp_ms": 1499388406000}}, {"type": "Feature", "geometry": {"type": "Point", "coordinates": [-71.07927020673846, 42.328574196022885]}, "properties": {"street": null, "location_type": "Intersection", "dispatch_ts": "2015-09-29T21:02:35+00:00", "timestamp_ms": 1443560555000}}, {"type": "Feature", "geometry": {"type": "Point", "coordinates": [-71.088641463287, 42.34915419274428]}, "properties": {"street": null, "location_type": "Intersection", "dispatch_ts": "2024-10-10T01:08:34+00:00", "timestamp_ms": 1728522514000}}, {"type": "Feature", "geometry": {"type": "Point", "coordinates": [-71.12393600021244, 42.35883062450883]}, "properties": {"street": null, "location_type": "Intersection", "dispatch_ts": "2024-02-11T15:00:08+00:00", "timestamp_ms": 1707663608000}}, {"type": "Feature", "geometry": {"type": "Point", "coordinates": [-71.06260311917818, 42.352388713378275]}, "properties": {"street": null, "location_type": "Intersection", "dispatch_ts": "2016-10-04T13:49:58+00:00", "timestamp_ms": 1475588998000}}, {"type": "Feature", "geometry": {"type": "Point", "coordinates": [-71.05086900093976, 42.32157799977611]}, "properties": {"street": "WILLIAM J DAY BLVD", "location_type": "Street", "dispatch_ts": "2026-06-02T21:33:22+00:00", "timestamp_ms": 1780436002000}}, {"type": "Feature", "geometry": {"type": "Point", "coordinates": [-71.09240138015855, 42.33897955455339]}, "properties": {"street": null, "location_type": "Intersection", "dispatch_ts": "2019-09-09T14:57:41+00:00", "timestamp_ms": 1568041061000}}, {"type": "Feature", "geometry": {"type": "Point", "coordinates": [-71.10347581105519, 42.263613903786336]}, "properties": {"street": "RIVER ST", "location_type": "Street", "dispatch_ts": "2017-07-06T17:55:47+00:00", "timestamp_ms": 1499363747000}}, {"type": "Feature", "geometry": {"type": "Point", "coordinates": [-71.05903425380826, 42.28941675226608]}, "properties": {"street": "FLORIDA ST", "location_type": "Street", "dispatch_ts": "2016-09-09T02:17:24+00:00", "timestamp_ms": 1473387444000}}, {"type": "Feature", "geometry": {"type": "Point", "coordinates": [-71.10703589249796, 42.31744517825932]}, "properties": {"street": "BOYLSTON ST", "location_type": "Street", "dispatch_ts": "2025-09-23T12:09:49+00:00", "timestamp_ms": 1758629389000}}, {"type": "Feature", "geometry": {"type": "Point", "coordinates": [-71.05747188151506, 42.35336947515828]}, "properties": {"street": "SUMMER ST", "location_type": "Street", "dispatch_ts": "2024-03-13T12:47:59+00:00", "timestamp_ms": 1710334079000}}, {"type": "Feature", "geometry": {"type": "Point", "coordinates": [-71.07973914146662, 42.31075375043245]}, "properties": {"street": "BRUNSWICK ST", "location_type": "Street", "dispatch_ts": "2016-03-13T14:10:54+00:00", "timestamp_ms": 1457878254000}}, {"type": "Feature", "geometry": {"type": "Point", "coordinates": [-71.08137535390782, 42.31107653416914]}, "properties": {"street": "BLUE HILL AVE", "location_type": "Street", "dispatch_ts": "2015-09-09T12:20:56+00:00", "timestamp_ms": 1441801256000}}, {"type": "Feature", "geometry": {"type": "Point", "coordinates": [-71.11388850837422, 42.35098401309591]}, "properties": {"street": "COMMONWEALTH AVE", "location_type": "Street", "dispatch_ts": "2015-08-04T13:56:49+00:00", "timestamp_ms": 1438696609000}}, {"type": "Feature", "geometry": {"type": "Point", "coordinates": [-71.06297174005779, 42.35099134006472]}, "properties": {"street": null, "location_type": "Intersection", "dispatch_ts": "2018-01-16T20:53:32+00:00", "timestamp_ms": 1516136012000}}, {"type": "Feature", "geometry": {"type": "Point", "coordinates": [-71.10725210925047, 42.33892087774625]}, "properties": {"street": null, "location_type": "Intersection", "dispatch_ts": "2020-09-15T14:09:48+00:00", "timestamp_ms": 1600178988000}}, {"type": "Feature", "geometry": {"type": "Point", "coordinates": [-71.0890957622328, 42.35006295890982]}, "properties": {"street": null, "location_type": "Intersection", "dispatch_ts": "2016-08-05T11:18:36+00:00", "timestamp_ms": 1470395916000}}, {"type": "Feature", "geometry": {"type": "Point", "coordinates": [-71.09768964820631, 42.31794676645613]}, "properties": {"street": "BRAGDON ST", "location_type": "Street", "dispatch_ts": "2020-08-20T21:14:16+00:00", "timestamp_ms": 1597958056000}}, {"type": "Feature", "geometry": {"type": "Point", "coordinates": [-71.11892774326239, 42.28027976345248]}, "properties": {"street": "HYDE PARK AVE", "location_type": "Street", "dispatch_ts": "2015-04-28T00:56:08+00:00", "timestamp_ms": 1430182568000}}, {"type": "Feature", "geometry": {"type": "Point", "coordinates": [-71.13628417190787, 42.35404492779999]}, "properties": {"street": "CAMBRIDGE ST", "location_type": "Street", "dispatch_ts": "2017-08-03T16:08:27+00:00", "timestamp_ms": 1501776507000}}, {"type": "Feature", "geometry": {"type": "Point", "coordinates": [-71.10638040994931, 42.349881954484616]}, "properties": {"street": "COMMONWEALTH AVE", "location_type": "Street", "dispatch_ts": "2016-08-29T21:45:22+00:00", "timestamp_ms": 1472507122000}}, {"type": "Feature", "geometry": {"type": "Point", "coordinates": [-71.13096828084701, 42.25532287318634]}, "properties": {"street": "CLEVELAND ST", "location_type": "Street", "dispatch_ts": "2018-05-18T03:12:24+00:00", "timestamp_ms": 1526613144000}}, {"type": "Feature", "geometry": {"type": "Point", "coordinates": [-71.07872484737986, 42.29221443983166]}, "properties": {"street": null, "location_type": "Intersection", "dispatch_ts": "2015-07-31T01:46:36+00:00", "timestamp_ms": 1438307196000}}, {"type": "Feature", "geometry": {"type": "Point", "coordinates": [-71.13014745249438, 42.35359950101702]}, "properties": {"street": null, "location_type": "Intersection", "dispatch_ts": "2019-06-23T23:35:20+00:00", "timestamp_ms": 1561332920000}}, {"type": "Feature", "geometry": {"type": "Point", "coordinates": [-71.09287477598735, 42.34918561382729]}, "properties": {"street": null, "location_type": "Intersection", "dispatch_ts": "2016-07-22T11:06:13+00:00", "timestamp_ms": 1469185573000}}, {"type": "Feature", "geometry": {"type": "Point", "coordinates": [-71.08250920168044, 42.34003415177249]}, "properties": {"street": null, "location_type": "Intersection", "dispatch_ts": "2016-06-27T22:10:44+00:00", "timestamp_ms": 1467065444000}}, {"type": "Feature", "geometry": {"type": "Point", "coordinates": [-71.06453754021307, 42.35238395350104]}, "properties": {"street": null, "location_type": "Intersection", "dispatch_ts": "2015-09-26T21:56:42+00:00", "timestamp_ms": 1443304602000}}, {"type": "Feature", "geometry": {"type": "Point", "coordinates": [-71.08271370241526, 42.35326697747881]}, "properties": {"street": "BACK ST", "location_type": "Street", "dispatch_ts": "2023-09-15T13:56:49+00:00", "timestamp_ms": 1694786209000}}, {"type": "Feature", "geometry": {"type": "Point", "coordinates": [-71.08939346899368, 42.31328218375292]}, "properties": {"street": null, "location_type": "Intersection", "dispatch_ts": "2015-08-08T16:09:26+00:00", "timestamp_ms": 1439050166000}}, {"type": "Feature", "geometry": {"type": "Point", "coordinates": [-71.06453754021307, 42.35238395350104]}, "properties": {"street": null, "location_type": "Intersection", "dispatch_ts": "2022-08-19T19:50:05+00:00", "timestamp_ms": 1660938605000}}, {"type": "Feature", "geometry": {"type": "Point", "coordinates": [-71.08324196851981, 42.32629724741]}, "properties": {"street": "WARREN ST", "location_type": "Street", "dispatch_ts": "2017-05-27T00:13:05+00:00", "timestamp_ms": 1495843985000}}, {"type": "Feature", "geometry": {"type": "Point", "coordinates": [-71.07739009979856, 42.33688680645476]}, "properties": {"street": "MASSACHUSETTS AVE", "location_type": "Street", "dispatch_ts": "2015-07-27T14:10:47+00:00", "timestamp_ms": 1438006247000}}, {"type": "Feature", "geometry": {"type": "Point", "coordinates": [-71.05873777051023, 42.3569945605157]}, "properties": {"street": null, "location_type": "Intersection", "dispatch_ts": "2024-10-05T21:26:46+00:00", "timestamp_ms": 1728163606000}}, {"type": "Feature", "geometry": {"type": "Point", "coordinates": [-71.13698507671798, 42.27831741006775]}, "properties": {"street": null, "location_type": "Intersection", "dispatch_ts": "2023-02-20T16:26:56+00:00", "timestamp_ms": 1676910416000}}, {"type": "Feature", "geometry": {"type": "Point", "coordinates": [-71.07737338183068, 42.33619276303998]}, "properties": {"street": "WASHINGTON ST", "location_type": "Street", "dispatch_ts": "2015-12-19T22:25:03+00:00", "timestamp_ms": 1450563903000}}, {"type": "Feature", "geometry": {"type": "Point", "coordinates": [-71.08400154022101, 42.34829303914078]}, "properties": {"street": "BOYLSTON ST", "location_type": "Street", "dispatch_ts": "2019-07-03T16:21:21+00:00", "timestamp_ms": 1562170881000}}, {"type": "Feature", "geometry": {"type": "Point", "coordinates": [-71.0894836662669, 42.350858072765824]}, "properties": {"street": null, "location_type": "Intersection", "dispatch_ts": "2017-02-02T01:42:26+00:00", "timestamp_ms": 1485999746000}}, {"type": "Feature", "geometry": {"type": "Point", "coordinates": [-71.039309320715, 42.38287803496183]}, "properties": {"street": "MERIDIAN ST", "location_type": "Street", "dispatch_ts": "2020-06-16T16:02:39+00:00", "timestamp_ms": 1592323359000}}, {"type": "Feature", "geometry": {"type": "Point", "coordinates": [-71.05668334517006, 42.31545139292202]}, "properties": {"street": null, "location_type": "Intersection", "dispatch_ts": "2025-04-29T13:01:07+00:00", "timestamp_ms": 1745931667000}}, {"type": "Feature", "geometry": {"type": "Point", "coordinates": [-71.1113663641647, 42.33025115293195]}, "properties": {"street": "HUNTINGTON AVE", "location_type": "Street", "dispatch_ts": "2016-03-09T18:40:56+00:00", "timestamp_ms": 1457548856000}}, {"type": "Feature", "geometry": {"type": "Point", "coordinates": [-71.13105564260002, 42.286757307251435]}, "properties": {"street": null, "location_type": "Intersection", "dispatch_ts": "2017-09-08T22:38:45+00:00", "timestamp_ms": 1504910325000}}, {"type": "Feature", "geometry": {"type": "Point", "coordinates": [-71.1309001004024, 42.25074891482043]}, "properties": {"street": null, "location_type": "Intersection", "dispatch_ts": "2020-10-15T22:28:55+00:00", "timestamp_ms": 1602800935000}}, {"type": "Feature", "geometry": {"type": "Point", "coordinates": [-71.06423381745397, 42.31812655407524]}, "properties": {"street": "HAMLET ST", "location_type": "Street", "dispatch_ts": "2023-03-15T21:34:15+00:00", "timestamp_ms": 1678916055000}}, {"type": "Feature", "geometry": {"type": "Point", "coordinates": [-71.07559459777922, 42.35148955746563]}, "properties": {"street": null, "location_type": "Intersection", "dispatch_ts": "2023-11-27T13:38:52+00:00", "timestamp_ms": 1701092332000}}, {"type": "Feature", "geometry": {"type": "Point", "coordinates": [-71.04933586922006, 42.32266954370672]}, "properties": {"street": "WILLIAM J DAY BLVD", "location_type": "Street", "dispatch_ts": "2025-08-02T14:29:38+00:00", "timestamp_ms": 1754144978000}}, {"type": "Feature", "geometry": {"type": "Point", "coordinates": [-71.09637025759461, 42.29323406218495]}, "properties": {"street": null, "location_type": "Intersection", "dispatch_ts": "2019-07-23T19:29:48+00:00", "timestamp_ms": 1563910188000}}, {"type": "Feature", "geometry": {"type": "Point", "coordinates": [-71.03110812029253, 42.37557427837055]}, "properties": {"street": "BREMEN ST", "location_type": "Street", "dispatch_ts": "2019-07-28T21:38:02+00:00", "timestamp_ms": 1564349882000}}, {"type": "Feature", "geometry": {"type": "Point", "coordinates": [-71.02505567924523, 42.33582268653178]}, "properties": {"street": null, "location_type": "Intersection", "dispatch_ts": "2020-05-16T18:13:29+00:00", "timestamp_ms": 1589652809000}}, {"type": "Feature", "geometry": {"type": "Point", "coordinates": [-71.15773250013774, 42.29548455256045]}, "properties": {"street": "VFW PKWY", "location_type": "Street", "dispatch_ts": "2023-08-11T16:51:11+00:00", "timestamp_ms": 1691772671000}}, {"type": "Feature", "geometry": {"type": "Point", "coordinates": [-71.05692316117936, 42.33796017113256]}, "properties": {"street": null, "location_type": "Intersection", "dispatch_ts": "2021-09-29T21:39:13+00:00", "timestamp_ms": 1632951553000}}, {"type": "Feature", "geometry": {"type": "Point", "coordinates": [-71.0495894010885, 42.33988528381504]}, "properties": {"street": null, "location_type": "Intersection", "dispatch_ts": "2021-07-14T12:48:52+00:00", "timestamp_ms": 1626266932000}}, {"type": "Feature", "geometry": {"type": "Point", "coordinates": [-71.047776855214, 42.303811305971074]}, "properties": {"street": null, "location_type": "Other", "dispatch_ts": "2016-11-17T23:11:40+00:00", "timestamp_ms": 1479424300000}}, {"type": "Feature", "geometry": {"type": "Point", "coordinates": [-71.07302580875351, 42.357086592627496]}, "properties": {"street": "DAVID G MUGAR WAY", "location_type": "Street", "dispatch_ts": "2022-05-25T20:06:13+00:00", "timestamp_ms": 1653509173000}}, {"type": "Feature", "geometry": {"type": "Point", "coordinates": [-71.15227465477108, 42.33718959235167]}, "properties": {"street": null, "location_type": "Intersection", "dispatch_ts": "2017-07-07T22:34:14+00:00", "timestamp_ms": 1499466854000}}, {"type": "Feature", "geometry": {"type": "Point", "coordinates": [-71.0604587224232, 42.29923401825981]}, "properties": {"street": "DORCHESTER AVE", "location_type": "Street", "dispatch_ts": "2022-10-22T18:55:33+00:00", "timestamp_ms": 1666464933000}}, {"type": "Feature", "geometry": {"type": "Point", "coordinates": [-71.15159567856553, 42.335962000846386]}, "properties": {"street": "BEACON ST", "location_type": "Street", "dispatch_ts": "2016-04-18T16:12:59+00:00", "timestamp_ms": 1460995979000}}, {"type": "Feature", "geometry": {"type": "Point", "coordinates": [-71.0724887510328, 42.33962028889844]}, "properties": {"street": null, "location_type": "Intersection", "dispatch_ts": "2016-08-13T20:01:54+00:00", "timestamp_ms": 1471118514000}}, {"type": "Feature", "geometry": {"type": "Point", "coordinates": [-71.06246102397643, 42.29810706204557]}, "properties": {"street": null, "location_type": "Intersection", "dispatch_ts": "2021-10-22T22:17:20+00:00", "timestamp_ms": 1634941040000}}, {"type": "Feature", "geometry": {"type": "Point", "coordinates": [-71.00684901538774, 42.38669724410582]}, "properties": {"street": null, "location_type": "Intersection", "dispatch_ts": "2018-08-09T20:01:53+00:00", "timestamp_ms": 1533844913000}}, {"type": "Feature", "geometry": {"type": "Point", "coordinates": [-71.0614949082776, 42.32042262302428]}, "properties": {"street": null, "location_type": "Intersection", "dispatch_ts": "2019-07-03T17:52:14+00:00", "timestamp_ms": 1562176334000}}, {"type": "Feature", "geometry": {"type": "Point", "coordinates": [-71.12258608231971, 42.260935674905944]}, "properties": {"street": "HYDE PARK AVE", "location_type": "Street", "dispatch_ts": "2022-06-05T22:31:03+00:00", "timestamp_ms": 1654468263000}}, {"type": "Feature", "geometry": {"type": "Point", "coordinates": [-71.07008253884325, 42.33594363212385]}, "properties": {"street": null, "location_type": "Intersection", "dispatch_ts": "2020-11-13T17:51:43+00:00", "timestamp_ms": 1605289903000}}, {"type": "Feature", "geometry": {"type": "Point", "coordinates": [-71.06506719304679, 42.30806374388843]}, "properties": {"street": null, "location_type": "Intersection", "dispatch_ts": "2025-08-27T20:42:56+00:00", "timestamp_ms": 1756327376000}}, {"type": "Feature", "geometry": {"type": "Point", "coordinates": [-71.03945712497027, 42.34464617322181]}, "properties": {"street": null, "location_type": "Intersection", "dispatch_ts": "2018-10-15T21:36:40+00:00", "timestamp_ms": 1539639400000}}, {"type": "Feature", "geometry": {"type": "Point", "coordinates": [-71.08494862222885, 42.34986503602324]}, "properties": {"street": "COMMONWEALTH AVE", "location_type": "Street", "dispatch_ts": "2016-11-19T02:22:48+00:00", "timestamp_ms": 1479522168000}}, {"type": "Feature", "geometry": {"type": "Point", "coordinates": [-71.09004491511386, 42.3515312796145]}, "properties": {"street": null, "location_type": "Other", "dispatch_ts": "2015-05-23T16:21:30+00:00", "timestamp_ms": 1432398090000}}, {"type": "Feature", "geometry": {"type": "Point", "coordinates": [-71.08530392399184, 42.337876532927]}, "properties": {"street": "COLUMBUS AVE", "location_type": "Street", "dispatch_ts": "2024-06-18T20:45:51+00:00", "timestamp_ms": 1718743551000}}, {"type": "Feature", "geometry": {"type": "Point", "coordinates": [-71.05805021162935, 42.30924719008301]}, "properties": {"street": "DORCHESTER AVE", "location_type": "Street", "dispatch_ts": "2019-08-27T15:05:15+00:00", "timestamp_ms": 1566918315000}}, {"type": "Feature", "geometry": {"type": "Point", "coordinates": [-71.068597703193, 42.34019142788279]}, "properties": {"street": null, "location_type": "Intersection", "dispatch_ts": "2023-03-21T09:50:20+00:00", "timestamp_ms": 1679392220000}}, {"type": "Feature", "geometry": {"type": "Point", "coordinates": [-71.11127281768063, 42.33002635050504]}, "properties": {"street": "HUNTINGTON AVE", "location_type": "Street", "dispatch_ts": "2017-12-11T14:02:38+00:00", "timestamp_ms": 1513000958000}}, {"type": "Feature", "geometry": {"type": "Point", "coordinates": [-71.13826712760637, 42.36280171109296]}, "properties": {"street": "WESTERN AVE", "location_type": "Street", "dispatch_ts": "2015-05-27T01:41:08+00:00", "timestamp_ms": 1432690868000}}, {"type": "Feature", "geometry": {"type": "Point", "coordinates": [-71.06862588865849, 42.35163409284731]}, "properties": {"street": "PARK PLZ", "location_type": "Street", "dispatch_ts": "2017-09-11T21:03:40+00:00", "timestamp_ms": 1505163820000}}, {"type": "Feature", "geometry": {"type": "Point", "coordinates": [-71.12371933998844, 42.36833400288524]}, "properties": {"street": null, "location_type": "Intersection", "dispatch_ts": "2017-10-15T04:20:15+00:00", "timestamp_ms": 1508041215000}}, {"type": "Feature", "geometry": {"type": "Point", "coordinates": [-71.09698981116533, 42.32815996481075]}, "properties": {"street": null, "location_type": "Intersection", "dispatch_ts": "2016-05-26T17:53:53+00:00", "timestamp_ms": 1464285233000}}, {"type": "Feature", "geometry": {"type": "Point", "coordinates": [-71.088641463287, 42.34915419274428]}, "properties": {"street": null, "location_type": "Intersection", "dispatch_ts": "2024-09-18T14:16:15+00:00", "timestamp_ms": 1726668975000}}, {"type": "Feature", "geometry": {"type": "Point", "coordinates": [-71.09038917010932, 42.29571473166622]}, "properties": {"street": "SHANDON RD", "location_type": "Street", "dispatch_ts": "2024-04-08T20:26:32+00:00", "timestamp_ms": 1712607992000}}, {"type": "Feature", "geometry": {"type": "Point", "coordinates": [-71.10495363374865, 42.31235022292313]}, "properties": {"street": "CORNWALL ST", "location_type": "Street", "dispatch_ts": "2019-11-22T14:01:09+00:00", "timestamp_ms": 1574431269000}}, {"type": "Feature", "geometry": {"type": "Point", "coordinates": [-71.1123078788743, 42.32395352769919]}, "properties": {"street": null, "location_type": "Intersection", "dispatch_ts": "2022-09-09T11:37:26+00:00", "timestamp_ms": 1662723446000}}, {"type": "Feature", "geometry": {"type": "Point", "coordinates": [-71.0894836662669, 42.350858072765824]}, "properties": {"street": null, "location_type": "Intersection", "dispatch_ts": "2015-06-14T20:29:30+00:00", "timestamp_ms": 1434313770000}}, {"type": "Feature", "geometry": {"type": "Point", "coordinates": [-71.15444803627109, 42.35239977761864]}, "properties": {"street": null, "location_type": "Intersection", "dispatch_ts": "2021-05-04T03:20:15+00:00", "timestamp_ms": 1620098415000}}, {"type": "Feature", "geometry": {"type": "Point", "coordinates": [-71.08366188163748, 42.33561010434955]}, "properties": {"street": "GREENWICH ST", "location_type": "Street", "dispatch_ts": "2017-06-30T17:50:16+00:00", "timestamp_ms": 1498845016000}}, {"type": "Feature", "geometry": {"type": "Point", "coordinates": [-71.06456485636484, 42.3466358349408]}, "properties": {"street": null, "location_type": "Intersection", "dispatch_ts": "2025-04-26T05:22:22+00:00", "timestamp_ms": 1745644942000}}, {"type": "Feature", "geometry": {"type": "Point", "coordinates": [-71.09232774598799, 42.339093091204674]}, "properties": {"street": null, "location_type": "Intersection", "dispatch_ts": "2024-12-06T21:59:13+00:00", "timestamp_ms": 1733522353000}}, {"type": "Feature", "geometry": {"type": "Point", "coordinates": [-71.07563050723822, 42.33746016491123]}, "properties": {"street": null, "location_type": "Intersection", "dispatch_ts": "2018-10-11T17:21:39+00:00", "timestamp_ms": 1539278499000}}, {"type": "Feature", "geometry": {"type": "Point", "coordinates": [-71.1112581614438, 42.32999305121988]}, "properties": {"street": "HUNTINGTON AVE", "location_type": "Street", "dispatch_ts": "2022-04-08T23:43:43+00:00", "timestamp_ms": 1649461423000}}, {"type": "Feature", "geometry": {"type": "Point", "coordinates": [-71.07557886076239, 42.34653330445321]}, "properties": {"street": "DARTMOUTH ST", "location_type": "Street", "dispatch_ts": "2024-07-11T12:08:32+00:00", "timestamp_ms": 1720699712000}}, {"type": "Feature", "geometry": {"type": "Point", "coordinates": [-71.11464288307407, 42.35107572805865]}, "properties": {"street": "COMMONWEALTH AVE", "location_type": "Street", "dispatch_ts": "2026-06-21T22:19:08+00:00", "timestamp_ms": 1782080348000}}, {"type": "Feature", "geometry": {"type": "Point", "coordinates": [-71.11791528810664, 42.36268253576443]}, "properties": {"street": "SOLDIERS FIELD RD", "location_type": "Street", "dispatch_ts": "2015-06-09T14:31:40+00:00", "timestamp_ms": 1433860300000}}, {"type": "Feature", "geometry": {"type": "Point", "coordinates": [-71.03885866205152, 42.28858314374091]}, "properties": {"street": null, "location_type": "Intersection", "dispatch_ts": "2017-09-17T14:37:45+00:00", "timestamp_ms": 1505659065000}}, {"type": "Feature", "geometry": {"type": "Point", "coordinates": [-71.11580748208375, 42.351021670897445]}, "properties": {"street": null, "location_type": "Intersection", "dispatch_ts": "2015-07-21T12:56:51+00:00", "timestamp_ms": 1437483411000}}, {"type": "Feature", "geometry": {"type": "Point", "coordinates": [-71.1113663641647, 42.33025115293195]}, "properties": {"street": "HUNTINGTON AVE", "location_type": "Street", "dispatch_ts": "2023-07-21T21:42:25+00:00", "timestamp_ms": 1689975745000}}, {"type": "Feature", "geometry": {"type": "Point", "coordinates": [-71.08688925034974, 42.33687138563577]}, "properties": {"street": "COLUMBUS AVE", "location_type": "Street", "dispatch_ts": "2015-07-13T10:50:18+00:00", "timestamp_ms": 1436784618000}}, {"type": "Feature", "geometry": {"type": "Point", "coordinates": [-71.05998653947707, 42.359124694697506]}, "properties": {"street": "CENTER PLZ", "location_type": "Street", "dispatch_ts": "2023-12-08T20:45:56+00:00", "timestamp_ms": 1702068356000}}, {"type": "Feature", "geometry": {"type": "Point", "coordinates": [-71.10479948490793, 42.334172923349854]}, "properties": {"street": null, "location_type": "Intersection", "dispatch_ts": "2019-11-11T11:25:00+00:00", "timestamp_ms": 1573471500000}}, {"type": "Feature", "geometry": {"type": "Point", "coordinates": [-71.05973320307133, 42.35015874861804]}, "properties": {"street": null, "location_type": "Intersection", "dispatch_ts": "2025-05-15T23:19:22+00:00", "timestamp_ms": 1747351162000}}, {"type": "Feature", "geometry": {"type": "Point", "coordinates": [-71.09709322869894, 42.34898917720304]}, "properties": {"street": null, "location_type": "Intersection", "dispatch_ts": "2016-07-18T18:06:04+00:00", "timestamp_ms": 1468865164000}}, {"type": "Feature", "geometry": {"type": "Point", "coordinates": [-71.16277648418556, 42.34549448897344]}, "properties": {"street": "LAKE ST", "location_type": "Street", "dispatch_ts": "2018-06-12T22:13:36+00:00", "timestamp_ms": 1528841616000}}, {"type": "Feature", "geometry": {"type": "Point", "coordinates": [-71.07256766237668, 42.34268992317129]}, "properties": {"street": "UPTON ST", "location_type": "Street", "dispatch_ts": "2021-11-14T00:27:45+00:00", "timestamp_ms": 1636849665000}}, {"type": "Feature", "geometry": {"type": "Point", "coordinates": [-71.10097247309758, 42.344901961270494]}, "properties": {"street": null, "location_type": "Intersection", "dispatch_ts": "2019-09-26T21:43:43+00:00", "timestamp_ms": 1569534223000}}, {"type": "Feature", "geometry": {"type": "Point", "coordinates": [-71.08624246272807, 42.3075358100232]}, "properties": {"street": "WAYNE ST", "location_type": "Street", "dispatch_ts": "2015-08-20T23:56:12+00:00", "timestamp_ms": 1440114972000}}, {"type": "Feature", "geometry": {"type": "Point", "coordinates": [-71.07580536924984, 42.326465151539765]}, "properties": {"street": "DUDLEY ST", "location_type": "Street", "dispatch_ts": "2021-11-08T00:12:07+00:00", "timestamp_ms": 1636330327000}}, {"type": "Feature", "geometry": {"type": "Point", "coordinates": [-71.08181395832389, 42.34543689253755]}, "properties": {"street": null, "location_type": "Intersection", "dispatch_ts": "2022-12-10T21:18:29+00:00", "timestamp_ms": 1670707109000}}, {"type": "Feature", "geometry": {"type": "Point", "coordinates": [-71.04933778801868, 42.3226670853083]}, "properties": {"street": "WILLIAM J DAY BLVD", "location_type": "Street", "dispatch_ts": "2021-05-26T22:09:54+00:00", "timestamp_ms": 1622066994000}}, {"type": "Feature", "geometry": {"type": "Point", "coordinates": [-71.07870803857966, 42.352870994003595]}, "properties": {"street": null, "location_type": "Intersection", "dispatch_ts": "2021-09-29T23:10:50+00:00", "timestamp_ms": 1632957050000}}, {"type": "Feature", "geometry": {"type": "Point", "coordinates": [-71.05314787538923, 42.3345248123094]}, "properties": {"street": null, "location_type": "Intersection", "dispatch_ts": "2020-02-14T16:28:46+00:00", "timestamp_ms": 1581697726000}}, {"type": "Feature", "geometry": {"type": "Point", "coordinates": [-71.0398455828545, 42.37671121933319]}, "properties": {"street": "BORDER ST", "location_type": "Street", "dispatch_ts": "2025-09-22T02:10:18+00:00", "timestamp_ms": 1758507018000}}, {"type": "Feature", "geometry": {"type": "Point", "coordinates": [-71.0910781159051, 42.33726874358045]}, "properties": {"street": "LEON ST", "location_type": "Street", "dispatch_ts": "2019-10-07T13:27:38+00:00", "timestamp_ms": 1570454858000}}, {"type": "Feature", "geometry": {"type": "Point", "coordinates": [-71.0709634904614, 42.35581294559148]}, "properties": {"street": "BEACON ST", "location_type": "Street", "dispatch_ts": "2015-06-24T20:19:32+00:00", "timestamp_ms": 1435177172000}}, {"type": "Feature", "geometry": {"type": "Point", "coordinates": [-71.07614627533401, 42.319898351511306]}, "properties": {"street": "GAYLAND ST", "location_type": "Street", "dispatch_ts": "2017-08-11T23:52:39+00:00", "timestamp_ms": 1502495559000}}, {"type": "Feature", "geometry": {"type": "Point", "coordinates": [-71.11157622158402, 42.33079182845408]}, "properties": {"street": null, "location_type": "Intersection", "dispatch_ts": "2024-07-02T12:55:17+00:00", "timestamp_ms": 1719924917000}}, {"type": "Feature", "geometry": {"type": "Point", "coordinates": [-71.09716781262787, 42.34878643387462]}, "properties": {"street": "BEACON ST", "location_type": "Street", "dispatch_ts": "2021-03-31T11:52:58+00:00", "timestamp_ms": 1617191578000}}, {"type": "Feature", "geometry": {"type": "Point", "coordinates": [-71.07346021786326, 42.33356601748208]}, "properties": {"street": null, "location_type": "Intersection", "dispatch_ts": "2025-08-15T22:21:45+00:00", "timestamp_ms": 1755296505000}}, {"type": "Feature", "geometry": {"type": "Point", "coordinates": [-71.10396924162065, 42.34462317715768]}, "properties": {"street": null, "location_type": "Intersection", "dispatch_ts": "2020-10-07T17:25:47+00:00", "timestamp_ms": 1602091547000}}, {"type": "Feature", "geometry": {"type": "Point", "coordinates": [-71.03975492299514, 42.368877415477385]}, "properties": {"street": "SUMNER ST", "location_type": "Street", "dispatch_ts": "2023-06-17T14:15:49+00:00", "timestamp_ms": 1687011349000}}, {"type": "Feature", "geometry": {"type": "Point", "coordinates": [-71.04547878230733, 42.347928425331475]}, "properties": {"street": null, "location_type": "Intersection", "dispatch_ts": "2025-08-09T18:59:56+00:00", "timestamp_ms": 1754765996000}}, {"type": "Feature", "geometry": {"type": "Point", "coordinates": [-71.17326618184228, 42.2747594780088]}, "properties": {"street": "VFW PKWY", "location_type": "Street", "dispatch_ts": "2025-08-28T13:59:59+00:00", "timestamp_ms": 1756389599000}}, {"type": "Feature", "geometry": {"type": "Point", "coordinates": [-71.08406513204291, 42.34220375919181]}, "properties": {"street": null, "location_type": "Intersection", "dispatch_ts": "2019-09-06T00:33:00+00:00", "timestamp_ms": 1567729980000}}, {"type": "Feature", "geometry": {"type": "Point", "coordinates": [-71.092399234367, 42.33295015679992]}, "properties": {"street": null, "location_type": "Intersection", "dispatch_ts": "2024-10-28T17:16:27+00:00", "timestamp_ms": 1730135787000}}, {"type": "Feature", "geometry": {"type": "Point", "coordinates": [-71.06910387637572, 42.30897951677021]}, "properties": {"street": "BELLEVUE ST", "location_type": "Street", "dispatch_ts": "2023-08-02T18:05:04+00:00", "timestamp_ms": 1690999504000}}, {"type": "Feature", "geometry": {"type": "Point", "coordinates": [-71.08009415589993, 42.31271054334482]}, "properties": {"street": null, "location_type": "Intersection", "dispatch_ts": "2019-09-27T19:03:44+00:00", "timestamp_ms": 1569611024000}}, {"type": "Feature", "geometry": {"type": "Point", "coordinates": [-71.054976633509, 42.35436028126976]}, "properties": {"street": "HIGH ST", "location_type": "Street", "dispatch_ts": "2024-10-02T22:53:34+00:00", "timestamp_ms": 1727909614000}}, {"type": "Feature", "geometry": {"type": "Point", "coordinates": [-71.05819428049428, 42.35975394744587]}, "properties": {"street": "CITY HALL PLZ", "location_type": "Street", "dispatch_ts": "2019-09-15T14:26:26+00:00", "timestamp_ms": 1568557586000}}, {"type": "Feature", "geometry": {"type": "Point", "coordinates": [-71.05134793234824, 42.36359513074892]}, "properties": {"street": "COMMERCIAL ST", "location_type": "Street", "dispatch_ts": "2017-11-11T15:21:53+00:00", "timestamp_ms": 1510413713000}}, {"type": "Feature", "geometry": {"type": "Point", "coordinates": [-71.1055518392798, 42.347558264124366]}, "properties": {"street": null, "location_type": "Intersection", "dispatch_ts": "2025-09-15T23:01:06+00:00", "timestamp_ms": 1757977266000}}, {"type": "Feature", "geometry": {"type": "Point", "coordinates": [-71.1135945936624, 42.35074724473098]}, "properties": {"street": "COMMONWEALTH AVE", "location_type": "Street", "dispatch_ts": "2020-10-27T15:06:05+00:00", "timestamp_ms": 1603811165000}}, {"type": "Feature", "geometry": {"type": "Point", "coordinates": [-71.07190091022791, 42.29554370240038]}, "properties": {"street": "PARK ST", "location_type": "Street", "dispatch_ts": "2020-06-13T05:40:58+00:00", "timestamp_ms": 1592026858000}}, {"type": "Feature", "geometry": {"type": "Point", "coordinates": [-71.08941937747879, 42.350704716587515]}, "properties": {"street": "MASSACHUSETTS AVE", "location_type": "Street", "dispatch_ts": "2017-06-23T11:58:30+00:00", "timestamp_ms": 1498219110000}}, {"type": "Feature", "geometry": {"type": "Point", "coordinates": [-71.17009508467567, 42.27740845992787]}, "properties": {"street": "GARDNER ST", "location_type": "Street", "dispatch_ts": "2020-08-26T19:49:01+00:00", "timestamp_ms": 1598471341000}}, {"type": "Feature", "geometry": {"type": "Point", "coordinates": [-71.05285614530557, 42.35147819204654]}, "properties": {"street": null, "location_type": "Intersection", "dispatch_ts": "2016-07-19T10:52:46+00:00", "timestamp_ms": 1468925566000}}, {"type": "Feature", "geometry": {"type": "Point", "coordinates": [-71.092399234367, 42.33295015679992]}, "properties": {"street": null, "location_type": "Intersection", "dispatch_ts": "2024-01-22T22:41:48+00:00", "timestamp_ms": 1705963308000}}, {"type": "Feature", "geometry": {"type": "Point", "coordinates": [-71.09009221641313, 42.35213319979134]}, "properties": {"street": null, "location_type": "Other", "dispatch_ts": "2017-10-04T02:31:22+00:00", "timestamp_ms": 1507084282000}}, {"type": "Feature", "geometry": {"type": "Point", "coordinates": [-71.06701675356547, 42.29686819727773]}, "properties": {"street": null, "location_type": "Intersection", "dispatch_ts": "2015-09-01T23:24:55+00:00", "timestamp_ms": 1441149895000}}, {"type": "Feature", "geometry": {"type": "Point", "coordinates": [-71.06690396060965, 42.36124187011271]}, "properties": {"street": null, "location_type": "Intersection", "dispatch_ts": "2018-09-17T01:56:48+00:00", "timestamp_ms": 1537149408000}}, {"type": "Feature", "geometry": {"type": "Point", "coordinates": [-71.09272347023088, 42.33843197918259]}, "properties": {"street": "PARKER ST", "location_type": "Street", "dispatch_ts": "2024-04-15T18:45:05+00:00", "timestamp_ms": 1713206705000}}, {"type": "Feature", "geometry": {"type": "Point", "coordinates": [-71.10991095443079, 42.34032049983787]}, "properties": {"street": null, "location_type": "Intersection", "dispatch_ts": "2018-11-20T00:40:42+00:00", "timestamp_ms": 1542674442000}}, {"type": "Feature", "geometry": {"type": "Point", "coordinates": [-71.12675839879644, 42.35845037902195]}, "properties": {"street": null, "location_type": "Intersection", "dispatch_ts": "2015-03-27T14:29:58+00:00", "timestamp_ms": 1427466598000}}, {"type": "Feature", "geometry": {"type": "Point", "coordinates": [-71.06564897369833, 42.36122234805066]}, "properties": {"street": "CAMBRIDGE ST", "location_type": "Street", "dispatch_ts": "2022-01-13T23:15:41+00:00", "timestamp_ms": 1642115741000}}, {"type": "Feature", "geometry": {"type": "Point", "coordinates": [-71.0633735128278, 42.300160394971606]}, "properties": {"street": null, "location_type": "Intersection", "dispatch_ts": "2023-12-30T15:13:40+00:00", "timestamp_ms": 1703949220000}}, {"type": "Feature", "geometry": {"type": "Point", "coordinates": [-71.0909706966076, 42.33120536704262]}, "properties": {"street": "MALCOLM X BLVD", "location_type": "Street", "dispatch_ts": "2025-11-06T14:24:46+00:00", "timestamp_ms": 1762439086000}}, {"type": "Feature", "geometry": {"type": "Point", "coordinates": [-71.1056023438088, 42.346564682824514]}, "properties": {"street": "BEACON ST", "location_type": "Street", "dispatch_ts": "2023-04-07T19:48:18+00:00", "timestamp_ms": 1680896898000}}, {"type": "Feature", "geometry": {"type": "Point", "coordinates": [-71.06805062914455, 42.27187049516125]}, "properties": {"street": "ADAMS ST", "location_type": "Street", "dispatch_ts": "2019-07-26T12:04:01+00:00", "timestamp_ms": 1564142641000}}, {"type": "Feature", "geometry": {"type": "Point", "coordinates": [-71.09471884150621, 42.349143921499255]}, "properties": {"street": "COMMONWEALTH AVE", "location_type": "Street", "dispatch_ts": "2017-10-27T21:45:40+00:00", "timestamp_ms": 1509140740000}}, {"type": "Feature", "geometry": {"type": "Point", "coordinates": [-71.05570160861973, 42.37259609914598]}, "properties": {"street": "THIRD ST", "location_type": "Street", "dispatch_ts": "2019-03-05T18:52:07+00:00", "timestamp_ms": 1551811927000}}, {"type": "Feature", "geometry": {"type": "Point", "coordinates": [-71.04379179312075, 42.286325671630166]}, "properties": {"street": "NEPONSET AVE", "location_type": "Street", "dispatch_ts": "2026-05-26T10:20:05+00:00", "timestamp_ms": 1779790805000}}, {"type": "Feature", "geometry": {"type": "Point", "coordinates": [-71.0741346337275, 42.304919987780494]}, "properties": {"street": null, "location_type": "Intersection", "dispatch_ts": "2022-04-18T01:53:20+00:00", "timestamp_ms": 1650246800000}}, {"type": "Feature", "geometry": {"type": "Point", "coordinates": [-71.06853530368863, 42.330681792710514]}, "properties": {"street": "NEWMARKET SQ", "location_type": "Street", "dispatch_ts": "2024-05-16T23:33:51+00:00", "timestamp_ms": 1715902431000}}, {"type": "Feature", "geometry": {"type": "Point", "coordinates": [-71.10704547336827, 42.30693274519199]}, "properties": {"street": null, "location_type": "Intersection", "dispatch_ts": "2015-06-21T00:55:11+00:00", "timestamp_ms": 1434848111000}}, {"type": "Feature", "geometry": {"type": "Point", "coordinates": [-71.06924693623523, 42.32511977818287]}, "properties": {"street": "NORFOLK AVE", "location_type": "Street", "dispatch_ts": "2026-06-09T11:45:43+00:00", "timestamp_ms": 1781005543000}}, {"type": "Feature", "geometry": {"type": "Point", "coordinates": [-71.0572341295899, 42.342963061073675]}, "properties": {"street": "BROADWAY ", "location_type": "Street", "dispatch_ts": "2022-10-23T01:24:19+00:00", "timestamp_ms": 1666488259000}}, {"type": "Feature", "geometry": {"type": "Point", "coordinates": [-71.0597720757252, 42.35959624975118]}, "properties": {"street": "CAMBRIDGE ST", "location_type": "Street", "dispatch_ts": "2018-06-27T04:57:29+00:00", "timestamp_ms": 1530075449000}}, {"type": "Feature", "geometry": {"type": "Point", "coordinates": [-71.14138786601255, 42.36342141213003]}, "properties": {"street": "SOLDIERS FIELD RD", "location_type": "Street", "dispatch_ts": "2023-07-31T00:06:41+00:00", "timestamp_ms": 1690762001000}}, {"type": "Feature", "geometry": {"type": "Point", "coordinates": [-71.07028725663089, 42.351107626701186]}, "properties": {"street": null, "location_type": "Intersection", "dispatch_ts": "2024-07-12T21:14:08+00:00", "timestamp_ms": 1720818848000}}, {"type": "Feature", "geometry": {"type": "Point", "coordinates": [-71.07616239461876, 42.352644170415445]}, "properties": {"street": null, "location_type": "Intersection", "dispatch_ts": "2017-04-30T07:20:55+00:00", "timestamp_ms": 1493536855000}}, {"type": "Feature", "geometry": {"type": "Point", "coordinates": [-71.11213575843543, 42.31882149806199]}, "properties": {"street": null, "location_type": "Intersection", "dispatch_ts": "2017-06-27T23:16:47+00:00", "timestamp_ms": 1498605407000}}, {"type": "Feature", "geometry": {"type": "Point", "coordinates": [-71.11669225409493, 42.31892820530769]}, "properties": {"street": "JAMAICAWAY ", "location_type": "Street", "dispatch_ts": "2020-07-18T02:12:41+00:00", "timestamp_ms": 1595038361000}}, {"type": "Feature", "geometry": {"type": "Point", "coordinates": [-71.06993517993041, 42.35604889460485]}, "properties": {"street": "BEACON ST", "location_type": "Street", "dispatch_ts": "2018-08-10T02:09:36+00:00", "timestamp_ms": 1533866976000}}, {"type": "Feature", "geometry": {"type": "Point", "coordinates": [-71.05659034964353, 42.31118708579665]}, "properties": {"street": null, "location_type": "Intersection", "dispatch_ts": "2026-03-31T19:45:28+00:00", "timestamp_ms": 1774986328000}}, {"type": "Feature", "geometry": {"type": "Point", "coordinates": [-71.12893881953718, 42.28570909456401]}, "properties": {"street": null, "location_type": "Intersection", "dispatch_ts": "2019-11-21T02:11:24+00:00", "timestamp_ms": 1574302284000}}, {"type": "Feature", "geometry": {"type": "Point", "coordinates": [-71.07532910710479, 42.32616066794144]}, "properties": {"street": null, "location_type": "Intersection", "dispatch_ts": "2024-07-08T00:48:07+00:00", "timestamp_ms": 1720399687000}}, {"type": "Feature", "geometry": {"type": "Point", "coordinates": [-71.08259083920463, 42.2804150469188]}, "properties": {"street": null, "location_type": "Intersection", "dispatch_ts": "2019-08-03T15:08:44+00:00", "timestamp_ms": 1564844924000}}, {"type": "Feature", "geometry": {"type": "Point", "coordinates": [-71.09949716065442, 42.31898397331559]}, "properties": {"street": "BRAGDON ST", "location_type": "Street", "dispatch_ts": "2020-07-29T00:59:27+00:00", "timestamp_ms": 1595984367000}}, {"type": "Feature", "geometry": {"type": "Point", "coordinates": [-71.05461175587006, 42.364705339395194]}, "properties": {"street": "PRINCE ST", "location_type": "Street", "dispatch_ts": "2018-08-19T01:16:52+00:00", "timestamp_ms": 1534641412000}}, {"type": "Feature", "geometry": {"type": "Point", "coordinates": [-71.15924339105288, 42.359136200581766]}, "properties": {"street": null, "location_type": "Intersection", "dispatch_ts": "2019-07-17T17:09:59+00:00", "timestamp_ms": 1563383399000}}, {"type": "Feature", "geometry": {"type": "Point", "coordinates": [-71.04683700144555, 42.314273999596814]}, "properties": {"street": "WILLIAM T MORRISSEY BLVD", "location_type": "Street", "dispatch_ts": "2015-08-28T15:07:09+00:00", "timestamp_ms": 1440774429000}}, {"type": "Feature", "geometry": {"type": "Point", "coordinates": [-71.07062896314606, 42.34450655834227]}, "properties": {"street": "TREMONT ST", "location_type": "Street", "dispatch_ts": "2023-06-25T16:21:22+00:00", "timestamp_ms": 1687710082000}}, {"type": "Feature", "geometry": {"type": "Point", "coordinates": [-71.06181151145475, 42.294584557638935]}, "properties": {"street": null, "location_type": "Intersection", "dispatch_ts": "2017-09-18T12:35:54+00:00", "timestamp_ms": 1505738154000}}, {"type": "Feature", "geometry": {"type": "Point", "coordinates": [-71.09990375951381, 42.32276765341235]}, "properties": {"street": "CENTRE ST", "location_type": "Street", "dispatch_ts": "2023-01-04T13:26:27+00:00", "timestamp_ms": 1672838787000}}, {"type": "Feature", "geometry": {"type": "Point", "coordinates": [-71.0626455350667, 42.371437925358094]}, "properties": {"street": null, "location_type": "Intersection", "dispatch_ts": "2016-10-26T20:49:45+00:00", "timestamp_ms": 1477514985000}}, {"type": "Feature", "geometry": {"type": "Point", "coordinates": [-71.05703916478565, 42.34059517667835]}, "properties": {"street": null, "location_type": "Intersection", "dispatch_ts": "2023-08-30T10:37:45+00:00", "timestamp_ms": 1693391865000}}, {"type": "Feature", "geometry": {"type": "Point", "coordinates": [-71.07383545703995, 42.27130666460998]}, "properties": {"street": null, "location_type": "Intersection", "dispatch_ts": "2020-07-03T15:57:42+00:00", "timestamp_ms": 1593791862000}}, {"type": "Feature", "geometry": {"type": "Point", "coordinates": [-71.130023511871, 42.349215975917176]}, "properties": {"street": null, "location_type": "Intersection", "dispatch_ts": "2021-08-15T22:43:52+00:00", "timestamp_ms": 1629067432000}}, {"type": "Feature", "geometry": {"type": "Point", "coordinates": [-71.07639250403479, 42.34832392212208]}, "properties": {"street": null, "location_type": "Intersection", "dispatch_ts": "2019-04-08T23:50:37+00:00", "timestamp_ms": 1554767437000}}, {"type": "Feature", "geometry": {"type": "Point", "coordinates": [-71.09322184354569, 42.33361645691778]}, "properties": {"street": null, "location_type": "Intersection", "dispatch_ts": "2019-07-30T15:43:09+00:00", "timestamp_ms": 1564501389000}}, {"type": "Feature", "geometry": {"type": "Point", "coordinates": [-71.0536816445503, 42.329241971243626]}, "properties": {"street": "PREBLE ST", "location_type": "Street", "dispatch_ts": "2023-07-15T16:40:16+00:00", "timestamp_ms": 1689439216000}}, {"type": "Feature", "geometry": {"type": "Point", "coordinates": [-71.093869231729, 42.28768806963401]}, "properties": {"street": null, "location_type": "Intersection", "dispatch_ts": "2024-03-20T15:32:59+00:00", "timestamp_ms": 1710948779000}}, {"type": "Feature", "geometry": {"type": "Point", "coordinates": [-71.08988985517482, 42.308287808658385]}, "properties": {"street": "SEAVER ST", "location_type": "Street", "dispatch_ts": "2020-01-21T18:50:19+00:00", "timestamp_ms": 1579632619000}}, {"type": "Feature", "geometry": {"type": "Point", "coordinates": [-71.10725210925047, 42.33892087774625]}, "properties": {"street": null, "location_type": "Intersection", "dispatch_ts": "2023-09-28T21:27:04+00:00", "timestamp_ms": 1695936424000}}, {"type": "Feature", "geometry": {"type": "Point", "coordinates": [-71.12810001876169, 42.35738060970732]}, "properties": {"street": null, "location_type": "Intersection", "dispatch_ts": "2022-06-18T04:06:26+00:00", "timestamp_ms": 1655525186000}}, {"type": "Feature", "geometry": {"type": "Point", "coordinates": [-71.13602701723246, 42.29444575093793]}, "properties": {"street": null, "location_type": "Intersection", "dispatch_ts": "2017-09-17T13:11:22+00:00", "timestamp_ms": 1505653882000}}, {"type": "Feature", "geometry": {"type": "Point", "coordinates": [-71.10582771595766, 42.32264483196568]}, "properties": {"street": null, "location_type": "Intersection", "dispatch_ts": "2017-10-13T22:20:53+00:00", "timestamp_ms": 1507933253000}}, {"type": "Feature", "geometry": {"type": "Point", "coordinates": [-71.07342099408642, 42.33359095305056]}, "properties": {"street": null, "location_type": "Intersection", "dispatch_ts": "2019-12-10T04:37:05+00:00", "timestamp_ms": 1575952625000}}, {"type": "Feature", "geometry": {"type": "Point", "coordinates": [-71.08295340125612, 42.30869396539137]}, "properties": {"street": null, "location_type": "Intersection", "dispatch_ts": "2015-05-06T14:59:55+00:00", "timestamp_ms": 1430924395000}}, {"type": "Feature", "geometry": {"type": "Point", "coordinates": [-71.06741773601142, 42.34111107017672]}, "properties": {"street": null, "location_type": "Intersection", "dispatch_ts": "2017-11-08T22:45:15+00:00", "timestamp_ms": 1510181115000}}, {"type": "Feature", "geometry": {"type": "Point", "coordinates": [-71.09698981116533, 42.32815996481075]}, "properties": {"street": null, "location_type": "Intersection", "dispatch_ts": "2018-05-04T21:39:26+00:00", "timestamp_ms": 1525469966000}}, {"type": "Feature", "geometry": {"type": "Point", "coordinates": [-71.0714752969125, 42.32669430888321]}, "properties": {"street": null, "location_type": "Intersection", "dispatch_ts": "2016-05-09T11:00:28+00:00", "timestamp_ms": 1462791628000}}, {"type": "Feature", "geometry": {"type": "Point", "coordinates": [-71.05430550820056, 42.30386650632165]}, "properties": {"street": null, "location_type": "Intersection", "dispatch_ts": "2017-06-08T16:53:35+00:00", "timestamp_ms": 1496940815000}}, {"type": "Feature", "geometry": {"type": "Point", "coordinates": [-71.06766441381589, 42.35076585490496]}, "properties": {"street": "STUART ST", "location_type": "Street", "dispatch_ts": "2023-08-09T04:56:08+00:00", "timestamp_ms": 1691556968000}}, {"type": "Feature", "geometry": {"type": "Point", "coordinates": [-71.11509400529675, 42.323553663245185]}, "properties": {"street": null, "location_type": "Intersection", "dispatch_ts": "2015-11-17T14:59:09+00:00", "timestamp_ms": 1447772349000}}, {"type": "Feature", "geometry": {"type": "Point", "coordinates": [-71.12132745995027, 42.292830847106835]}, "properties": {"street": "WASHINGTON ST", "location_type": "Street", "dispatch_ts": "2017-11-12T23:38:40+00:00", "timestamp_ms": 1510529920000}}, {"type": "Feature", "geometry": {"type": "Point", "coordinates": [-71.06915162035679, 42.325048761625304]}, "properties": {"street": null, "location_type": "Intersection", "dispatch_ts": "2015-04-23T23:20:55+00:00", "timestamp_ms": 1429831255000}}, {"type": "Feature", "geometry": {"type": "Point", "coordinates": [-71.03522744638505, 42.33067168835532]}, "properties": {"street": null, "location_type": "Intersection", "dispatch_ts": "2024-10-08T10:12:50+00:00", "timestamp_ms": 1728382370000}}, {"type": "Feature", "geometry": {"type": "Point", "coordinates": [-71.10991095443079, 42.34032049983787]}, "properties": {"street": null, "location_type": "Intersection", "dispatch_ts": "2019-11-19T02:26:30+00:00", "timestamp_ms": 1574130390000}}, {"type": "Feature", "geometry": {"type": "Point", "coordinates": [-71.03726161958404, 42.343133354630986]}, "properties": {"street": "SUMMER ST", "location_type": "Street", "dispatch_ts": "2021-06-12T06:11:00+00:00", "timestamp_ms": 1623478260000}}, {"type": "Feature", "geometry": {"type": "Point", "coordinates": [-71.0463841394128, 42.31246610411064]}, "properties": {"street": null, "location_type": "Intersection", "dispatch_ts": "2025-05-16T12:25:46+00:00", "timestamp_ms": 1747398346000}}, {"type": "Feature", "geometry": {"type": "Point", "coordinates": [-71.07578806470312, 42.321329153531025]}, "properties": {"street": "WOODVILLE ST", "location_type": "Street", "dispatch_ts": "2019-09-07T05:17:03+00:00", "timestamp_ms": 1567833423000}}, {"type": "Feature", "geometry": {"type": "Point", "coordinates": [-71.04710771487304, 42.294119251874704]}, "properties": {"street": "WILLIAM T MORRISSEY BLVD", "location_type": "Street", "dispatch_ts": "2022-06-26T17:58:40+00:00", "timestamp_ms": 1656266320000}}, {"type": "Feature", "geometry": {"type": "Point", "coordinates": [-71.13262757781136, 42.29700833621498]}, "properties": {"street": null, "location_type": "Intersection", "dispatch_ts": "2021-04-21T00:39:44+00:00", "timestamp_ms": 1618965584000}}, {"type": "Feature", "geometry": {"type": "Point", "coordinates": [-71.0389596149072, 42.370174281172694]}, "properties": {"street": null, "location_type": "Intersection", "dispatch_ts": "2019-04-13T00:05:39+00:00", "timestamp_ms": 1555113939000}}, {"type": "Feature", "geometry": {"type": "Point", "coordinates": [-71.05938914782281, 42.351100192400935]}, "properties": {"street": null, "location_type": "Intersection", "dispatch_ts": "2017-12-12T17:52:08+00:00", "timestamp_ms": 1513101128000}}, {"type": "Feature", "geometry": {"type": "Point", "coordinates": [-71.08174219034606, 42.34066415311041]}, "properties": {"street": null, "location_type": "Intersection", "dispatch_ts": "2017-08-09T13:56:43+00:00", "timestamp_ms": 1502287003000}}, {"type": "Feature", "geometry": {"type": "Point", "coordinates": [-71.01409460412755, 42.384915005246704]}, "properties": {"street": "SARATOGA ST", "location_type": "Street", "dispatch_ts": "2021-04-11T00:42:11+00:00", "timestamp_ms": 1618101731000}}, {"type": "Feature", "geometry": {"type": "Point", "coordinates": [-71.09510160211099, 42.348792212916806]}, "properties": {"street": "COMMONWEALTH AVE", "location_type": "Street", "dispatch_ts": "2015-09-19T06:27:31+00:00", "timestamp_ms": 1442644051000}}, {"type": "Feature", "geometry": {"type": "Point", "coordinates": [-71.06127336266016, 42.360960087580246]}, "properties": {"street": null, "location_type": "Intersection", "dispatch_ts": "2015-11-12T15:25:30+00:00", "timestamp_ms": 1447341930000}}, {"type": "Feature", "geometry": {"type": "Point", "coordinates": [-71.12133631401319, 42.308783113511446]}, "properties": {"street": null, "location_type": "Intersection", "dispatch_ts": "2015-06-16T22:39:05+00:00", "timestamp_ms": 1434494345000}}, {"type": "Feature", "geometry": {"type": "Point", "coordinates": [-71.07204087178353, 42.341319772502]}, "properties": {"street": null, "location_type": "Intersection", "dispatch_ts": "2017-10-31T21:40:05+00:00", "timestamp_ms": 1509486005000}}, {"type": "Feature", "geometry": {"type": "Point", "coordinates": [-71.14978598119235, 42.3602717171967]}, "properties": {"street": "SOLDIERS FIELD RD", "location_type": "Street", "dispatch_ts": "2019-09-22T17:48:25+00:00", "timestamp_ms": 1569174505000}}, {"type": "Feature", "geometry": {"type": "Point", "coordinates": [-71.10315921260327, 42.319450400533974]}, "properties": {"street": null, "location_type": "Intersection", "dispatch_ts": "2017-07-09T13:58:29+00:00", "timestamp_ms": 1499608709000}}, {"type": "Feature", "geometry": {"type": "Point", "coordinates": [-71.12075607691948, 42.299672444178505]}, "properties": {"street": null, "location_type": "Other", "dispatch_ts": "2017-10-21T19:33:42+00:00", "timestamp_ms": 1508614422000}}, {"type": "Feature", "geometry": {"type": "Point", "coordinates": [-71.04754825063853, 42.293474371372355]}, "properties": {"street": "WILLIAM T MORRISSEY BLVD", "location_type": "Street", "dispatch_ts": "2024-11-14T21:59:43+00:00", "timestamp_ms": 1731621583000}}, {"type": "Feature", "geometry": {"type": "Point", "coordinates": [-71.04899875136246, 42.35072954845967]}, "properties": {"street": null, "location_type": "Intersection", "dispatch_ts": "2019-04-25T22:26:25+00:00", "timestamp_ms": 1556231185000}}, {"type": "Feature", "geometry": {"type": "Point", "coordinates": [-71.05765762643448, 42.33033460959988]}, "properties": {"street": "DEXTER ST", "location_type": "Street", "dispatch_ts": "2016-08-11T17:16:13+00:00", "timestamp_ms": 1470935773000}}, {"type": "Feature", "geometry": {"type": "Point", "coordinates": [-71.10205090493531, 42.34956664191291]}, "properties": {"street": "COMMONWEALTH AVE", "location_type": "Street", "dispatch_ts": "2019-09-13T18:38:04+00:00", "timestamp_ms": 1568399884000}}, {"type": "Feature", "geometry": {"type": "Point", "coordinates": [-71.0751997753171, 42.35068682443397]}, "properties": {"street": null, "location_type": "Intersection", "dispatch_ts": "2022-09-29T02:15:57+00:00", "timestamp_ms": 1664417757000}}, {"type": "Feature", "geometry": {"type": "Point", "coordinates": [-71.15775224591516, 42.282041148591745]}, "properties": {"street": "CENTRE ST", "location_type": "Street", "dispatch_ts": "2015-10-06T20:38:32+00:00", "timestamp_ms": 1444163912000}}, {"type": "Feature", "geometry": {"type": "Point", "coordinates": [-71.05753965725754, 42.31152416557416]}, "properties": {"street": "DORCHESTER AVE", "location_type": "Street", "dispatch_ts": "2021-03-20T22:00:03+00:00", "timestamp_ms": 1616277603000}}, {"type": "Feature", "geometry": {"type": "Point", "coordinates": [-71.15436818222545, 42.35253473771111]}, "properties": {"street": "PARSONS ST", "location_type": "Street", "dispatch_ts": "2024-11-16T13:33:14+00:00", "timestamp_ms": 1731763994000}}, {"type": "Feature", "geometry": {"type": "Point", "coordinates": [-71.11479557126351, 42.31051043854827]}, "properties": {"street": "CENTRE ST", "location_type": "Street", "dispatch_ts": "2015-07-17T18:20:16+00:00", "timestamp_ms": 1437157216000}}, {"type": "Feature", "geometry": {"type": "Point", "coordinates": [-71.05914450524696, 42.32527562266869]}, "properties": {"street": null, "location_type": "Intersection", "dispatch_ts": "2019-12-12T13:46:41+00:00", "timestamp_ms": 1576158401000}}, {"type": "Feature", "geometry": {"type": "Point", "coordinates": [-71.15400296438504, 42.34913499005407]}, "properties": {"street": "WASHINGTON ST", "location_type": "Street", "dispatch_ts": "2024-08-15T15:52:21+00:00", "timestamp_ms": 1723737141000}}, {"type": "Feature", "geometry": {"type": "Point", "coordinates": [-71.16631635306393, 42.27633402831627]}, "properties": {"street": "SPRING ST", "location_type": "Street", "dispatch_ts": "2024-08-18T08:39:40+00:00", "timestamp_ms": 1723970380000}}, {"type": "Feature", "geometry": {"type": "Point", "coordinates": [-71.0779188702332, 42.30615952084611]}, "properties": {"street": "COLUMBIA RD", "location_type": "Street", "dispatch_ts": "2023-12-19T23:46:15+00:00", "timestamp_ms": 1703029575000}}, {"type": "Feature", "geometry": {"type": "Point", "coordinates": [-71.05714943973308, 42.313239019166794]}, "properties": {"street": "DORCHESTER AVE", "location_type": "Street", "dispatch_ts": "2017-04-25T20:31:36+00:00", "timestamp_ms": 1493152296000}}, {"type": "Feature", "geometry": {"type": "Point", "coordinates": [-71.0152690014217, 42.33884399999117]}, "properties": {"street": "WILLIAM J DAY BLVD", "location_type": "Street", "dispatch_ts": "2015-06-14T18:17:14+00:00", "timestamp_ms": 1434305834000}}, {"type": "Feature", "geometry": {"type": "Point", "coordinates": [-71.08284421230768, 42.316372123054194]}, "properties": {"street": null, "location_type": "Intersection", "dispatch_ts": "2021-12-10T23:18:15+00:00", "timestamp_ms": 1639178295000}}, {"type": "Feature", "geometry": {"type": "Point", "coordinates": [-71.06987115107049, 42.34258974013323]}, "properties": {"street": null, "location_type": "Intersection", "dispatch_ts": "2015-05-28T13:23:44+00:00", "timestamp_ms": 1432819424000}}, {"type": "Feature", "geometry": {"type": "Point", "coordinates": [-71.09978276232542, 42.26872958883614]}, "properties": {"street": "FAIRLAWN AVE", "location_type": "Street", "dispatch_ts": "2018-08-29T00:55:52+00:00", "timestamp_ms": 1535504152000}}, {"type": "Feature", "geometry": {"type": "Point", "coordinates": [-71.0726574520627, 42.384250534925755]}, "properties": {"street": "MAIN ST", "location_type": "Street", "dispatch_ts": "2024-08-12T20:46:07+00:00", "timestamp_ms": 1723495567000}}, {"type": "Feature", "geometry": {"type": "Point", "coordinates": [-71.05140813174425, 42.35477419350416]}, "properties": {"street": null, "location_type": "Intersection", "dispatch_ts": "2018-05-04T13:17:04+00:00", "timestamp_ms": 1525439824000}}, {"type": "Feature", "geometry": {"type": "Point", "coordinates": [-71.16452974593899, 42.35695089957104]}, "properties": {"street": "NEWTON ST", "location_type": "Street", "dispatch_ts": "2026-04-06T13:29:45+00:00", "timestamp_ms": 1775482185000}}, {"type": "Feature", "geometry": {"type": "Point", "coordinates": [-71.10022085491362, 42.34560648349552]}, "properties": {"street": "BROOKLINE AVE", "location_type": "Street", "dispatch_ts": "2025-06-27T11:15:40+00:00", "timestamp_ms": 1751022940000}}, {"type": "Feature", "geometry": {"type": "Point", "coordinates": [-71.0757950856997, 42.38341901074527]}, "properties": {"street": "CAMBRIDGE ST", "location_type": "Street", "dispatch_ts": "2017-06-17T02:55:07+00:00", "timestamp_ms": 1497668107000}}, {"type": "Feature", "geometry": {"type": "Point", "coordinates": [-71.05924845368209, 42.303954284128345]}, "properties": {"street": "DORCHESTER AVE", "location_type": "Street", "dispatch_ts": "2015-09-24T06:06:18+00:00", "timestamp_ms": 1443074778000}}, {"type": "Feature", "geometry": {"type": "Point", "coordinates": [-71.11079266254356, 42.30615999561309]}, "properties": {"street": null, "location_type": "Intersection", "dispatch_ts": "2019-10-11T12:16:06+00:00", "timestamp_ms": 1570796166000}}, {"type": "Feature", "geometry": {"type": "Point", "coordinates": [-71.08438645181741, 42.3023330104654]}, "properties": {"street": "ELLINGTON ST", "location_type": "Street", "dispatch_ts": "2015-08-21T18:05:05+00:00", "timestamp_ms": 1440180305000}}, {"type": "Feature", "geometry": {"type": "Point", "coordinates": [-71.08925196357025, 42.35037063856037]}, "properties": {"street": "MASSACHUSETTS AVE", "location_type": "Street", "dispatch_ts": "2017-08-18T19:59:58+00:00", "timestamp_ms": 1503086398000}}, {"type": "Feature", "geometry": {"type": "Point", "coordinates": [-71.05680380711728, 42.35887829694723]}, "properties": {"street": null, "location_type": "Intersection", "dispatch_ts": "2017-05-01T20:49:03+00:00", "timestamp_ms": 1493671743000}}, {"type": "Feature", "geometry": {"type": "Point", "coordinates": [-71.07302580875351, 42.357086592627496]}, "properties": {"street": "DAVID G MUGAR WAY", "location_type": "Street", "dispatch_ts": "2016-06-30T12:04:46+00:00", "timestamp_ms": 1467288286000}}, {"type": "Feature", "geometry": {"type": "Point", "coordinates": [-71.11164516367744, 42.33092837380625]}, "properties": {"street": "HUNTINGTON AVE", "location_type": "Street", "dispatch_ts": "2025-05-28T23:40:41+00:00", "timestamp_ms": 1748475641000}}, {"type": "Feature", "geometry": {"type": "Point", "coordinates": [-71.13628120442407, 42.360914202076074]}, "properties": {"street": null, "location_type": "Intersection", "dispatch_ts": "2024-04-26T19:21:57+00:00", "timestamp_ms": 1714159317000}}, {"type": "Feature", "geometry": {"type": "Point", "coordinates": [-71.05792859933425, 42.353628970709]}, "properties": {"street": "SUMMER ST", "location_type": "Street", "dispatch_ts": "2024-05-28T16:43:11+00:00", "timestamp_ms": 1716914591000}}, {"type": "Feature", "geometry": {"type": "Point", "coordinates": [-71.07747143250029, 42.314626515185445]}, "properties": {"street": "DACIA ST", "location_type": "Street", "dispatch_ts": "2017-10-29T21:06:35+00:00", "timestamp_ms": 1509311195000}}, {"type": "Feature", "geometry": {"type": "Point", "coordinates": [-71.04601067022642, 42.31218099575016]}, "properties": {"street": "WILLIAM T MORRISSEY BLVD", "location_type": "Street", "dispatch_ts": "2022-03-23T20:01:20+00:00", "timestamp_ms": 1648065680000}}, {"type": "Feature", "geometry": {"type": "Point", "coordinates": [-71.09032139529437, 42.348849509659566]}, "properties": {"street": "COMMONWEALTH AVE", "location_type": "Street", "dispatch_ts": "2016-08-24T12:51:37+00:00", "timestamp_ms": 1472043097000}}, {"type": "Feature", "geometry": {"type": "Point", "coordinates": [-71.15089334919188, 42.33607116816218]}, "properties": {"street": null, "location_type": "Intersection", "dispatch_ts": "2015-04-29T10:50:26+00:00", "timestamp_ms": 1430304626000}}, {"type": "Feature", "geometry": {"type": "Point", "coordinates": [-71.07028725663089, 42.351107626701186]}, "properties": {"street": null, "location_type": "Intersection", "dispatch_ts": "2025-12-06T20:30:39+00:00", "timestamp_ms": 1765053039000}}, {"type": "Feature", "geometry": {"type": "Point", "coordinates": [-71.07604056438119, 42.34160458104001]}, "properties": {"street": "TREMONT ST", "location_type": "Street", "dispatch_ts": "2024-12-02T18:21:54+00:00", "timestamp_ms": 1733163714000}}, {"type": "Feature", "geometry": {"type": "Point", "coordinates": [-71.10163810985297, 42.339317293240576]}, "properties": {"street": null, "location_type": "Intersection", "dispatch_ts": "2022-02-14T17:04:34+00:00", "timestamp_ms": 1644858274000}}, {"type": "Feature", "geometry": {"type": "Point", "coordinates": [-71.06576095877509, 42.37798590655593]}, "properties": {"street": "HIGH ST", "location_type": "Street", "dispatch_ts": "2022-12-30T20:12:37+00:00", "timestamp_ms": 1672431157000}}, {"type": "Feature", "geometry": {"type": "Point", "coordinates": [-71.05476337569299, 42.34134211281312]}, "properties": {"street": "BROADWAY NULL", "location_type": "Street", "dispatch_ts": "2017-07-12T17:37:05+00:00", "timestamp_ms": 1499881025000}}, {"type": "Feature", "geometry": {"type": "Point", "coordinates": [-71.14785268086311, 42.3503587532476]}, "properties": {"street": null, "location_type": "Intersection", "dispatch_ts": "2017-05-29T17:15:16+00:00", "timestamp_ms": 1496078116000}}, {"type": "Feature", "geometry": {"type": "Point", "coordinates": [-71.14054426387445, 42.34706003636808]}, "properties": {"street": "COMMONWEALTH AVE", "location_type": "Street", "dispatch_ts": "2023-07-08T20:32:07+00:00", "timestamp_ms": 1688848327000}}, {"type": "Feature", "geometry": {"type": "Point", "coordinates": [-71.14311392979378, 42.3630147777498]}, "properties": {"street": "SOLDIERS FIELD RD", "location_type": "Street", "dispatch_ts": "2018-01-16T12:54:47+00:00", "timestamp_ms": 1516107287000}}, {"type": "Feature", "geometry": {"type": "Point", "coordinates": [-71.08666089701086, 42.32818089605893]}, "properties": {"street": "WASHINGTON ST", "location_type": "Street", "dispatch_ts": "2018-12-24T22:30:26+00:00", "timestamp_ms": 1545690626000}}, {"type": "Feature", "geometry": {"type": "Point", "coordinates": [-71.08773574910583, 42.347297506470184]}, "properties": {"street": null, "location_type": "Intersection", "dispatch_ts": "2023-10-11T13:27:08+00:00", "timestamp_ms": 1697030828000}}, {"type": "Feature", "geometry": {"type": "Point", "coordinates": [-71.10999125266751, 42.33627616772608]}, "properties": {"street": null, "location_type": "Intersection", "dispatch_ts": "2022-01-14T18:29:22+00:00", "timestamp_ms": 1642184962000}}, {"type": "Feature", "geometry": {"type": "Point", "coordinates": [-71.05571432571027, 42.28260973039492]}, "properties": {"street": null, "location_type": "Intersection", "dispatch_ts": "2015-07-25T14:52:52+00:00", "timestamp_ms": 1437835972000}}, {"type": "Feature", "geometry": {"type": "Point", "coordinates": [-71.07346021786326, 42.33356601748208]}, "properties": {"street": null, "location_type": "Intersection", "dispatch_ts": "2025-06-19T17:13:48+00:00", "timestamp_ms": 1750353228000}}, {"type": "Feature", "geometry": {"type": "Point", "coordinates": [-71.05803538658006, 42.30931600093535]}, "properties": {"street": "DORCHESTER AVE", "location_type": "Street", "dispatch_ts": "2016-05-19T21:39:54+00:00", "timestamp_ms": 1463693994000}}, {"type": "Feature", "geometry": {"type": "Point", "coordinates": [-71.12567841441307, 42.30232230733141]}, "properties": {"street": "ARBORWAY NULL", "location_type": "Street", "dispatch_ts": "2015-09-04T13:51:09+00:00", "timestamp_ms": 1441374669000}}, {"type": "Feature", "geometry": {"type": "Point", "coordinates": [-71.07551070814402, 42.31294910068685]}, "properties": {"street": "DUNKELD ST", "location_type": "Street", "dispatch_ts": "2021-06-02T20:20:17+00:00", "timestamp_ms": 1622665217000}}, {"type": "Feature", "geometry": {"type": "Point", "coordinates": [-71.05091363414081, 42.359755631912726]}, "properties": {"street": "STATE ST", "location_type": "Street", "dispatch_ts": "2023-07-05T05:12:24+00:00", "timestamp_ms": 1688533944000}}, {"type": "Feature", "geometry": {"type": "Point", "coordinates": [-71.10396685914536, 42.34958861987741]}, "properties": {"street": "COMMONWEALTH AVE", "location_type": "Street", "dispatch_ts": "2015-08-19T18:08:46+00:00", "timestamp_ms": 1440007726000}}, {"type": "Feature", "geometry": {"type": "Point", "coordinates": [-71.06033519768408, 42.299649470020505]}, "properties": {"street": "DORCHESTER AVE", "location_type": "Street", "dispatch_ts": "2015-05-25T02:51:48+00:00", "timestamp_ms": 1432522308000}}, {"type": "Feature", "geometry": {"type": "Point", "coordinates": [-71.09244336431235, 42.33958376563799]}, "properties": {"street": "HEMENWAY ST", "location_type": "Street", "dispatch_ts": "2016-04-20T18:03:01+00:00", "timestamp_ms": 1461175381000}}, {"type": "Feature", "geometry": {"type": "Point", "coordinates": [-71.07900945508328, 42.33670957011737]}, "properties": {"street": "SHAWMUT AVE", "location_type": "Street", "dispatch_ts": "2024-07-11T17:49:23+00:00", "timestamp_ms": 1720720163000}}, {"type": "Feature", "geometry": {"type": "Point", "coordinates": [-71.10875747289434, 42.32757922566668]}, "properties": {"street": "HEATH ST", "location_type": "Street", "dispatch_ts": "2020-06-15T11:28:42+00:00", "timestamp_ms": 1592220522000}}, {"type": "Feature", "geometry": {"type": "Point", "coordinates": [-71.06456485636484, 42.3466358349408]}, "properties": {"street": null, "location_type": "Intersection", "dispatch_ts": "2020-08-21T23:54:42+00:00", "timestamp_ms": 1598054082000}}, {"type": "Feature", "geometry": {"type": "Point", "coordinates": [-71.04739178263705, 42.330452044676974]}, "properties": {"street": null, "location_type": "Intersection", "dispatch_ts": "2022-08-30T00:21:42+00:00", "timestamp_ms": 1661818902000}}, {"type": "Feature", "geometry": {"type": "Point", "coordinates": [-71.07654758103976, 42.34134812160391]}, "properties": {"street": null, "location_type": "Intersection", "dispatch_ts": "2017-08-17T04:47:52+00:00", "timestamp_ms": 1502945272000}}, {"type": "Feature", "geometry": {"type": "Point", "coordinates": [-71.1158553934477, 42.27721033409967]}, "properties": {"street": null, "location_type": "Intersection", "dispatch_ts": "2025-08-24T20:15:57+00:00", "timestamp_ms": 1756066557000}}, {"type": "Feature", "geometry": {"type": "Point", "coordinates": [-71.0143628234922, 42.38987433575247]}, "properties": {"street": "WILLIAM F MCCLELLAN HWY", "location_type": "Street", "dispatch_ts": "2019-05-17T19:02:46+00:00", "timestamp_ms": 1558119766000}}, {"type": "Feature", "geometry": {"type": "Point", "coordinates": [-71.13855465939794, 42.34775300402402]}, "properties": {"street": "KELTON ST", "location_type": "Street", "dispatch_ts": "2024-10-13T18:58:13+00:00", "timestamp_ms": 1728845893000}}, {"type": "Feature", "geometry": {"type": "Point", "coordinates": [-71.0712001811113, 42.332335495339265]}, "properties": {"street": null, "location_type": "Intersection", "dispatch_ts": "2018-08-30T03:46:33+00:00", "timestamp_ms": 1535600793000}}, {"type": "Feature", "geometry": {"type": "Point", "coordinates": [-71.03541672274113, 42.33564961125607]}, "properties": {"street": null, "location_type": "Intersection", "dispatch_ts": "2023-01-29T20:10:24+00:00", "timestamp_ms": 1675023024000}}, {"type": "Feature", "geometry": {"type": "Point", "coordinates": [-71.11802709127964, 42.28881640901118]}, "properties": {"street": "WYVERN ST", "location_type": "Street", "dispatch_ts": "2017-04-10T18:07:53+00:00", "timestamp_ms": 1491847673000}}, {"type": "Feature", "geometry": {"type": "Point", "coordinates": [-71.08362803423962, 42.280636937541296]}, "properties": {"street": "MORTON ST", "location_type": "Street", "dispatch_ts": "2019-10-03T19:39:02+00:00", "timestamp_ms": 1570131542000}}, {"type": "Feature", "geometry": {"type": "Point", "coordinates": [-71.13238877099484, 42.354226850419174]}, "properties": {"street": null, "location_type": "Intersection", "dispatch_ts": "2015-01-24T04:03:49+00:00", "timestamp_ms": 1422072229000}}, {"type": "Feature", "geometry": {"type": "Point", "coordinates": [-71.11164538415383, 42.33092890627126]}, "properties": {"street": "HUNTINGTON AVE", "location_type": "Street", "dispatch_ts": "2017-07-31T14:45:03+00:00", "timestamp_ms": 1501512303000}}, {"type": "Feature", "geometry": {"type": "Point", "coordinates": [-71.15587747277648, 42.27931474266757]}, "properties": {"street": null, "location_type": "Intersection", "dispatch_ts": "2024-10-22T21:58:39+00:00", "timestamp_ms": 1729634319000}}, {"type": "Feature", "geometry": {"type": "Point", "coordinates": [-71.11117498141552, 42.32980406370362]}, "properties": {"street": "HUNTINGTON AVE", "location_type": "Street", "dispatch_ts": "2021-08-22T01:42:21+00:00", "timestamp_ms": 1629596541000}}, {"type": "Feature", "geometry": {"type": "Point", "coordinates": [-71.0466388059142, 42.31234273766843]}, "properties": {"street": "OLD COLONY TER", "location_type": "Street", "dispatch_ts": "2025-10-01T12:29:00+00:00", "timestamp_ms": 1759321740000}}, {"type": "Feature", "geometry": {"type": "Point", "coordinates": [-71.04967027617751, 42.30014448398101]}, "properties": {"street": "WILLIAM T MORRISSEY BLVD", "location_type": "Street", "dispatch_ts": "2025-06-26T10:48:20+00:00", "timestamp_ms": 1750934900000}}, {"type": "Feature", "geometry": {"type": "Point", "coordinates": [-71.10682374777898, 42.322545339486545]}, "properties": {"street": null, "location_type": "Intersection", "dispatch_ts": "2020-01-06T13:41:18+00:00", "timestamp_ms": 1578318078000}}, {"type": "Feature", "geometry": {"type": "Point", "coordinates": [-71.07117074566253, 42.32398405146207]}, "properties": {"street": null, "location_type": "Intersection", "dispatch_ts": "2015-04-20T15:11:27+00:00", "timestamp_ms": 1429542687000}}, {"type": "Feature", "geometry": {"type": "Point", "coordinates": [-71.06081525614212, 42.36561100118066]}, "properties": {"street": "CAUSEWAY ST", "location_type": "Street", "dispatch_ts": "2024-08-25T10:39:44+00:00", "timestamp_ms": 1724582384000}}, {"type": "Feature", "geometry": {"type": "Point", "coordinates": [-71.06907852219123, 42.318741120159906]}, "properties": {"street": null, "location_type": "Intersection", "dispatch_ts": "2021-02-26T20:31:58+00:00", "timestamp_ms": 1614371518000}}, {"type": "Feature", "geometry": {"type": "Point", "coordinates": [-71.08049993836859, 42.33364827774625]}, "properties": {"street": "WASHINGTON ST", "location_type": "Street", "dispatch_ts": "2024-06-22T20:37:55+00:00", "timestamp_ms": 1719088675000}}, {"type": "Feature", "geometry": {"type": "Point", "coordinates": [-71.08612326490366, 42.34975426275641]}, "properties": {"street": null, "location_type": "Intersection", "dispatch_ts": "2019-04-18T22:18:52+00:00", "timestamp_ms": 1555625932000}}, {"type": "Feature", "geometry": {"type": "Point", "coordinates": [-71.09157917302562, 42.3492217416669]}, "properties": {"street": null, "location_type": "Intersection", "dispatch_ts": "2025-03-11T23:40:15+00:00", "timestamp_ms": 1741736415000}}, {"type": "Feature", "geometry": {"type": "Point", "coordinates": [-71.06729901814596, 42.34793508615041]}, "properties": {"street": null, "location_type": "Intersection", "dispatch_ts": "2022-05-31T02:40:22+00:00", "timestamp_ms": 1653964822000}}, {"type": "Feature", "geometry": {"type": "Point", "coordinates": [-71.12977673081532, 42.36319984551602]}, "properties": {"street": null, "location_type": "Intersection", "dispatch_ts": "2015-08-16T20:59:42+00:00", "timestamp_ms": 1439758782000}}, {"type": "Feature", "geometry": {"type": "Point", "coordinates": [-71.08284421230768, 42.316372123054194]}, "properties": {"street": null, "location_type": "Intersection", "dispatch_ts": "2021-06-04T03:47:34+00:00", "timestamp_ms": 1622778454000}}, {"type": "Feature", "geometry": {"type": "Point", "coordinates": [-71.07504151306453, 42.35534633889162]}, "properties": {"street": null, "location_type": "Intersection", "dispatch_ts": "2022-03-31T15:34:17+00:00", "timestamp_ms": 1648740857000}}, {"type": "Feature", "geometry": {"type": "Point", "coordinates": [-71.05841368313538, 42.37368823256086]}, "properties": {"street": null, "location_type": "Intersection", "dispatch_ts": "2019-08-14T00:13:21+00:00", "timestamp_ms": 1565741601000}}, {"type": "Feature", "geometry": {"type": "Point", "coordinates": [-71.05497684926827, 42.321310932231064]}, "properties": {"street": "COLUMBIA RD", "location_type": "Street", "dispatch_ts": "2024-08-10T16:18:19+00:00", "timestamp_ms": 1723306699000}}, {"type": "Feature", "geometry": {"type": "Point", "coordinates": [-71.07283446037177, 42.35634982409426]}, "properties": {"street": "CHESTNUT ST", "location_type": "Street", "dispatch_ts": "2019-07-16T13:05:35+00:00", "timestamp_ms": 1563282335000}}, {"type": "Feature", "geometry": {"type": "Point", "coordinates": [-71.11533708262813, 42.27805466931087]}, "properties": {"street": null, "location_type": "Intersection", "dispatch_ts": "2022-11-23T17:02:15+00:00", "timestamp_ms": 1669222935000}}, {"type": "Feature", "geometry": {"type": "Point", "coordinates": [-71.03421991352401, 42.37740302604161]}, "properties": {"street": "SARATOGA ST", "location_type": "Street", "dispatch_ts": "2017-07-09T19:19:06+00:00", "timestamp_ms": 1499627946000}}, {"type": "Feature", "geometry": {"type": "Point", "coordinates": [-71.11163524215917, 42.33223856334836]}, "properties": {"street": "HUNTINGTON AVE", "location_type": "Street", "dispatch_ts": "2018-08-16T01:55:16+00:00", "timestamp_ms": 1534384516000}}, {"type": "Feature", "geometry": {"type": "Point", "coordinates": [-71.092399234367, 42.33295015679992]}, "properties": {"street": null, "location_type": "Intersection", "dispatch_ts": "2021-05-24T20:29:17+00:00", "timestamp_ms": 1621888157000}}, {"type": "Feature", "geometry": {"type": "Point", "coordinates": [-71.06631987476939, 42.361240684445406]}, "properties": {"street": null, "location_type": "Intersection", "dispatch_ts": "2015-12-17T16:05:39+00:00", "timestamp_ms": 1450368339000}}, {"type": "Feature", "geometry": {"type": "Point", "coordinates": [-71.08063588218637, 42.33350537478765]}, "properties": {"street": null, "location_type": "Intersection", "dispatch_ts": "2019-11-01T02:45:05+00:00", "timestamp_ms": 1572576305000}}, {"type": "Feature", "geometry": {"type": "Point", "coordinates": [-71.06345174475219, 42.272728232187376]}, "properties": {"street": null, "location_type": "Intersection", "dispatch_ts": "2021-05-11T16:26:12+00:00", "timestamp_ms": 1620750372000}}, {"type": "Feature", "geometry": {"type": "Point", "coordinates": [-71.07349011506497, 42.331820458815706]}, "properties": {"street": "MELNEA CASS BLVD", "location_type": "Street", "dispatch_ts": "2024-07-24T19:09:43+00:00", "timestamp_ms": 1721848183000}}, {"type": "Feature", "geometry": {"type": "Point", "coordinates": [-71.13648903380492, 42.28800742567333]}, "properties": {"street": null, "location_type": "Intersection", "dispatch_ts": "2024-03-14T17:24:41+00:00", "timestamp_ms": 1710437081000}}, {"type": "Feature", "geometry": {"type": "Point", "coordinates": [-71.09244376930431, 42.33883384303332]}, "properties": {"street": "HUNTINGTON AVE", "location_type": "Street", "dispatch_ts": "2016-04-15T23:04:45+00:00", "timestamp_ms": 1460761485000}}, {"type": "Feature", "geometry": {"type": "Point", "coordinates": [-71.08274163741525, 42.32861313791138]}, "properties": {"street": null, "location_type": "Intersection", "dispatch_ts": "2021-10-12T04:35:33+00:00", "timestamp_ms": 1634013333000}}, {"type": "Feature", "geometry": {"type": "Point", "coordinates": [-71.1511818070146, 42.352810958432606]}, "properties": {"street": "MARKET ST", "location_type": "Street", "dispatch_ts": "2016-08-03T19:17:46+00:00", "timestamp_ms": 1470251866000}}, {"type": "Feature", "geometry": {"type": "Point", "coordinates": [-71.06214413868385, 42.35390875883925]}, "properties": {"street": null, "location_type": "Intersection", "dispatch_ts": "2016-06-03T16:51:53+00:00", "timestamp_ms": 1464972713000}}, {"type": "Feature", "geometry": {"type": "Point", "coordinates": [-71.05757649637191, 42.361577258513655]}, "properties": {"street": null, "location_type": "Intersection", "dispatch_ts": "2018-06-11T14:16:11+00:00", "timestamp_ms": 1528726571000}}, {"type": "Feature", "geometry": {"type": "Point", "coordinates": [-71.13258339003409, 42.35300768273595]}, "properties": {"street": "BRIGHTON AVE", "location_type": "Street", "dispatch_ts": "2018-11-13T22:14:48+00:00", "timestamp_ms": 1542147288000}}, {"type": "Feature", "geometry": {"type": "Point", "coordinates": [-71.05022862293232, 42.332288731649015]}, "properties": {"street": "EIGHTH ST", "location_type": "Street", "dispatch_ts": "2018-06-15T00:53:24+00:00", "timestamp_ms": 1529024004000}}, {"type": "Feature", "geometry": {"type": "Point", "coordinates": [-71.0894836662669, 42.350858072765824]}, "properties": {"street": null, "location_type": "Intersection", "dispatch_ts": "2015-10-05T17:06:12+00:00", "timestamp_ms": 1444064772000}}, {"type": "Feature", "geometry": {"type": "Point", "coordinates": [-71.09446918916613, 42.331439797337055]}, "properties": {"street": null, "location_type": "Intersection", "dispatch_ts": "2018-05-04T20:26:13+00:00", "timestamp_ms": 1525465573000}}, {"type": "Feature", "geometry": {"type": "Point", "coordinates": [-71.09947708842635, 42.31461035531381]}, "properties": {"street": null, "location_type": "Intersection", "dispatch_ts": "2020-08-30T01:09:48+00:00", "timestamp_ms": 1598749788000}}, {"type": "Feature", "geometry": {"type": "Point", "coordinates": [-71.12927657014949, 42.35262597716904]}, "properties": {"street": null, "location_type": "Intersection", "dispatch_ts": "2024-09-19T22:54:42+00:00", "timestamp_ms": 1726786482000}}, {"type": "Feature", "geometry": {"type": "Point", "coordinates": [-71.12244321095824, 42.29180048797854]}, "properties": {"street": null, "location_type": "Intersection", "dispatch_ts": "2018-10-10T20:48:00+00:00", "timestamp_ms": 1539204480000}}, {"type": "Feature", "geometry": {"type": "Point", "coordinates": [-71.08421606771391, 42.30683628826109]}, "properties": {"street": "BLUE HILL AVE", "location_type": "Street", "dispatch_ts": "2019-07-19T23:47:18+00:00", "timestamp_ms": 1563580038000}}, {"type": "Feature", "geometry": {"type": "Point", "coordinates": [-71.10205360992084, 42.34277914563934]}, "properties": {"street": null, "location_type": "Intersection", "dispatch_ts": "2017-05-27T14:49:00+00:00", "timestamp_ms": 1495896540000}}, {"type": "Feature", "geometry": {"type": "Point", "coordinates": [-71.05825757845017, 42.329758837192905]}, "properties": {"street": null, "location_type": "Intersection", "dispatch_ts": "2023-09-08T02:55:14+00:00", "timestamp_ms": 1694141714000}}, {"type": "Feature", "geometry": {"type": "Point", "coordinates": [-71.05238113498939, 42.32142749250362]}, "properties": {"street": "COLUMBIA RD", "location_type": "Street", "dispatch_ts": "2025-08-09T20:37:12+00:00", "timestamp_ms": 1754771832000}}, {"type": "Feature", "geometry": {"type": "Point", "coordinates": [-71.10260850291361, 42.34333745727253]}, "properties": {"street": null, "location_type": "Intersection", "dispatch_ts": "2019-02-15T18:19:12+00:00", "timestamp_ms": 1550254752000}}, {"type": "Feature", "geometry": {"type": "Point", "coordinates": [-71.02276890220773, 42.380935071038714]}, "properties": {"street": "BENNINGTON ST", "location_type": "Street", "dispatch_ts": "2017-04-23T16:07:29+00:00", "timestamp_ms": 1492963649000}}, {"type": "Feature", "geometry": {"type": "Point", "coordinates": [-71.05748197884965, 42.3117783328227]}, "properties": {"street": "DORCHESTER AVE", "location_type": "Street", "dispatch_ts": "2026-06-07T20:45:53+00:00", "timestamp_ms": 1780865153000}}, {"type": "Feature", "geometry": {"type": "Point", "coordinates": [-71.01253183871698, 42.38549684217898]}, "properties": {"street": "SARATOGA ST", "location_type": "Street", "dispatch_ts": "2026-01-22T10:08:13+00:00", "timestamp_ms": 1769076493000}}, {"type": "Feature", "geometry": {"type": "Point", "coordinates": [-71.16848554910624, 42.34393268419365]}, "properties": {"street": "LAKE SHORE RD", "location_type": "Street", "dispatch_ts": "2019-09-29T17:27:26+00:00", "timestamp_ms": 1569778046000}}, {"type": "Feature", "geometry": {"type": "Point", "coordinates": [-71.0566977743402, 42.31681416853962]}, "properties": {"street": "DORCHESTER AVE", "location_type": "Street", "dispatch_ts": "2025-08-31T13:40:35+00:00", "timestamp_ms": 1756647635000}}, {"type": "Feature", "geometry": {"type": "Point", "coordinates": [-71.06223790977515, 42.35627942400619]}, "properties": {"street": "TREMONT ST", "location_type": "Street", "dispatch_ts": "2024-10-31T20:32:40+00:00", "timestamp_ms": 1730406760000}}, {"type": "Feature", "geometry": {"type": "Point", "coordinates": [-71.02556907791015, 42.378522225906494]}, "properties": {"street": null, "location_type": "Intersection", "dispatch_ts": "2025-06-12T15:21:27+00:00", "timestamp_ms": 1749741687000}}, {"type": "Feature", "geometry": {"type": "Point", "coordinates": [-71.05227856036193, 42.32721025535681]}, "properties": {"street": "COLUMBIA RD", "location_type": "Street", "dispatch_ts": "2015-11-03T21:18:52+00:00", "timestamp_ms": 1446585532000}}, {"type": "Feature", "geometry": {"type": "Point", "coordinates": [-71.11109551286684, 42.32962350766265]}, "properties": {"street": "HUNTINGTON AVE", "location_type": "Street", "dispatch_ts": "2025-06-22T23:47:26+00:00", "timestamp_ms": 1750636046000}}, {"type": "Feature", "geometry": {"type": "Point", "coordinates": [-71.06835119420488, 42.32422403988295]}, "properties": {"street": "NORFOLK AVE", "location_type": "Street", "dispatch_ts": "2024-03-14T21:28:22+00:00", "timestamp_ms": 1710451702000}}, {"type": "Feature", "geometry": {"type": "Point", "coordinates": [-71.01992924026078, 42.36932030883988]}, "properties": {"street": "TERMINAL RD", "location_type": "Street", "dispatch_ts": "2020-03-17T01:55:29+00:00", "timestamp_ms": 1584410129000}}, {"type": "Feature", "geometry": {"type": "Point", "coordinates": [-71.08185178572883, 42.31047239409268]}, "properties": {"street": "BLUE HILL AVE", "location_type": "Street", "dispatch_ts": "2015-09-22T21:53:09+00:00", "timestamp_ms": 1442958789000}}, {"type": "Feature", "geometry": {"type": "Point", "coordinates": [-71.11187364869772, 42.33148036787977]}, "properties": {"street": "HUNTINGTON AVE", "location_type": "Street", "dispatch_ts": "2016-06-29T23:13:19+00:00", "timestamp_ms": 1467241999000}}, {"type": "Feature", "geometry": {"type": "Point", "coordinates": [-71.08826310994016, 42.33063651786275]}, "properties": {"street": null, "location_type": "Intersection", "dispatch_ts": "2025-07-19T12:01:53+00:00", "timestamp_ms": 1752926513000}}, {"type": "Feature", "geometry": {"type": "Point", "coordinates": [-71.05915423312808, 42.35598374377695]}, "properties": {"street": "FRANKLIN ST", "location_type": "Street", "dispatch_ts": "2019-01-05T05:33:59+00:00", "timestamp_ms": 1546666439000}}, {"type": "Feature", "geometry": {"type": "Point", "coordinates": [-71.06471980989728, 42.28427464315816]}, "properties": {"street": "DORCHESTER AVE", "location_type": "Street", "dispatch_ts": "2024-07-05T20:13:58+00:00", "timestamp_ms": 1720210438000}}, {"type": "Feature", "geometry": {"type": "Point", "coordinates": [-71.0531073946628, 42.336879125272475]}, "properties": {"street": null, "location_type": "Intersection", "dispatch_ts": "2022-06-11T20:45:27+00:00", "timestamp_ms": 1654980327000}}, {"type": "Feature", "geometry": {"type": "Point", "coordinates": [-71.07120632886475, 42.3491135800184]}, "properties": {"street": "COLUMBUS AVE", "location_type": "Street", "dispatch_ts": "2016-06-06T12:37:15+00:00", "timestamp_ms": 1465216635000}}, {"type": "Feature", "geometry": {"type": "Point", "coordinates": [-71.06747641439995, 42.300024986408864]}, "properties": {"street": null, "location_type": "Intersection", "dispatch_ts": "2023-04-13T21:00:51+00:00", "timestamp_ms": 1681419651000}}, {"type": "Feature", "geometry": {"type": "Point", "coordinates": [-71.06902436777045, 42.32141978789531]}, "properties": {"street": "COTTAGE ST", "location_type": "Street", "dispatch_ts": "2018-09-27T23:51:10+00:00", "timestamp_ms": 1538092270000}}, {"type": "Feature", "geometry": {"type": "Point", "coordinates": [-71.12177044859797, 42.29144373415323]}, "properties": {"street": "WHIPPLE AVE", "location_type": "Street", "dispatch_ts": "2016-05-12T13:06:34+00:00", "timestamp_ms": 1463058394000}}, {"type": "Feature", "geometry": {"type": "Point", "coordinates": [-71.03318711273988, 42.33070458262619]}, "properties": {"street": null, "location_type": "Intersection", "dispatch_ts": "2020-06-23T14:21:39+00:00", "timestamp_ms": 1592922099000}}, {"type": "Feature", "geometry": {"type": "Point", "coordinates": [-71.07305065644448, 42.38273148940476]}, "properties": {"street": "RUTHERFORD AVE", "location_type": "Street", "dispatch_ts": "2016-06-04T22:21:41+00:00", "timestamp_ms": 1465078901000}}, {"type": "Feature", "geometry": {"type": "Point", "coordinates": [-71.0732114860526, 42.38601994787295]}, "properties": {"street": "ALFORD ST", "location_type": "Street", "dispatch_ts": "2015-09-26T17:36:13+00:00", "timestamp_ms": 1443288973000}}, {"type": "Feature", "geometry": {"type": "Point", "coordinates": [-71.0694783304889, 42.35147717354957]}, "properties": {"street": "PARK PLZ", "location_type": "Street", "dispatch_ts": "2024-08-07T13:34:18+00:00", "timestamp_ms": 1723037658000}}, {"type": "Feature", "geometry": {"type": "Point", "coordinates": [-71.16268310231975, 42.35510742395349]}, "properties": {"street": "BROOKS ST", "location_type": "Street", "dispatch_ts": "2022-07-08T23:03:43+00:00", "timestamp_ms": 1657321423000}}, {"type": "Feature", "geometry": {"type": "Point", "coordinates": [-71.13023908905282, 42.3494143203762]}, "properties": {"street": "HARVARD AVE", "location_type": "Street", "dispatch_ts": "2022-11-29T00:30:32+00:00", "timestamp_ms": 1669681832000}}, {"type": "Feature", "geometry": {"type": "Point", "coordinates": [-71.05825757845017, 42.329758837192905]}, "properties": {"street": null, "location_type": "Intersection", "dispatch_ts": "2018-12-10T21:31:19+00:00", "timestamp_ms": 1544477479000}}, {"type": "Feature", "geometry": {"type": "Point", "coordinates": [-71.0581469838594, 42.352369811499]}, "properties": {"street": null, "location_type": "Intersection", "dispatch_ts": "2021-09-19T06:01:36+00:00", "timestamp_ms": 1632031296000}}, {"type": "Feature", "geometry": {"type": "Point", "coordinates": [-71.15842113802768, 42.28005707406445]}, "properties": {"street": null, "location_type": "Intersection", "dispatch_ts": "2016-12-06T17:18:23+00:00", "timestamp_ms": 1481044703000}}, {"type": "Feature", "geometry": {"type": "Point", "coordinates": [-71.07691367556282, 42.35512623955563]}, "properties": {"street": "JAMES J STORROW MEMORIAL DR", "location_type": "Street", "dispatch_ts": "2020-10-25T19:30:04+00:00", "timestamp_ms": 1603654204000}}, {"type": "Feature", "geometry": {"type": "Point", "coordinates": [-71.05625674265366, 42.37533914137987]}, "properties": {"street": null, "location_type": "Intersection", "dispatch_ts": "2026-06-03T13:27:03+00:00", "timestamp_ms": 1780493223000}}, {"type": "Feature", "geometry": {"type": "Point", "coordinates": [-71.07120800065879, 42.361369000255095]}, "properties": {"street": "CHARLES ST", "location_type": "Street", "dispatch_ts": "2024-06-20T19:24:25+00:00", "timestamp_ms": 1718911465000}}, {"type": "Feature", "geometry": {"type": "Point", "coordinates": [-71.05582860311026, 42.381746917835734]}, "properties": {"street": "TERMINAL ST", "location_type": "Street", "dispatch_ts": "2018-08-11T03:27:37+00:00", "timestamp_ms": 1533958057000}}, {"type": "Feature", "geometry": {"type": "Point", "coordinates": [-71.09871298000408, 42.297132994914634]}, "properties": {"street": "JEWISH WAR VETERANS DR", "location_type": "Street", "dispatch_ts": "2023-10-10T14:24:40+00:00", "timestamp_ms": 1696947880000}}, {"type": "Feature", "geometry": {"type": "Point", "coordinates": [-71.06534351826406, 42.36750326093685]}, "properties": {"street": "NASHUA ST", "location_type": "Street", "dispatch_ts": "2022-01-24T14:30:16+00:00", "timestamp_ms": 1643034616000}}, {"type": "Feature", "geometry": {"type": "Point", "coordinates": [-71.08174219034606, 42.34066415311041]}, "properties": {"street": null, "location_type": "Intersection", "dispatch_ts": "2024-09-06T16:01:45+00:00", "timestamp_ms": 1725638505000}}, {"type": "Feature", "geometry": {"type": "Point", "coordinates": [-71.13163238201055, 42.363119927107135]}, "properties": {"street": "WESTERN AVE", "location_type": "Street", "dispatch_ts": "2015-04-28T12:30:15+00:00", "timestamp_ms": 1430224215000}}, {"type": "Feature", "geometry": {"type": "Point", "coordinates": [-71.05457358002185, 42.3426117587699]}, "properties": {"street": null, "location_type": "Intersection", "dispatch_ts": "2016-06-25T14:01:24+00:00", "timestamp_ms": 1466863284000}}, {"type": "Feature", "geometry": {"type": "Point", "coordinates": [-71.14710855613671, 42.35017711876958]}, "properties": {"street": null, "location_type": "Intersection", "dispatch_ts": "2020-11-23T23:21:23+00:00", "timestamp_ms": 1606173683000}}, {"type": "Feature", "geometry": {"type": "Point", "coordinates": [-71.09654747973421, 42.28259507576904]}, "properties": {"street": null, "location_type": "Intersection", "dispatch_ts": "2019-08-26T18:49:42+00:00", "timestamp_ms": 1566845382000}}, {"type": "Feature", "geometry": {"type": "Point", "coordinates": [-71.08813477346843, 42.34811804821059]}, "properties": {"street": null, "location_type": "Intersection", "dispatch_ts": "2024-08-19T13:14:50+00:00", "timestamp_ms": 1724073290000}}, {"type": "Feature", "geometry": {"type": "Point", "coordinates": [-71.07216134467386, 42.29591261949142]}, "properties": {"street": null, "location_type": "Intersection", "dispatch_ts": "2016-08-10T18:40:11+00:00", "timestamp_ms": 1470854411000}}, {"type": "Feature", "geometry": {"type": "Point", "coordinates": [-71.09088395037409, 42.33013548412576]}, "properties": {"street": "ROXBURY ST", "location_type": "Street", "dispatch_ts": "2019-08-16T21:33:17+00:00", "timestamp_ms": 1565991197000}}, {"type": "Feature", "geometry": {"type": "Point", "coordinates": [-71.07305021734287, 42.3331676125336]}, "properties": {"street": "MASSACHUSETTS AVE", "location_type": "Street", "dispatch_ts": "2023-08-25T14:54:18+00:00", "timestamp_ms": 1692975258000}}, {"type": "Feature", "geometry": {"type": "Point", "coordinates": [-71.08406513204291, 42.34220375919181]}, "properties": {"street": null, "location_type": "Intersection", "dispatch_ts": "2019-04-26T17:10:42+00:00", "timestamp_ms": 1556298642000}}, {"type": "Feature", "geometry": {"type": "Point", "coordinates": [-71.06358481164132, 42.352311665364425]}, "properties": {"street": "BOYLSTON ST", "location_type": "Street", "dispatch_ts": "2023-10-27T12:48:51+00:00", "timestamp_ms": 1698410931000}}, {"type": "Feature", "geometry": {"type": "Point", "coordinates": [-71.06274007818999, 42.34248858187294]}, "properties": {"street": "ALBANY ST", "location_type": "Street", "dispatch_ts": "2025-07-14T02:39:05+00:00", "timestamp_ms": 1752460745000}}, {"type": "Feature", "geometry": {"type": "Point", "coordinates": [-71.08813443079845, 42.33058472400884]}, "properties": {"street": "MALCOLM X BLVD", "location_type": "Street", "dispatch_ts": "2017-05-10T13:09:02+00:00", "timestamp_ms": 1494421742000}}, {"type": "Feature", "geometry": {"type": "Point", "coordinates": [-71.07347915012433, 42.38456840054575]}, "properties": {"street": null, "location_type": "Other", "dispatch_ts": "2018-07-30T21:55:57+00:00", "timestamp_ms": 1532987757000}}, {"type": "Feature", "geometry": {"type": "Point", "coordinates": [-71.0629936348678, 42.32221086727551]}, "properties": {"street": "MASSACHUSETTS AVE", "location_type": "Street", "dispatch_ts": "2020-10-03T18:27:59+00:00", "timestamp_ms": 1601749679000}}, {"type": "Feature", "geometry": {"type": "Point", "coordinates": [-71.0729385886099, 42.35729719801981]}, "properties": {"street": null, "location_type": "Other", "dispatch_ts": "2016-09-08T20:31:15+00:00", "timestamp_ms": 1473366675000}}, {"type": "Feature", "geometry": {"type": "Point", "coordinates": [-71.15737881171313, 42.35895151897255]}, "properties": {"street": "SOLDIERS FIELD RD", "location_type": "Street", "dispatch_ts": "2016-07-08T19:46:15+00:00", "timestamp_ms": 1468007175000}}, {"type": "Feature", "geometry": {"type": "Point", "coordinates": [-71.07853858290147, 42.272436845721806]}, "properties": {"street": "STANDARD ST", "location_type": "Street", "dispatch_ts": "2021-03-09T18:38:34+00:00", "timestamp_ms": 1615315114000}}, {"type": "Feature", "geometry": {"type": "Point", "coordinates": [-71.05824690048098, 42.35384018392152]}, "properties": {"street": "SUMMER ST", "location_type": "Street", "dispatch_ts": "2017-06-26T12:25:04+00:00", "timestamp_ms": 1498479904000}}, {"type": "Feature", "geometry": {"type": "Point", "coordinates": [-71.10131695429628, 42.33297522820264]}, "properties": {"street": null, "location_type": "Intersection", "dispatch_ts": "2017-12-12T14:06:09+00:00", "timestamp_ms": 1513087569000}}, {"type": "Feature", "geometry": {"type": "Point", "coordinates": [-71.06762381479952, 42.33161019231537]}, "properties": {"street": "SOUTHAMPTON ST", "location_type": "Street", "dispatch_ts": "2022-11-15T16:04:22+00:00", "timestamp_ms": 1668528262000}}, {"type": "Feature", "geometry": {"type": "Point", "coordinates": [-71.15032085160104, 42.35420937122418]}, "properties": {"street": null, "location_type": "Intersection", "dispatch_ts": "2025-07-05T18:46:09+00:00", "timestamp_ms": 1751741169000}}, {"type": "Feature", "geometry": {"type": "Point", "coordinates": [-71.07080364743459, 42.3314635005888]}, "properties": {"street": "MASSACHUSETTS AVE", "location_type": "Street", "dispatch_ts": "2018-10-09T19:20:25+00:00", "timestamp_ms": 1539112825000}}, {"type": "Feature", "geometry": {"type": "Point", "coordinates": [-71.06649868487246, 42.361128576915085]}, "properties": {"street": "CAMBRIDGE ST", "location_type": "Street", "dispatch_ts": "2025-06-21T22:22:31+00:00", "timestamp_ms": 1750544551000}}, {"type": "Feature", "geometry": {"type": "Point", "coordinates": [-71.11155603099895, 42.35050912517836]}, "properties": {"street": "COMMONWEALTH AVE", "location_type": "Street", "dispatch_ts": "2019-06-20T14:56:38+00:00", "timestamp_ms": 1561042598000}}, {"type": "Feature", "geometry": {"type": "Point", "coordinates": [-71.07553952802375, 42.335375961633616]}, "properties": {"street": "MASSACHUSETTS AVE", "location_type": "Street", "dispatch_ts": "2015-07-13T15:14:12+00:00", "timestamp_ms": 1436800452000}}, {"type": "Feature", "geometry": {"type": "Point", "coordinates": [-71.12133631401319, 42.308783113511446]}, "properties": {"street": null, "location_type": "Intersection", "dispatch_ts": "2015-08-17T20:34:49+00:00", "timestamp_ms": 1439843689000}}, {"type": "Feature", "geometry": {"type": "Point", "coordinates": [-71.05552127570202, 42.374299266358456]}, "properties": {"street": "FIRST AVE", "location_type": "Street", "dispatch_ts": "2024-07-03T21:39:17+00:00", "timestamp_ms": 1720042757000}}, {"type": "Feature", "geometry": {"type": "Point", "coordinates": [-71.04174035950322, 42.36633348917056]}, "properties": {"street": null, "location_type": "Intersection", "dispatch_ts": "2019-08-26T21:53:26+00:00", "timestamp_ms": 1566856406000}}, {"type": "Feature", "geometry": {"type": "Point", "coordinates": [-71.06077817026565, 42.36995721005371]}, "properties": {"street": null, "location_type": "Other", "dispatch_ts": "2026-03-21T00:46:29+00:00", "timestamp_ms": 1774053989000}}, {"type": "Feature", "geometry": {"type": "Point", "coordinates": [-71.06147989729703, 42.32047042309178]}, "properties": {"street": null, "location_type": "Intersection", "dispatch_ts": "2024-03-31T03:04:17+00:00", "timestamp_ms": 1711854257000}}, {"type": "Feature", "geometry": {"type": "Point", "coordinates": [-71.16721657432969, 42.350527260250246]}, "properties": {"street": "WASHINGTON ST", "location_type": "Street", "dispatch_ts": "2019-09-23T11:18:00+00:00", "timestamp_ms": 1569237480000}}, {"type": "Feature", "geometry": {"type": "Point", "coordinates": [-71.06790196880588, 42.3667015364395]}, "properties": {"street": "LEVERETT CIR", "location_type": "Street", "dispatch_ts": "2019-09-10T12:39:11+00:00", "timestamp_ms": 1568119151000}}, {"type": "Feature", "geometry": {"type": "Point", "coordinates": [-71.05260312527898, 42.32907202420277]}, "properties": {"street": "OLD COLONY AVE", "location_type": "Street", "dispatch_ts": "2018-07-14T17:18:07+00:00", "timestamp_ms": 1531588687000}}, {"type": "Feature", "geometry": {"type": "Point", "coordinates": [-71.15816896352533, 42.28069501821534]}, "properties": {"street": null, "location_type": "Intersection", "dispatch_ts": "2026-03-24T19:58:22+00:00", "timestamp_ms": 1774382302000}}, {"type": "Feature", "geometry": {"type": "Point", "coordinates": [-71.0594855741853, 42.35925473502259]}, "properties": {"street": "TREMONT ST", "location_type": "Street", "dispatch_ts": "2023-07-24T15:47:41+00:00", "timestamp_ms": 1690213661000}}, {"type": "Feature", "geometry": {"type": "Point", "coordinates": [-71.12584130221396, 42.31864013285655]}, "properties": {"street": null, "location_type": "Intersection", "dispatch_ts": "2019-06-22T21:06:09+00:00", "timestamp_ms": 1561237569000}}, {"type": "Feature", "geometry": {"type": "Point", "coordinates": [-71.08858571399037, 42.33356311039835]}, "properties": {"street": "WHITTIER ST", "location_type": "Street", "dispatch_ts": "2016-09-02T21:00:55+00:00", "timestamp_ms": 1472850055000}}, {"type": "Feature", "geometry": {"type": "Point", "coordinates": [-71.12228349302971, 42.36381016562609]}, "properties": {"street": "WESTERN AVE", "location_type": "Street", "dispatch_ts": "2026-06-03T19:39:51+00:00", "timestamp_ms": 1780515591000}}, {"type": "Feature", "geometry": {"type": "Point", "coordinates": [-71.09590013102587, 42.31396712715786]}, "properties": {"street": "COLUMBUS AVE", "location_type": "Street", "dispatch_ts": "2015-05-30T15:33:48+00:00", "timestamp_ms": 1433000028000}}, {"type": "Feature", "geometry": {"type": "Point", "coordinates": [-71.10541595980641, 42.286746189208245]}, "properties": {"street": null, "location_type": "Intersection", "dispatch_ts": "2017-05-04T21:20:05+00:00", "timestamp_ms": 1493932805000}}, {"type": "Feature", "geometry": {"type": "Point", "coordinates": [-71.05802935739709, 42.355454462208286]}, "properties": {"street": null, "location_type": "Intersection", "dispatch_ts": "2024-07-20T21:13:10+00:00", "timestamp_ms": 1721509990000}}, {"type": "Feature", "geometry": {"type": "Point", "coordinates": [-71.08900183500873, 42.350974529936074]}, "properties": {"street": "BEACON ST", "location_type": "Street", "dispatch_ts": "2022-05-02T16:08:40+00:00", "timestamp_ms": 1651507720000}}, {"type": "Feature", "geometry": {"type": "Point", "coordinates": [-71.12371933998844, 42.36833400288524]}, "properties": {"street": null, "location_type": "Intersection", "dispatch_ts": "2018-09-17T19:17:50+00:00", "timestamp_ms": 1537211870000}}, {"type": "Feature", "geometry": {"type": "Point", "coordinates": [-71.07120275391121, 42.31904686449028]}, "properties": {"street": "FOLSOM ST", "location_type": "Street", "dispatch_ts": "2022-02-21T23:16:48+00:00", "timestamp_ms": 1645485408000}}, {"type": "Feature", "geometry": {"type": "Point", "coordinates": [-71.05815026141222, 42.30882709693413]}, "properties": {"street": "DORCHESTER AVE", "location_type": "Street", "dispatch_ts": "2015-05-17T19:08:42+00:00", "timestamp_ms": 1431889722000}}, {"type": "Feature", "geometry": {"type": "Point", "coordinates": [-71.1109567442934, 42.35065384443565]}, "properties": {"street": null, "location_type": "Intersection", "dispatch_ts": "2025-10-20T16:38:12+00:00", "timestamp_ms": 1760978292000}}, {"type": "Feature", "geometry": {"type": "Point", "coordinates": [-71.08251815251514, 42.34003980967691]}, "properties": {"street": null, "location_type": "Intersection", "dispatch_ts": "2023-02-20T20:22:54+00:00", "timestamp_ms": 1676924574000}}, {"type": "Feature", "geometry": {"type": "Point", "coordinates": [-71.07821793489774, 42.29984548096208]}, "properties": {"street": "VASSAR ST", "location_type": "Street", "dispatch_ts": "2026-06-08T23:54:12+00:00", "timestamp_ms": 1780962852000}}, {"type": "Feature", "geometry": {"type": "Point", "coordinates": [-71.05985777961511, 42.31524491549964]}, "properties": {"street": null, "location_type": "Intersection", "dispatch_ts": "2026-04-26T22:29:33+00:00", "timestamp_ms": 1777242573000}}, {"type": "Feature", "geometry": {"type": "Point", "coordinates": [-71.0969173786721, 42.348957442916095]}, "properties": {"street": null, "location_type": "Intersection", "dispatch_ts": "2021-11-19T20:42:25+00:00", "timestamp_ms": 1637354545000}}, {"type": "Feature", "geometry": {"type": "Point", "coordinates": [-71.13017249212052, 42.3627648104308]}, "properties": {"street": null, "location_type": "Intersection", "dispatch_ts": "2015-07-21T12:28:32+00:00", "timestamp_ms": 1437481712000}}, {"type": "Feature", "geometry": {"type": "Point", "coordinates": [-71.00497824616637, 42.3872210481824]}, "properties": {"street": "BENNINGTON ST", "location_type": "Street", "dispatch_ts": "2019-02-11T22:31:12+00:00", "timestamp_ms": 1549924272000}}, {"type": "Feature", "geometry": {"type": "Point", "coordinates": [-71.13671527766061, 42.36429984195659]}, "properties": {"street": "SOLDIERS FIELD RD", "location_type": "Street", "dispatch_ts": "2015-05-05T22:01:36+00:00", "timestamp_ms": 1430863296000}}, {"type": "Feature", "geometry": {"type": "Point", "coordinates": [-71.11084526529464, 42.350638182651586]}, "properties": {"street": null, "location_type": "Intersection", "dispatch_ts": "2018-08-01T11:54:15+00:00", "timestamp_ms": 1533124455000}}, {"type": "Feature", "geometry": {"type": "Point", "coordinates": [-71.08544162384082, 42.347906245181555]}, "properties": {"street": "BOYLSTON ST", "location_type": "Street", "dispatch_ts": "2025-05-20T01:34:02+00:00", "timestamp_ms": 1747704842000}}, {"type": "Feature", "geometry": {"type": "Point", "coordinates": [-71.0894836662669, 42.350858072765824]}, "properties": {"street": null, "location_type": "Intersection", "dispatch_ts": "2017-06-26T16:41:19+00:00", "timestamp_ms": 1498495279000}}, {"type": "Feature", "geometry": {"type": "Point", "coordinates": [-71.08258802437132, 42.35051424804509]}, "properties": {"street": null, "location_type": "Intersection", "dispatch_ts": "2025-06-05T15:04:12+00:00", "timestamp_ms": 1749135852000}}, {"type": "Feature", "geometry": {"type": "Point", "coordinates": [-71.13140768716076, 42.35110175073772]}, "properties": {"street": "HARVARD AVE", "location_type": "Street", "dispatch_ts": "2025-06-25T21:34:11+00:00", "timestamp_ms": 1750887251000}}, {"type": "Feature", "geometry": {"type": "Point", "coordinates": [-71.0716660174578, 42.33223893816556]}, "properties": {"street": null, "location_type": "Intersection", "dispatch_ts": "2023-09-21T11:41:51+00:00", "timestamp_ms": 1695296511000}}, {"type": "Feature", "geometry": {"type": "Point", "coordinates": [-71.06253783292361, 42.31991564336908]}, "properties": {"street": null, "location_type": "Intersection", "dispatch_ts": "2024-11-20T20:22:58+00:00", "timestamp_ms": 1732134178000}}, {"type": "Feature", "geometry": {"type": "Point", "coordinates": [-71.09502353882917, 42.334796579352805]}, "properties": {"street": null, "location_type": "Intersection", "dispatch_ts": "2017-01-27T17:31:27+00:00", "timestamp_ms": 1485538287000}}, {"type": "Feature", "geometry": {"type": "Point", "coordinates": [-71.09455097322532, 42.29299034422417]}, "properties": {"street": null, "location_type": "Intersection", "dispatch_ts": "2016-05-12T10:28:44+00:00", "timestamp_ms": 1463048924000}}, {"type": "Feature", "geometry": {"type": "Point", "coordinates": [-71.0730459916481, 42.35126745580462]}, "properties": {"street": null, "location_type": "Intersection", "dispatch_ts": "2015-06-12T06:25:08+00:00", "timestamp_ms": 1434090308000}}, {"type": "Feature", "geometry": {"type": "Point", "coordinates": [-71.11172292477023, 42.33111617137819]}, "properties": {"street": "HUNTINGTON AVE", "location_type": "Street", "dispatch_ts": "2019-07-09T22:48:17+00:00", "timestamp_ms": 1562712497000}}, {"type": "Feature", "geometry": {"type": "Point", "coordinates": [-71.05914837124969, 42.30441158320349]}, "properties": {"street": "DORCHESTER AVE", "location_type": "Street", "dispatch_ts": "2018-06-14T17:56:40+00:00", "timestamp_ms": 1528999000000}}, {"type": "Feature", "geometry": {"type": "Point", "coordinates": [-71.05938914782281, 42.351100192400935]}, "properties": {"street": null, "location_type": "Intersection", "dispatch_ts": "2019-08-13T21:56:54+00:00", "timestamp_ms": 1565733414000}}, {"type": "Feature", "geometry": {"type": "Point", "coordinates": [-71.15160413184984, 42.33662927984868]}, "properties": {"street": "CHESTNUT HILL AVE", "location_type": "Street", "dispatch_ts": "2016-03-20T18:17:37+00:00", "timestamp_ms": 1458497857000}}, {"type": "Feature", "geometry": {"type": "Point", "coordinates": [-71.06910852827625, 42.34655553631003]}, "properties": {"street": null, "location_type": "Intersection", "dispatch_ts": "2024-07-28T05:17:34+00:00", "timestamp_ms": 1722143854000}}, {"type": "Feature", "geometry": {"type": "Point", "coordinates": [-71.07243878694076, 42.30889652657929]}, "properties": {"street": "RICHFIELD ST", "location_type": "Street", "dispatch_ts": "2019-07-25T18:06:28+00:00", "timestamp_ms": 1564077988000}}, {"type": "Feature", "geometry": {"type": "Point", "coordinates": [-71.07067113943499, 42.332213121448504]}, "properties": {"street": "SOUTHAMPTON ST", "location_type": "Street", "dispatch_ts": "2018-09-26T01:57:44+00:00", "timestamp_ms": 1537927064000}}, {"type": "Feature", "geometry": {"type": "Point", "coordinates": [-71.06990705405529, 42.30761002919585]}, "properties": {"street": "BARRY ST", "location_type": "Street", "dispatch_ts": "2024-09-18T23:32:01+00:00", "timestamp_ms": 1726702321000}}, {"type": "Feature", "geometry": {"type": "Point", "coordinates": [-71.09157917302562, 42.3492217416669]}, "properties": {"street": null, "location_type": "Intersection", "dispatch_ts": "2018-05-11T00:28:15+00:00", "timestamp_ms": 1525998495000}}, {"type": "Feature", "geometry": {"type": "Point", "coordinates": [-71.17097638705923, 42.27291235699097]}, "properties": {"street": null, "location_type": "Intersection", "dispatch_ts": "2021-04-19T16:31:50+00:00", "timestamp_ms": 1618849910000}}, {"type": "Feature", "geometry": {"type": "Point", "coordinates": [-71.12526491540216, 42.28458197852233]}, "properties": {"street": "CUMMINS HWY", "location_type": "Street", "dispatch_ts": "2024-06-20T18:00:23+00:00", "timestamp_ms": 1718906423000}}, {"type": "Feature", "geometry": {"type": "Point", "coordinates": [-71.12480306237296, 42.35220951393159]}, "properties": {"street": "COMMONWEALTH AVE", "location_type": "Street", "dispatch_ts": "2024-11-14T23:41:36+00:00", "timestamp_ms": 1731627696000}}, {"type": "Feature", "geometry": {"type": "Point", "coordinates": [-71.07123602322959, 42.34908917900772]}, "properties": {"street": "COLUMBUS AVE", "location_type": "Street", "dispatch_ts": "2024-06-24T12:16:13+00:00", "timestamp_ms": 1719231373000}}, {"type": "Feature", "geometry": {"type": "Point", "coordinates": [-71.10178609397529, 42.34250370026077]}, "properties": {"street": null, "location_type": "Intersection", "dispatch_ts": "2016-09-09T05:03:03+00:00", "timestamp_ms": 1473397383000}}, {"type": "Feature", "geometry": {"type": "Point", "coordinates": [-71.05680380711728, 42.35887829694723]}, "properties": {"street": null, "location_type": "Intersection", "dispatch_ts": "2015-07-04T17:07:41+00:00", "timestamp_ms": 1436029661000}}, {"type": "Feature", "geometry": {"type": "Point", "coordinates": [-71.06042450670684, 42.30678734856859]}, "properties": {"street": "HECLA ST", "location_type": "Street", "dispatch_ts": "2016-09-15T20:07:50+00:00", "timestamp_ms": 1473970070000}}, {"type": "Feature", "geometry": {"type": "Point", "coordinates": [-71.05244277056015, 42.35953596090297]}, "properties": {"street": null, "location_type": "Intersection", "dispatch_ts": "2016-08-19T12:37:43+00:00", "timestamp_ms": 1471610263000}}, {"type": "Feature", "geometry": {"type": "Point", "coordinates": [-71.12138398132088, 42.29278809589898]}, "properties": {"street": null, "location_type": "Intersection", "dispatch_ts": "2024-08-01T12:24:09+00:00", "timestamp_ms": 1722515049000}}, {"type": "Feature", "geometry": {"type": "Point", "coordinates": [-71.07277437539165, 42.341911262216755]}, "properties": {"street": "DEDHAM ST", "location_type": "Street", "dispatch_ts": "2018-05-28T03:28:32+00:00", "timestamp_ms": 1527478112000}}, {"type": "Feature", "geometry": {"type": "Point", "coordinates": [-71.11164516367744, 42.33092837380625]}, "properties": {"street": "HUNTINGTON AVE", "location_type": "Street", "dispatch_ts": "2018-07-08T05:54:38+00:00", "timestamp_ms": 1531029278000}}, {"type": "Feature", "geometry": {"type": "Point", "coordinates": [-71.06628057217974, 42.32610309166405]}, "properties": {"street": "MASSACHUSETTS AVE", "location_type": "Street", "dispatch_ts": "2019-09-14T22:51:12+00:00", "timestamp_ms": 1568501472000}}, {"type": "Feature", "geometry": {"type": "Point", "coordinates": [-71.07365335950315, 42.29939565765565]}, "properties": {"street": null, "location_type": "Intersection", "dispatch_ts": "2017-10-12T20:11:20+00:00", "timestamp_ms": 1507839080000}}, {"type": "Feature", "geometry": {"type": "Point", "coordinates": [-71.0691938823818, 42.336561901075946]}, "properties": {"street": "ALBANY ST", "location_type": "Street", "dispatch_ts": "2026-04-16T12:15:27+00:00", "timestamp_ms": 1776341727000}}, {"type": "Feature", "geometry": {"type": "Point", "coordinates": [-71.10026881221391, 42.35077738777686]}, "properties": {"street": null, "location_type": "Intersection", "dispatch_ts": "2023-08-06T20:54:59+00:00", "timestamp_ms": 1691355299000}}, {"type": "Feature", "geometry": {"type": "Point", "coordinates": [-71.06761507712841, 42.33006736670702]}, "properties": {"street": "NEWMARKET SQ", "location_type": "Street", "dispatch_ts": "2018-08-24T03:44:21+00:00", "timestamp_ms": 1535082261000}}, {"type": "Feature", "geometry": {"type": "Point", "coordinates": [-71.0830272149572, 42.32768614513571]}, "properties": {"street": null, "location_type": "Intersection", "dispatch_ts": "2016-06-11T18:32:54+00:00", "timestamp_ms": 1465669974000}}, {"type": "Feature", "geometry": {"type": "Point", "coordinates": [-71.06569937326809, 42.36122250734945]}, "properties": {"street": "CAMBRIDGE ST", "location_type": "Street", "dispatch_ts": "2019-08-31T03:51:40+00:00", "timestamp_ms": 1567223500000}}, {"type": "Feature", "geometry": {"type": "Point", "coordinates": [-71.03336197467264, 42.37364028396678]}, "properties": {"street": "BREMEN ST", "location_type": "Street", "dispatch_ts": "2017-04-20T18:32:45+00:00", "timestamp_ms": 1492713165000}}, {"type": "Feature", "geometry": {"type": "Point", "coordinates": [-71.10613267340098, 42.33826806953282]}, "properties": {"street": null, "location_type": "Intersection", "dispatch_ts": "2024-04-22T17:56:46+00:00", "timestamp_ms": 1713808606000}}, {"type": "Feature", "geometry": {"type": "Point", "coordinates": [-71.08247843649525, 42.329314261509225]}, "properties": {"street": null, "location_type": "Intersection", "dispatch_ts": "2023-07-15T18:05:50+00:00", "timestamp_ms": 1689444350000}}, {"type": "Feature", "geometry": {"type": "Point", "coordinates": [-71.0702349143055, 42.31135491681683]}, "properties": {"street": null, "location_type": "Intersection", "dispatch_ts": "2016-06-18T12:00:44+00:00", "timestamp_ms": 1466251244000}}, {"type": "Feature", "geometry": {"type": "Point", "coordinates": [-71.05339294716336, 42.3381360529381]}, "properties": {"street": "FLAHERTY WAY", "location_type": "Street", "dispatch_ts": "2024-07-30T22:11:29+00:00", "timestamp_ms": 1722377489000}}, {"type": "Feature", "geometry": {"type": "Point", "coordinates": [-71.14019979651509, 42.348634388663505]}, "properties": {"street": null, "location_type": "Intersection", "dispatch_ts": "2016-08-27T16:40:51+00:00", "timestamp_ms": 1472316051000}}, {"type": "Feature", "geometry": {"type": "Point", "coordinates": [-71.0729563850165, 42.38410022359438]}, "properties": {"street": "MAIN ST", "location_type": "Street", "dispatch_ts": "2025-08-10T20:49:18+00:00", "timestamp_ms": 1754858958000}}, {"type": "Feature", "geometry": {"type": "Point", "coordinates": [-71.1534291375066, 42.34908526310774]}, "properties": {"street": null, "location_type": "Intersection", "dispatch_ts": "2015-05-12T14:00:42+00:00", "timestamp_ms": 1431439242000}}, {"type": "Feature", "geometry": {"type": "Point", "coordinates": [-71.08322178275021, 42.30838263115709]}, "properties": {"street": null, "location_type": "Intersection", "dispatch_ts": "2018-10-02T10:46:29+00:00", "timestamp_ms": 1538477189000}}, {"type": "Feature", "geometry": {"type": "Point", "coordinates": [-71.09943442730942, 42.31240364190775]}, "properties": {"street": "IFFLEY RD", "location_type": "Street", "dispatch_ts": "2024-10-04T18:43:24+00:00", "timestamp_ms": 1728067404000}}, {"type": "Feature", "geometry": {"type": "Point", "coordinates": [-70.99764477998075, 42.38337667418356]}, "properties": {"street": "SARATOGA ST", "location_type": "Street", "dispatch_ts": "2022-08-26T15:55:46+00:00", "timestamp_ms": 1661529346000}}, {"type": "Feature", "geometry": {"type": "Point", "coordinates": [-71.05571432571027, 42.28260973039492]}, "properties": {"street": null, "location_type": "Intersection", "dispatch_ts": "2021-08-17T02:29:24+00:00", "timestamp_ms": 1629167364000}}, {"type": "Feature", "geometry": {"type": "Point", "coordinates": [-71.07325485451064, 42.3098518567876]}, "properties": {"street": "CEYLON ST", "location_type": "Street", "dispatch_ts": "2018-09-23T20:24:11+00:00", "timestamp_ms": 1537734251000}}, {"type": "Feature", "geometry": {"type": "Point", "coordinates": [-71.10991095443079, 42.34032049983787]}, "properties": {"street": null, "location_type": "Intersection", "dispatch_ts": "2019-11-11T21:42:30+00:00", "timestamp_ms": 1573508550000}}, {"type": "Feature", "geometry": {"type": "Point", "coordinates": [-71.08489225867241, 42.30156615772785]}, "properties": {"street": "GLENWAY ST", "location_type": "Street", "dispatch_ts": "2024-12-02T12:40:02+00:00", "timestamp_ms": 1733143202000}}, {"type": "Feature", "geometry": {"type": "Point", "coordinates": [-71.04006091686244, 42.37903674550677]}, "properties": {"street": "BORDER ST", "location_type": "Street", "dispatch_ts": "2020-07-08T23:51:43+00:00", "timestamp_ms": 1594252303000}}, {"type": "Feature", "geometry": {"type": "Point", "coordinates": [-71.08458414871824, 42.32286432195848]}, "properties": {"street": null, "location_type": "Intersection", "dispatch_ts": "2021-05-28T00:37:20+00:00", "timestamp_ms": 1622162240000}}, {"type": "Feature", "geometry": {"type": "Point", "coordinates": [-71.10789215996662, 42.33327123791202]}, "properties": {"street": null, "location_type": "Intersection", "dispatch_ts": "2017-10-31T15:55:29+00:00", "timestamp_ms": 1509465329000}}, {"type": "Feature", "geometry": {"type": "Point", "coordinates": [-71.06915162035679, 42.325048761625304]}, "properties": {"street": null, "location_type": "Intersection", "dispatch_ts": "2015-09-16T14:32:13+00:00", "timestamp_ms": 1442413933000}}, {"type": "Feature", "geometry": {"type": "Point", "coordinates": [-71.0936936805168, 42.27435231899018]}, "properties": {"street": null, "location_type": "Intersection", "dispatch_ts": "2016-07-07T22:29:23+00:00", "timestamp_ms": 1467930563000}}, {"type": "Feature", "geometry": {"type": "Point", "coordinates": [-71.09387824132732, 42.26767901356983]}, "properties": {"street": null, "location_type": "Intersection", "dispatch_ts": "2019-09-09T16:58:41+00:00", "timestamp_ms": 1568048321000}}, {"type": "Feature", "geometry": {"type": "Point", "coordinates": [-71.10491103400275, 42.33405399335929]}, "properties": {"street": null, "location_type": "Intersection", "dispatch_ts": "2025-09-27T23:19:42+00:00", "timestamp_ms": 1759015182000}}, {"type": "Feature", "geometry": {"type": "Point", "coordinates": [-71.10456417196617, 42.30945158941106]}, "properties": {"street": null, "location_type": "Intersection", "dispatch_ts": "2022-07-04T09:56:54+00:00", "timestamp_ms": 1656928614000}}, {"type": "Feature", "geometry": {"type": "Point", "coordinates": [-71.1324827183827, 42.35450140426823]}, "properties": {"street": "HARVARD AVE", "location_type": "Street", "dispatch_ts": "2025-06-06T13:19:24+00:00", "timestamp_ms": 1749215964000}}, {"type": "Feature", "geometry": {"type": "Point", "coordinates": [-71.06511031658499, 42.36390526375202]}, "properties": {"street": null, "location_type": "Other", "dispatch_ts": "2020-06-23T00:06:23+00:00", "timestamp_ms": 1592870783000}}, {"type": "Feature", "geometry": {"type": "Point", "coordinates": [-71.15411315413286, 42.34220512278675]}, "properties": {"street": "CHESTNUT HILL AVE", "location_type": "Street", "dispatch_ts": "2015-10-16T18:34:19+00:00", "timestamp_ms": 1445020459000}}, {"type": "Feature", "geometry": {"type": "Point", "coordinates": [-71.11814928967046, 42.26437201316807]}, "properties": {"street": null, "location_type": "Intersection", "dispatch_ts": "2022-06-15T12:06:35+00:00", "timestamp_ms": 1655294795000}}, {"type": "Feature", "geometry": {"type": "Point", "coordinates": [-71.17110523564541, 42.27960498923639]}, "properties": {"street": "VFW PKWY", "location_type": "Street", "dispatch_ts": "2020-04-06T19:04:43+00:00", "timestamp_ms": 1586199883000}}, {"type": "Feature", "geometry": {"type": "Point", "coordinates": [-71.07756169729498, 42.33326084305027]}, "properties": {"street": null, "location_type": "Intersection", "dispatch_ts": "2023-12-13T17:14:14+00:00", "timestamp_ms": 1702487654000}}, {"type": "Feature", "geometry": {"type": "Point", "coordinates": [-71.08063588218637, 42.33350537478765]}, "properties": {"street": null, "location_type": "Intersection", "dispatch_ts": "2016-08-02T21:11:19+00:00", "timestamp_ms": 1470172279000}}, {"type": "Feature", "geometry": {"type": "Point", "coordinates": [-71.15342417181027, 42.3491138414849]}, "properties": {"street": null, "location_type": "Intersection", "dispatch_ts": "2017-10-25T13:24:29+00:00", "timestamp_ms": 1508937869000}}, {"type": "Feature", "geometry": {"type": "Point", "coordinates": [-71.07344854986763, 42.289154965060966]}, "properties": {"street": "NORFOLK ST", "location_type": "Street", "dispatch_ts": "2019-06-20T01:03:10+00:00", "timestamp_ms": 1560992590000}}, {"type": "Feature", "geometry": {"type": "Point", "coordinates": [-71.07850659818554, 42.34320835442234]}, "properties": {"street": null, "location_type": "Intersection", "dispatch_ts": "2019-11-14T13:50:48+00:00", "timestamp_ms": 1573739448000}}, {"type": "Feature", "geometry": {"type": "Point", "coordinates": [-71.15140322916106, 42.33647434603828]}, "properties": {"street": "CHESTNUT HILL AVE", "location_type": "Street", "dispatch_ts": "2024-09-27T17:00:11+00:00", "timestamp_ms": 1727456411000}}, {"type": "Feature", "geometry": {"type": "Point", "coordinates": [-71.13778862887325, 42.34833457366462]}, "properties": {"street": null, "location_type": "Intersection", "dispatch_ts": "2016-09-23T01:25:07+00:00", "timestamp_ms": 1474593907000}}, {"type": "Feature", "geometry": {"type": "Point", "coordinates": [-71.12876171657255, 42.363291271895285]}, "properties": {"street": null, "location_type": "Intersection", "dispatch_ts": "2020-09-23T09:46:39+00:00", "timestamp_ms": 1600854399000}}, {"type": "Feature", "geometry": {"type": "Point", "coordinates": [-71.08310551857363, 42.32731092392466]}, "properties": {"street": "WARREN ST", "location_type": "Street", "dispatch_ts": "2018-05-17T19:07:43+00:00", "timestamp_ms": 1526584063000}}, {"type": "Feature", "geometry": {"type": "Point", "coordinates": [-71.06526978109441, 42.37503454673702]}, "properties": {"street": "AUSTIN ST", "location_type": "Street", "dispatch_ts": "2024-01-21T16:53:32+00:00", "timestamp_ms": 1705856012000}}, {"type": "Feature", "geometry": {"type": "Point", "coordinates": [-71.11802754430326, 42.30881864810522]}, "properties": {"street": null, "location_type": "Intersection", "dispatch_ts": "2023-07-22T13:09:56+00:00", "timestamp_ms": 1690031396000}}, {"type": "Feature", "geometry": {"type": "Point", "coordinates": [-71.14074704719768, 42.27435955777651]}, "properties": {"street": null, "location_type": "Intersection", "dispatch_ts": "2021-09-15T22:01:42+00:00", "timestamp_ms": 1631743302000}}, {"type": "Feature", "geometry": {"type": "Point", "coordinates": [-71.08331081789903, 42.283457500368705]}, "properties": {"street": null, "location_type": "Intersection", "dispatch_ts": "2018-09-11T00:19:55+00:00", "timestamp_ms": 1536625195000}}, {"type": "Feature", "geometry": {"type": "Point", "coordinates": [-71.06029177971541, 42.29979190638511]}, "properties": {"street": null, "location_type": "Intersection", "dispatch_ts": "2016-07-21T01:49:52+00:00", "timestamp_ms": 1469065792000}}, {"type": "Feature", "geometry": {"type": "Point", "coordinates": [-71.06989238729528, 42.3501642126641]}, "properties": {"street": null, "location_type": "Intersection", "dispatch_ts": "2019-10-07T21:25:17+00:00", "timestamp_ms": 1570483517000}}, {"type": "Feature", "geometry": {"type": "Point", "coordinates": [-71.08353719798215, 42.31309970183743]}, "properties": {"street": null, "location_type": "Intersection", "dispatch_ts": "2020-09-12T19:16:49+00:00", "timestamp_ms": 1599938209000}}, {"type": "Feature", "geometry": {"type": "Point", "coordinates": [-71.05617287577971, 42.30010056255867]}, "properties": {"street": null, "location_type": "Intersection", "dispatch_ts": "2024-07-31T21:32:02+00:00", "timestamp_ms": 1722461522000}}, {"type": "Feature", "geometry": {"type": "Point", "coordinates": [-71.0553660838902, 42.3526299347741]}, "properties": {"street": null, "location_type": "Intersection", "dispatch_ts": "2025-09-30T15:54:56+00:00", "timestamp_ms": 1759247696000}}, {"type": "Feature", "geometry": {"type": "Point", "coordinates": [-71.1452453603343, 42.361582202765035]}, "properties": {"street": null, "location_type": "Intersection", "dispatch_ts": "2019-07-28T00:41:08+00:00", "timestamp_ms": 1564274468000}}, {"type": "Feature", "geometry": {"type": "Point", "coordinates": [-71.13767805226, 42.2777275530139]}, "properties": {"street": null, "location_type": "Intersection", "dispatch_ts": "2019-10-19T20:48:15+00:00", "timestamp_ms": 1571518095000}}, {"type": "Feature", "geometry": {"type": "Point", "coordinates": [-71.11088628314461, 42.35045317784587]}, "properties": {"street": null, "location_type": "Intersection", "dispatch_ts": "2020-03-16T03:13:14+00:00", "timestamp_ms": 1584328394000}}, {"type": "Feature", "geometry": {"type": "Point", "coordinates": [-71.08813107672003, 42.3360920963896]}, "properties": {"street": "COLUMBUS AVE", "location_type": "Street", "dispatch_ts": "2016-06-13T13:25:24+00:00", "timestamp_ms": 1465824324000}}, {"type": "Feature", "geometry": {"type": "Point", "coordinates": [-71.07212419686832, 42.33254716094328]}, "properties": {"street": null, "location_type": "Intersection", "dispatch_ts": "2019-09-20T00:50:49+00:00", "timestamp_ms": 1568940649000}}, {"type": "Feature", "geometry": {"type": "Point", "coordinates": [-71.00533302822302, 42.38616324126517]}, "properties": {"street": null, "location_type": "Intersection", "dispatch_ts": "2024-10-05T21:14:29+00:00", "timestamp_ms": 1728162869000}}, {"type": "Feature", "geometry": {"type": "Point", "coordinates": [-71.09099023823077, 42.285614353299614]}, "properties": {"street": null, "location_type": "Intersection", "dispatch_ts": "2017-07-27T00:44:23+00:00", "timestamp_ms": 1501116263000}}, {"type": "Feature", "geometry": {"type": "Point", "coordinates": [-71.07067559168148, 42.351908980479784]}, "properties": {"street": null, "location_type": "Intersection", "dispatch_ts": "2017-07-11T01:48:22+00:00", "timestamp_ms": 1499737702000}}, {"type": "Feature", "geometry": {"type": "Point", "coordinates": [-71.07440045611192, 42.332865090779485]}, "properties": {"street": null, "location_type": "Intersection", "dispatch_ts": "2023-11-02T15:31:54+00:00", "timestamp_ms": 1698939114000}}, {"type": "Feature", "geometry": {"type": "Point", "coordinates": [-71.13014358659899, 42.284573364923375]}, "properties": {"street": "WASHINGTON ST", "location_type": "Street", "dispatch_ts": "2018-08-07T11:59:51+00:00", "timestamp_ms": 1533643191000}}, {"type": "Feature", "geometry": {"type": "Point", "coordinates": [-71.07223977497372, 42.35989432933844]}, "properties": {"street": "DAVID G MUGAR WAY", "location_type": "Street", "dispatch_ts": "2020-10-09T14:15:19+00:00", "timestamp_ms": 1602252919000}}, {"type": "Feature", "geometry": {"type": "Point", "coordinates": [-71.1137918829621, 42.29956465211992]}, "properties": {"street": "HYDE PARK AVE", "location_type": "Street", "dispatch_ts": "2017-09-24T20:19:34+00:00", "timestamp_ms": 1506284374000}}, {"type": "Feature", "geometry": {"type": "Point", "coordinates": [-71.10907873170055, 42.30741707368883]}, "properties": {"street": null, "location_type": "Intersection", "dispatch_ts": "2022-10-20T23:13:25+00:00", "timestamp_ms": 1666307605000}}, {"type": "Feature", "geometry": {"type": "Point", "coordinates": [-71.1490967223977, 42.356175205693965]}, "properties": {"street": null, "location_type": "Intersection", "dispatch_ts": "2025-08-05T09:47:39+00:00", "timestamp_ms": 1754387259000}}, {"type": "Feature", "geometry": {"type": "Point", "coordinates": [-71.13198639812475, 42.36320229869539]}, "properties": {"street": "WESTERN AVE", "location_type": "Street", "dispatch_ts": "2023-12-25T20:51:59+00:00", "timestamp_ms": 1703537519000}}, {"type": "Feature", "geometry": {"type": "Point", "coordinates": [-71.05700727981439, 42.32951559009473]}, "properties": {"street": null, "location_type": "Intersection", "dispatch_ts": "2021-05-04T05:39:40+00:00", "timestamp_ms": 1620106780000}}, {"type": "Feature", "geometry": {"type": "Point", "coordinates": [-71.0957227975211, 42.26679858591695]}, "properties": {"street": "RIVER ST", "location_type": "Street", "dispatch_ts": "2016-10-14T17:07:08+00:00", "timestamp_ms": 1476464828000}}, {"type": "Feature", "geometry": {"type": "Point", "coordinates": [-71.07302580875351, 42.357086592627496]}, "properties": {"street": "DAVID G MUGAR WAY", "location_type": "Street", "dispatch_ts": "2015-05-13T23:55:09+00:00", "timestamp_ms": 1431561309000}}, {"type": "Feature", "geometry": {"type": "Point", "coordinates": [-71.09214680631874, 42.278670442871146]}, "properties": {"street": "FESSENDEN ST", "location_type": "Street", "dispatch_ts": "2023-08-28T17:36:06+00:00", "timestamp_ms": 1693244166000}}, {"type": "Feature", "geometry": {"type": "Point", "coordinates": [-71.07820428532345, 42.337432426874265]}, "properties": {"street": "MASSACHUSETTS AVE", "location_type": "Street", "dispatch_ts": "2018-06-01T15:27:16+00:00", "timestamp_ms": 1527866836000}}, {"type": "Feature", "geometry": {"type": "Point", "coordinates": [-71.1704873447445, 42.27328224410234]}, "properties": {"street": "SPRING ST", "location_type": "Street", "dispatch_ts": "2015-07-23T18:07:50+00:00", "timestamp_ms": 1437674870000}}, {"type": "Feature", "geometry": {"type": "Point", "coordinates": [-71.0820091969339, 42.33842094516244]}, "properties": {"street": null, "location_type": "Intersection", "dispatch_ts": "2015-04-11T23:20:06+00:00", "timestamp_ms": 1428794406000}}, {"type": "Feature", "geometry": {"type": "Point", "coordinates": [-71.10026091000474, 42.34001384944581]}, "properties": {"street": "FENWAY NULL", "location_type": "Street", "dispatch_ts": "2015-11-16T20:36:52+00:00", "timestamp_ms": 1447706212000}}, {"type": "Feature", "geometry": {"type": "Point", "coordinates": [-71.03511663193953, 42.37561896951567]}, "properties": {"street": null, "location_type": "Intersection", "dispatch_ts": "2023-08-07T00:54:58+00:00", "timestamp_ms": 1691369698000}}, {"type": "Feature", "geometry": {"type": "Point", "coordinates": [-71.0637931935241, 42.29890243565063]}, "properties": {"street": null, "location_type": "Intersection", "dispatch_ts": "2019-07-25T02:51:47+00:00", "timestamp_ms": 1564023107000}}, {"type": "Feature", "geometry": {"type": "Point", "coordinates": [-71.10741114351066, 42.35020137912132]}, "properties": {"street": "COMMONWEALTH AVE", "location_type": "Street", "dispatch_ts": "2015-07-20T03:45:54+00:00", "timestamp_ms": 1437363954000}}, {"type": "Feature", "geometry": {"type": "Point", "coordinates": [-71.13132169601725, 42.35604619097846]}, "properties": {"street": null, "location_type": "Intersection", "dispatch_ts": "2019-06-24T15:51:00+00:00", "timestamp_ms": 1561391460000}}, {"type": "Feature", "geometry": {"type": "Point", "coordinates": [-71.09118053174197, 42.295393790349536]}, "properties": {"street": "FRANKLIN HILL AVE", "location_type": "Street", "dispatch_ts": "2025-05-30T17:50:34+00:00", "timestamp_ms": 1748627434000}}, {"type": "Feature", "geometry": {"type": "Point", "coordinates": [-71.05520075781212, 42.335137519592344]}, "properties": {"street": null, "location_type": "Intersection", "dispatch_ts": "2015-10-10T20:06:47+00:00", "timestamp_ms": 1444507607000}}, {"type": "Feature", "geometry": {"type": "Point", "coordinates": [-71.0818842524789, 42.33179372478211]}, "properties": {"street": "WASHINGTON ST", "location_type": "Street", "dispatch_ts": "2021-08-21T18:56:30+00:00", "timestamp_ms": 1629572190000}}, {"type": "Feature", "geometry": {"type": "Point", "coordinates": [-71.06873696574375, 42.30066714818391]}, "properties": {"street": "WESTVILLE ST", "location_type": "Street", "dispatch_ts": "2017-08-18T18:13:32+00:00", "timestamp_ms": 1503080012000}}, {"type": "Feature", "geometry": {"type": "Point", "coordinates": [-71.0894836662669, 42.350858072765824]}, "properties": {"street": null, "location_type": "Intersection", "dispatch_ts": "2023-11-14T16:10:33+00:00", "timestamp_ms": 1699978233000}}, {"type": "Feature", "geometry": {"type": "Point", "coordinates": [-71.13396002665161, 42.3550151153352]}, "properties": {"street": "CAMBRIDGE ST", "location_type": "Street", "dispatch_ts": "2015-03-27T23:28:34+00:00", "timestamp_ms": 1427498914000}}, {"type": "Feature", "geometry": {"type": "Point", "coordinates": [-71.05350767192617, 42.27769126109252]}, "properties": {"street": "GRANITE AVE", "location_type": "Street", "dispatch_ts": "2025-10-23T13:34:45+00:00", "timestamp_ms": 1761226485000}}, {"type": "Feature", "geometry": {"type": "Point", "coordinates": [-71.05017523735151, 42.34817201965357]}, "properties": {"street": null, "location_type": "Intersection", "dispatch_ts": "2024-03-14T21:49:04+00:00", "timestamp_ms": 1710452944000}}, {"type": "Feature", "geometry": {"type": "Point", "coordinates": [-71.09924144894431, 42.34828481865204]}, "properties": {"street": "BEACON ST", "location_type": "Street", "dispatch_ts": "2018-07-29T14:12:19+00:00", "timestamp_ms": 1532873539000}}, {"type": "Feature", "geometry": {"type": "Point", "coordinates": [-71.1490967223977, 42.356175205693965]}, "properties": {"street": null, "location_type": "Intersection", "dispatch_ts": "2022-08-19T01:52:48+00:00", "timestamp_ms": 1660873968000}}, {"type": "Feature", "geometry": {"type": "Point", "coordinates": [-71.12004479283674, 42.29197942354088]}, "properties": {"street": "ARCHDALE RD", "location_type": "Street", "dispatch_ts": "2024-10-04T20:14:40+00:00", "timestamp_ms": 1728072880000}}, {"type": "Feature", "geometry": {"type": "Point", "coordinates": [-71.06407237239412, 42.32351691957478]}, "properties": {"street": null, "location_type": "Intersection", "dispatch_ts": "2017-09-02T23:17:19+00:00", "timestamp_ms": 1504394239000}}, {"type": "Feature", "geometry": {"type": "Point", "coordinates": [-71.0899012672215, 42.34396843192583]}, "properties": {"street": null, "location_type": "Intersection", "dispatch_ts": "2018-02-20T23:16:23+00:00", "timestamp_ms": 1519168583000}}, {"type": "Feature", "geometry": {"type": "Point", "coordinates": [-71.08344622355169, 42.32867315488852]}, "properties": {"street": null, "location_type": "Intersection", "dispatch_ts": "2021-04-22T17:46:01+00:00", "timestamp_ms": 1619113561000}}, {"type": "Feature", "geometry": {"type": "Point", "coordinates": [-71.13911544654809, 42.25326347525488]}, "properties": {"street": "TURTLE POND PKWY", "location_type": "Street", "dispatch_ts": "2016-07-04T18:38:41+00:00", "timestamp_ms": 1467657521000}}, {"type": "Feature", "geometry": {"type": "Point", "coordinates": [-71.0894836662669, 42.350858072765824]}, "properties": {"street": null, "location_type": "Intersection", "dispatch_ts": "2024-07-25T23:11:15+00:00", "timestamp_ms": 1721949075000}}, {"type": "Feature", "geometry": {"type": "Point", "coordinates": [-71.07128839576086, 42.32019758984155]}, "properties": {"street": null, "location_type": "Intersection", "dispatch_ts": "2026-04-10T22:08:05+00:00", "timestamp_ms": 1775858885000}}, {"type": "Feature", "geometry": {"type": "Point", "coordinates": [-71.1115396896543, 42.33067288283043]}, "properties": {"street": "HUNTINGTON AVE", "location_type": "Street", "dispatch_ts": "2019-08-11T15:28:18+00:00", "timestamp_ms": 1565537298000}}, {"type": "Feature", "geometry": {"type": "Point", "coordinates": [-71.15171354305286, 42.33671365602341]}, "properties": {"street": "CHESTNUT HILL AVE", "location_type": "Street", "dispatch_ts": "2026-04-11T22:27:48+00:00", "timestamp_ms": 1775946468000}}, {"type": "Feature", "geometry": {"type": "Point", "coordinates": [-71.09014587875681, 42.31659201855565]}, "properties": {"street": null, "location_type": "Intersection", "dispatch_ts": "2025-07-28T20:22:22+00:00", "timestamp_ms": 1753734142000}}, {"type": "Feature", "geometry": {"type": "Point", "coordinates": [-71.13505988564867, 42.36320697025249]}, "properties": {"street": "WESTERN AVE", "location_type": "Street", "dispatch_ts": "2024-09-28T12:15:53+00:00", "timestamp_ms": 1727525753000}}, {"type": "Feature", "geometry": {"type": "Point", "coordinates": [-71.05114656058696, 42.33622735846664]}, "properties": {"street": "E ST", "location_type": "Street", "dispatch_ts": "2022-01-05T20:44:51+00:00", "timestamp_ms": 1641415491000}}, {"type": "Feature", "geometry": {"type": "Point", "coordinates": [-71.10750875036123, 42.34139827215652]}, "properties": {"street": null, "location_type": "Intersection", "dispatch_ts": "2015-08-31T20:54:34+00:00", "timestamp_ms": 1441054474000}}, {"type": "Feature", "geometry": {"type": "Point", "coordinates": [-71.07231024738005, 42.34361517068555]}, "properties": {"street": null, "location_type": "Intersection", "dispatch_ts": "2022-05-27T22:14:46+00:00", "timestamp_ms": 1653689686000}}, {"type": "Feature", "geometry": {"type": "Point", "coordinates": [-71.08773574910583, 42.347297506470184]}, "properties": {"street": null, "location_type": "Intersection", "dispatch_ts": "2018-04-07T17:32:44+00:00", "timestamp_ms": 1523122364000}}, {"type": "Feature", "geometry": {"type": "Point", "coordinates": [-71.07212419686832, 42.33254716094328]}, "properties": {"street": null, "location_type": "Intersection", "dispatch_ts": "2015-12-17T23:38:11+00:00", "timestamp_ms": 1450395491000}}, {"type": "Feature", "geometry": {"type": "Point", "coordinates": [-71.04212712350787, 42.34635118243838]}, "properties": {"street": null, "location_type": "Intersection", "dispatch_ts": "2020-09-08T22:29:19+00:00", "timestamp_ms": 1599604159000}}, {"type": "Feature", "geometry": {"type": "Point", "coordinates": [-71.07927020673846, 42.328574196022885]}, "properties": {"street": null, "location_type": "Intersection", "dispatch_ts": "2020-08-11T21:05:11+00:00", "timestamp_ms": 1597179911000}}, {"type": "Feature", "geometry": {"type": "Point", "coordinates": [-71.08014222715816, 42.27905549698252]}, "properties": {"street": "FAIRMOUNT ST", "location_type": "Street", "dispatch_ts": "2016-03-21T23:37:11+00:00", "timestamp_ms": 1458603431000}}, {"type": "Feature", "geometry": {"type": "Point", "coordinates": [-71.12309094325933, 42.36810566744646]}, "properties": {"street": "SOLDIERS FIELD RD", "location_type": "Street", "dispatch_ts": "2019-12-13T22:14:01+00:00", "timestamp_ms": 1576275241000}}, {"type": "Feature", "geometry": {"type": "Point", "coordinates": [-71.08328650678628, 42.32964683917707]}, "properties": {"street": "WARREN ST", "location_type": "Street", "dispatch_ts": "2015-06-18T17:58:10+00:00", "timestamp_ms": 1434650290000}}, {"type": "Feature", "geometry": {"type": "Point", "coordinates": [-71.06704808346915, 42.343114490644375]}, "properties": {"street": null, "location_type": "Other", "dispatch_ts": "2019-04-14T16:55:28+00:00", "timestamp_ms": 1555260928000}}, {"type": "Feature", "geometry": {"type": "Point", "coordinates": [-71.15758674202795, 42.29553863111165]}, "properties": {"street": null, "location_type": "Intersection", "dispatch_ts": "2015-10-12T14:56:50+00:00", "timestamp_ms": 1444661810000}}, {"type": "Feature", "geometry": {"type": "Point", "coordinates": [-71.07183774496852, 42.31670322136522]}, "properties": {"street": "HALF MOON ST", "location_type": "Street", "dispatch_ts": "2020-11-11T04:52:29+00:00", "timestamp_ms": 1605070349000}}, {"type": "Feature", "geometry": {"type": "Point", "coordinates": [-71.0674938019892, 42.352511048285834]}, "properties": {"street": null, "location_type": "Intersection", "dispatch_ts": "2018-06-07T12:04:21+00:00", "timestamp_ms": 1528373061000}}, {"type": "Feature", "geometry": {"type": "Point", "coordinates": [-71.08106420476595, 42.34108616923697]}, "properties": {"street": null, "location_type": "Intersection", "dispatch_ts": "2016-10-27T13:35:31+00:00", "timestamp_ms": 1477575331000}}, {"type": "Feature", "geometry": {"type": "Point", "coordinates": [-71.07616239461876, 42.352644170415445]}, "properties": {"street": null, "location_type": "Intersection", "dispatch_ts": "2024-02-27T03:43:20+00:00", "timestamp_ms": 1709005400000}}, {"type": "Feature", "geometry": {"type": "Point", "coordinates": [-71.07717349271825, 42.29175733166888]}, "properties": {"street": null, "location_type": "Intersection", "dispatch_ts": "2020-05-24T21:36:34+00:00", "timestamp_ms": 1590356194000}}, {"type": "Feature", "geometry": {"type": "Point", "coordinates": [-71.10725210925047, 42.33892087774625]}, "properties": {"street": null, "location_type": "Intersection", "dispatch_ts": "2015-12-15T17:23:21+00:00", "timestamp_ms": 1450200201000}}, {"type": "Feature", "geometry": {"type": "Point", "coordinates": [-71.12036866422663, 42.25668742271654]}, "properties": {"street": "RIVER ST", "location_type": "Street", "dispatch_ts": "2020-12-10T17:13:00+00:00", "timestamp_ms": 1607620380000}}, {"type": "Feature", "geometry": {"type": "Point", "coordinates": [-71.11776329231398, 42.302718099774]}, "properties": {"street": null, "location_type": "Intersection", "dispatch_ts": "2015-10-11T12:42:18+00:00", "timestamp_ms": 1444567338000}}, {"type": "Feature", "geometry": {"type": "Point", "coordinates": [-71.08576313108206, 42.343374593597815]}, "properties": {"street": null, "location_type": "Intersection", "dispatch_ts": "2025-05-24T13:27:12+00:00", "timestamp_ms": 1748093232000}}, {"type": "Feature", "geometry": {"type": "Point", "coordinates": [-71.08544162384082, 42.347906245181555]}, "properties": {"street": "BOYLSTON ST", "location_type": "Street", "dispatch_ts": "2023-07-03T05:33:34+00:00", "timestamp_ms": 1688362414000}}, {"type": "Feature", "geometry": {"type": "Point", "coordinates": [-71.0660691278255, 42.317469884409306]}, "properties": {"street": "DUDLEY ST", "location_type": "Street", "dispatch_ts": "2023-11-05T00:05:39+00:00", "timestamp_ms": 1699142739000}}, {"type": "Feature", "geometry": {"type": "Point", "coordinates": [-71.05390119439755, 42.27826916845255]}, "properties": {"street": "GRANITE AVE", "location_type": "Street", "dispatch_ts": "2024-07-23T00:24:58+00:00", "timestamp_ms": 1721694298000}}, {"type": "Feature", "geometry": {"type": "Point", "coordinates": [-71.1107381844917, 42.35204825372744]}, "properties": {"street": null, "location_type": "Other", "dispatch_ts": "2024-10-08T14:16:08+00:00", "timestamp_ms": 1728396968000}}, {"type": "Feature", "geometry": {"type": "Point", "coordinates": [-71.10907873170055, 42.30741707368883]}, "properties": {"street": null, "location_type": "Intersection", "dispatch_ts": "2024-10-17T21:06:23+00:00", "timestamp_ms": 1729199183000}}, {"type": "Feature", "geometry": {"type": "Point", "coordinates": [-71.0723120025414, 42.35551571111943]}, "properties": {"street": null, "location_type": "Intersection", "dispatch_ts": "2024-07-01T17:00:19+00:00", "timestamp_ms": 1719853219000}}, {"type": "Feature", "geometry": {"type": "Point", "coordinates": [-71.06690396060965, 42.36124187011271]}, "properties": {"street": null, "location_type": "Intersection", "dispatch_ts": "2024-11-06T23:35:51+00:00", "timestamp_ms": 1730936151000}}, {"type": "Feature", "geometry": {"type": "Point", "coordinates": [-71.06941647729512, 42.33196395967507]}, "properties": {"street": "SOUTHAMPTON ST", "location_type": "Street", "dispatch_ts": "2019-03-19T19:11:26+00:00", "timestamp_ms": 1553022686000}}, {"type": "Feature", "geometry": {"type": "Point", "coordinates": [-71.08174219034606, 42.34066415311041]}, "properties": {"street": null, "location_type": "Intersection", "dispatch_ts": "2019-08-21T21:54:42+00:00", "timestamp_ms": 1566424482000}}, {"type": "Feature", "geometry": {"type": "Point", "coordinates": [-71.06258265085239, 42.32913373001088]}, "properties": {"street": "ALLSTATE RD", "location_type": "Street", "dispatch_ts": "2015-06-14T12:44:15+00:00", "timestamp_ms": 1434285855000}}, {"type": "Feature", "geometry": {"type": "Point", "coordinates": [-71.08324763699304, 42.31061042594489]}, "properties": {"street": null, "location_type": "Intersection", "dispatch_ts": "2019-04-17T17:40:28+00:00", "timestamp_ms": 1555522828000}}, {"type": "Feature", "geometry": {"type": "Point", "coordinates": [-71.06760901515635, 42.35659126061638]}, "properties": {"street": null, "location_type": "Intersection", "dispatch_ts": "2017-11-14T15:42:11+00:00", "timestamp_ms": 1510674131000}}, {"type": "Feature", "geometry": {"type": "Point", "coordinates": [-71.05244277056015, 42.35953596090297]}, "properties": {"street": null, "location_type": "Intersection", "dispatch_ts": "2024-08-20T12:03:49+00:00", "timestamp_ms": 1724155429000}}, {"type": "Feature", "geometry": {"type": "Point", "coordinates": [-71.06717749022991, 42.377656715130584]}, "properties": {"street": null, "location_type": "Intersection", "dispatch_ts": "2018-05-24T12:48:52+00:00", "timestamp_ms": 1527166132000}}, {"type": "Feature", "geometry": {"type": "Point", "coordinates": [-71.0723120025414, 42.35551571111943]}, "properties": {"street": null, "location_type": "Intersection", "dispatch_ts": "2017-07-06T13:01:40+00:00", "timestamp_ms": 1499346100000}}, {"type": "Feature", "geometry": {"type": "Point", "coordinates": [-71.0777278108098, 42.350906744839904]}, "properties": {"street": null, "location_type": "Intersection", "dispatch_ts": "2016-06-11T23:59:56+00:00", "timestamp_ms": 1465689596000}}, {"type": "Feature", "geometry": {"type": "Point", "coordinates": [-71.14736630650604, 42.3408055761218]}, "properties": {"street": "SUTHERLAND RD", "location_type": "Street", "dispatch_ts": "2018-07-01T10:45:57+00:00", "timestamp_ms": 1530441957000}}, {"type": "Feature", "geometry": {"type": "Point", "coordinates": [-71.08147196781847, 42.319052412067144]}, "properties": {"street": null, "location_type": "Intersection", "dispatch_ts": "2023-06-22T00:13:02+00:00", "timestamp_ms": 1687392782000}}, {"type": "Feature", "geometry": {"type": "Point", "coordinates": [-71.1248875144028, 42.26089073121121]}, "properties": {"street": "SUMMER ST", "location_type": "Street", "dispatch_ts": "2018-05-31T23:07:26+00:00", "timestamp_ms": 1527808046000}}, {"type": "Feature", "geometry": {"type": "Point", "coordinates": [-71.1141792185234, 42.31230785377189]}, "properties": {"street": null, "location_type": "Intersection", "dispatch_ts": "2017-07-01T19:52:34+00:00", "timestamp_ms": 1498938754000}}, {"type": "Feature", "geometry": {"type": "Point", "coordinates": [-71.10333324397031, 42.347174170173474]}, "properties": {"street": null, "location_type": "Intersection", "dispatch_ts": "2016-07-27T22:14:11+00:00", "timestamp_ms": 1469657651000}}, {"type": "Feature", "geometry": {"type": "Point", "coordinates": [-71.06994504825754, 42.33206892974816]}, "properties": {"street": "SOUTHAMPTON ST", "location_type": "Street", "dispatch_ts": "2024-09-13T08:20:42+00:00", "timestamp_ms": 1726215642000}}, {"type": "Feature", "geometry": {"type": "Point", "coordinates": [-71.12780692007128, 42.354512589540334]}, "properties": {"street": null, "location_type": "Intersection", "dispatch_ts": "2019-09-02T21:02:27+00:00", "timestamp_ms": 1567458147000}}, {"type": "Feature", "geometry": {"type": "Point", "coordinates": [-71.039309320715, 42.38287803496183]}, "properties": {"street": "MERIDIAN ST", "location_type": "Street", "dispatch_ts": "2017-10-07T17:44:31+00:00", "timestamp_ms": 1507398271000}}, {"type": "Feature", "geometry": {"type": "Point", "coordinates": [-71.1458574640206, 42.29771248822468]}, "properties": {"street": "WEST ROXBURY PKWY", "location_type": "Street", "dispatch_ts": "2020-11-03T21:45:38+00:00", "timestamp_ms": 1604439938000}}, {"type": "Feature", "geometry": {"type": "Point", "coordinates": [-71.0371429780258, 42.33473635189421]}, "properties": {"street": "FOURTH ST", "location_type": "Street", "dispatch_ts": "2018-06-22T21:08:40+00:00", "timestamp_ms": 1529701720000}}, {"type": "Feature", "geometry": {"type": "Point", "coordinates": [-71.13177999491182, 42.28751495087756]}, "properties": {"street": null, "location_type": "Intersection", "dispatch_ts": "2015-09-25T22:53:13+00:00", "timestamp_ms": 1443221593000}}, {"type": "Feature", "geometry": {"type": "Point", "coordinates": [-71.07204087178353, 42.341319772502]}, "properties": {"street": null, "location_type": "Intersection", "dispatch_ts": "2016-03-26T21:43:43+00:00", "timestamp_ms": 1459028623000}}, {"type": "Feature", "geometry": {"type": "Point", "coordinates": [-71.06840065227817, 42.34414485038387]}, "properties": {"street": "DWIGHT ST", "location_type": "Street", "dispatch_ts": "2015-05-16T23:33:01+00:00", "timestamp_ms": 1431819181000}}, {"type": "Feature", "geometry": {"type": "Point", "coordinates": [-71.0756641443457, 42.34354178949991]}, "properties": {"street": null, "location_type": "Intersection", "dispatch_ts": "2015-10-31T14:06:46+00:00", "timestamp_ms": 1446300406000}}, {"type": "Feature", "geometry": {"type": "Point", "coordinates": [-71.095725428098, 42.331588396898496]}, "properties": {"street": "TREMONT ST", "location_type": "Street", "dispatch_ts": "2016-06-06T23:36:55+00:00", "timestamp_ms": 1465256215000}}, {"type": "Feature", "geometry": {"type": "Point", "coordinates": [-71.06663027967743, 42.32651156394882]}, "properties": {"street": "MASSACHUSETTS AVE", "location_type": "Street", "dispatch_ts": "2024-10-01T12:13:16+00:00", "timestamp_ms": 1727784796000}}, {"type": "Feature", "geometry": {"type": "Point", "coordinates": [-71.16144981380812, 42.340178534278145]}, "properties": {"street": null, "location_type": "Intersection", "dispatch_ts": "2021-09-24T21:18:28+00:00", "timestamp_ms": 1632518308000}}, {"type": "Feature", "geometry": {"type": "Point", "coordinates": [-71.06627279295691, 42.31949237061905]}, "properties": {"street": "HUMPHREYS ST", "location_type": "Street", "dispatch_ts": "2024-06-13T00:56:43+00:00", "timestamp_ms": 1718240203000}}, {"type": "Feature", "geometry": {"type": "Point", "coordinates": [-71.05947113934701, 42.35927019318916]}, "properties": {"street": null, "location_type": "Intersection", "dispatch_ts": "2020-08-26T00:05:12+00:00", "timestamp_ms": 1598400312000}}, {"type": "Feature", "geometry": {"type": "Point", "coordinates": [-71.05695778774742, 42.3301664111603]}, "properties": {"street": "DORCHESTER AVE", "location_type": "Street", "dispatch_ts": "2024-07-16T23:46:33+00:00", "timestamp_ms": 1721173593000}}, {"type": "Feature", "geometry": {"type": "Point", "coordinates": [-71.12341711076695, 42.35213093390705]}, "properties": {"street": "COMMONWEALTH AVE", "location_type": "Street", "dispatch_ts": "2023-10-19T23:39:01+00:00", "timestamp_ms": 1697758741000}}, {"type": "Feature", "geometry": {"type": "Point", "coordinates": [-71.07165641199227, 42.3538540836376]}, "properties": {"street": null, "location_type": "Intersection", "dispatch_ts": "2017-09-27T11:50:31+00:00", "timestamp_ms": 1506513031000}}, {"type": "Feature", "geometry": {"type": "Point", "coordinates": [-71.11161987349921, 42.33086729629853]}, "properties": {"street": "HUNTINGTON AVE", "location_type": "Street", "dispatch_ts": "2017-08-06T14:39:32+00:00", "timestamp_ms": 1502030372000}}, {"type": "Feature", "geometry": {"type": "Point", "coordinates": [-71.06623336651907, 42.32718212978781]}, "properties": {"street": "NEWMARKET SQ", "location_type": "Street", "dispatch_ts": "2022-10-20T13:06:00+00:00", "timestamp_ms": 1666271160000}}, {"type": "Feature", "geometry": {"type": "Point", "coordinates": [-71.13661903875693, 42.35356777574584]}, "properties": {"street": null, "location_type": "Intersection", "dispatch_ts": "2023-01-27T19:02:59+00:00", "timestamp_ms": 1674846179000}}, {"type": "Feature", "geometry": {"type": "Point", "coordinates": [-71.12396113041314, 42.25644520097543]}, "properties": {"street": "HYDE PARK AVE", "location_type": "Street", "dispatch_ts": "2016-06-21T22:13:23+00:00", "timestamp_ms": 1466547203000}}, {"type": "Feature", "geometry": {"type": "Point", "coordinates": [-71.04943083320332, 42.34913422742745]}, "properties": {"street": "A ST", "location_type": "Street", "dispatch_ts": "2016-07-27T10:44:51+00:00", "timestamp_ms": 1469616291000}}, {"type": "Feature", "geometry": {"type": "Point", "coordinates": [-71.05376133169084, 42.36447183336303]}, "properties": {"street": "HANOVER ST", "location_type": "Street", "dispatch_ts": "2025-07-13T03:49:09+00:00", "timestamp_ms": 1752378549000}}, {"type": "Feature", "geometry": {"type": "Point", "coordinates": [-71.06964998829699, 42.38243489326819]}, "properties": {"street": "BUNKER HILL ST", "location_type": "Street", "dispatch_ts": "2017-07-20T01:20:13+00:00", "timestamp_ms": 1500513613000}}, {"type": "Feature", "geometry": {"type": "Point", "coordinates": [-71.08271893273294, 42.309683826834906]}, "properties": {"street": "WARREN ST", "location_type": "Street", "dispatch_ts": "2016-12-25T21:33:43+00:00", "timestamp_ms": 1482701623000}}, {"type": "Feature", "geometry": {"type": "Point", "coordinates": [-71.06848559564628, 42.36108188148618]}, "properties": {"street": "CAMBRIDGE ST", "location_type": "Street", "dispatch_ts": "2019-09-24T21:27:04+00:00", "timestamp_ms": 1569360424000}}, {"type": "Feature", "geometry": {"type": "Point", "coordinates": [-71.05668000182139, 42.36203200040218]}, "properties": {"street": "BLACKSTONE ST", "location_type": "Street", "dispatch_ts": "2025-08-26T00:01:43+00:00", "timestamp_ms": 1756166503000}}, {"type": "Feature", "geometry": {"type": "Point", "coordinates": [-71.08461529228752, 42.32962484238825]}, "properties": {"street": null, "location_type": "Intersection", "dispatch_ts": "2015-09-22T19:02:55+00:00", "timestamp_ms": 1442948575000}}, {"type": "Feature", "geometry": {"type": "Point", "coordinates": [-71.08043932805592, 42.339326706988096]}, "properties": {"street": null, "location_type": "Intersection", "dispatch_ts": "2025-08-30T15:53:41+00:00", "timestamp_ms": 1756569221000}}, {"type": "Feature", "geometry": {"type": "Point", "coordinates": [-71.08324196851981, 42.32629724741]}, "properties": {"street": "WARREN ST", "location_type": "Street", "dispatch_ts": "2019-01-14T00:03:47+00:00", "timestamp_ms": 1547424227000}}, {"type": "Feature", "geometry": {"type": "Point", "coordinates": [-71.05779065586023, 42.35884112642617]}, "properties": {"street": null, "location_type": "Intersection", "dispatch_ts": "2016-07-24T05:13:25+00:00", "timestamp_ms": 1469337205000}}, {"type": "Feature", "geometry": {"type": "Point", "coordinates": [-71.02494804565495, 42.333128182873345]}, "properties": {"street": null, "location_type": "Intersection", "dispatch_ts": "2015-08-08T10:24:55+00:00", "timestamp_ms": 1439029495000}}, {"type": "Feature", "geometry": {"type": "Point", "coordinates": [-71.11462792993642, 42.30045011688833]}, "properties": {"street": "WASHINGTON ST", "location_type": "Street", "dispatch_ts": "2020-09-01T22:34:52+00:00", "timestamp_ms": 1598999692000}}, {"type": "Feature", "geometry": {"type": "Point", "coordinates": [-71.04098354032618, 42.2879435116709]}, "properties": {"street": "FRANKLIN ST", "location_type": "Street", "dispatch_ts": "2015-05-19T23:18:09+00:00", "timestamp_ms": 1432077489000}}, {"type": "Feature", "geometry": {"type": "Point", "coordinates": [-71.14583436321702, 42.29674608766702]}, "properties": {"street": null, "location_type": "Intersection", "dispatch_ts": "2025-09-03T20:51:27+00:00", "timestamp_ms": 1756932687000}}, {"type": "Feature", "geometry": {"type": "Point", "coordinates": [-71.15089189198947, 42.336055250335825]}, "properties": {"street": "BEACON ST", "location_type": "Street", "dispatch_ts": "2023-08-18T00:53:41+00:00", "timestamp_ms": 1692320021000}}, {"type": "Feature", "geometry": {"type": "Point", "coordinates": [-71.02999905216558, 42.338256419140514]}, "properties": {"street": null, "location_type": "Intersection", "dispatch_ts": "2017-04-23T20:59:55+00:00", "timestamp_ms": 1492981195000}}, {"type": "Feature", "geometry": {"type": "Point", "coordinates": [-71.0936413935368, 42.27483010843137]}, "properties": {"street": "BLUE HILL AVE", "location_type": "Street", "dispatch_ts": "2015-12-14T23:26:41+00:00", "timestamp_ms": 1450135601000}}, {"type": "Feature", "geometry": {"type": "Point", "coordinates": [-71.1045700864852, 42.31485789312746]}, "properties": {"street": "AMORY ST", "location_type": "Street", "dispatch_ts": "2015-07-28T17:40:52+00:00", "timestamp_ms": 1438105252000}}, {"type": "Feature", "geometry": {"type": "Point", "coordinates": [-71.0894836662669, 42.350858072765824]}, "properties": {"street": null, "location_type": "Intersection", "dispatch_ts": "2016-06-19T12:50:24+00:00", "timestamp_ms": 1466340624000}}, {"type": "Feature", "geometry": {"type": "Point", "coordinates": [-71.0711716408199, 42.28796465144636]}, "properties": {"street": null, "location_type": "Intersection", "dispatch_ts": "2018-12-03T23:40:33+00:00", "timestamp_ms": 1543880433000}}, {"type": "Feature", "geometry": {"type": "Point", "coordinates": [-71.06690396060965, 42.36124187011271]}, "properties": {"street": null, "location_type": "Intersection", "dispatch_ts": "2019-06-12T14:50:44+00:00", "timestamp_ms": 1560351044000}}, {"type": "Feature", "geometry": {"type": "Point", "coordinates": [-71.06677055395957, 42.37728079473772]}, "properties": {"street": "MAIN ST", "location_type": "Street", "dispatch_ts": "2019-06-28T21:22:50+00:00", "timestamp_ms": 1561756970000}}, {"type": "Feature", "geometry": {"type": "Point", "coordinates": [-71.1141792185234, 42.31230785377189]}, "properties": {"street": null, "location_type": "Intersection", "dispatch_ts": "2016-04-06T22:19:30+00:00", "timestamp_ms": 1459981170000}}, {"type": "Feature", "geometry": {"type": "Point", "coordinates": [-71.0753613847683, 42.383584917311275]}, "properties": {"street": null, "location_type": "Intersection", "dispatch_ts": "2024-08-01T00:59:46+00:00", "timestamp_ms": 1722473986000}}, {"type": "Feature", "geometry": {"type": "Point", "coordinates": [-71.1072782177761, 42.31058626379539]}, "properties": {"street": "GREEN ST", "location_type": "Street", "dispatch_ts": "2017-10-16T11:47:04+00:00", "timestamp_ms": 1508154424000}}, {"type": "Feature", "geometry": {"type": "Point", "coordinates": [-71.11504508888707, 42.306315285349065]}, "properties": {"street": null, "location_type": "Intersection", "dispatch_ts": "2022-05-20T20:03:03+00:00", "timestamp_ms": 1653076983000}}, {"type": "Feature", "geometry": {"type": "Point", "coordinates": [-71.09822900376133, 42.33656700760661]}, "properties": {"street": "HUNTINGTON AVE", "location_type": "Street", "dispatch_ts": "2017-01-06T15:12:37+00:00", "timestamp_ms": 1483715557000}}, {"type": "Feature", "geometry": {"type": "Point", "coordinates": [-71.0878284631317, 42.29489285279704]}, "properties": {"street": null, "location_type": "Intersection", "dispatch_ts": "2022-01-14T22:40:50+00:00", "timestamp_ms": 1642200050000}}, {"type": "Feature", "geometry": {"type": "Point", "coordinates": [-71.07359942724368, 42.38363624088279]}, "properties": {"street": "RUTHERFORD AVE", "location_type": "Street", "dispatch_ts": "2023-06-20T10:22:06+00:00", "timestamp_ms": 1687256526000}}, {"type": "Feature", "geometry": {"type": "Point", "coordinates": [-71.12477231567755, 42.304402241534376]}, "properties": {"street": null, "location_type": "Intersection", "dispatch_ts": "2015-04-28T19:56:22+00:00", "timestamp_ms": 1430250982000}}, {"type": "Feature", "geometry": {"type": "Point", "coordinates": [-71.06941647729512, 42.33196395967507]}, "properties": {"street": "SOUTHAMPTON ST", "location_type": "Street", "dispatch_ts": "2024-10-14T12:24:42+00:00", "timestamp_ms": 1728908682000}}, {"type": "Feature", "geometry": {"type": "Point", "coordinates": [-71.09235716936715, 42.33291213904815]}, "properties": {"street": null, "location_type": "Intersection", "dispatch_ts": "2019-07-09T13:22:08+00:00", "timestamp_ms": 1562678528000}}, {"type": "Feature", "geometry": {"type": "Point", "coordinates": [-71.01632927192401, 42.38408164670479]}, "properties": {"street": "SARATOGA ST", "location_type": "Street", "dispatch_ts": "2020-10-01T23:16:28+00:00", "timestamp_ms": 1601594188000}}, {"type": "Feature", "geometry": {"type": "Point", "coordinates": [-71.0614949082776, 42.32042262302428]}, "properties": {"street": null, "location_type": "Intersection", "dispatch_ts": "2026-04-09T21:55:18+00:00", "timestamp_ms": 1775771718000}}, {"type": "Feature", "geometry": {"type": "Point", "coordinates": [-71.07549556999774, 42.334641722181146]}, "properties": {"street": "HARRISON AVE", "location_type": "Street", "dispatch_ts": "2015-08-07T17:53:44+00:00", "timestamp_ms": 1438970024000}}, {"type": "Feature", "geometry": {"type": "Point", "coordinates": [-71.11975456208087, 42.35168809371946]}, "properties": {"street": "COMMONWEALTH AVE", "location_type": "Street", "dispatch_ts": "2019-08-10T21:05:26+00:00", "timestamp_ms": 1565471126000}}, {"type": "Feature", "geometry": {"type": "Point", "coordinates": [-71.07342099408642, 42.33359095305056]}, "properties": {"street": null, "location_type": "Intersection", "dispatch_ts": "2019-01-18T00:28:06+00:00", "timestamp_ms": 1547771286000}}, {"type": "Feature", "geometry": {"type": "Point", "coordinates": [-71.09853726752434, 42.34912607154972]}, "properties": {"street": "COMMONWEALTH AVE", "location_type": "Street", "dispatch_ts": "2025-08-10T20:33:56+00:00", "timestamp_ms": 1754858036000}}, {"type": "Feature", "geometry": {"type": "Point", "coordinates": [-71.06759068223865, 42.32765684413819]}, "properties": {"street": "MASSACHUSETTS AVE", "location_type": "Street", "dispatch_ts": "2021-07-19T10:47:09+00:00", "timestamp_ms": 1626691629000}}, {"type": "Feature", "geometry": {"type": "Point", "coordinates": [-71.12224330639343, 42.31334211623569]}, "properties": {"street": null, "location_type": "Intersection", "dispatch_ts": "2024-01-20T20:11:36+00:00", "timestamp_ms": 1705781496000}}, {"type": "Feature", "geometry": {"type": "Point", "coordinates": [-71.14995222567173, 42.35480988929018]}, "properties": {"street": null, "location_type": "Intersection", "dispatch_ts": "2022-05-15T16:40:29+00:00", "timestamp_ms": 1652632829000}}, {"type": "Feature", "geometry": {"type": "Point", "coordinates": [-71.05720399487329, 42.31298547777894]}, "properties": {"street": null, "location_type": "Intersection", "dispatch_ts": "2025-11-19T19:36:26+00:00", "timestamp_ms": 1763580986000}}, {"type": "Feature", "geometry": {"type": "Point", "coordinates": [-71.07882605585341, 42.31461443457508]}, "properties": {"street": null, "location_type": "Intersection", "dispatch_ts": "2017-08-01T20:50:51+00:00", "timestamp_ms": 1501620651000}}, {"type": "Feature", "geometry": {"type": "Point", "coordinates": [-71.088641463287, 42.34915419274428]}, "properties": {"street": null, "location_type": "Intersection", "dispatch_ts": "2022-09-24T15:14:30+00:00", "timestamp_ms": 1664032470000}}, {"type": "Feature", "geometry": {"type": "Point", "coordinates": [-71.13821407424084, 42.34759912605448]}, "properties": {"street": null, "location_type": "Intersection", "dispatch_ts": "2017-10-03T17:42:52+00:00", "timestamp_ms": 1507052572000}}, {"type": "Feature", "geometry": {"type": "Point", "coordinates": [-71.11581932118241, 42.35100723755177]}, "properties": {"street": "COMMONWEALTH AVE", "location_type": "Street", "dispatch_ts": "2021-10-18T17:15:56+00:00", "timestamp_ms": 1634577356000}}, {"type": "Feature", "geometry": {"type": "Point", "coordinates": [-71.1014856425928, 42.34949799882904]}, "properties": {"street": "COMMONWEALTH AVE", "location_type": "Street", "dispatch_ts": "2026-01-15T18:01:54+00:00", "timestamp_ms": 1768500114000}}, {"type": "Feature", "geometry": {"type": "Point", "coordinates": [-71.05075706024996, 42.33187566269268]}, "properties": {"street": null, "location_type": "Intersection", "dispatch_ts": "2019-08-12T20:09:19+00:00", "timestamp_ms": 1565640559000}}, {"type": "Feature", "geometry": {"type": "Point", "coordinates": [-71.07040418665302, 42.36756441956377]}, "properties": {"street": "SCIENCE PARK", "location_type": "Street", "dispatch_ts": "2016-05-08T20:48:00+00:00", "timestamp_ms": 1462740480000}}, {"type": "Feature", "geometry": {"type": "Point", "coordinates": [-71.11132351548638, 42.319342384836155]}, "properties": {"street": "BOYLSTON ST", "location_type": "Street", "dispatch_ts": "2018-09-08T01:41:53+00:00", "timestamp_ms": 1536370913000}}, {"type": "Feature", "geometry": {"type": "Point", "coordinates": [-71.06916632893811, 42.329542979983]}, "properties": {"street": null, "location_type": "Intersection", "dispatch_ts": "2023-08-21T21:58:36+00:00", "timestamp_ms": 1692655116000}}, {"type": "Feature", "geometry": {"type": "Point", "coordinates": [-71.11752429146709, 42.36010418886195]}, "properties": {"street": "SOLDIERS FIELD RD", "location_type": "Street", "dispatch_ts": "2024-06-27T14:18:52+00:00", "timestamp_ms": 1719497932000}}, {"type": "Feature", "geometry": {"type": "Point", "coordinates": [-71.06254450866288, 42.35301520665642]}, "properties": {"street": "WASHINGTON ST", "location_type": "Street", "dispatch_ts": "2023-04-26T18:41:54+00:00", "timestamp_ms": 1682534514000}}, {"type": "Feature", "geometry": {"type": "Point", "coordinates": [-71.13019940715564, 42.35273665382231]}, "properties": {"street": null, "location_type": "Intersection", "dispatch_ts": "2019-09-25T02:34:05+00:00", "timestamp_ms": 1569378845000}}, {"type": "Feature", "geometry": {"type": "Point", "coordinates": [-71.05785372970136, 42.328144434436126]}, "properties": {"street": null, "location_type": "Intersection", "dispatch_ts": "2016-07-01T18:57:10+00:00", "timestamp_ms": 1467399430000}}, {"type": "Feature", "geometry": {"type": "Point", "coordinates": [-71.05979924047703, 42.30151744712731]}, "properties": {"street": null, "location_type": "Intersection", "dispatch_ts": "2015-07-24T05:33:46+00:00", "timestamp_ms": 1437716026000}}, {"type": "Feature", "geometry": {"type": "Point", "coordinates": [-71.01931897266081, 42.33871247640213]}, "properties": {"street": "WILLIAM J DAY BLVD", "location_type": "Street", "dispatch_ts": "2023-07-11T14:33:27+00:00", "timestamp_ms": 1689086007000}}, {"type": "Feature", "geometry": {"type": "Point", "coordinates": [-71.07302580875351, 42.357086592627496]}, "properties": {"street": "DAVID G MUGAR WAY", "location_type": "Street", "dispatch_ts": "2024-08-01T21:00:27+00:00", "timestamp_ms": 1722546027000}}, {"type": "Feature", "geometry": {"type": "Point", "coordinates": [-71.09094712307825, 42.32240866157389]}, "properties": {"street": "WASHINGTON ST", "location_type": "Street", "dispatch_ts": "2024-07-09T14:52:01+00:00", "timestamp_ms": 1720536721000}}, {"type": "Feature", "geometry": {"type": "Point", "coordinates": [-71.15032085160104, 42.35420937122418]}, "properties": {"street": null, "location_type": "Intersection", "dispatch_ts": "2025-05-25T19:17:24+00:00", "timestamp_ms": 1748200644000}}, {"type": "Feature", "geometry": {"type": "Point", "coordinates": [-71.11462792993642, 42.30045011688833]}, "properties": {"street": "WASHINGTON ST", "location_type": "Street", "dispatch_ts": "2017-11-08T11:10:07+00:00", "timestamp_ms": 1510139407000}}, {"type": "Feature", "geometry": {"type": "Point", "coordinates": [-71.05808550961544, 42.35082676243198]}, "properties": {"street": null, "location_type": "Intersection", "dispatch_ts": "2017-12-19T19:46:22+00:00", "timestamp_ms": 1513712782000}}, {"type": "Feature", "geometry": {"type": "Point", "coordinates": [-71.09377639882217, 42.33134490249023]}, "properties": {"street": null, "location_type": "Intersection", "dispatch_ts": "2017-06-29T17:02:31+00:00", "timestamp_ms": 1498755751000}}, {"type": "Feature", "geometry": {"type": "Point", "coordinates": [-71.09223081088614, 42.271104981277624]}, "properties": {"street": "FREMONT ST", "location_type": "Street", "dispatch_ts": "2018-06-12T00:45:29+00:00", "timestamp_ms": 1528764329000}}, {"type": "Feature", "geometry": {"type": "Point", "coordinates": [-71.05876305255063, 42.35901859465623]}, "properties": {"street": "COURT ST", "location_type": "Street", "dispatch_ts": "2019-06-07T13:02:59+00:00", "timestamp_ms": 1559912579000}}, {"type": "Feature", "geometry": {"type": "Point", "coordinates": [-71.13106154540633, 42.350555735595485]}, "properties": {"street": null, "location_type": "Intersection", "dispatch_ts": "2020-11-30T13:48:44+00:00", "timestamp_ms": 1606744124000}}, {"type": "Feature", "geometry": {"type": "Point", "coordinates": [-71.08813477346843, 42.34811804821059]}, "properties": {"street": null, "location_type": "Intersection", "dispatch_ts": "2024-04-30T12:11:10+00:00", "timestamp_ms": 1714479070000}}, {"type": "Feature", "geometry": {"type": "Point", "coordinates": [-71.14138513067832, 42.349189707392625]}, "properties": {"street": null, "location_type": "Intersection", "dispatch_ts": "2025-06-03T22:04:56+00:00", "timestamp_ms": 1748988296000}}, {"type": "Feature", "geometry": {"type": "Point", "coordinates": [-71.15363129259893, 42.28372048656323]}, "properties": {"street": "PARK ST", "location_type": "Street", "dispatch_ts": "2016-09-19T12:31:36+00:00", "timestamp_ms": 1474288296000}}, {"type": "Feature", "geometry": {"type": "Point", "coordinates": [-71.03100691092362, 42.380145894962176]}, "properties": {"street": "LEXINGTON ST", "location_type": "Street", "dispatch_ts": "2017-08-16T20:18:03+00:00", "timestamp_ms": 1502914683000}}, {"type": "Feature", "geometry": {"type": "Point", "coordinates": [-71.07320922716953, 42.336496556301306]}, "properties": {"street": null, "location_type": "Intersection", "dispatch_ts": "2015-05-21T20:17:00+00:00", "timestamp_ms": 1432239420000}}, {"type": "Feature", "geometry": {"type": "Point", "coordinates": [-71.14592939304434, 42.34193602312309]}, "properties": {"street": null, "location_type": "Intersection", "dispatch_ts": "2016-06-22T15:07:27+00:00", "timestamp_ms": 1466608047000}}, {"type": "Feature", "geometry": {"type": "Point", "coordinates": [-71.05549749653231, 42.341840125671645]}, "properties": {"street": null, "location_type": "Intersection", "dispatch_ts": "2023-10-23T13:29:31+00:00", "timestamp_ms": 1698067771000}}, {"type": "Feature", "geometry": {"type": "Point", "coordinates": [-71.0778045200993, 42.30457101455696]}, "properties": {"street": "RONALD ST", "location_type": "Street", "dispatch_ts": "2016-10-10T12:55:35+00:00", "timestamp_ms": 1476104135000}}, {"type": "Feature", "geometry": {"type": "Point", "coordinates": [-71.12215685561274, 42.28354554604116]}, "properties": {"street": "JOHNSWOOD RD", "location_type": "Street", "dispatch_ts": "2017-09-28T13:28:48+00:00", "timestamp_ms": 1506605328000}}, {"type": "Feature", "geometry": {"type": "Point", "coordinates": [-71.0887450494279, 42.292111171587]}, "properties": {"street": "BLUE HILL AVE", "location_type": "Street", "dispatch_ts": "2016-10-04T22:49:10+00:00", "timestamp_ms": 1475621350000}}, {"type": "Feature", "geometry": {"type": "Point", "coordinates": [-71.06451728021875, 42.318220733957745]}, "properties": {"street": "HAMLET ST", "location_type": "Street", "dispatch_ts": "2019-09-09T14:21:45+00:00", "timestamp_ms": 1568038905000}}, {"type": "Feature", "geometry": {"type": "Point", "coordinates": [-71.08234400125944, 42.345806999908234]}, "properties": {"street": "BELVIDERE ST", "location_type": "Street", "dispatch_ts": "2026-02-11T13:52:36+00:00", "timestamp_ms": 1770817956000}}, {"type": "Feature", "geometry": {"type": "Point", "coordinates": [-71.02858249892472, 42.38134880814336]}, "properties": {"street": null, "location_type": "Intersection", "dispatch_ts": "2015-09-29T06:05:50+00:00", "timestamp_ms": 1443506750000}}, {"type": "Feature", "geometry": {"type": "Point", "coordinates": [-71.08406513204291, 42.34220375919181]}, "properties": {"street": null, "location_type": "Intersection", "dispatch_ts": "2017-05-16T16:13:31+00:00", "timestamp_ms": 1494951211000}}, {"type": "Feature", "geometry": {"type": "Point", "coordinates": [-71.12876171657255, 42.363291271895285]}, "properties": {"street": null, "location_type": "Intersection", "dispatch_ts": "2017-05-16T22:02:50+00:00", "timestamp_ms": 1494972170000}}, {"type": "Feature", "geometry": {"type": "Point", "coordinates": [-71.06869615455412, 42.36119473858149]}, "properties": {"street": null, "location_type": "Intersection", "dispatch_ts": "2022-03-18T10:47:29+00:00", "timestamp_ms": 1647600449000}}, {"type": "Feature", "geometry": {"type": "Point", "coordinates": [-71.08161065389052, 42.34043912971689]}, "properties": {"street": "MASSACHUSETTS AVE", "location_type": "Street", "dispatch_ts": "2019-01-09T11:14:07+00:00", "timestamp_ms": 1547032447000}}, {"type": "Feature", "geometry": {"type": "Point", "coordinates": [-71.05804638378041, 42.36726341537271]}, "properties": {"street": null, "location_type": "Intersection", "dispatch_ts": "2025-07-01T06:13:45+00:00", "timestamp_ms": 1751350425000}}, {"type": "Feature", "geometry": {"type": "Point", "coordinates": [-71.10514023707137, 42.33102362106098]}, "properties": {"street": null, "location_type": "Intersection", "dispatch_ts": "2021-07-26T15:05:33+00:00", "timestamp_ms": 1627311933000}}, {"type": "Feature", "geometry": {"type": "Point", "coordinates": [-71.15372206802651, 42.34280774212577]}, "properties": {"street": "CHESTNUT HILL AVE", "location_type": "Street", "dispatch_ts": "2024-04-18T13:07:13+00:00", "timestamp_ms": 1713445633000}}, {"type": "Feature", "geometry": {"type": "Point", "coordinates": [-71.11527774543828, 42.3067084897296]}, "properties": {"street": "SOUTH ST", "location_type": "Street", "dispatch_ts": "2016-08-10T20:14:51+00:00", "timestamp_ms": 1470860091000}}, {"type": "Feature", "geometry": {"type": "Point", "coordinates": [-71.07531699802902, 42.34200285245825]}, "properties": {"street": null, "location_type": "Intersection", "dispatch_ts": "2023-12-01T12:54:10+00:00", "timestamp_ms": 1701435250000}}, {"type": "Feature", "geometry": {"type": "Point", "coordinates": [-71.07563050723822, 42.33746016491123]}, "properties": {"street": null, "location_type": "Intersection", "dispatch_ts": "2021-01-20T23:30:11+00:00", "timestamp_ms": 1611185411000}}, {"type": "Feature", "geometry": {"type": "Point", "coordinates": [-71.05304791839848, 42.3316007144107]}, "properties": {"street": null, "location_type": "Intersection", "dispatch_ts": "2023-05-24T18:58:47+00:00", "timestamp_ms": 1684954727000}}, {"type": "Feature", "geometry": {"type": "Point", "coordinates": [-71.09639318373762, 42.33099578146652]}, "properties": {"street": "TERRACE ST", "location_type": "Street", "dispatch_ts": "2015-12-07T22:03:59+00:00", "timestamp_ms": 1449525839000}}, {"type": "Feature", "geometry": {"type": "Point", "coordinates": [-71.07919905888606, 42.35362152043918]}, "properties": {"street": "BEACON ST", "location_type": "Street", "dispatch_ts": "2023-03-10T08:04:01+00:00", "timestamp_ms": 1678435441000}}, {"type": "Feature", "geometry": {"type": "Point", "coordinates": [-71.10375364196203, 42.34226097608243]}, "properties": {"street": "BROOKLINE AVE", "location_type": "Street", "dispatch_ts": "2024-10-01T22:32:47+00:00", "timestamp_ms": 1727821967000}}, {"type": "Feature", "geometry": {"type": "Point", "coordinates": [-71.10099277068824, 42.322839055529045]}, "properties": {"street": "CENTRE ST", "location_type": "Street", "dispatch_ts": "2020-06-07T00:32:05+00:00", "timestamp_ms": 1591489925000}}, {"type": "Feature", "geometry": {"type": "Point", "coordinates": [-71.12371933998844, 42.36833400288524]}, "properties": {"street": null, "location_type": "Intersection", "dispatch_ts": "2023-09-01T13:24:33+00:00", "timestamp_ms": 1693574673000}}, {"type": "Feature", "geometry": {"type": "Point", "coordinates": [-71.06610851425025, 42.3569224793326]}, "properties": {"street": "BEACON ST", "location_type": "Street", "dispatch_ts": "2020-06-19T19:53:08+00:00", "timestamp_ms": 1592596388000}}, {"type": "Feature", "geometry": {"type": "Point", "coordinates": [-71.14138786601255, 42.36342141213003]}, "properties": {"street": "SOLDIERS FIELD RD", "location_type": "Street", "dispatch_ts": "2015-05-04T22:21:08+00:00", "timestamp_ms": 1430778068000}}, {"type": "Feature", "geometry": {"type": "Point", "coordinates": [-71.05106208978589, 42.36433016260188]}, "properties": {"street": "COMMERCIAL ST", "location_type": "Street", "dispatch_ts": "2019-05-26T01:18:17+00:00", "timestamp_ms": 1558833497000}}, {"type": "Feature", "geometry": {"type": "Point", "coordinates": [-71.06375344241656, 42.309755850378544]}, "properties": {"street": "BOWDOIN ST", "location_type": "Street", "dispatch_ts": "2019-05-10T03:08:34+00:00", "timestamp_ms": 1557457714000}}, {"type": "Feature", "geometry": {"type": "Point", "coordinates": [-71.088641463287, 42.34915419274428]}, "properties": {"street": null, "location_type": "Intersection", "dispatch_ts": "2016-10-08T13:13:31+00:00", "timestamp_ms": 1475932411000}}, {"type": "Feature", "geometry": {"type": "Point", "coordinates": [-71.13421239389196, 42.35490736514033]}, "properties": {"street": "CAMBRIDGE ST", "location_type": "Street", "dispatch_ts": "2025-05-17T17:31:02+00:00", "timestamp_ms": 1747503062000}}, {"type": "Feature", "geometry": {"type": "Point", "coordinates": [-71.07493397729988, 42.32981146369633]}, "properties": {"street": "HAMPDEN ST", "location_type": "Street", "dispatch_ts": "2018-05-05T14:44:45+00:00", "timestamp_ms": 1525531485000}}, {"type": "Feature", "geometry": {"type": "Point", "coordinates": [-71.05938693286296, 42.35253378157065]}, "properties": {"street": null, "location_type": "Intersection", "dispatch_ts": "2021-10-23T06:39:49+00:00", "timestamp_ms": 1634971189000}}, {"type": "Feature", "geometry": {"type": "Point", "coordinates": [-71.07806749870042, 42.32807257455936]}, "properties": {"street": "DUDLEY ST", "location_type": "Street", "dispatch_ts": "2023-09-06T18:35:10+00:00", "timestamp_ms": 1694025310000}}, {"type": "Feature", "geometry": {"type": "Point", "coordinates": [-71.11128453240768, 42.33008217869738]}, "properties": {"street": null, "location_type": "Intersection", "dispatch_ts": "2024-07-25T15:55:34+00:00", "timestamp_ms": 1721922934000}}, {"type": "Feature", "geometry": {"type": "Point", "coordinates": [-71.13037907114632, 42.36431631716613]}, "properties": {"street": null, "location_type": "Intersection", "dispatch_ts": "2021-01-10T16:45:38+00:00", "timestamp_ms": 1610297138000}}, {"type": "Feature", "geometry": {"type": "Point", "coordinates": [-71.054976633509, 42.35436028126976]}, "properties": {"street": "HIGH ST", "location_type": "Street", "dispatch_ts": "2026-05-21T23:20:58+00:00", "timestamp_ms": 1779405658000}}, {"type": "Feature", "geometry": {"type": "Point", "coordinates": [-71.12315404638052, 42.307519422585976]}, "properties": {"street": "CENTRE ST", "location_type": "Street", "dispatch_ts": "2018-04-28T20:20:46+00:00", "timestamp_ms": 1524946846000}}, {"type": "Feature", "geometry": {"type": "Point", "coordinates": [-71.098390266271, 42.32494158672127]}, "properties": {"street": null, "location_type": "Intersection", "dispatch_ts": "2024-07-05T15:06:06+00:00", "timestamp_ms": 1720191966000}}, {"type": "Feature", "geometry": {"type": "Point", "coordinates": [-71.07854567230912, 42.34322869421276]}, "properties": {"street": null, "location_type": "Intersection", "dispatch_ts": "2022-12-15T23:22:21+00:00", "timestamp_ms": 1671146541000}}, {"type": "Feature", "geometry": {"type": "Point", "coordinates": [-71.05593236934621, 42.374536644882745]}, "properties": {"street": "SECOND AVE", "location_type": "Street", "dispatch_ts": "2022-09-18T09:58:01+00:00", "timestamp_ms": 1663495081000}}, {"type": "Feature", "geometry": {"type": "Point", "coordinates": [-71.0983218548743, 42.2752970768948]}, "properties": {"street": "ORLANDO ST", "location_type": "Street", "dispatch_ts": "2016-08-05T22:20:50+00:00", "timestamp_ms": 1470435650000}}, {"type": "Feature", "geometry": {"type": "Point", "coordinates": [-71.07512383666163, 42.333600452240034]}, "properties": {"street": "NORTHAMPTON ST", "location_type": "Street", "dispatch_ts": "2020-05-27T18:56:41+00:00", "timestamp_ms": 1590605801000}}, {"type": "Feature", "geometry": {"type": "Point", "coordinates": [-71.13251731720355, 42.37195523453768]}, "properties": {"street": null, "location_type": "Other", "dispatch_ts": "2026-06-27T21:02:10+00:00", "timestamp_ms": 1782594130000}}, {"type": "Feature", "geometry": {"type": "Point", "coordinates": [-71.11553487158675, 42.30931890168424]}, "properties": {"street": null, "location_type": "Intersection", "dispatch_ts": "2017-11-27T23:36:58+00:00", "timestamp_ms": 1511825818000}}, {"type": "Feature", "geometry": {"type": "Point", "coordinates": [-71.05284739404291, 42.35402500814646]}, "properties": {"street": null, "location_type": "Intersection", "dispatch_ts": "2019-06-10T12:43:07+00:00", "timestamp_ms": 1560170587000}}, {"type": "Feature", "geometry": {"type": "Point", "coordinates": [-71.12371933998844, 42.36833400288524]}, "properties": {"street": null, "location_type": "Intersection", "dispatch_ts": "2016-04-06T15:09:36+00:00", "timestamp_ms": 1459955376000}}, {"type": "Feature", "geometry": {"type": "Point", "coordinates": [-71.13737280688896, 42.36291876739256]}, "properties": {"street": null, "location_type": "Intersection", "dispatch_ts": "2016-02-18T23:10:04+00:00", "timestamp_ms": 1455837004000}}, {"type": "Feature", "geometry": {"type": "Point", "coordinates": [-71.0520958085151, 42.32962731730677]}, "properties": {"street": "JAMES ONEILL ST", "location_type": "Street", "dispatch_ts": "2015-07-19T15:45:50+00:00", "timestamp_ms": 1437320750000}}, {"type": "Feature", "geometry": {"type": "Point", "coordinates": [-71.088641463287, 42.34915419274428]}, "properties": {"street": null, "location_type": "Intersection", "dispatch_ts": "2018-07-31T12:52:48+00:00", "timestamp_ms": 1533041568000}}, {"type": "Feature", "geometry": {"type": "Point", "coordinates": [-71.06530755277882, 42.37617528265256]}, "properties": {"street": "MAIN ST", "location_type": "Street", "dispatch_ts": "2019-02-28T14:10:45+00:00", "timestamp_ms": 1551363045000}}, {"type": "Feature", "geometry": {"type": "Point", "coordinates": [-71.12553317263254, 42.366442690303934]}, "properties": {"street": "HARVARD ST", "location_type": "Street", "dispatch_ts": "2017-04-04T19:09:59+00:00", "timestamp_ms": 1491332999000}}, {"type": "Feature", "geometry": {"type": "Point", "coordinates": [-71.12630134202719, 42.28816476666642]}, "properties": {"street": null, "location_type": "Intersection", "dispatch_ts": "2022-08-31T13:21:26+00:00", "timestamp_ms": 1661952086000}}, {"type": "Feature", "geometry": {"type": "Point", "coordinates": [-71.0894836662669, 42.350858072765824]}, "properties": {"street": null, "location_type": "Intersection", "dispatch_ts": "2021-07-27T21:47:48+00:00", "timestamp_ms": 1627422468000}}, {"type": "Feature", "geometry": {"type": "Point", "coordinates": [-71.10286781818725, 42.34947060218182]}, "properties": {"street": null, "location_type": "Intersection", "dispatch_ts": "2016-05-31T23:29:27+00:00", "timestamp_ms": 1464737367000}}, {"type": "Feature", "geometry": {"type": "Point", "coordinates": [-71.1373281185493, 42.35359794895745]}, "properties": {"street": null, "location_type": "Intersection", "dispatch_ts": "2021-04-17T20:11:23+00:00", "timestamp_ms": 1618690283000}}, {"type": "Feature", "geometry": {"type": "Point", "coordinates": [-71.11090364019945, 42.35064458182849]}, "properties": {"street": null, "location_type": "Intersection", "dispatch_ts": "2023-11-07T15:49:49+00:00", "timestamp_ms": 1699372189000}}, {"type": "Feature", "geometry": {"type": "Point", "coordinates": [-71.06961633889156, 42.330090742937834]}, "properties": {"street": null, "location_type": "Intersection", "dispatch_ts": "2015-12-02T17:33:24+00:00", "timestamp_ms": 1449077604000}}, {"type": "Feature", "geometry": {"type": "Point", "coordinates": [-71.16087239797058, 42.35864620388373]}, "properties": {"street": null, "location_type": "Intersection", "dispatch_ts": "2018-07-20T10:17:50+00:00", "timestamp_ms": 1532081870000}}, {"type": "Feature", "geometry": {"type": "Point", "coordinates": [-71.06313802272501, 42.355393667031045]}, "properties": {"street": "TREMONT ST", "location_type": "Street", "dispatch_ts": "2023-03-28T13:08:12+00:00", "timestamp_ms": 1680008892000}}, {"type": "Feature", "geometry": {"type": "Point", "coordinates": [-71.09437514443358, 42.331421903284216]}, "properties": {"street": null, "location_type": "Intersection", "dispatch_ts": "2017-07-13T13:27:41+00:00", "timestamp_ms": 1499952461000}}, {"type": "Feature", "geometry": {"type": "Point", "coordinates": [-71.12876171657255, 42.363291271895285]}, "properties": {"street": null, "location_type": "Intersection", "dispatch_ts": "2022-04-28T15:52:09+00:00", "timestamp_ms": 1651161129000}}, {"type": "Feature", "geometry": {"type": "Point", "coordinates": [-71.09285910519897, 42.33337217457715]}, "properties": {"street": "PRENTISS ST", "location_type": "Street", "dispatch_ts": "2015-08-19T13:47:03+00:00", "timestamp_ms": 1439992023000}}, {"type": "Feature", "geometry": {"type": "Point", "coordinates": [-71.10000725364601, 42.34398482448976]}, "properties": {"street": null, "location_type": "Intersection", "dispatch_ts": "2017-07-22T06:19:53+00:00", "timestamp_ms": 1500704393000}}, {"type": "Feature", "geometry": {"type": "Point", "coordinates": [-71.08659647994807, 42.34343573430015]}, "properties": {"street": "WESTLAND AVE", "location_type": "Street", "dispatch_ts": "2019-10-29T10:20:52+00:00", "timestamp_ms": 1572344452000}}, {"type": "Feature", "geometry": {"type": "Point", "coordinates": [-71.05924522198107, 42.35345364619629]}, "properties": {"street": "KINGSTON ST", "location_type": "Street", "dispatch_ts": "2019-03-31T11:08:52+00:00", "timestamp_ms": 1554030532000}}, {"type": "Feature", "geometry": {"type": "Point", "coordinates": [-71.14603303860109, 42.29373744833365]}, "properties": {"street": null, "location_type": "Intersection", "dispatch_ts": "2017-04-01T06:20:11+00:00", "timestamp_ms": 1491027611000}}, {"type": "Feature", "geometry": {"type": "Point", "coordinates": [-71.08174219034606, 42.34066415311041]}, "properties": {"street": null, "location_type": "Intersection", "dispatch_ts": "2022-04-09T01:48:56+00:00", "timestamp_ms": 1649468936000}}, {"type": "Feature", "geometry": {"type": "Point", "coordinates": [-71.09836064068125, 42.321976035427944]}, "properties": {"street": "COLUMBUS AVE", "location_type": "Street", "dispatch_ts": "2017-07-18T22:56:32+00:00", "timestamp_ms": 1500418592000}}, {"type": "Feature", "geometry": {"type": "Point", "coordinates": [-71.07252173995522, 42.32585664988021]}, "properties": {"street": "GEORGE ST", "location_type": "Street", "dispatch_ts": "2017-08-09T17:35:44+00:00", "timestamp_ms": 1502300144000}}, {"type": "Feature", "geometry": {"type": "Point", "coordinates": [-71.09235716936715, 42.33291213904815]}, "properties": {"street": null, "location_type": "Intersection", "dispatch_ts": "2018-09-01T18:33:36+00:00", "timestamp_ms": 1535826816000}}, {"type": "Feature", "geometry": {"type": "Point", "coordinates": [-71.07928017921786, 42.33462896092106]}, "properties": {"street": null, "location_type": "Intersection", "dispatch_ts": "2019-02-25T15:01:54+00:00", "timestamp_ms": 1551106914000}}, {"type": "Feature", "geometry": {"type": "Point", "coordinates": [-71.05427330461684, 42.342867854605814]}, "properties": {"street": null, "location_type": "Intersection", "dispatch_ts": "2023-04-16T15:25:20+00:00", "timestamp_ms": 1681658720000}}, {"type": "Feature", "geometry": {"type": "Point", "coordinates": [-71.05708694862673, 42.33948332618062]}, "properties": {"street": "DORCHESTER AVE", "location_type": "Street", "dispatch_ts": "2025-09-11T19:20:16+00:00", "timestamp_ms": 1757618416000}}, {"type": "Feature", "geometry": {"type": "Point", "coordinates": [-71.06252533588682, 42.353268832633155]}, "properties": {"street": null, "location_type": "Intersection", "dispatch_ts": "2017-04-09T11:32:47+00:00", "timestamp_ms": 1491737567000}}, {"type": "Feature", "geometry": {"type": "Point", "coordinates": [-71.05517213548205, 42.361535219875215]}, "properties": {"street": null, "location_type": "Intersection", "dispatch_ts": "2016-04-01T20:46:25+00:00", "timestamp_ms": 1459543585000}}, {"type": "Feature", "geometry": {"type": "Point", "coordinates": [-71.05579013892726, 42.35651498208846]}, "properties": {"street": "POST OFFICE SQ", "location_type": "Street", "dispatch_ts": "2017-07-12T15:55:28+00:00", "timestamp_ms": 1499874928000}}, {"type": "Feature", "geometry": {"type": "Point", "coordinates": [-71.1053836119947, 42.31622069786408]}, "properties": {"street": null, "location_type": "Intersection", "dispatch_ts": "2016-04-29T14:13:48+00:00", "timestamp_ms": 1461939228000}}, {"type": "Feature", "geometry": {"type": "Point", "coordinates": [-71.14295573356091, 42.34642571066507]}, "properties": {"street": "JETTE CT", "location_type": "Street", "dispatch_ts": "2021-07-10T22:08:56+00:00", "timestamp_ms": 1625954936000}}, {"type": "Feature", "geometry": {"type": "Point", "coordinates": [-71.10907873170055, 42.30741707368883]}, "properties": {"street": null, "location_type": "Intersection", "dispatch_ts": "2022-06-13T11:19:00+00:00", "timestamp_ms": 1655119140000}}, {"type": "Feature", "geometry": {"type": "Point", "coordinates": [-71.03945712497027, 42.34464617322181]}, "properties": {"street": null, "location_type": "Intersection", "dispatch_ts": "2015-11-07T06:34:03+00:00", "timestamp_ms": 1446878043000}}, {"type": "Feature", "geometry": {"type": "Point", "coordinates": [-71.05342065390455, 42.28292876013463]}, "properties": {"street": null, "location_type": "Intersection", "dispatch_ts": "2017-04-11T10:10:48+00:00", "timestamp_ms": 1491905448000}}, {"type": "Feature", "geometry": {"type": "Point", "coordinates": [-71.10125852564099, 42.32285433475469]}, "properties": {"street": "CENTRE ST", "location_type": "Street", "dispatch_ts": "2015-08-29T23:42:58+00:00", "timestamp_ms": 1440891778000}}, {"type": "Feature", "geometry": {"type": "Point", "coordinates": [-71.06628189808788, 42.32132209565144]}, "properties": {"street": "COTTAGE ST", "location_type": "Street", "dispatch_ts": "2015-08-08T23:44:28+00:00", "timestamp_ms": 1439077468000}}, {"type": "Feature", "geometry": {"type": "Point", "coordinates": [-71.16976728945255, 42.35135539125046]}, "properties": {"street": null, "location_type": "Intersection", "dispatch_ts": "2018-07-27T16:43:34+00:00", "timestamp_ms": 1532709814000}}, {"type": "Feature", "geometry": {"type": "Point", "coordinates": [-71.10966625220419, 42.35048219153506]}, "properties": {"street": null, "location_type": "Intersection", "dispatch_ts": "2016-05-17T21:24:13+00:00", "timestamp_ms": 1463520253000}}, {"type": "Feature", "geometry": {"type": "Point", "coordinates": [-71.08251021213488, 42.3338261496791]}, "properties": {"street": null, "location_type": "Intersection", "dispatch_ts": "2020-08-06T19:15:18+00:00", "timestamp_ms": 1596741318000}}, {"type": "Feature", "geometry": {"type": "Point", "coordinates": [-71.08156206445253, 42.31084303886331]}, "properties": {"street": null, "location_type": "Intersection", "dispatch_ts": "2025-10-30T19:07:25+00:00", "timestamp_ms": 1761851245000}}, {"type": "Feature", "geometry": {"type": "Point", "coordinates": [-71.07951531428544, 42.31351245251181]}, "properties": {"street": null, "location_type": "Intersection", "dispatch_ts": "2015-05-14T19:05:09+00:00", "timestamp_ms": 1431630309000}}, {"type": "Feature", "geometry": {"type": "Point", "coordinates": [-71.13133162976375, 42.3630499890881]}, "properties": {"street": "WESTERN AVE", "location_type": "Street", "dispatch_ts": "2019-09-29T01:52:39+00:00", "timestamp_ms": 1569721959000}}, {"type": "Feature", "geometry": {"type": "Point", "coordinates": [-71.09609557001741, 42.3450309575036]}, "properties": {"street": "BOYLSTON ST", "location_type": "Street", "dispatch_ts": "2018-09-27T14:00:26+00:00", "timestamp_ms": 1538056826000}}, {"type": "Feature", "geometry": {"type": "Point", "coordinates": [-71.08461720375996, 42.33477116724923]}, "properties": {"street": null, "location_type": "Intersection", "dispatch_ts": "2018-08-20T16:36:35+00:00", "timestamp_ms": 1534782995000}}, {"type": "Feature", "geometry": {"type": "Point", "coordinates": [-71.05925451109673, 42.35458036835626]}, "properties": {"street": null, "location_type": "Intersection", "dispatch_ts": "2015-06-28T01:25:43+00:00", "timestamp_ms": 1435454743000}}, {"type": "Feature", "geometry": {"type": "Point", "coordinates": [-71.16804252039286, 42.26473098282699]}, "properties": {"street": "VFW PKWY", "location_type": "Street", "dispatch_ts": "2021-06-12T16:51:43+00:00", "timestamp_ms": 1623516703000}}, {"type": "Feature", "geometry": {"type": "Point", "coordinates": [-71.11112937350896, 42.329700440665704]}, "properties": {"street": "HUNTINGTON AVE", "location_type": "Street", "dispatch_ts": "2022-08-22T15:42:54+00:00", "timestamp_ms": 1661182974000}}, {"type": "Feature", "geometry": {"type": "Point", "coordinates": [-71.08813477346843, 42.34811804821059]}, "properties": {"street": null, "location_type": "Intersection", "dispatch_ts": "2015-09-16T22:23:54+00:00", "timestamp_ms": 1442442234000}}, {"type": "Feature", "geometry": {"type": "Point", "coordinates": [-71.07532910710479, 42.32616066794144]}, "properties": {"street": null, "location_type": "Intersection", "dispatch_ts": "2022-11-30T12:25:38+00:00", "timestamp_ms": 1669811138000}}, {"type": "Feature", "geometry": {"type": "Point", "coordinates": [-71.06186720822677, 42.34977561872647]}, "properties": {"street": null, "location_type": "Intersection", "dispatch_ts": "2021-12-15T20:06:28+00:00", "timestamp_ms": 1639598788000}}, {"type": "Feature", "geometry": {"type": "Point", "coordinates": [-71.06790196880588, 42.3667015364395]}, "properties": {"street": "LEVERETT CIR", "location_type": "Street", "dispatch_ts": "2020-07-03T20:27:53+00:00", "timestamp_ms": 1593808073000}}, {"type": "Feature", "geometry": {"type": "Point", "coordinates": [-71.05457358002185, 42.3426117587699]}, "properties": {"street": null, "location_type": "Intersection", "dispatch_ts": "2023-12-13T13:56:12+00:00", "timestamp_ms": 1702475772000}}, {"type": "Feature", "geometry": {"type": "Point", "coordinates": [-71.0899012672215, 42.34396843192583]}, "properties": {"street": null, "location_type": "Intersection", "dispatch_ts": "2017-06-11T10:46:45+00:00", "timestamp_ms": 1497178005000}}, {"type": "Feature", "geometry": {"type": "Point", "coordinates": [-71.106661684122, 42.28766699926072]}, "properties": {"street": null, "location_type": "Intersection", "dispatch_ts": "2025-10-09T22:11:55+00:00", "timestamp_ms": 1760047915000}}, {"type": "Feature", "geometry": {"type": "Point", "coordinates": [-71.10866325117094, 42.33971608025553]}, "properties": {"street": "LONGWOOD AVE", "location_type": "Street", "dispatch_ts": "2021-05-13T21:51:12+00:00", "timestamp_ms": 1620942672000}}, {"type": "Feature", "geometry": {"type": "Point", "coordinates": [-71.09008739454502, 42.3399779135825]}, "properties": {"street": "HUNTINGTON AVE", "location_type": "Street", "dispatch_ts": "2023-07-28T19:16:15+00:00", "timestamp_ms": 1690571775000}}, {"type": "Feature", "geometry": {"type": "Point", "coordinates": [-71.07982391690409, 42.33413037038142]}, "properties": {"street": null, "location_type": "Intersection", "dispatch_ts": "2025-08-10T23:07:13+00:00", "timestamp_ms": 1754867233000}}, {"type": "Feature", "geometry": {"type": "Point", "coordinates": [-71.06528487615876, 42.361231554366455]}, "properties": {"street": "CAMBRIDGE ST", "location_type": "Street", "dispatch_ts": "2026-05-25T04:43:39+00:00", "timestamp_ms": 1779684219000}}, {"type": "Feature", "geometry": {"type": "Point", "coordinates": [-71.093053847088, 42.32087099484172]}, "properties": {"street": "WASHINGTON ST", "location_type": "Street", "dispatch_ts": "2018-10-05T12:58:29+00:00", "timestamp_ms": 1538744309000}}, {"type": "Feature", "geometry": {"type": "Point", "coordinates": [-71.07178116762232, 42.34871016874683]}, "properties": {"street": null, "location_type": "Intersection", "dispatch_ts": "2017-11-03T12:48:45+00:00", "timestamp_ms": 1509713325000}}, {"type": "Feature", "geometry": {"type": "Point", "coordinates": [-71.07097437238941, 42.30313060296083]}, "properties": {"street": "GENEVA AVE", "location_type": "Street", "dispatch_ts": "2015-09-29T23:26:18+00:00", "timestamp_ms": 1443569178000}}, {"type": "Feature", "geometry": {"type": "Point", "coordinates": [-71.14208423149368, 42.27956105632361]}, "properties": {"street": "WEST ROXBURY PKWY", "location_type": "Street", "dispatch_ts": "2024-07-22T13:00:29+00:00", "timestamp_ms": 1721653229000}}, {"type": "Feature", "geometry": {"type": "Point", "coordinates": [-71.06574701306259, 42.34864084735592]}, "properties": {"street": "TREMONT ST", "location_type": "Street", "dispatch_ts": "2023-09-09T06:20:22+00:00", "timestamp_ms": 1694240422000}}, {"type": "Feature", "geometry": {"type": "Point", "coordinates": [-71.10125852564099, 42.32285433475469]}, "properties": {"street": "CENTRE ST", "location_type": "Street", "dispatch_ts": "2015-12-09T19:32:14+00:00", "timestamp_ms": 1449689534000}}, {"type": "Feature", "geometry": {"type": "Point", "coordinates": [-71.0712874686917, 42.31176835284591]}, "properties": {"street": null, "location_type": "Intersection", "dispatch_ts": "2017-11-30T15:07:09+00:00", "timestamp_ms": 1512054429000}}, {"type": "Feature", "geometry": {"type": "Point", "coordinates": [-71.11752429146709, 42.36010418886195]}, "properties": {"street": "SOLDIERS FIELD RD", "location_type": "Street", "dispatch_ts": "2022-09-17T15:35:48+00:00", "timestamp_ms": 1663428948000}}, {"type": "Feature", "geometry": {"type": "Point", "coordinates": [-71.05803538658006, 42.30931600093535]}, "properties": {"street": "DORCHESTER AVE", "location_type": "Street", "dispatch_ts": "2023-07-06T16:27:56+00:00", "timestamp_ms": 1688660876000}}, {"type": "Feature", "geometry": {"type": "Point", "coordinates": [-71.11134463627154, 42.33019828491713]}, "properties": {"street": "HUNTINGTON AVE", "location_type": "Street", "dispatch_ts": "2020-03-19T17:49:49+00:00", "timestamp_ms": 1584640189000}}, {"type": "Feature", "geometry": {"type": "Point", "coordinates": [-71.08850138904974, 42.28687893228153]}, "properties": {"street": null, "location_type": "Intersection", "dispatch_ts": "2023-07-23T04:50:05+00:00", "timestamp_ms": 1690087805000}}, {"type": "Feature", "geometry": {"type": "Point", "coordinates": [-71.055570003483, 42.35828100392504]}, "properties": {"street": null, "location_type": "Intersection", "dispatch_ts": "2016-09-25T00:12:26+00:00", "timestamp_ms": 1474762346000}}, {"type": "Feature", "geometry": {"type": "Point", "coordinates": [-71.11752429146709, 42.36010418886195]}, "properties": {"street": "SOLDIERS FIELD RD", "location_type": "Street", "dispatch_ts": "2017-05-18T11:35:34+00:00", "timestamp_ms": 1495107334000}}, {"type": "Feature", "geometry": {"type": "Point", "coordinates": [-71.10062105747737, 42.351278228018]}, "properties": {"street": null, "location_type": "Intersection", "dispatch_ts": "2017-07-05T21:30:37+00:00", "timestamp_ms": 1499290237000}}, {"type": "Feature", "geometry": {"type": "Point", "coordinates": [-71.06036272689633, 42.37122651779481]}, "properties": {"street": null, "location_type": "Intersection", "dispatch_ts": "2016-05-19T21:06:11+00:00", "timestamp_ms": 1463691971000}}, {"type": "Feature", "geometry": {"type": "Point", "coordinates": [-71.10236124840405, 42.33829033039272]}, "properties": {"street": "AVENUE LOUIS PASTEUR ", "location_type": "Street", "dispatch_ts": "2023-06-22T13:10:32+00:00", "timestamp_ms": 1687439432000}}, {"type": "Feature", "geometry": {"type": "Point", "coordinates": [-71.08974653002409, 42.28589549969554]}, "properties": {"street": null, "location_type": "Intersection", "dispatch_ts": "2015-05-31T00:27:43+00:00", "timestamp_ms": 1433032063000}}, {"type": "Feature", "geometry": {"type": "Point", "coordinates": [-71.10756854537598, 42.33325787544079]}, "properties": {"street": "HUNTINGTON AVE", "location_type": "Street", "dispatch_ts": "2016-01-27T13:43:55+00:00", "timestamp_ms": 1453902235000}}, {"type": "Feature", "geometry": {"type": "Point", "coordinates": [-71.04523512756576, 42.28446479466042]}, "properties": {"street": "GALLIVAN BLVD", "location_type": "Street", "dispatch_ts": "2015-05-19T00:31:37+00:00", "timestamp_ms": 1431995497000}}, {"type": "Feature", "geometry": {"type": "Point", "coordinates": [-71.08908760446306, 42.34693875307574]}, "properties": {"street": null, "location_type": "Intersection", "dispatch_ts": "2015-08-06T22:18:38+00:00", "timestamp_ms": 1438899518000}}, {"type": "Feature", "geometry": {"type": "Point", "coordinates": [-71.0894836662669, 42.350858072765824]}, "properties": {"street": null, "location_type": "Intersection", "dispatch_ts": "2017-07-25T20:46:18+00:00", "timestamp_ms": 1501015578000}}, {"type": "Feature", "geometry": {"type": "Point", "coordinates": [-71.05247412667632, 42.37870235314634]}, "properties": {"street": "THIRTEENTH ST", "location_type": "Street", "dispatch_ts": "2022-08-04T15:18:49+00:00", "timestamp_ms": 1659626329000}}, {"type": "Feature", "geometry": {"type": "Point", "coordinates": [-71.10725210925047, 42.33892087774625]}, "properties": {"street": null, "location_type": "Intersection", "dispatch_ts": "2018-10-12T01:08:43+00:00", "timestamp_ms": 1539306523000}}, {"type": "Feature", "geometry": {"type": "Point", "coordinates": [-71.09659037120707, 42.34885122510473]}, "properties": {"street": "KENMORE SQ", "location_type": "Street", "dispatch_ts": "2024-08-01T21:22:06+00:00", "timestamp_ms": 1722547326000}}, {"type": "Feature", "geometry": {"type": "Point", "coordinates": [-71.05031441290704, 42.30130029156757]}, "properties": {"street": null, "location_type": "Intersection", "dispatch_ts": "2023-07-23T22:22:01+00:00", "timestamp_ms": 1690150921000}}, {"type": "Feature", "geometry": {"type": "Point", "coordinates": [-71.0149467284916, 42.38150616479447]}, "properties": {"street": null, "location_type": "Intersection", "dispatch_ts": "2018-05-04T15:53:45+00:00", "timestamp_ms": 1525449225000}}, {"type": "Feature", "geometry": {"type": "Point", "coordinates": [-71.1506503667, 42.34906617993796]}, "properties": {"street": null, "location_type": "Intersection", "dispatch_ts": "2015-05-29T00:54:40+00:00", "timestamp_ms": 1432860880000}}, {"type": "Feature", "geometry": {"type": "Point", "coordinates": [-71.15039335433343, 42.33553916104743]}, "properties": {"street": null, "location_type": "Intersection", "dispatch_ts": "2023-08-31T11:30:20+00:00", "timestamp_ms": 1693481420000}}, {"type": "Feature", "geometry": {"type": "Point", "coordinates": [-71.05179146488418, 42.35456982895249]}, "properties": {"street": "ATLANTIC AVE", "location_type": "Street", "dispatch_ts": "2025-10-10T19:30:42+00:00", "timestamp_ms": 1760124642000}}, {"type": "Feature", "geometry": {"type": "Point", "coordinates": [-71.03396964198842, 42.33067493884032]}, "properties": {"street": "MARINE RD", "location_type": "Street", "dispatch_ts": "2016-07-10T19:17:45+00:00", "timestamp_ms": 1468178265000}}, {"type": "Feature", "geometry": {"type": "Point", "coordinates": [-71.12832230047233, 42.37296724354832]}, "properties": {"street": null, "location_type": "Intersection", "dispatch_ts": "2015-09-06T21:19:44+00:00", "timestamp_ms": 1441574384000}}, {"type": "Feature", "geometry": {"type": "Point", "coordinates": [-71.06400702810312, 42.344513219238664]}, "properties": {"street": null, "location_type": "Intersection", "dispatch_ts": "2020-08-14T21:00:52+00:00", "timestamp_ms": 1597438852000}}, {"type": "Feature", "geometry": {"type": "Point", "coordinates": [-71.09852111944326, 42.34437124495471]}, "properties": {"street": "BOYLSTON ST", "location_type": "Street", "dispatch_ts": "2017-04-11T22:23:40+00:00", "timestamp_ms": 1491949420000}}, {"type": "Feature", "geometry": {"type": "Point", "coordinates": [-71.05505552918805, 42.334879345792515]}, "properties": {"street": "OLD COLONY AVE", "location_type": "Street", "dispatch_ts": "2024-07-08T16:33:38+00:00", "timestamp_ms": 1720456418000}}, {"type": "Feature", "geometry": {"type": "Point", "coordinates": [-71.03229101829959, 42.34528400207481]}, "properties": {"street": "NORTHERN AVE", "location_type": "Street", "dispatch_ts": "2024-09-13T11:55:16+00:00", "timestamp_ms": 1726228516000}}, {"type": "Feature", "geometry": {"type": "Point", "coordinates": [-71.095725428098, 42.331588396898496]}, "properties": {"street": "TREMONT ST", "location_type": "Street", "dispatch_ts": "2016-04-08T20:06:26+00:00", "timestamp_ms": 1460145986000}}, {"type": "Feature", "geometry": {"type": "Point", "coordinates": [-71.06777331758781, 42.35654133418652]}, "properties": {"street": "BEACON ST", "location_type": "Street", "dispatch_ts": "2022-03-07T22:03:01+00:00", "timestamp_ms": 1646690581000}}, {"type": "Feature", "geometry": {"type": "Point", "coordinates": [-71.05985308317081, 42.361772074456006]}, "properties": {"street": "SUDBURY ST", "location_type": "Street", "dispatch_ts": "2022-10-27T18:56:18+00:00", "timestamp_ms": 1666896978000}}, {"type": "Feature", "geometry": {"type": "Point", "coordinates": [-71.08914070828214, 42.2914870765825]}, "properties": {"street": "BLUE HILL AVE", "location_type": "Street", "dispatch_ts": "2024-07-02T02:14:54+00:00", "timestamp_ms": 1719886494000}}, {"type": "Feature", "geometry": {"type": "Point", "coordinates": [-71.12648120378395, 42.35796761844845]}, "properties": {"street": null, "location_type": "Intersection", "dispatch_ts": "2025-02-19T13:25:08+00:00", "timestamp_ms": 1739971508000}}, {"type": "Feature", "geometry": {"type": "Point", "coordinates": [-71.12904006071099, 42.29859665612395]}, "properties": {"street": null, "location_type": "Other", "dispatch_ts": "2017-09-13T21:29:23+00:00", "timestamp_ms": 1505338163000}}, {"type": "Feature", "geometry": {"type": "Point", "coordinates": [-71.06478178208569, 42.28024398475732]}, "properties": {"street": null, "location_type": "Intersection", "dispatch_ts": "2017-09-19T00:18:25+00:00", "timestamp_ms": 1505780305000}}, {"type": "Feature", "geometry": {"type": "Point", "coordinates": [-71.07153949679972, 42.30344978195013]}, "properties": {"street": null, "location_type": "Intersection", "dispatch_ts": "2015-09-26T11:41:21+00:00", "timestamp_ms": 1443267681000}}, {"type": "Feature", "geometry": {"type": "Point", "coordinates": [-71.1107381844917, 42.35204825372744]}, "properties": {"street": null, "location_type": "Other", "dispatch_ts": "2023-09-14T17:08:57+00:00", "timestamp_ms": 1694711337000}}, {"type": "Feature", "geometry": {"type": "Point", "coordinates": [-71.11752429146709, 42.36010418886195]}, "properties": {"street": "SOLDIERS FIELD RD", "location_type": "Street", "dispatch_ts": "2022-01-20T14:18:33+00:00", "timestamp_ms": 1642688313000}}, {"type": "Feature", "geometry": {"type": "Point", "coordinates": [-71.11765003027942, 42.360964523105125]}, "properties": {"street": null, "location_type": "Intersection", "dispatch_ts": "2017-09-17T12:34:45+00:00", "timestamp_ms": 1505651685000}}, {"type": "Feature", "geometry": {"type": "Point", "coordinates": [-71.14385833008183, 42.35482316226775]}, "properties": {"street": "BEACON ST", "location_type": "Street", "dispatch_ts": "2025-05-13T15:03:25+00:00", "timestamp_ms": 1747148605000}}, {"type": "Feature", "geometry": {"type": "Point", "coordinates": [-71.11115836964822, 42.33257073244502]}, "properties": {"street": null, "location_type": "Intersection", "dispatch_ts": "2016-06-25T10:21:57+00:00", "timestamp_ms": 1466850117000}}, {"type": "Feature", "geometry": {"type": "Point", "coordinates": [-71.03557311520096, 42.34083581230738]}, "properties": {"street": "SUMMER ST", "location_type": "Street", "dispatch_ts": "2017-06-16T04:04:10+00:00", "timestamp_ms": 1497585850000}}, {"type": "Feature", "geometry": {"type": "Point", "coordinates": [-71.08826310994016, 42.33063651786275]}, "properties": {"street": null, "location_type": "Intersection", "dispatch_ts": "2025-06-23T22:26:17+00:00", "timestamp_ms": 1750717577000}}, {"type": "Feature", "geometry": {"type": "Point", "coordinates": [-71.11504508888707, 42.306315285349065]}, "properties": {"street": null, "location_type": "Intersection", "dispatch_ts": "2026-06-02T22:09:28+00:00", "timestamp_ms": 1780438168000}}, {"type": "Feature", "geometry": {"type": "Point", "coordinates": [-71.06083333808253, 42.32277534174093]}, "properties": {"street": null, "location_type": "Intersection", "dispatch_ts": "2017-10-16T22:45:45+00:00", "timestamp_ms": 1508193945000}}, {"type": "Feature", "geometry": {"type": "Point", "coordinates": [-71.0894014029204, 42.34924275775927]}, "properties": {"street": "COMMONWEALTH AVE", "location_type": "Street", "dispatch_ts": "2015-04-24T15:28:11+00:00", "timestamp_ms": 1429889291000}}, {"type": "Feature", "geometry": {"type": "Point", "coordinates": [-71.12383328463616, 42.31930813410081]}, "properties": {"street": null, "location_type": "Intersection", "dispatch_ts": "2023-06-02T20:12:14+00:00", "timestamp_ms": 1685736734000}}, {"type": "Feature", "geometry": {"type": "Point", "coordinates": [-71.06249250754156, 42.3430043858044]}, "properties": {"street": null, "location_type": "Intersection", "dispatch_ts": "2024-12-27T16:12:31+00:00", "timestamp_ms": 1735315951000}}, {"type": "Feature", "geometry": {"type": "Point", "coordinates": [-71.05640719821241, 42.29735665471398]}, "properties": {"street": null, "location_type": "Intersection", "dispatch_ts": "2020-10-09T23:32:32+00:00", "timestamp_ms": 1602286352000}}, {"type": "Feature", "geometry": {"type": "Point", "coordinates": [-71.09291241343514, 42.32688062004385]}, "properties": {"street": null, "location_type": "Intersection", "dispatch_ts": "2015-06-09T11:05:43+00:00", "timestamp_ms": 1433847943000}}, {"type": "Feature", "geometry": {"type": "Point", "coordinates": [-71.057448468386, 42.32958414433949]}, "properties": {"street": "SOUTHAMPTON ST", "location_type": "Street", "dispatch_ts": "2021-05-06T20:36:17+00:00", "timestamp_ms": 1620333377000}}, {"type": "Feature", "geometry": {"type": "Point", "coordinates": [-71.02510383774101, 42.33736961745208]}, "properties": {"street": "FARRAGUT RD", "location_type": "Street", "dispatch_ts": "2018-05-14T23:16:11+00:00", "timestamp_ms": 1526339771000}}, {"type": "Feature", "geometry": {"type": "Point", "coordinates": [-71.09158113105426, 42.348843914630784]}, "properties": {"street": null, "location_type": "Intersection", "dispatch_ts": "2023-11-22T02:16:41+00:00", "timestamp_ms": 1700619401000}}, {"type": "Feature", "geometry": {"type": "Point", "coordinates": [-71.09540873668567, 42.26834929294145]}, "properties": {"street": null, "location_type": "Intersection", "dispatch_ts": "2015-06-13T16:05:56+00:00", "timestamp_ms": 1434211556000}}, {"type": "Feature", "geometry": {"type": "Point", "coordinates": [-71.04523512756576, 42.28446479466042]}, "properties": {"street": "GALLIVAN BLVD", "location_type": "Street", "dispatch_ts": "2023-03-11T16:13:10+00:00", "timestamp_ms": 1678551190000}}, {"type": "Feature", "geometry": {"type": "Point", "coordinates": [-71.06332533964031, 42.36398348502715]}, "properties": {"street": null, "location_type": "Intersection", "dispatch_ts": "2025-07-21T12:33:25+00:00", "timestamp_ms": 1753101205000}}, {"type": "Feature", "geometry": {"type": "Point", "coordinates": [-71.07481517929324, 42.33119414860143]}, "properties": {"street": null, "location_type": "Intersection", "dispatch_ts": "2015-08-22T01:00:35+00:00", "timestamp_ms": 1440205235000}}, {"type": "Feature", "geometry": {"type": "Point", "coordinates": [-71.0852620886611, 42.34796983208246]}, "properties": {"street": null, "location_type": "Intersection", "dispatch_ts": "2018-10-04T13:17:58+00:00", "timestamp_ms": 1538659078000}}, {"type": "Feature", "geometry": {"type": "Point", "coordinates": [-71.05706263854232, 42.335949461238776]}, "properties": {"street": "DORCHESTER AVE", "location_type": "Street", "dispatch_ts": "2019-05-27T06:43:46+00:00", "timestamp_ms": 1558939426000}}, {"type": "Feature", "geometry": {"type": "Point", "coordinates": [-71.10322023387563, 42.3251626448264]}, "properties": {"street": "PLANT CT", "location_type": "Street", "dispatch_ts": "2015-05-26T19:19:43+00:00", "timestamp_ms": 1432667983000}}, {"type": "Feature", "geometry": {"type": "Point", "coordinates": [-71.05704214684967, 42.29823516703544]}, "properties": {"street": null, "location_type": "Intersection", "dispatch_ts": "2016-08-26T12:41:07+00:00", "timestamp_ms": 1472215267000}}, {"type": "Feature", "geometry": {"type": "Point", "coordinates": [-71.13544840921125, 42.35334469630826]}, "properties": {"street": "BRIGHTON AVE", "location_type": "Street", "dispatch_ts": "2025-02-19T15:39:17+00:00", "timestamp_ms": 1739979557000}}, {"type": "Feature", "geometry": {"type": "Point", "coordinates": [-71.13186783533068, 42.35224888666602]}, "properties": {"street": "HARVARD AVE", "location_type": "Street", "dispatch_ts": "2017-11-15T13:55:51+00:00", "timestamp_ms": 1510754151000}}, {"type": "Feature", "geometry": {"type": "Point", "coordinates": [-71.10996326517561, 42.322028125151974]}, "properties": {"street": null, "location_type": "Intersection", "dispatch_ts": "2016-08-11T21:54:56+00:00", "timestamp_ms": 1470952496000}}, {"type": "Feature", "geometry": {"type": "Point", "coordinates": [-71.10652669248572, 42.35011849194261]}, "properties": {"street": null, "location_type": "Intersection", "dispatch_ts": "2020-07-12T21:01:00+00:00", "timestamp_ms": 1594587660000}}, {"type": "Feature", "geometry": {"type": "Point", "coordinates": [-71.17396190176017, 42.3512984094501]}, "properties": {"street": "CUFFLIN ST", "location_type": "Street", "dispatch_ts": "2015-06-07T02:13:18+00:00", "timestamp_ms": 1433643198000}}, {"type": "Feature", "geometry": {"type": "Point", "coordinates": [-71.0804236944468, 42.29310156809529]}, "properties": {"street": "HELEN ST", "location_type": "Street", "dispatch_ts": "2019-09-08T18:38:53+00:00", "timestamp_ms": 1567967933000}}, {"type": "Feature", "geometry": {"type": "Point", "coordinates": [-71.1033039173727, 42.34716762535195]}, "properties": {"street": "BEACON ST", "location_type": "Street", "dispatch_ts": "2016-09-14T23:17:29+00:00", "timestamp_ms": 1473895049000}}, {"type": "Feature", "geometry": {"type": "Point", "coordinates": [-71.14902605539656, 42.347492687764486]}, "properties": {"street": null, "location_type": "Intersection", "dispatch_ts": "2015-05-20T15:25:27+00:00", "timestamp_ms": 1432135527000}}, {"type": "Feature", "geometry": {"type": "Point", "coordinates": [-71.04850844233651, 42.3268257760462]}, "properties": {"street": "WILLIAM J DAY BLVD", "location_type": "Street", "dispatch_ts": "2016-08-21T19:29:49+00:00", "timestamp_ms": 1471807789000}}, {"type": "Feature", "geometry": {"type": "Point", "coordinates": [-71.1119136101588, 42.33158265806857]}, "properties": {"street": "HUNTINGTON AVE", "location_type": "Street", "dispatch_ts": "2018-06-06T12:09:47+00:00", "timestamp_ms": 1528286987000}}, {"type": "Feature", "geometry": {"type": "Point", "coordinates": [-71.08878803612659, 42.324211538211856]}, "properties": {"street": null, "location_type": "Intersection", "dispatch_ts": "2023-07-28T21:48:43+00:00", "timestamp_ms": 1690580923000}}, {"type": "Feature", "geometry": {"type": "Point", "coordinates": [-71.15172617128151, 42.33672339469063]}, "properties": {"street": "CHESTNUT HILL AVE", "location_type": "Street", "dispatch_ts": "2015-06-30T14:11:05+00:00", "timestamp_ms": 1435673465000}}, {"type": "Feature", "geometry": {"type": "Point", "coordinates": [-71.0753613847683, 42.383584917311275]}, "properties": {"street": null, "location_type": "Intersection", "dispatch_ts": "2022-07-05T19:39:31+00:00", "timestamp_ms": 1657049971000}}, {"type": "Feature", "geometry": {"type": "Point", "coordinates": [-71.08618821585601, 42.34413429544672]}, "properties": {"street": "MASSACHUSETTS AVE", "location_type": "Street", "dispatch_ts": "2024-03-03T17:43:10+00:00", "timestamp_ms": 1709487790000}}, {"type": "Feature", "geometry": {"type": "Point", "coordinates": [-71.07206634068103, 42.29024218518844]}, "properties": {"street": null, "location_type": "Intersection", "dispatch_ts": "2022-12-03T06:44:40+00:00", "timestamp_ms": 1670049880000}}, {"type": "Feature", "geometry": {"type": "Point", "coordinates": [-71.05693947459949, 42.32892241820805]}, "properties": {"street": "DORCHESTER AVE", "location_type": "Street", "dispatch_ts": "2025-06-17T23:03:08+00:00", "timestamp_ms": 1750201388000}}, {"type": "Feature", "geometry": {"type": "Point", "coordinates": [-71.11208226832815, 42.332039138731]}, "properties": {"street": null, "location_type": "Intersection", "dispatch_ts": "2022-11-08T17:04:09+00:00", "timestamp_ms": 1667927049000}}, {"type": "Feature", "geometry": {"type": "Point", "coordinates": [-71.05794512834699, 42.3097245389155]}, "properties": {"street": "DORCHESTER AVE", "location_type": "Street", "dispatch_ts": "2023-05-15T11:53:19+00:00", "timestamp_ms": 1684151599000}}, {"type": "Feature", "geometry": {"type": "Point", "coordinates": [-71.11011479812018, 42.285720526162045]}, "properties": {"street": "AMERICAN LEGION HWY", "location_type": "Street", "dispatch_ts": "2024-09-11T11:21:07+00:00", "timestamp_ms": 1726053667000}}, {"type": "Feature", "geometry": {"type": "Point", "coordinates": [-71.0890957622328, 42.35006295890982]}, "properties": {"street": null, "location_type": "Intersection", "dispatch_ts": "2022-09-09T17:35:50+00:00", "timestamp_ms": 1662744950000}}, {"type": "Feature", "geometry": {"type": "Point", "coordinates": [-71.07233091034814, 42.3102271106815]}, "properties": {"street": null, "location_type": "Intersection", "dispatch_ts": "2022-08-06T02:35:45+00:00", "timestamp_ms": 1659753345000}}, {"type": "Feature", "geometry": {"type": "Point", "coordinates": [-71.10075746041255, 42.30266756240769]}, "properties": {"street": "JEWISH WAR VETERANS DR", "location_type": "Street", "dispatch_ts": "2023-08-28T14:54:40+00:00", "timestamp_ms": 1693234480000}}, {"type": "Feature", "geometry": {"type": "Point", "coordinates": [-71.05944516726245, 42.30309739164058]}, "properties": {"street": null, "location_type": "Intersection", "dispatch_ts": "2018-06-25T11:24:28+00:00", "timestamp_ms": 1529925868000}}, {"type": "Feature", "geometry": {"type": "Point", "coordinates": [-71.09842719504057, 42.35095658144817]}, "properties": {"street": null, "location_type": "Intersection", "dispatch_ts": "2019-11-27T19:02:44+00:00", "timestamp_ms": 1574881364000}}, {"type": "Feature", "geometry": {"type": "Point", "coordinates": [-71.11465710988557, 42.32440287135224]}, "properties": {"street": null, "location_type": "Intersection", "dispatch_ts": "2024-06-02T11:29:37+00:00", "timestamp_ms": 1717327777000}}, {"type": "Feature", "geometry": {"type": "Point", "coordinates": [-71.06042826791817, 42.3619549801993]}, "properties": {"street": "NEW SUDBURY ST", "location_type": "Street", "dispatch_ts": "2018-05-23T16:05:54+00:00", "timestamp_ms": 1527091554000}}, {"type": "Feature", "geometry": {"type": "Point", "coordinates": [-71.0956614400289, 42.32768542703378]}, "properties": {"street": null, "location_type": "Intersection", "dispatch_ts": "2015-09-24T12:16:50+00:00", "timestamp_ms": 1443097010000}}, {"type": "Feature", "geometry": {"type": "Point", "coordinates": [-71.06199377505219, 42.35651792815249]}, "properties": {"street": null, "location_type": "Intersection", "dispatch_ts": "2016-09-24T22:57:23+00:00", "timestamp_ms": 1474757843000}}, {"type": "Feature", "geometry": {"type": "Point", "coordinates": [-71.11073892111, 42.35206936638369]}, "properties": {"street": "BOSTON UNIVERSITY BRG", "location_type": "Street", "dispatch_ts": "2018-12-03T22:23:51+00:00", "timestamp_ms": 1543875831000}}, {"type": "Feature", "geometry": {"type": "Point", "coordinates": [-71.0812750269311, 42.34506274949909]}, "properties": {"street": null, "location_type": "Intersection", "dispatch_ts": "2023-10-06T12:49:38+00:00", "timestamp_ms": 1696596578000}}, {"type": "Feature", "geometry": {"type": "Point", "coordinates": [-71.07342099408642, 42.33359095305056]}, "properties": {"street": null, "location_type": "Intersection", "dispatch_ts": "2018-07-05T21:31:00+00:00", "timestamp_ms": 1530826260000}}, {"type": "Feature", "geometry": {"type": "Point", "coordinates": [-71.0758455342477, 42.34697144944337]}, "properties": {"street": "DARTMOUTH ST", "location_type": "Street", "dispatch_ts": "2022-11-05T12:51:57+00:00", "timestamp_ms": 1667652717000}}, {"type": "Feature", "geometry": {"type": "Point", "coordinates": [-71.0993908753507, 42.32787365883171]}, "properties": {"street": "PARKER ST", "location_type": "Street", "dispatch_ts": "2019-12-10T13:34:04+00:00", "timestamp_ms": 1575984844000}}, {"type": "Feature", "geometry": {"type": "Point", "coordinates": [-71.06982967217742, 42.34529046364306]}, "properties": {"street": null, "location_type": "Intersection", "dispatch_ts": "2015-02-26T23:59:40+00:00", "timestamp_ms": 1424995180000}}, {"type": "Feature", "geometry": {"type": "Point", "coordinates": [-71.1104528408584, 42.35190989102391]}, "properties": {"street": null, "location_type": "Other", "dispatch_ts": "2015-06-16T22:49:20+00:00", "timestamp_ms": 1434494960000}}, {"type": "Feature", "geometry": {"type": "Point", "coordinates": [-71.08517825687086, 42.30308711999477]}, "properties": {"street": "BLUE HILL AVE", "location_type": "Street", "dispatch_ts": "2017-05-17T08:00:04+00:00", "timestamp_ms": 1495008004000}}, {"type": "Feature", "geometry": {"type": "Point", "coordinates": [-71.06965196931446, 42.31750625160593]}, "properties": {"street": "ALEXANDER ST", "location_type": "Street", "dispatch_ts": "2015-10-21T23:03:02+00:00", "timestamp_ms": 1445468582000}}, {"type": "Feature", "geometry": {"type": "Point", "coordinates": [-71.0652080164487, 42.31706909804054]}, "properties": {"street": null, "location_type": "Intersection", "dispatch_ts": "2020-07-28T16:32:48+00:00", "timestamp_ms": 1595953968000}}, {"type": "Feature", "geometry": {"type": "Point", "coordinates": [-71.13210983019133, 42.35308579191109]}, "properties": {"street": null, "location_type": "Intersection", "dispatch_ts": "2020-11-06T23:05:42+00:00", "timestamp_ms": 1604703942000}}, {"type": "Feature", "geometry": {"type": "Point", "coordinates": [-71.06493046898576, 42.30298528232213]}, "properties": {"street": "LONGFELLOW ST", "location_type": "Street", "dispatch_ts": "2024-10-05T08:17:17+00:00", "timestamp_ms": 1728116237000}}, {"type": "Feature", "geometry": {"type": "Point", "coordinates": [-71.11299171078049, 42.303706231353864]}, "properties": {"street": "SPALDING ST", "location_type": "Street", "dispatch_ts": "2025-05-15T06:48:43+00:00", "timestamp_ms": 1747291723000}}, {"type": "Feature", "geometry": {"type": "Point", "coordinates": [-71.12093012872491, 42.26761765886542]}, "properties": {"street": "HYDE PARK AVE", "location_type": "Street", "dispatch_ts": "2016-02-02T20:24:14+00:00", "timestamp_ms": 1454444654000}}, {"type": "Feature", "geometry": {"type": "Point", "coordinates": [-71.06446014780278, 42.347348190196506]}, "properties": {"street": null, "location_type": "Intersection", "dispatch_ts": "2015-04-14T20:52:22+00:00", "timestamp_ms": 1429044742000}}, {"type": "Feature", "geometry": {"type": "Point", "coordinates": [-71.11803407178053, 42.36419160189654]}, "properties": {"street": null, "location_type": "Intersection", "dispatch_ts": "2025-10-02T20:40:25+00:00", "timestamp_ms": 1759437625000}}, {"type": "Feature", "geometry": {"type": "Point", "coordinates": [-71.05260312527898, 42.32907202420277]}, "properties": {"street": "OLD COLONY AVE", "location_type": "Street", "dispatch_ts": "2017-09-16T20:49:00+00:00", "timestamp_ms": 1505594940000}}, {"type": "Feature", "geometry": {"type": "Point", "coordinates": [-71.08258599809963, 42.323699481148736]}, "properties": {"street": "WARREN ST", "location_type": "Street", "dispatch_ts": "2023-10-26T19:50:54+00:00", "timestamp_ms": 1698349854000}}, {"type": "Feature", "geometry": {"type": "Point", "coordinates": [-71.06230879770165, 42.31580117984712]}, "properties": {"street": "STOUGHTON ST", "location_type": "Street", "dispatch_ts": "2021-02-18T23:43:47+00:00", "timestamp_ms": 1613691827000}}, {"type": "Feature", "geometry": {"type": "Point", "coordinates": [-71.12497804903832, 42.36701240236648]}, "properties": {"street": "HARVARD ST", "location_type": "Street", "dispatch_ts": "2023-06-26T19:08:19+00:00", "timestamp_ms": 1687806499000}}, {"type": "Feature", "geometry": {"type": "Point", "coordinates": [-71.0821829141062, 42.34878383185842]}, "properties": {"street": "BOYLSTON ST", "location_type": "Street", "dispatch_ts": "2020-06-20T08:41:41+00:00", "timestamp_ms": 1592642501000}}, {"type": "Feature", "geometry": {"type": "Point", "coordinates": [-71.12964181623018, 42.36319629869734]}, "properties": {"street": "WESTERN AVE", "location_type": "Street", "dispatch_ts": "2018-09-25T00:38:18+00:00", "timestamp_ms": 1537835898000}}, {"type": "Feature", "geometry": {"type": "Point", "coordinates": [-71.05179963510622, 42.35965156201605]}, "properties": {"street": null, "location_type": "Intersection", "dispatch_ts": "2015-05-03T19:10:10+00:00", "timestamp_ms": 1430680210000}}, {"type": "Feature", "geometry": {"type": "Point", "coordinates": [-71.0935551300128, 42.33372255848747]}, "properties": {"street": "PRENTISS ST", "location_type": "Street", "dispatch_ts": "2025-08-06T20:05:19+00:00", "timestamp_ms": 1754510719000}}, {"type": "Feature", "geometry": {"type": "Point", "coordinates": [-71.08423743669412, 42.288730380518246]}, "properties": {"street": "STRATTON ST", "location_type": "Street", "dispatch_ts": "2015-04-28T14:17:44+00:00", "timestamp_ms": 1430230664000}}, {"type": "Feature", "geometry": {"type": "Point", "coordinates": [-71.11464263316816, 42.30457471705322]}, "properties": {"street": null, "location_type": "Intersection", "dispatch_ts": "2025-08-28T03:46:39+00:00", "timestamp_ms": 1756352799000}}, {"type": "Feature", "geometry": {"type": "Point", "coordinates": [-71.14160968045644, 42.35212877210352]}, "properties": {"street": null, "location_type": "Intersection", "dispatch_ts": "2019-07-13T01:27:11+00:00", "timestamp_ms": 1562981231000}}, {"type": "Feature", "geometry": {"type": "Point", "coordinates": [-71.05876965202705, 42.34204756074139]}, "properties": {"street": null, "location_type": "Intersection", "dispatch_ts": "2017-06-03T01:50:24+00:00", "timestamp_ms": 1496454624000}}, {"type": "Feature", "geometry": {"type": "Point", "coordinates": [-71.08515313543415, 42.3034609094102]}, "properties": {"street": null, "location_type": "Intersection", "dispatch_ts": "2018-06-05T16:05:20+00:00", "timestamp_ms": 1528214720000}}, {"type": "Feature", "geometry": {"type": "Point", "coordinates": [-71.05838434637327, 42.36547167247528]}, "properties": {"street": null, "location_type": "Intersection", "dispatch_ts": "2017-10-27T12:45:06+00:00", "timestamp_ms": 1509108306000}}, {"type": "Feature", "geometry": {"type": "Point", "coordinates": [-71.0581671265987, 42.30597605134514]}, "properties": {"street": "LINDEN ST", "location_type": "Street", "dispatch_ts": "2023-07-06T01:44:04+00:00", "timestamp_ms": 1688607844000}}, {"type": "Feature", "geometry": {"type": "Point", "coordinates": [-71.10996326517561, 42.322028125151974]}, "properties": {"street": null, "location_type": "Intersection", "dispatch_ts": "2018-06-27T01:43:29+00:00", "timestamp_ms": 1530063809000}}, {"type": "Feature", "geometry": {"type": "Point", "coordinates": [-71.07342099408642, 42.33359095305056]}, "properties": {"street": null, "location_type": "Intersection", "dispatch_ts": "2018-03-11T03:20:32+00:00", "timestamp_ms": 1520738432000}}, {"type": "Feature", "geometry": {"type": "Point", "coordinates": [-71.05597433909402, 42.36138228552409]}, "properties": {"street": "BLACKSTONE ST", "location_type": "Street", "dispatch_ts": "2022-09-16T20:23:21+00:00", "timestamp_ms": 1663359801000}}, {"type": "Feature", "geometry": {"type": "Point", "coordinates": [-71.04928594947985, 42.33782876020032]}, "properties": {"street": null, "location_type": "Intersection", "dispatch_ts": "2018-08-26T04:54:00+00:00", "timestamp_ms": 1535259240000}}, {"type": "Feature", "geometry": {"type": "Point", "coordinates": [-71.11462792993642, 42.30045011688833]}, "properties": {"street": "WASHINGTON ST", "location_type": "Street", "dispatch_ts": "2022-05-09T06:21:42+00:00", "timestamp_ms": 1652077302000}}, {"type": "Feature", "geometry": {"type": "Point", "coordinates": [-71.0601908277562, 42.292400024724216]}, "properties": {"street": "KING ST", "location_type": "Street", "dispatch_ts": "2023-07-05T23:27:34+00:00", "timestamp_ms": 1688599654000}}, {"type": "Feature", "geometry": {"type": "Point", "coordinates": [-71.06268390681319, 42.36475131894176]}, "properties": {"street": "CAUSEWAY ST", "location_type": "Street", "dispatch_ts": "2018-08-09T18:08:03+00:00", "timestamp_ms": 1533838083000}}, {"type": "Feature", "geometry": {"type": "Point", "coordinates": [-71.11173245497834, 42.33217349317523]}, "properties": {"street": "HUNTINGTON AVE", "location_type": "Street", "dispatch_ts": "2017-11-05T04:53:00+00:00", "timestamp_ms": 1509857580000}}, {"type": "Feature", "geometry": {"type": "Point", "coordinates": [-71.06931029583906, 42.307923676286066]}, "properties": {"street": "HAMILTON ST", "location_type": "Street", "dispatch_ts": "2018-06-05T18:09:16+00:00", "timestamp_ms": 1528222156000}}, {"type": "Feature", "geometry": {"type": "Point", "coordinates": [-71.11289449866736, 42.35209425879626]}, "properties": {"street": "SOLDIERS FIELD RD", "location_type": "Street", "dispatch_ts": "2018-05-25T14:52:22+00:00", "timestamp_ms": 1527259942000}}, {"type": "Feature", "geometry": {"type": "Point", "coordinates": [-71.07146704245822, 42.30800958050023]}, "properties": {"street": "RICHFIELD ST", "location_type": "Street", "dispatch_ts": "2019-06-27T22:12:36+00:00", "timestamp_ms": 1561673556000}}, {"type": "Feature", "geometry": {"type": "Point", "coordinates": [-71.04601067022642, 42.31218099575016]}, "properties": {"street": "WILLIAM T MORRISSEY BLVD", "location_type": "Street", "dispatch_ts": "2017-08-24T22:10:41+00:00", "timestamp_ms": 1503612641000}}, {"type": "Feature", "geometry": {"type": "Point", "coordinates": [-71.07702219706704, 42.33646616628194]}, "properties": {"street": null, "location_type": "Intersection", "dispatch_ts": "2023-09-27T18:22:41+00:00", "timestamp_ms": 1695838961000}}, {"type": "Feature", "geometry": {"type": "Point", "coordinates": [-71.13186330384387, 42.35223394548568]}, "properties": {"street": "HARVARD AVE", "location_type": "Street", "dispatch_ts": "2020-05-05T22:00:03+00:00", "timestamp_ms": 1588716003000}}, {"type": "Feature", "geometry": {"type": "Point", "coordinates": [-71.05517213548205, 42.361535219875215]}, "properties": {"street": null, "location_type": "Intersection", "dispatch_ts": "2019-09-09T11:35:24+00:00", "timestamp_ms": 1568028924000}}, {"type": "Feature", "geometry": {"type": "Point", "coordinates": [-71.09715182524712, 42.34880344290092]}, "properties": {"street": null, "location_type": "Intersection", "dispatch_ts": "2015-04-19T16:48:10+00:00", "timestamp_ms": 1429462090000}}, {"type": "Feature", "geometry": {"type": "Point", "coordinates": [-71.07564626302194, 42.3132464585332]}, "properties": {"street": null, "location_type": "Intersection", "dispatch_ts": "2025-06-03T19:45:13+00:00", "timestamp_ms": 1748979913000}}, {"type": "Feature", "geometry": {"type": "Point", "coordinates": [-71.1108781857453, 42.32917876869812]}, "properties": {"street": "HUNTINGTON AVE", "location_type": "Street", "dispatch_ts": "2020-09-05T20:59:20+00:00", "timestamp_ms": 1599339560000}}, {"type": "Feature", "geometry": {"type": "Point", "coordinates": [-71.08665732939623, 42.29868030969056]}, "properties": {"street": null, "location_type": "Intersection", "dispatch_ts": "2022-12-01T12:53:01+00:00", "timestamp_ms": 1669899181000}}, {"type": "Feature", "geometry": {"type": "Point", "coordinates": [-71.14335829855607, 42.361279513830766]}, "properties": {"street": "RICHARDSON ST", "location_type": "Street", "dispatch_ts": "2015-06-24T17:28:25+00:00", "timestamp_ms": 1435166905000}}, {"type": "Feature", "geometry": {"type": "Point", "coordinates": [-71.04774615768926, 42.289239336620135]}, "properties": {"street": null, "location_type": "Intersection", "dispatch_ts": "2016-04-02T04:11:33+00:00", "timestamp_ms": 1459570293000}}, {"type": "Feature", "geometry": {"type": "Point", "coordinates": [-71.11571988182436, 42.31385826680526]}, "properties": {"street": "MYRTLE ST", "location_type": "Street", "dispatch_ts": "2020-11-11T13:16:01+00:00", "timestamp_ms": 1605100561000}}, {"type": "Feature", "geometry": {"type": "Point", "coordinates": [-71.1046304216783, 42.33824025385971]}, "properties": {"street": "BLACKFAN CIR", "location_type": "Street", "dispatch_ts": "2019-01-31T00:32:13+00:00", "timestamp_ms": 1548894733000}}, {"type": "Feature", "geometry": {"type": "Point", "coordinates": [-71.07742396868933, 42.32774948799366]}, "properties": {"street": null, "location_type": "Intersection", "dispatch_ts": "2016-07-06T16:20:56+00:00", "timestamp_ms": 1467822056000}}, {"type": "Feature", "geometry": {"type": "Point", "coordinates": [-71.0724887510328, 42.33962028889844]}, "properties": {"street": null, "location_type": "Intersection", "dispatch_ts": "2017-05-28T19:09:50+00:00", "timestamp_ms": 1495998590000}}, {"type": "Feature", "geometry": {"type": "Point", "coordinates": [-71.0663931678352, 42.315796107665335]}, "properties": {"street": null, "location_type": "Intersection", "dispatch_ts": "2017-12-05T19:24:41+00:00", "timestamp_ms": 1512501881000}}, {"type": "Feature", "geometry": {"type": "Point", "coordinates": [-71.05427330461684, 42.342867854605814]}, "properties": {"street": null, "location_type": "Intersection", "dispatch_ts": "2020-08-13T12:04:55+00:00", "timestamp_ms": 1597320295000}}, {"type": "Feature", "geometry": {"type": "Point", "coordinates": [-71.03888689386746, 42.36852010043943]}, "properties": {"street": null, "location_type": "Intersection", "dispatch_ts": "2017-08-17T19:18:07+00:00", "timestamp_ms": 1502997487000}}, {"type": "Feature", "geometry": {"type": "Point", "coordinates": [-71.07347915012433, 42.38456840054575]}, "properties": {"street": null, "location_type": "Other", "dispatch_ts": "2017-10-12T23:39:34+00:00", "timestamp_ms": 1507851574000}}, {"type": "Feature", "geometry": {"type": "Point", "coordinates": [-71.08855835684263, 42.34809817001283]}, "properties": {"street": "NEWBURY ST", "location_type": "Street", "dispatch_ts": "2017-12-08T00:10:11+00:00", "timestamp_ms": 1512691811000}}, {"type": "Feature", "geometry": {"type": "Point", "coordinates": [-71.0956614400289, 42.32768542703378]}, "properties": {"street": null, "location_type": "Intersection", "dispatch_ts": "2022-08-08T13:01:06+00:00", "timestamp_ms": 1659963666000}}, {"type": "Feature", "geometry": {"type": "Point", "coordinates": [-71.07017680029267, 42.364063317287325]}, "properties": {"street": "CHARLESBANK RD", "location_type": "Street", "dispatch_ts": "2024-12-16T23:07:23+00:00", "timestamp_ms": 1734390443000}}, {"type": "Feature", "geometry": {"type": "Point", "coordinates": [-71.15452503215856, 42.3330507274674]}, "properties": {"street": "BEACON ST", "location_type": "Street", "dispatch_ts": "2024-08-27T17:28:06+00:00", "timestamp_ms": 1724779686000}}, {"type": "Feature", "geometry": {"type": "Point", "coordinates": [-71.08548410151838, 42.34843480015839]}, "properties": {"street": "HEREFORD ST", "location_type": "Street", "dispatch_ts": "2017-04-29T18:32:45+00:00", "timestamp_ms": 1493490765000}}, {"type": "Feature", "geometry": {"type": "Point", "coordinates": [-71.10262536419566, 42.31567370673256]}, "properties": {"street": "BOYLSTON ST", "location_type": "Street", "dispatch_ts": "2020-02-27T12:56:40+00:00", "timestamp_ms": 1582808200000}}, {"type": "Feature", "geometry": {"type": "Point", "coordinates": [-71.10396685914536, 42.34958861987741]}, "properties": {"street": "COMMONWEALTH AVE", "location_type": "Street", "dispatch_ts": "2015-04-12T22:40:06+00:00", "timestamp_ms": 1428878406000}}, {"type": "Feature", "geometry": {"type": "Point", "coordinates": [-71.08032038126865, 42.339303441947735]}, "properties": {"street": null, "location_type": "Intersection", "dispatch_ts": "2020-11-29T20:45:17+00:00", "timestamp_ms": 1606682717000}}, {"type": "Feature", "geometry": {"type": "Point", "coordinates": [-71.1298776038421, 42.34902652407691]}, "properties": {"street": "HARVARD AVE", "location_type": "Street", "dispatch_ts": "2018-09-29T20:36:55+00:00", "timestamp_ms": 1538253415000}}, {"type": "Feature", "geometry": {"type": "Point", "coordinates": [-71.08858982902916, 42.31998435355395]}, "properties": {"street": null, "location_type": "Intersection", "dispatch_ts": "2015-05-27T02:17:05+00:00", "timestamp_ms": 1432693025000}}, {"type": "Feature", "geometry": {"type": "Point", "coordinates": [-71.083765647808, 42.35057322642]}, "properties": {"street": "COMMONWEALTH AVE", "location_type": "Street", "dispatch_ts": "2018-09-05T17:29:56+00:00", "timestamp_ms": 1536168596000}}, {"type": "Feature", "geometry": {"type": "Point", "coordinates": [-71.1135945936624, 42.35074724473098]}, "properties": {"street": "COMMONWEALTH AVE", "location_type": "Street", "dispatch_ts": "2022-08-11T15:10:16+00:00", "timestamp_ms": 1660230616000}}, {"type": "Feature", "geometry": {"type": "Point", "coordinates": [-71.15178959119677, 42.26614411504613]}, "properties": {"street": null, "location_type": "Intersection", "dispatch_ts": "2018-06-12T02:05:49+00:00", "timestamp_ms": 1528769149000}}, {"type": "Feature", "geometry": {"type": "Point", "coordinates": [-71.10604446244054, 42.31485296849013]}, "properties": {"street": null, "location_type": "Intersection", "dispatch_ts": "2023-11-16T18:20:13+00:00", "timestamp_ms": 1700158813000}}, {"type": "Feature", "geometry": {"type": "Point", "coordinates": [-71.07414625197808, 42.3090691745992]}, "properties": {"street": "COLUMBIA RD", "location_type": "Street", "dispatch_ts": "2023-10-28T22:13:56+00:00", "timestamp_ms": 1698531236000}}, {"type": "Feature", "geometry": {"type": "Point", "coordinates": [-71.09462360504348, 42.349919519419224]}, "properties": {"street": "BAY STATE RD", "location_type": "Street", "dispatch_ts": "2024-10-20T15:40:19+00:00", "timestamp_ms": 1729438819000}}, {"type": "Feature", "geometry": {"type": "Point", "coordinates": [-71.05819428049428, 42.35975394744587]}, "properties": {"street": "CITY HALL PLZ", "location_type": "Street", "dispatch_ts": "2015-09-20T11:21:38+00:00", "timestamp_ms": 1442748098000}}, {"type": "Feature", "geometry": {"type": "Point", "coordinates": [-71.12904296866348, 42.24946420912547]}, "properties": {"street": "RESERVATION RD", "location_type": "Street", "dispatch_ts": "2018-08-19T21:35:16+00:00", "timestamp_ms": 1534714516000}}, {"type": "Feature", "geometry": {"type": "Point", "coordinates": [-71.06430399714618, 42.33094762643413]}, "properties": {"street": "SOUTHAMPTON ST", "location_type": "Street", "dispatch_ts": "2016-07-18T16:05:20+00:00", "timestamp_ms": 1468857920000}}, {"type": "Feature", "geometry": {"type": "Point", "coordinates": [-71.05256611133179, 42.3286275185595]}, "properties": {"street": null, "location_type": "Intersection", "dispatch_ts": "2019-05-09T19:10:58+00:00", "timestamp_ms": 1557429058000}}, {"type": "Feature", "geometry": {"type": "Point", "coordinates": [-71.15364074147142, 42.34856844683737]}, "properties": {"street": "CHESTNUT HILL AVE", "location_type": "Street", "dispatch_ts": "2018-02-20T22:40:14+00:00", "timestamp_ms": 1519166414000}}, {"type": "Feature", "geometry": {"type": "Point", "coordinates": [-71.11657758300223, 42.32102718594854]}, "properties": {"street": null, "location_type": "Intersection", "dispatch_ts": "2025-08-19T11:46:43+00:00", "timestamp_ms": 1755604003000}}, {"type": "Feature", "geometry": {"type": "Point", "coordinates": [-71.07660201244757, 42.30429628215112]}, "properties": {"street": "ROSSETER ST", "location_type": "Street", "dispatch_ts": "2018-03-30T16:45:52+00:00", "timestamp_ms": 1522428352000}}, {"type": "Feature", "geometry": {"type": "Point", "coordinates": [-71.0890957622328, 42.35006295890982]}, "properties": {"street": null, "location_type": "Intersection", "dispatch_ts": "2017-07-25T15:16:02+00:00", "timestamp_ms": 1500995762000}}, {"type": "Feature", "geometry": {"type": "Point", "coordinates": [-71.07902183970565, 42.29228487480837]}, "properties": {"street": "TALBOT AVE", "location_type": "Street", "dispatch_ts": "2015-07-09T16:00:51+00:00", "timestamp_ms": 1436457651000}}, {"type": "Feature", "geometry": {"type": "Point", "coordinates": [-71.03422704533791, 42.37663752045046]}, "properties": {"street": "BENNINGTON ST", "location_type": "Street", "dispatch_ts": "2017-12-10T19:37:51+00:00", "timestamp_ms": 1512934671000}}, {"type": "Feature", "geometry": {"type": "Point", "coordinates": [-71.07223977497372, 42.35989432933844]}, "properties": {"street": "DAVID G MUGAR WAY", "location_type": "Street", "dispatch_ts": "2018-06-22T00:48:30+00:00", "timestamp_ms": 1529628510000}}, {"type": "Feature", "geometry": {"type": "Point", "coordinates": [-71.06631987476939, 42.361240684445406]}, "properties": {"street": null, "location_type": "Intersection", "dispatch_ts": "2018-07-18T16:20:09+00:00", "timestamp_ms": 1531930809000}}, {"type": "Feature", "geometry": {"type": "Point", "coordinates": [-71.0674071761529, 42.394229281005394]}, "properties": {"street": null, "location_type": "Intersection", "dispatch_ts": "2015-09-14T22:27:39+00:00", "timestamp_ms": 1442269659000}}, {"type": "Feature", "geometry": {"type": "Point", "coordinates": [-71.05956377507985, 42.3200004930796]}, "properties": {"street": "COLUMBIA RD", "location_type": "Street", "dispatch_ts": "2017-10-03T14:36:40+00:00", "timestamp_ms": 1507041400000}}, {"type": "Feature", "geometry": {"type": "Point", "coordinates": [-71.12371933998844, 42.36833400288524]}, "properties": {"street": null, "location_type": "Intersection", "dispatch_ts": "2020-08-25T15:54:56+00:00", "timestamp_ms": 1598370896000}}, {"type": "Feature", "geometry": {"type": "Point", "coordinates": [-71.0633347996848, 42.355189344242106]}, "properties": {"street": null, "location_type": "Intersection", "dispatch_ts": "2024-09-14T00:29:13+00:00", "timestamp_ms": 1726273753000}}, {"type": "Feature", "geometry": {"type": "Point", "coordinates": [-71.14435560323581, 42.359363976371725]}, "properties": {"street": "PORTSMOUTH ST", "location_type": "Street", "dispatch_ts": "2025-08-12T02:02:20+00:00", "timestamp_ms": 1754964140000}}, {"type": "Feature", "geometry": {"type": "Point", "coordinates": [-71.07299108215143, 42.384099790532936]}, "properties": {"street": "MAIN ST", "location_type": "Street", "dispatch_ts": "2020-09-13T18:38:15+00:00", "timestamp_ms": 1600022295000}}, {"type": "Feature", "geometry": {"type": "Point", "coordinates": [-71.07231024738005, 42.34361517068555]}, "properties": {"street": null, "location_type": "Intersection", "dispatch_ts": "2015-05-07T20:03:37+00:00", "timestamp_ms": 1431029017000}}, {"type": "Feature", "geometry": {"type": "Point", "coordinates": [-71.14194044625225, 42.34171785011534]}, "properties": {"street": "MOUNT HOOD RD", "location_type": "Street", "dispatch_ts": "2024-07-16T05:08:44+00:00", "timestamp_ms": 1721106524000}}, {"type": "Feature", "geometry": {"type": "Point", "coordinates": [-71.09807323304305, 42.336642151102104]}, "properties": {"street": null, "location_type": "Intersection", "dispatch_ts": "2015-07-11T20:21:56+00:00", "timestamp_ms": 1436646116000}}, {"type": "Feature", "geometry": {"type": "Point", "coordinates": [-71.04841533529859, 42.35313075845314]}, "properties": {"street": null, "location_type": "Intersection", "dispatch_ts": "2026-06-03T13:42:44+00:00", "timestamp_ms": 1780494164000}}, {"type": "Feature", "geometry": {"type": "Point", "coordinates": [-71.07819947343263, 42.3328364768333]}, "properties": {"street": null, "location_type": "Intersection", "dispatch_ts": "2019-09-23T17:08:17+00:00", "timestamp_ms": 1569258497000}}, {"type": "Feature", "geometry": {"type": "Point", "coordinates": [-71.14760036204491, 42.28702505067072]}, "properties": {"street": null, "location_type": "Intersection", "dispatch_ts": "2019-05-10T21:31:28+00:00", "timestamp_ms": 1557523888000}}, {"type": "Feature", "geometry": {"type": "Point", "coordinates": [-71.13737280688896, 42.36291876739256]}, "properties": {"street": null, "location_type": "Intersection", "dispatch_ts": "2018-10-11T23:18:26+00:00", "timestamp_ms": 1539299906000}}, {"type": "Feature", "geometry": {"type": "Point", "coordinates": [-71.13439990392861, 42.35484107597397]}, "properties": {"street": null, "location_type": "Intersection", "dispatch_ts": "2017-08-01T20:21:29+00:00", "timestamp_ms": 1501618889000}}, {"type": "Feature", "geometry": {"type": "Point", "coordinates": [-71.10787965024713, 42.286916547036355]}, "properties": {"street": "AMERICAN LEGION HWY", "location_type": "Street", "dispatch_ts": "2018-10-30T19:28:23+00:00", "timestamp_ms": 1540927703000}}, {"type": "Feature", "geometry": {"type": "Point", "coordinates": [-71.07117004736669, 42.28646429203727]}, "properties": {"street": null, "location_type": "Intersection", "dispatch_ts": "2022-09-28T17:20:52+00:00", "timestamp_ms": 1664385652000}}, {"type": "Feature", "geometry": {"type": "Point", "coordinates": [-71.07927020673846, 42.328574196022885]}, "properties": {"street": null, "location_type": "Intersection", "dispatch_ts": "2019-08-14T02:24:54+00:00", "timestamp_ms": 1565749494000}}, {"type": "Feature", "geometry": {"type": "Point", "coordinates": [-71.06259651070286, 42.31034307167887]}, "properties": {"street": null, "location_type": "Intersection", "dispatch_ts": "2020-06-16T11:06:39+00:00", "timestamp_ms": 1592305599000}}, {"type": "Feature", "geometry": {"type": "Point", "coordinates": [-71.09141066971604, 42.28464302785528]}, "properties": {"street": "BLUE HILL AVE", "location_type": "Street", "dispatch_ts": "2024-09-14T13:43:08+00:00", "timestamp_ms": 1726321388000}}, {"type": "Feature", "geometry": {"type": "Point", "coordinates": [-71.0781328268161, 42.35171705268001]}, "properties": {"street": null, "location_type": "Intersection", "dispatch_ts": "2015-10-13T20:24:15+00:00", "timestamp_ms": 1444767855000}}, {"type": "Feature", "geometry": {"type": "Point", "coordinates": [-71.04800252562755, 42.35366565532253]}, "properties": {"street": "SLEEPER ST", "location_type": "Street", "dispatch_ts": "2020-11-28T06:20:21+00:00", "timestamp_ms": 1606544421000}}, {"type": "Feature", "geometry": {"type": "Point", "coordinates": [-71.0894836662669, 42.350858072765824]}, "properties": {"street": null, "location_type": "Intersection", "dispatch_ts": "2020-08-02T15:11:16+00:00", "timestamp_ms": 1596381076000}}, {"type": "Feature", "geometry": {"type": "Point", "coordinates": [-71.088641463287, 42.34915419274428]}, "properties": {"street": null, "location_type": "Intersection", "dispatch_ts": "2025-05-27T15:31:24+00:00", "timestamp_ms": 1748359884000}}, {"type": "Feature", "geometry": {"type": "Point", "coordinates": [-71.06354816075232, 42.34088715336985]}, "properties": {"street": null, "location_type": "Intersection", "dispatch_ts": "2015-11-15T13:56:38+00:00", "timestamp_ms": 1447595798000}}, {"type": "Feature", "geometry": {"type": "Point", "coordinates": [-71.06780014780774, 42.31039460287917]}, "properties": {"street": "BELLEVUE ST", "location_type": "Street", "dispatch_ts": "2019-07-05T04:06:10+00:00", "timestamp_ms": 1562299570000}}, {"type": "Feature", "geometry": {"type": "Point", "coordinates": [-71.05271191581537, 42.35279153931183]}, "properties": {"street": "CONGRESS ST", "location_type": "Street", "dispatch_ts": "2022-06-22T21:16:31+00:00", "timestamp_ms": 1655932591000}}, {"type": "Feature", "geometry": {"type": "Point", "coordinates": [-71.06508719929103, 42.30623046736997]}, "properties": {"street": "MOUNT IDA RD", "location_type": "Street", "dispatch_ts": "2015-04-15T11:51:17+00:00", "timestamp_ms": 1429098677000}}, {"type": "Feature", "geometry": {"type": "Point", "coordinates": [-71.08251815251514, 42.34003980967691]}, "properties": {"street": null, "location_type": "Intersection", "dispatch_ts": "2024-07-23T21:35:20+00:00", "timestamp_ms": 1721770520000}}, {"type": "Feature", "geometry": {"type": "Point", "coordinates": [-71.11528811108806, 42.35094503125057]}, "properties": {"street": "COMMONWEALTH AVE", "location_type": "Street", "dispatch_ts": "2024-08-14T13:37:19+00:00", "timestamp_ms": 1723642639000}}, {"type": "Feature", "geometry": {"type": "Point", "coordinates": [-71.07072701510968, 42.37959635678522]}, "properties": {"street": null, "location_type": "Intersection", "dispatch_ts": "2021-04-14T12:01:57+00:00", "timestamp_ms": 1618401717000}}, {"type": "Feature", "geometry": {"type": "Point", "coordinates": [-71.05244277056015, 42.35953596090297]}, "properties": {"street": null, "location_type": "Intersection", "dispatch_ts": "2025-07-27T06:18:16+00:00", "timestamp_ms": 1753597096000}}, {"type": "Feature", "geometry": {"type": "Point", "coordinates": [-71.09629302996085, 42.348771915146735]}, "properties": {"street": "COMMONWEALTH AVE", "location_type": "Street", "dispatch_ts": "2024-10-19T14:19:23+00:00", "timestamp_ms": 1729347563000}}, {"type": "Feature", "geometry": {"type": "Point", "coordinates": [-71.07881859941854, 42.340125762574345]}, "properties": {"street": null, "location_type": "Intersection", "dispatch_ts": "2023-09-27T01:45:53+00:00", "timestamp_ms": 1695779153000}}, {"type": "Feature", "geometry": {"type": "Point", "coordinates": [-71.12790577681348, 42.3574405281122]}, "properties": {"street": "CAMBRIDGE ST", "location_type": "Street", "dispatch_ts": "2025-06-16T23:46:30+00:00", "timestamp_ms": 1750117590000}}, {"type": "Feature", "geometry": {"type": "Point", "coordinates": [-71.16765738946137, 42.35056220085364]}, "properties": {"street": null, "location_type": "Intersection", "dispatch_ts": "2016-04-27T10:58:47+00:00", "timestamp_ms": 1461754727000}}, {"type": "Feature", "geometry": {"type": "Point", "coordinates": [-71.05888803173625, 42.31279300550498]}, "properties": {"street": null, "location_type": "Intersection", "dispatch_ts": "2022-08-15T17:52:26+00:00", "timestamp_ms": 1660585946000}}, {"type": "Feature", "geometry": {"type": "Point", "coordinates": [-71.06587896204894, 42.37659519476526]}, "properties": {"street": "MAIN ST", "location_type": "Street", "dispatch_ts": "2015-09-10T12:16:46+00:00", "timestamp_ms": 1441887406000}}, {"type": "Feature", "geometry": {"type": "Point", "coordinates": [-71.1123714697768, 42.35060437915448]}, "properties": {"street": "COMMONWEALTH AVE", "location_type": "Street", "dispatch_ts": "2023-08-21T12:23:01+00:00", "timestamp_ms": 1692620581000}}, {"type": "Feature", "geometry": {"type": "Point", "coordinates": [-71.05298895002514, 42.35942621294723]}, "properties": {"street": "STATE ST", "location_type": "Street", "dispatch_ts": "2024-07-04T22:34:04+00:00", "timestamp_ms": 1720132444000}}, {"type": "Feature", "geometry": {"type": "Point", "coordinates": [-71.06469244895499, 42.35237831570579]}, "properties": {"street": "BOYLSTON ST", "location_type": "Street", "dispatch_ts": "2025-08-21T23:24:16+00:00", "timestamp_ms": 1755818656000}}, {"type": "Feature", "geometry": {"type": "Point", "coordinates": [-71.07336417046554, 42.333626141121165]}, "properties": {"street": null, "location_type": "Intersection", "dispatch_ts": "2015-10-10T01:29:36+00:00", "timestamp_ms": 1444440576000}}, {"type": "Feature", "geometry": {"type": "Point", "coordinates": [-71.08317533341823, 42.33022238917855]}, "properties": {"street": "WARREN ST", "location_type": "Street", "dispatch_ts": "2022-07-30T04:34:13+00:00", "timestamp_ms": 1659155653000}}, {"type": "Feature", "geometry": {"type": "Point", "coordinates": [-71.06006163697337, 42.35787797558994]}, "properties": {"street": "SCHOOL ST", "location_type": "Street", "dispatch_ts": "2025-07-17T11:47:56+00:00", "timestamp_ms": 1752752876000}}, {"type": "Feature", "geometry": {"type": "Point", "coordinates": [-71.0631332038069, 42.30021296803218]}, "properties": {"street": "CHARLES ST", "location_type": "Street", "dispatch_ts": "2016-10-15T17:40:57+00:00", "timestamp_ms": 1476553257000}}, {"type": "Feature", "geometry": {"type": "Point", "coordinates": [-71.13718150623602, 42.35876273580941]}, "properties": {"street": "EVERETT ST", "location_type": "Street", "dispatch_ts": "2016-07-27T17:21:06+00:00", "timestamp_ms": 1469640066000}}, {"type": "Feature", "geometry": {"type": "Point", "coordinates": [-71.0894836662669, 42.350858072765824]}, "properties": {"street": null, "location_type": "Intersection", "dispatch_ts": "2018-07-26T11:35:21+00:00", "timestamp_ms": 1532604921000}}, {"type": "Feature", "geometry": {"type": "Point", "coordinates": [-71.1059215702664, 42.34982665161602]}, "properties": {"street": "COMMONWEALTH AVE", "location_type": "Street", "dispatch_ts": "2015-11-04T20:30:51+00:00", "timestamp_ms": 1446669051000}}, {"type": "Feature", "geometry": {"type": "Point", "coordinates": [-71.07233091034814, 42.3102271106815]}, "properties": {"street": null, "location_type": "Intersection", "dispatch_ts": "2025-08-02T22:21:13+00:00", "timestamp_ms": 1754173273000}}, {"type": "Feature", "geometry": {"type": "Point", "coordinates": [-71.08466278475585, 42.33830224810134]}, "properties": {"street": null, "location_type": "Intersection", "dispatch_ts": "2021-08-18T21:14:58+00:00", "timestamp_ms": 1629321298000}}, {"type": "Feature", "geometry": {"type": "Point", "coordinates": [-71.08573485394103, 42.35246227017829]}, "properties": {"street": null, "location_type": "Intersection", "dispatch_ts": "2020-02-03T19:47:55+00:00", "timestamp_ms": 1580759275000}}, {"type": "Feature", "geometry": {"type": "Point", "coordinates": [-71.09018548420535, 42.35195532326663]}, "properties": {"street": "JAMES J STORROW MEMORIAL DR", "location_type": "Street", "dispatch_ts": "2021-05-22T11:05:32+00:00", "timestamp_ms": 1621681532000}}, {"type": "Feature", "geometry": {"type": "Point", "coordinates": [-71.15584239757983, 42.285688571955106]}, "properties": {"street": null, "location_type": "Intersection", "dispatch_ts": "2025-08-22T18:04:52+00:00", "timestamp_ms": 1755885892000}}, {"type": "Feature", "geometry": {"type": "Point", "coordinates": [-71.05819428049428, 42.35975394744587]}, "properties": {"street": "CITY HALL PLZ", "location_type": "Street", "dispatch_ts": "2022-04-09T00:14:04+00:00", "timestamp_ms": 1649463244000}}, {"type": "Feature", "geometry": {"type": "Point", "coordinates": [-71.00767015126861, 42.38640369652984]}, "properties": {"street": "BENNINGTON ST", "location_type": "Street", "dispatch_ts": "2020-09-14T18:53:11+00:00", "timestamp_ms": 1600109591000}}, {"type": "Feature", "geometry": {"type": "Point", "coordinates": [-71.08057347703334, 42.31552004481918]}, "properties": {"street": "QUINCY ST", "location_type": "Street", "dispatch_ts": "2015-05-11T20:20:28+00:00", "timestamp_ms": 1431375628000}}, {"type": "Feature", "geometry": {"type": "Point", "coordinates": [-71.06630478424326, 42.30917635962247]}, "properties": {"street": null, "location_type": "Intersection", "dispatch_ts": "2016-04-21T10:56:15+00:00", "timestamp_ms": 1461236175000}}, {"type": "Feature", "geometry": {"type": "Point", "coordinates": [-71.07630374640776, 42.3503672635801]}, "properties": {"street": "BOYLSTON ST", "location_type": "Street", "dispatch_ts": "2022-08-02T22:39:30+00:00", "timestamp_ms": 1659479970000}}, {"type": "Feature", "geometry": {"type": "Point", "coordinates": [-71.08014323395773, 42.38223857799383]}, "properties": {"street": "CAMBRIDGE ST", "location_type": "Street", "dispatch_ts": "2019-10-01T12:12:18+00:00", "timestamp_ms": 1569931938000}}, {"type": "Feature", "geometry": {"type": "Point", "coordinates": [-71.0821829141062, 42.34878383185842]}, "properties": {"street": "BOYLSTON ST", "location_type": "Street", "dispatch_ts": "2018-08-29T21:59:01+00:00", "timestamp_ms": 1535579941000}}, {"type": "Feature", "geometry": {"type": "Point", "coordinates": [-71.06579738164238, 42.3765559136158]}, "properties": {"street": null, "location_type": "Intersection", "dispatch_ts": "2021-07-29T10:07:23+00:00", "timestamp_ms": 1627553243000}}, {"type": "Feature", "geometry": {"type": "Point", "coordinates": [-71.06735685006102, 42.377793191268616]}, "properties": {"street": "MAIN ST", "location_type": "Street", "dispatch_ts": "2015-09-24T11:57:07+00:00", "timestamp_ms": 1443095827000}}, {"type": "Feature", "geometry": {"type": "Point", "coordinates": [-71.04885994191237, 42.3255829627386]}, "properties": {"street": "WILLIAM J DAY BLVD", "location_type": "Street", "dispatch_ts": "2015-07-14T23:46:35+00:00", "timestamp_ms": 1436917595000}}, {"type": "Feature", "geometry": {"type": "Point", "coordinates": [-71.0753613847683, 42.383584917311275]}, "properties": {"street": null, "location_type": "Intersection", "dispatch_ts": "2015-10-16T10:02:14+00:00", "timestamp_ms": 1444989734000}}, {"type": "Feature", "geometry": {"type": "Point", "coordinates": [-71.17734261375803, 42.28122490502203]}, "properties": {"street": "GARDNER ST", "location_type": "Street", "dispatch_ts": "2020-08-23T14:08:36+00:00", "timestamp_ms": 1598191716000}}, {"type": "Feature", "geometry": {"type": "Point", "coordinates": [-71.09738439335278, 42.34273883132837]}, "properties": {"street": "QUEENSBERRY ST", "location_type": "Street", "dispatch_ts": "2019-10-03T15:19:17+00:00", "timestamp_ms": 1570115957000}}, {"type": "Feature", "geometry": {"type": "Point", "coordinates": [-71.11970061352679, 42.35147717654181]}, "properties": {"street": "COMMONWEALTH AVE", "location_type": "Street", "dispatch_ts": "2024-11-06T16:33:29+00:00", "timestamp_ms": 1730910809000}}, {"type": "Feature", "geometry": {"type": "Point", "coordinates": [-71.13019940715564, 42.35273665382231]}, "properties": {"street": null, "location_type": "Intersection", "dispatch_ts": "2021-05-23T21:27:47+00:00", "timestamp_ms": 1621805267000}}, {"type": "Feature", "geometry": {"type": "Point", "coordinates": [-71.10914681482136, 42.33324171116847]}, "properties": {"street": "HUNTINGTON AVE", "location_type": "Street", "dispatch_ts": "2018-08-16T00:14:20+00:00", "timestamp_ms": 1534378460000}}, {"type": "Feature", "geometry": {"type": "Point", "coordinates": [-71.0779188702332, 42.30615952084611]}, "properties": {"street": "COLUMBIA RD", "location_type": "Street", "dispatch_ts": "2018-03-04T21:18:00+00:00", "timestamp_ms": 1520198280000}}, {"type": "Feature", "geometry": {"type": "Point", "coordinates": [-71.15737881171313, 42.35895151897255]}, "properties": {"street": "SOLDIERS FIELD RD", "location_type": "Street", "dispatch_ts": "2018-06-06T12:19:23+00:00", "timestamp_ms": 1528287563000}}, {"type": "Feature", "geometry": {"type": "Point", "coordinates": [-71.06801091411468, 42.393537004062296]}, "properties": {"street": "ALFORD ST", "location_type": "Street", "dispatch_ts": "2024-10-08T12:40:37+00:00", "timestamp_ms": 1728391237000}}, {"type": "Feature", "geometry": {"type": "Point", "coordinates": [-71.03854041448777, 42.37999021860694]}, "properties": {"street": "MARION ST", "location_type": "Street", "dispatch_ts": "2018-05-16T05:09:32+00:00", "timestamp_ms": 1526447372000}}, {"type": "Feature", "geometry": {"type": "Point", "coordinates": [-71.11462792993642, 42.30045011688833]}, "properties": {"street": "WASHINGTON ST", "location_type": "Street", "dispatch_ts": "2016-07-15T18:44:39+00:00", "timestamp_ms": 1468608279000}}, {"type": "Feature", "geometry": {"type": "Point", "coordinates": [-71.12371933998844, 42.36833400288524]}, "properties": {"street": null, "location_type": "Intersection", "dispatch_ts": "2017-07-21T11:35:51+00:00", "timestamp_ms": 1500636951000}}, {"type": "Feature", "geometry": {"type": "Point", "coordinates": [-71.10021421739347, 42.3283062878056]}, "properties": {"street": "CALUMET ST", "location_type": "Street", "dispatch_ts": "2020-11-09T18:17:37+00:00", "timestamp_ms": 1604945857000}}, {"type": "Feature", "geometry": {"type": "Point", "coordinates": [-71.07342099408642, 42.33359095305056]}, "properties": {"street": null, "location_type": "Intersection", "dispatch_ts": "2019-10-11T22:37:06+00:00", "timestamp_ms": 1570833426000}}, {"type": "Feature", "geometry": {"type": "Point", "coordinates": [-71.0798854375075, 42.29957290081596]}, "properties": {"street": "GREENWOOD ST", "location_type": "Street", "dispatch_ts": "2024-07-03T22:47:29+00:00", "timestamp_ms": 1720046849000}}, {"type": "Feature", "geometry": {"type": "Point", "coordinates": [-71.11462792993642, 42.30045011688833]}, "properties": {"street": "WASHINGTON ST", "location_type": "Street", "dispatch_ts": "2023-12-11T11:17:46+00:00", "timestamp_ms": 1702293466000}}, {"type": "Feature", "geometry": {"type": "Point", "coordinates": [-71.06316850702929, 42.3461937867196]}, "properties": {"street": "HARRISON AVE", "location_type": "Street", "dispatch_ts": "2018-07-27T07:09:48+00:00", "timestamp_ms": 1532675388000}}, {"type": "Feature", "geometry": {"type": "Point", "coordinates": [-71.07122532054302, 42.352945656708584]}, "properties": {"street": "ARLINGTON ST", "location_type": "Street", "dispatch_ts": "2017-01-26T20:07:19+00:00", "timestamp_ms": 1485461239000}}, {"type": "Feature", "geometry": {"type": "Point", "coordinates": [-71.08859047560946, 42.334984806975655]}, "properties": {"street": "TREMONT ST", "location_type": "Street", "dispatch_ts": "2016-02-14T23:34:42+00:00", "timestamp_ms": 1455492882000}}, {"type": "Feature", "geometry": {"type": "Point", "coordinates": [-71.08758306908693, 42.326446267886766]}, "properties": {"street": "WASHINGTON ST", "location_type": "Street", "dispatch_ts": "2026-04-03T23:33:38+00:00", "timestamp_ms": 1775259218000}}, {"type": "Feature", "geometry": {"type": "Point", "coordinates": [-71.10832042962419, 42.32732077159864]}, "properties": {"street": null, "location_type": "Intersection", "dispatch_ts": "2018-03-19T12:29:39+00:00", "timestamp_ms": 1521462579000}}, {"type": "Feature", "geometry": {"type": "Point", "coordinates": [-71.15135281873191, 42.34900837307531]}, "properties": {"street": "WASHINGTON ST", "location_type": "Street", "dispatch_ts": "2020-04-10T16:26:32+00:00", "timestamp_ms": 1586535992000}}, {"type": "Feature", "geometry": {"type": "Point", "coordinates": [-71.10967697839683, 42.31305663854269]}, "properties": {"street": "CHESTNUT AVE", "location_type": "Street", "dispatch_ts": "2024-08-11T13:36:27+00:00", "timestamp_ms": 1723383387000}}, {"type": "Feature", "geometry": {"type": "Point", "coordinates": [-71.11569895729427, 42.30543959715015]}, "properties": {"street": "METCALF CT", "location_type": "Street", "dispatch_ts": "2015-06-14T00:48:35+00:00", "timestamp_ms": 1434242915000}}, {"type": "Feature", "geometry": {"type": "Point", "coordinates": [-71.13602701723246, 42.29444575093793]}, "properties": {"street": null, "location_type": "Intersection", "dispatch_ts": "2017-06-10T18:12:42+00:00", "timestamp_ms": 1497118362000}}, {"type": "Feature", "geometry": {"type": "Point", "coordinates": [-71.12538881871117, 42.3029093973659]}, "properties": {"street": null, "location_type": "Intersection", "dispatch_ts": "2015-07-06T01:30:28+00:00", "timestamp_ms": 1436146228000}}, {"type": "Feature", "geometry": {"type": "Point", "coordinates": [-71.098390266271, 42.32494158672127]}, "properties": {"street": null, "location_type": "Intersection", "dispatch_ts": "2023-07-10T22:02:56+00:00", "timestamp_ms": 1689026576000}}, {"type": "Feature", "geometry": {"type": "Point", "coordinates": [-71.05840263995944, 42.30767538847119]}, "properties": {"street": null, "location_type": "Intersection", "dispatch_ts": "2019-04-04T18:56:34+00:00", "timestamp_ms": 1554404194000}}, {"type": "Feature", "geometry": {"type": "Point", "coordinates": [-71.088641463287, 42.34915419274428]}, "properties": {"street": null, "location_type": "Intersection", "dispatch_ts": "2015-09-22T15:28:43+00:00", "timestamp_ms": 1442935723000}}, {"type": "Feature", "geometry": {"type": "Point", "coordinates": [-71.0581479137944, 42.308837703924254]}, "properties": {"street": "DORCHESTER AVE", "location_type": "Street", "dispatch_ts": "2023-09-22T13:42:23+00:00", "timestamp_ms": 1695390143000}}, {"type": "Feature", "geometry": {"type": "Point", "coordinates": [-71.15337531071108, 42.33818696260854]}, "properties": {"street": null, "location_type": "Intersection", "dispatch_ts": "2024-11-06T10:56:14+00:00", "timestamp_ms": 1730890574000}}, {"type": "Feature", "geometry": {"type": "Point", "coordinates": [-71.12893881953718, 42.28570909456401]}, "properties": {"street": null, "location_type": "Intersection", "dispatch_ts": "2017-07-07T20:21:38+00:00", "timestamp_ms": 1499458898000}}, {"type": "Feature", "geometry": {"type": "Point", "coordinates": [-71.05998653947707, 42.359124694697506]}, "properties": {"street": "CENTER PLZ", "location_type": "Street", "dispatch_ts": "2023-12-08T22:24:52+00:00", "timestamp_ms": 1702074292000}}, {"type": "Feature", "geometry": {"type": "Point", "coordinates": [-71.11961255809533, 42.30468505584654]}, "properties": {"street": "ARBORWAY ", "location_type": "Street", "dispatch_ts": "2018-08-20T14:27:33+00:00", "timestamp_ms": 1534775253000}}, {"type": "Feature", "geometry": {"type": "Point", "coordinates": [-71.13132169601725, 42.35604619097846]}, "properties": {"street": null, "location_type": "Intersection", "dispatch_ts": "2025-06-02T18:18:59+00:00", "timestamp_ms": 1748888339000}}, {"type": "Feature", "geometry": {"type": "Point", "coordinates": [-71.08057209320442, 42.30545102601266]}, "properties": {"street": null, "location_type": "Intersection", "dispatch_ts": "2020-09-04T19:29:45+00:00", "timestamp_ms": 1599247785000}}, {"type": "Feature", "geometry": {"type": "Point", "coordinates": [-71.04107748882944, 42.28543903855432]}, "properties": {"street": "TAYLOR ST", "location_type": "Street", "dispatch_ts": "2017-03-31T00:22:11+00:00", "timestamp_ms": 1490919731000}}, {"type": "Feature", "geometry": {"type": "Point", "coordinates": [-71.0554845786358, 42.33950347239894]}, "properties": {"street": null, "location_type": "Intersection", "dispatch_ts": "2016-08-19T21:47:19+00:00", "timestamp_ms": 1471643239000}}, {"type": "Feature", "geometry": {"type": "Point", "coordinates": [-71.0573803959455, 42.367768839668166]}, "properties": {"street": null, "location_type": "Intersection", "dispatch_ts": "2025-07-03T17:32:41+00:00", "timestamp_ms": 1751563961000}}, {"type": "Feature", "geometry": {"type": "Point", "coordinates": [-71.1263823599621, 42.36347055702517]}, "properties": {"street": "WESTERN AVE", "location_type": "Street", "dispatch_ts": "2024-06-21T09:36:41+00:00", "timestamp_ms": 1718962601000}}, {"type": "Feature", "geometry": {"type": "Point", "coordinates": [-71.0718730558021, 42.29345779555207]}, "properties": {"street": "WASHINGTON ST", "location_type": "Street", "dispatch_ts": "2017-07-26T00:42:13+00:00", "timestamp_ms": 1501029733000}}, {"type": "Feature", "geometry": {"type": "Point", "coordinates": [-71.08698716297742, 42.351537214071186]}, "properties": {"street": null, "location_type": "Intersection", "dispatch_ts": "2025-06-27T16:07:06+00:00", "timestamp_ms": 1751040426000}}, {"type": "Feature", "geometry": {"type": "Point", "coordinates": [-71.12873921353378, 42.30049378883478]}, "properties": {"street": null, "location_type": "Intersection", "dispatch_ts": "2019-04-02T11:54:21+00:00", "timestamp_ms": 1554206061000}}, {"type": "Feature", "geometry": {"type": "Point", "coordinates": [-71.06661900037993, 42.35680412794227]}, "properties": {"street": "BEACON ST", "location_type": "Street", "dispatch_ts": "2017-07-15T22:06:12+00:00", "timestamp_ms": 1500156372000}}, {"type": "Feature", "geometry": {"type": "Point", "coordinates": [-71.06744006409353, 42.31005847357325]}, "properties": {"street": "QUINCY ST", "location_type": "Street", "dispatch_ts": "2017-06-17T07:50:50+00:00", "timestamp_ms": 1497685850000}}, {"type": "Feature", "geometry": {"type": "Point", "coordinates": [-71.0894836662669, 42.350858072765824]}, "properties": {"street": null, "location_type": "Intersection", "dispatch_ts": "2022-04-05T22:27:50+00:00", "timestamp_ms": 1649197670000}}, {"type": "Feature", "geometry": {"type": "Point", "coordinates": [-71.14760036204491, 42.28702505067072]}, "properties": {"street": null, "location_type": "Intersection", "dispatch_ts": "2024-07-20T00:54:04+00:00", "timestamp_ms": 1721436844000}}, {"type": "Feature", "geometry": {"type": "Point", "coordinates": [-71.12793993644729, 42.286321202796096]}, "properties": {"street": "CUMMINS HWY", "location_type": "Street", "dispatch_ts": "2015-03-18T12:04:20+00:00", "timestamp_ms": 1426680260000}}, {"type": "Feature", "geometry": {"type": "Point", "coordinates": [-71.07433665680882, 42.33947069607898]}, "properties": {"street": "NEWTON ST", "location_type": "Street", "dispatch_ts": "2018-05-04T14:18:08+00:00", "timestamp_ms": 1525443488000}}, {"type": "Feature", "geometry": {"type": "Point", "coordinates": [-71.07481697717995, 42.342258071976055]}, "properties": {"street": "TREMONT ST", "location_type": "Street", "dispatch_ts": "2015-12-07T19:25:29+00:00", "timestamp_ms": 1449516329000}}, {"type": "Feature", "geometry": {"type": "Point", "coordinates": [-71.10258087004955, 42.26360949226331]}, "properties": {"street": "RIVER ST", "location_type": "Street", "dispatch_ts": "2026-06-17T20:02:28+00:00", "timestamp_ms": 1781726548000}}, {"type": "Feature", "geometry": {"type": "Point", "coordinates": [-71.09059868697805, 42.3339258826207]}, "properties": {"street": "TREMONT ST", "location_type": "Street", "dispatch_ts": "2015-09-22T17:43:10+00:00", "timestamp_ms": 1442943790000}}, {"type": "Feature", "geometry": {"type": "Point", "coordinates": [-71.059265712643, 42.36648280249861]}, "properties": {"street": "CAUSEWAY ST", "location_type": "Street", "dispatch_ts": "2019-05-12T12:38:06+00:00", "timestamp_ms": 1557664686000}}, {"type": "Feature", "geometry": {"type": "Point", "coordinates": [-71.1143428760776, 42.29174068946329]}, "properties": {"street": "BOURNE ST", "location_type": "Street", "dispatch_ts": "2016-06-30T23:22:38+00:00", "timestamp_ms": 1467328958000}}, {"type": "Feature", "geometry": {"type": "Point", "coordinates": [-71.10175726611169, 42.34751318843811]}, "properties": {"street": null, "location_type": "Intersection", "dispatch_ts": "2015-09-10T01:44:21+00:00", "timestamp_ms": 1441849461000}}, {"type": "Feature", "geometry": {"type": "Point", "coordinates": [-71.03114425507869, 42.33067848685723]}, "properties": {"street": null, "location_type": "Intersection", "dispatch_ts": "2020-05-04T19:55:19+00:00", "timestamp_ms": 1588622119000}}, {"type": "Feature", "geometry": {"type": "Point", "coordinates": [-71.1146370051915, 42.30364082110634]}, "properties": {"street": null, "location_type": "Intersection", "dispatch_ts": "2018-07-18T19:36:06+00:00", "timestamp_ms": 1531942566000}}, {"type": "Feature", "geometry": {"type": "Point", "coordinates": [-71.08241587555776, 42.30161709800595]}, "properties": {"street": "ERIE ST", "location_type": "Street", "dispatch_ts": "2024-05-21T20:43:52+00:00", "timestamp_ms": 1716324232000}}, {"type": "Feature", "geometry": {"type": "Point", "coordinates": [-71.1123811778346, 42.31846350664283]}, "properties": {"street": null, "location_type": "Intersection", "dispatch_ts": "2018-10-01T14:50:23+00:00", "timestamp_ms": 1538405423000}}, {"type": "Feature", "geometry": {"type": "Point", "coordinates": [-71.07503913098324, 42.3288069605839]}, "properties": {"street": "HAMPDEN ST", "location_type": "Street", "dispatch_ts": "2024-08-02T04:55:22+00:00", "timestamp_ms": 1722574522000}}, {"type": "Feature", "geometry": {"type": "Point", "coordinates": [-71.1153810485379, 42.35095588468947]}, "properties": {"street": "COMMONWEALTH AVE", "location_type": "Street", "dispatch_ts": "2021-04-08T20:09:03+00:00", "timestamp_ms": 1617912543000}}, {"type": "Feature", "geometry": {"type": "Point", "coordinates": [-71.06695626107859, 42.32692845893834]}, "properties": {"street": null, "location_type": "Intersection", "dispatch_ts": "2020-02-04T21:54:31+00:00", "timestamp_ms": 1580853271000}}, {"type": "Feature", "geometry": {"type": "Point", "coordinates": [-71.07913024261693, 42.33475178049672]}, "properties": {"street": "WASHINGTON ST", "location_type": "Street", "dispatch_ts": "2016-03-17T01:32:50+00:00", "timestamp_ms": 1458178370000}}, {"type": "Feature", "geometry": {"type": "Point", "coordinates": [-71.0845640541427, 42.2870415525259]}, "properties": {"street": "WOODROW AVE", "location_type": "Street", "dispatch_ts": "2019-05-10T02:40:16+00:00", "timestamp_ms": 1557456016000}}, {"type": "Feature", "geometry": {"type": "Point", "coordinates": [-71.088641463287, 42.34915419274428]}, "properties": {"street": null, "location_type": "Intersection", "dispatch_ts": "2019-05-08T20:44:58+00:00", "timestamp_ms": 1557348298000}}, {"type": "Feature", "geometry": {"type": "Point", "coordinates": [-71.12393600021244, 42.35883062450883]}, "properties": {"street": null, "location_type": "Intersection", "dispatch_ts": "2016-07-19T12:44:25+00:00", "timestamp_ms": 1468932265000}}, {"type": "Feature", "geometry": {"type": "Point", "coordinates": [-71.07165598513876, 42.34015476002536]}, "properties": {"street": "WASHINGTON ST", "location_type": "Street", "dispatch_ts": "2019-10-19T13:55:32+00:00", "timestamp_ms": 1571493332000}}, {"type": "Feature", "geometry": {"type": "Point", "coordinates": [-71.09157917302562, 42.3492217416669]}, "properties": {"street": null, "location_type": "Intersection", "dispatch_ts": "2020-03-19T03:47:55+00:00", "timestamp_ms": 1584589675000}}, {"type": "Feature", "geometry": {"type": "Point", "coordinates": [-71.05587560636128, 42.321096350361906]}, "properties": {"street": null, "location_type": "Intersection", "dispatch_ts": "2016-07-01T22:55:27+00:00", "timestamp_ms": 1467413727000}}, {"type": "Feature", "geometry": {"type": "Point", "coordinates": [-71.08032038126865, 42.339303441947735]}, "properties": {"street": null, "location_type": "Intersection", "dispatch_ts": "2020-09-14T11:28:13+00:00", "timestamp_ms": 1600082893000}}, {"type": "Feature", "geometry": {"type": "Point", "coordinates": [-71.02573845291207, 42.3802182193639]}, "properties": {"street": null, "location_type": "Intersection", "dispatch_ts": "2025-10-09T20:30:36+00:00", "timestamp_ms": 1760041836000}}, {"type": "Feature", "geometry": {"type": "Point", "coordinates": [-71.1248091793872, 42.35168573730908]}, "properties": {"street": "COMMONWEALTH AVE", "location_type": "Street", "dispatch_ts": "2023-07-17T13:23:28+00:00", "timestamp_ms": 1689600208000}}, {"type": "Feature", "geometry": {"type": "Point", "coordinates": [-71.07306752238993, 42.33843051005527]}, "properties": {"street": "NEWTON ST", "location_type": "Street", "dispatch_ts": "2026-06-22T22:03:10+00:00", "timestamp_ms": 1782165790000}}, {"type": "Feature", "geometry": {"type": "Point", "coordinates": [-71.00684901538774, 42.38669724410582]}, "properties": {"street": null, "location_type": "Intersection", "dispatch_ts": "2023-07-12T04:44:26+00:00", "timestamp_ms": 1689137066000}}, {"type": "Feature", "geometry": {"type": "Point", "coordinates": [-71.13661903875693, 42.35356777574584]}, "properties": {"street": null, "location_type": "Intersection", "dispatch_ts": "2022-03-05T23:12:58+00:00", "timestamp_ms": 1646521978000}}, {"type": "Feature", "geometry": {"type": "Point", "coordinates": [-71.10613267340098, 42.33826806953282]}, "properties": {"street": null, "location_type": "Intersection", "dispatch_ts": "2018-09-05T03:18:12+00:00", "timestamp_ms": 1536117492000}}, {"type": "Feature", "geometry": {"type": "Point", "coordinates": [-71.11890848263458, 42.29404459003538]}, "properties": {"street": "BROOKWAY RD", "location_type": "Street", "dispatch_ts": "2017-07-05T07:56:57+00:00", "timestamp_ms": 1499241417000}}, {"type": "Feature", "geometry": {"type": "Point", "coordinates": [-71.12013435586178, 42.308972441731584]}, "properties": {"street": null, "location_type": "Intersection", "dispatch_ts": "2021-01-03T15:57:15+00:00", "timestamp_ms": 1609689435000}}, {"type": "Feature", "geometry": {"type": "Point", "coordinates": [-71.07883836560852, 42.354606313082755]}, "properties": {"street": null, "location_type": "Other", "dispatch_ts": "2015-06-30T12:38:32+00:00", "timestamp_ms": 1435667912000}}, {"type": "Feature", "geometry": {"type": "Point", "coordinates": [-71.03655139159505, 42.37092413954134]}, "properties": {"street": null, "location_type": "Intersection", "dispatch_ts": "2023-08-09T22:25:21+00:00", "timestamp_ms": 1691619921000}}, {"type": "Feature", "geometry": {"type": "Point", "coordinates": [-71.05955254269671, 42.35062762494297]}, "properties": {"street": "JOHN F. FITZGERALD SURFACE RD", "location_type": "Street", "dispatch_ts": "2020-02-18T13:08:58+00:00", "timestamp_ms": 1582031338000}}, {"type": "Feature", "geometry": {"type": "Point", "coordinates": [-71.05695778774742, 42.3301664111603]}, "properties": {"street": "DORCHESTER AVE", "location_type": "Street", "dispatch_ts": "2023-06-28T11:13:21+00:00", "timestamp_ms": 1687950801000}}, {"type": "Feature", "geometry": {"type": "Point", "coordinates": [-71.05179543986338, 42.294004304560424]}, "properties": {"street": "NEPONSET AVE", "location_type": "Street", "dispatch_ts": "2017-06-26T20:06:41+00:00", "timestamp_ms": 1498507601000}}, {"type": "Feature", "geometry": {"type": "Point", "coordinates": [-71.1123811778346, 42.31846350664283]}, "properties": {"street": null, "location_type": "Intersection", "dispatch_ts": "2017-09-06T20:07:17+00:00", "timestamp_ms": 1504728437000}}, {"type": "Feature", "geometry": {"type": "Point", "coordinates": [-71.03474514463817, 42.37247823360434]}, "properties": {"street": null, "location_type": "Intersection", "dispatch_ts": "2021-06-10T16:30:49+00:00", "timestamp_ms": 1623342649000}}, {"type": "Feature", "geometry": {"type": "Point", "coordinates": [-71.06594178482526, 42.343955255059186]}, "properties": {"street": null, "location_type": "Intersection", "dispatch_ts": "2019-09-11T03:07:09+00:00", "timestamp_ms": 1568171229000}}, {"type": "Feature", "geometry": {"type": "Point", "coordinates": [-71.06941647729512, 42.33196395967507]}, "properties": {"street": "SOUTHAMPTON ST", "location_type": "Street", "dispatch_ts": "2024-10-04T05:07:20+00:00", "timestamp_ms": 1728018440000}}, {"type": "Feature", "geometry": {"type": "Point", "coordinates": [-71.05009509783764, 42.351407486552674]}, "properties": {"street": "CONGRESS ST", "location_type": "Street", "dispatch_ts": "2018-08-01T12:19:21+00:00", "timestamp_ms": 1533125961000}}, {"type": "Feature", "geometry": {"type": "Point", "coordinates": [-71.11932122413597, 42.293195964441466]}, "properties": {"street": "BROOKWAY RD", "location_type": "Street", "dispatch_ts": "2026-06-10T23:20:13+00:00", "timestamp_ms": 1781133613000}}, {"type": "Feature", "geometry": {"type": "Point", "coordinates": [-71.06330547910373, 42.315896461362165]}, "properties": {"street": "STOUGHTON STREET PL", "location_type": "Street", "dispatch_ts": "2015-12-15T20:21:04+00:00", "timestamp_ms": 1450210864000}}, {"type": "Feature", "geometry": {"type": "Point", "coordinates": [-71.02265623061918, 42.38393193644314]}, "properties": {"street": null, "location_type": "Intersection", "dispatch_ts": "2016-12-23T20:04:17+00:00", "timestamp_ms": 1482523457000}}, {"type": "Feature", "geometry": {"type": "Point", "coordinates": [-71.09423142604008, 42.33397455112976]}, "properties": {"street": "PRENTISS ST", "location_type": "Street", "dispatch_ts": "2016-06-24T22:07:47+00:00", "timestamp_ms": 1466806067000}}, {"type": "Feature", "geometry": {"type": "Point", "coordinates": [-71.04933778801868, 42.3226670853083]}, "properties": {"street": "WILLIAM J DAY BLVD", "location_type": "Street", "dispatch_ts": "2015-12-14T12:28:13+00:00", "timestamp_ms": 1450096093000}}, {"type": "Feature", "geometry": {"type": "Point", "coordinates": [-71.0543615445487, 42.364560140109496]}, "properties": {"street": "PRINCE ST", "location_type": "Street", "dispatch_ts": "2018-08-01T21:34:24+00:00", "timestamp_ms": 1533159264000}}, {"type": "Feature", "geometry": {"type": "Point", "coordinates": [-71.08289374903194, 42.32469538044076]}, "properties": {"street": null, "location_type": "Intersection", "dispatch_ts": "2024-10-18T18:24:44+00:00", "timestamp_ms": 1729275884000}}, {"type": "Feature", "geometry": {"type": "Point", "coordinates": [-71.12522031938556, 42.352129184049474]}, "properties": {"street": null, "location_type": "Other", "dispatch_ts": "2019-03-16T03:30:34+00:00", "timestamp_ms": 1552707034000}}, {"type": "Feature", "geometry": {"type": "Point", "coordinates": [-71.04266705536637, 42.282131947960686]}, "properties": {"street": null, "location_type": "Other", "dispatch_ts": "2023-05-03T12:56:26+00:00", "timestamp_ms": 1683118586000}}, {"type": "Feature", "geometry": {"type": "Point", "coordinates": [-71.10048350264324, 42.31359137516122]}, "properties": {"street": null, "location_type": "Intersection", "dispatch_ts": "2017-04-16T23:54:26+00:00", "timestamp_ms": 1492386866000}}, {"type": "Feature", "geometry": {"type": "Point", "coordinates": [-71.12688561681406, 42.35245069050298]}, "properties": {"street": null, "location_type": "Intersection", "dispatch_ts": "2020-07-30T11:00:20+00:00", "timestamp_ms": 1596106820000}}, {"type": "Feature", "geometry": {"type": "Point", "coordinates": [-71.06671134569763, 42.33371050596968]}, "properties": {"street": "TOPEKA ST", "location_type": "Street", "dispatch_ts": "2022-02-17T14:45:25+00:00", "timestamp_ms": 1645109125000}}, {"type": "Feature", "geometry": {"type": "Point", "coordinates": [-71.06103916408678, 42.29722832026603]}, "properties": {"street": null, "location_type": "Intersection", "dispatch_ts": "2016-08-11T10:49:50+00:00", "timestamp_ms": 1470912590000}}, {"type": "Feature", "geometry": {"type": "Point", "coordinates": [-71.10952873901857, 42.35115200962363]}, "properties": {"street": "UNIVERSITY RD", "location_type": "Street", "dispatch_ts": "2023-11-06T23:48:22+00:00", "timestamp_ms": 1699314502000}}, {"type": "Feature", "geometry": {"type": "Point", "coordinates": [-71.15088629616152, 42.33605544755288]}, "properties": {"street": "BEACON ST", "location_type": "Street", "dispatch_ts": "2015-09-23T00:45:45+00:00", "timestamp_ms": 1442969145000}}, {"type": "Feature", "geometry": {"type": "Point", "coordinates": [-71.06951915516223, 42.278822538396895]}, "properties": {"street": null, "location_type": "Intersection", "dispatch_ts": "2015-12-09T01:00:37+00:00", "timestamp_ms": 1449622837000}}, {"type": "Feature", "geometry": {"type": "Point", "coordinates": [-71.07417234073337, 42.34855930885233]}, "properties": {"street": "CLARENDON ST", "location_type": "Street", "dispatch_ts": "2019-12-04T16:58:30+00:00", "timestamp_ms": 1575478710000}}, {"type": "Feature", "geometry": {"type": "Point", "coordinates": [-71.09846168547678, 42.32173372943698]}, "properties": {"street": null, "location_type": "Intersection", "dispatch_ts": "2015-05-28T12:54:21+00:00", "timestamp_ms": 1432817661000}}, {"type": "Feature", "geometry": {"type": "Point", "coordinates": [-71.09988309836629, 42.34370262995474]}, "properties": {"street": "KILMARNOCK ST", "location_type": "Street", "dispatch_ts": "2023-09-19T00:23:12+00:00", "timestamp_ms": 1695082992000}}, {"type": "Feature", "geometry": {"type": "Point", "coordinates": [-71.06965720554099, 42.324647871110585]}, "properties": {"street": "SHIRLEY ST", "location_type": "Street", "dispatch_ts": "2018-01-27T18:35:12+00:00", "timestamp_ms": 1517078112000}}, {"type": "Feature", "geometry": {"type": "Point", "coordinates": [-71.13396002665161, 42.3550151153352]}, "properties": {"street": "CAMBRIDGE ST", "location_type": "Street", "dispatch_ts": "2017-07-21T21:31:13+00:00", "timestamp_ms": 1500672673000}}, {"type": "Feature", "geometry": {"type": "Point", "coordinates": [-71.03541672274113, 42.33564961125607]}, "properties": {"street": null, "location_type": "Intersection", "dispatch_ts": "2023-07-01T23:16:47+00:00", "timestamp_ms": 1688253407000}}, {"type": "Feature", "geometry": {"type": "Point", "coordinates": [-71.07585558419846, 42.313300892672046]}, "properties": {"street": "QUINCY ST", "location_type": "Street", "dispatch_ts": "2015-09-14T02:18:48+00:00", "timestamp_ms": 1442197128000}}, {"type": "Feature", "geometry": {"type": "Point", "coordinates": [-71.07113792192429, 42.35083116037876]}, "properties": {"street": "SAINT JAMES AVE", "location_type": "Street", "dispatch_ts": "2015-09-15T11:47:52+00:00", "timestamp_ms": 1442317672000}}, {"type": "Feature", "geometry": {"type": "Point", "coordinates": [-71.09506835735671, 42.306046908644376]}, "properties": {"street": null, "location_type": "Intersection", "dispatch_ts": "2018-06-01T22:40:45+00:00", "timestamp_ms": 1527892845000}}, {"type": "Feature", "geometry": {"type": "Point", "coordinates": [-71.08045158488125, 42.34163983475299]}, "properties": {"street": null, "location_type": "Intersection", "dispatch_ts": "2020-09-29T16:09:25+00:00", "timestamp_ms": 1601395765000}}, {"type": "Feature", "geometry": {"type": "Point", "coordinates": [-71.12932840880603, 42.29651428118543]}, "properties": {"street": null, "location_type": "Intersection", "dispatch_ts": "2023-09-23T15:46:43+00:00", "timestamp_ms": 1695484003000}}, {"type": "Feature", "geometry": {"type": "Point", "coordinates": [-71.15337531071108, 42.33818696260854]}, "properties": {"street": null, "location_type": "Intersection", "dispatch_ts": "2017-08-28T13:57:21+00:00", "timestamp_ms": 1503928641000}}, {"type": "Feature", "geometry": {"type": "Point", "coordinates": [-71.0229088178769, 42.38099464002096]}, "properties": {"street": "BENNINGTON ST", "location_type": "Street", "dispatch_ts": "2020-08-06T00:55:11+00:00", "timestamp_ms": 1596675311000}}, {"type": "Feature", "geometry": {"type": "Point", "coordinates": [-71.13487316882336, 42.238703823649274]}, "properties": {"street": null, "location_type": "Intersection", "dispatch_ts": "2020-03-09T22:31:03+00:00", "timestamp_ms": 1583793063000}}, {"type": "Feature", "geometry": {"type": "Point", "coordinates": [-71.05572946174115, 42.35691231797668]}, "properties": {"street": null, "location_type": "Intersection", "dispatch_ts": "2021-09-23T16:39:54+00:00", "timestamp_ms": 1632415194000}}, {"type": "Feature", "geometry": {"type": "Point", "coordinates": [-71.08057209320442, 42.30545102601266]}, "properties": {"street": null, "location_type": "Intersection", "dispatch_ts": "2017-01-29T07:55:32+00:00", "timestamp_ms": 1485676532000}}, {"type": "Feature", "geometry": {"type": "Point", "coordinates": [-71.11037184568299, 42.30713393729496]}, "properties": {"street": null, "location_type": "Intersection", "dispatch_ts": "2026-04-28T21:44:27+00:00", "timestamp_ms": 1777412667000}}, {"type": "Feature", "geometry": {"type": "Point", "coordinates": [-71.09455212263038, 42.2889487461844]}, "properties": {"street": null, "location_type": "Intersection", "dispatch_ts": "2017-07-06T13:17:19+00:00", "timestamp_ms": 1499347039000}}, {"type": "Feature", "geometry": {"type": "Point", "coordinates": [-71.13275759369229, 42.355539014087846]}, "properties": {"street": null, "location_type": "Intersection", "dispatch_ts": "2024-09-09T15:17:42+00:00", "timestamp_ms": 1725895062000}}, {"type": "Feature", "geometry": {"type": "Point", "coordinates": [-71.12967404835848, 42.354890127688165]}, "properties": {"street": "PRATT ST", "location_type": "Street", "dispatch_ts": "2018-10-12T00:58:07+00:00", "timestamp_ms": 1539305887000}}, {"type": "Feature", "geometry": {"type": "Point", "coordinates": [-71.10109434132515, 42.26287338183588]}, "properties": {"street": "MASSASOIT ST", "location_type": "Street", "dispatch_ts": "2020-10-20T17:08:44+00:00", "timestamp_ms": 1603213724000}}, {"type": "Feature", "geometry": {"type": "Point", "coordinates": [-71.05933235654156, 42.30359016896983]}, "properties": {"street": "DORCHESTER AVE", "location_type": "Street", "dispatch_ts": "2022-05-22T16:43:24+00:00", "timestamp_ms": 1653237804000}}, {"type": "Feature", "geometry": {"type": "Point", "coordinates": [-71.05934248277936, 42.35462458155066]}, "properties": {"street": "SUMMER ST", "location_type": "Street", "dispatch_ts": "2015-09-04T15:59:20+00:00", "timestamp_ms": 1441382360000}}, {"type": "Feature", "geometry": {"type": "Point", "coordinates": [-71.11605335874168, 42.3512447023951]}, "properties": {"street": "COMMONWEALTH AVE", "location_type": "Street", "dispatch_ts": "2025-06-06T18:00:18+00:00", "timestamp_ms": 1749232818000}}, {"type": "Feature", "geometry": {"type": "Point", "coordinates": [-71.10465427338092, 42.30028608678362]}, "properties": {"street": null, "location_type": "Intersection", "dispatch_ts": "2015-09-20T15:21:27+00:00", "timestamp_ms": 1442762487000}}, {"type": "Feature", "geometry": {"type": "Point", "coordinates": [-71.08053200591947, 42.28529163498883]}, "properties": {"street": "NORFOLK ST", "location_type": "Street", "dispatch_ts": "2021-03-21T00:18:54+00:00", "timestamp_ms": 1616285934000}}, {"type": "Feature", "geometry": {"type": "Point", "coordinates": [-71.0556785299683, 42.352183253582155]}, "properties": {"street": "ATLANTIC AVE", "location_type": "Street", "dispatch_ts": "2023-09-18T00:20:15+00:00", "timestamp_ms": 1694996415000}}, {"type": "Feature", "geometry": {"type": "Point", "coordinates": [-71.05997496502486, 42.34235485428101]}, "properties": {"street": null, "location_type": "Other", "dispatch_ts": "2017-07-29T17:01:58+00:00", "timestamp_ms": 1501347718000}}, {"type": "Feature", "geometry": {"type": "Point", "coordinates": [-71.06223790977515, 42.35627942400619]}, "properties": {"street": "TREMONT ST", "location_type": "Street", "dispatch_ts": "2018-09-14T09:35:23+00:00", "timestamp_ms": 1536917723000}}, {"type": "Feature", "geometry": {"type": "Point", "coordinates": [-71.07678251911275, 42.28824683801493]}, "properties": {"street": null, "location_type": "Intersection", "dispatch_ts": "2018-12-17T04:05:22+00:00", "timestamp_ms": 1545019522000}}, {"type": "Feature", "geometry": {"type": "Point", "coordinates": [-71.09235716936715, 42.33291213904815]}, "properties": {"street": null, "location_type": "Intersection", "dispatch_ts": "2019-09-26T21:32:29+00:00", "timestamp_ms": 1569533549000}}, {"type": "Feature", "geometry": {"type": "Point", "coordinates": [-71.08326621939412, 42.33929615621506]}, "properties": {"street": null, "location_type": "Intersection", "dispatch_ts": "2016-09-13T18:46:34+00:00", "timestamp_ms": 1473792394000}}, {"type": "Feature", "geometry": {"type": "Point", "coordinates": [-71.10577754709801, 42.34798829813272]}, "properties": {"street": "PARK DR", "location_type": "Street", "dispatch_ts": "2019-10-09T14:53:28+00:00", "timestamp_ms": 1570632808000}}, {"type": "Feature", "geometry": {"type": "Point", "coordinates": [-71.11410609171404, 42.31395738781719]}, "properties": {"street": "CENTRE ST", "location_type": "Street", "dispatch_ts": "2018-04-06T00:15:12+00:00", "timestamp_ms": 1522973712000}}, {"type": "Feature", "geometry": {"type": "Point", "coordinates": [-71.04974345808981, 42.34874316036544]}, "properties": {"street": null, "location_type": "Intersection", "dispatch_ts": "2018-10-02T22:31:46+00:00", "timestamp_ms": 1538519506000}}, {"type": "Feature", "geometry": {"type": "Point", "coordinates": [-71.130497090771, 42.36889715720028]}, "properties": {"street": "SOLDIERS FIELD RD", "location_type": "Street", "dispatch_ts": "2026-01-08T14:06:54+00:00", "timestamp_ms": 1767881214000}}, {"type": "Feature", "geometry": {"type": "Point", "coordinates": [-71.08365639237999, 42.32593505164742]}, "properties": {"street": null, "location_type": "Intersection", "dispatch_ts": "2019-10-30T18:32:33+00:00", "timestamp_ms": 1572460353000}}, {"type": "Feature", "geometry": {"type": "Point", "coordinates": [-71.07144972219568, 42.274570005395816]}, "properties": {"street": "MORTON ST", "location_type": "Street", "dispatch_ts": "2019-09-11T20:07:42+00:00", "timestamp_ms": 1568232462000}}, {"type": "Feature", "geometry": {"type": "Point", "coordinates": [-71.0975016433909, 42.33100195902509]}, "properties": {"street": null, "location_type": "Intersection", "dispatch_ts": "2017-05-03T11:41:31+00:00", "timestamp_ms": 1493811691000}}, {"type": "Feature", "geometry": {"type": "Point", "coordinates": [-71.07435237099469, 42.33046006901704]}, "properties": {"street": "FARNHAM ST", "location_type": "Street", "dispatch_ts": "2019-06-19T22:42:49+00:00", "timestamp_ms": 1560984169000}}, {"type": "Feature", "geometry": {"type": "Point", "coordinates": [-71.06597464671913, 42.315107870686425]}, "properties": {"street": "HANCOCK ST", "location_type": "Street", "dispatch_ts": "2020-07-22T16:30:50+00:00", "timestamp_ms": 1595435450000}}, {"type": "Feature", "geometry": {"type": "Point", "coordinates": [-71.12630134202719, 42.28816476666642]}, "properties": {"street": null, "location_type": "Intersection", "dispatch_ts": "2018-06-07T13:18:10+00:00", "timestamp_ms": 1528377490000}}, {"type": "Feature", "geometry": {"type": "Point", "coordinates": [-71.1715910687905, 42.28747332050565]}, "properties": {"street": null, "location_type": "Intersection", "dispatch_ts": "2016-12-02T13:38:39+00:00", "timestamp_ms": 1480685919000}}, {"type": "Feature", "geometry": {"type": "Point", "coordinates": [-71.071913738005, 42.29390663548739]}, "properties": {"street": "WASHINGTON ST", "location_type": "Street", "dispatch_ts": "2015-05-17T11:46:49+00:00", "timestamp_ms": 1431863209000}}, {"type": "Feature", "geometry": {"type": "Point", "coordinates": [-71.08242804199776, 42.30975962096746]}, "properties": {"street": "BLUE HILL AVE", "location_type": "Street", "dispatch_ts": "2022-08-28T17:22:14+00:00", "timestamp_ms": 1661707334000}}, {"type": "Feature", "geometry": {"type": "Point", "coordinates": [-71.11465710988557, 42.32440287135224]}, "properties": {"street": null, "location_type": "Intersection", "dispatch_ts": "2022-02-10T19:45:40+00:00", "timestamp_ms": 1644522340000}}, {"type": "Feature", "geometry": {"type": "Point", "coordinates": [-71.11046508455277, 42.32106059111309]}, "properties": {"street": "CENTRE ST", "location_type": "Street", "dispatch_ts": "2024-09-05T15:17:04+00:00", "timestamp_ms": 1725549424000}}, {"type": "Feature", "geometry": {"type": "Point", "coordinates": [-71.07212419686832, 42.33254716094328]}, "properties": {"street": null, "location_type": "Intersection", "dispatch_ts": "2016-10-02T15:53:49+00:00", "timestamp_ms": 1475423629000}}, {"type": "Feature", "geometry": {"type": "Point", "coordinates": [-71.0657284502092, 42.342415317693956]}, "properties": {"street": "HARRISON AVE", "location_type": "Street", "dispatch_ts": "2019-11-05T16:14:24+00:00", "timestamp_ms": 1572970464000}}, {"type": "Feature", "geometry": {"type": "Point", "coordinates": [-71.12977673081532, 42.36319984551602]}, "properties": {"street": null, "location_type": "Intersection", "dispatch_ts": "2015-10-01T03:01:44+00:00", "timestamp_ms": 1443668504000}}, {"type": "Feature", "geometry": {"type": "Point", "coordinates": [-71.06000571664111, 42.300792177058305]}, "properties": {"street": "DORCHESTER AVE", "location_type": "Street", "dispatch_ts": "2025-05-06T12:29:16+00:00", "timestamp_ms": 1746534556000}}, {"type": "Feature", "geometry": {"type": "Point", "coordinates": [-71.08845820954288, 42.33492814122745]}, "properties": {"street": null, "location_type": "Intersection", "dispatch_ts": "2019-05-06T23:57:04+00:00", "timestamp_ms": 1557187024000}}, {"type": "Feature", "geometry": {"type": "Point", "coordinates": [-71.12126863855019, 42.351886419965325]}, "properties": {"street": null, "location_type": "Intersection", "dispatch_ts": "2018-08-07T16:57:31+00:00", "timestamp_ms": 1533661051000}}, {"type": "Feature", "geometry": {"type": "Point", "coordinates": [-71.13466591754845, 42.34685729450231]}, "properties": {"street": null, "location_type": "Intersection", "dispatch_ts": "2024-09-03T17:24:33+00:00", "timestamp_ms": 1725384273000}}, {"type": "Feature", "geometry": {"type": "Point", "coordinates": [-71.08205540870861, 42.29998975892074]}, "properties": {"street": null, "location_type": "Intersection", "dispatch_ts": "2021-04-24T21:24:00+00:00", "timestamp_ms": 1619299440000}}, {"type": "Feature", "geometry": {"type": "Point", "coordinates": [-71.0638683921693, 42.36250688798951]}, "properties": {"street": "STANIFORD ST", "location_type": "Street", "dispatch_ts": "2021-05-27T22:35:20+00:00", "timestamp_ms": 1622154920000}}, {"type": "Feature", "geometry": {"type": "Point", "coordinates": [-71.16470308363895, 42.349922540807206]}, "properties": {"street": null, "location_type": "Intersection", "dispatch_ts": "2023-10-04T22:18:34+00:00", "timestamp_ms": 1696457914000}}, {"type": "Feature", "geometry": {"type": "Point", "coordinates": [-71.05488677511069, 42.35609406382183]}, "properties": {"street": null, "location_type": "Intersection", "dispatch_ts": "2024-07-25T00:25:19+00:00", "timestamp_ms": 1721867119000}}, {"type": "Feature", "geometry": {"type": "Point", "coordinates": [-71.15039335433343, 42.33553916104743]}, "properties": {"street": null, "location_type": "Intersection", "dispatch_ts": "2017-10-21T20:00:57+00:00", "timestamp_ms": 1508616057000}}, {"type": "Feature", "geometry": {"type": "Point", "coordinates": [-71.0850258466602, 42.34284918462784]}, "properties": {"street": null, "location_type": "Intersection", "dispatch_ts": "2023-08-15T22:27:01+00:00", "timestamp_ms": 1692138421000}}, {"type": "Feature", "geometry": {"type": "Point", "coordinates": [-71.07939319008209, 42.33203814540713]}, "properties": {"street": null, "location_type": "Intersection", "dispatch_ts": "2023-10-05T18:49:12+00:00", "timestamp_ms": 1696531752000}}, {"type": "Feature", "geometry": {"type": "Point", "coordinates": [-71.06103916408678, 42.29722832026603]}, "properties": {"street": null, "location_type": "Intersection", "dispatch_ts": "2020-08-04T17:17:12+00:00", "timestamp_ms": 1596561432000}}, {"type": "Feature", "geometry": {"type": "Point", "coordinates": [-71.10466423772586, 42.34681217092992]}, "properties": {"street": null, "location_type": "Intersection", "dispatch_ts": "2016-09-21T22:55:49+00:00", "timestamp_ms": 1474498549000}}, {"type": "Feature", "geometry": {"type": "Point", "coordinates": [-71.07720121013833, 42.34431618324725]}, "properties": {"street": null, "location_type": "Intersection", "dispatch_ts": "2019-10-08T14:29:47+00:00", "timestamp_ms": 1570544987000}}, {"type": "Feature", "geometry": {"type": "Point", "coordinates": [-71.14896731809199, 42.34939841191459]}, "properties": {"street": null, "location_type": "Intersection", "dispatch_ts": "2017-10-14T06:26:46+00:00", "timestamp_ms": 1507962406000}}, {"type": "Feature", "geometry": {"type": "Point", "coordinates": [-71.0776521672731, 42.28289134500613]}, "properties": {"street": "EVANS ST", "location_type": "Street", "dispatch_ts": "2021-11-09T21:42:13+00:00", "timestamp_ms": 1636494133000}}, {"type": "Feature", "geometry": {"type": "Point", "coordinates": [-71.0954552496701, 42.337640162468446]}, "properties": {"street": null, "location_type": "Intersection", "dispatch_ts": "2023-10-10T18:43:14+00:00", "timestamp_ms": 1696963394000}}, {"type": "Feature", "geometry": {"type": "Point", "coordinates": [-71.03825633959245, 42.343720530005854]}, "properties": {"street": "SUMMER ST", "location_type": "Street", "dispatch_ts": "2024-09-15T04:20:06+00:00", "timestamp_ms": 1726374006000}}, {"type": "Feature", "geometry": {"type": "Point", "coordinates": [-71.06681836611916, 42.30067258280979]}, "properties": {"street": "GENEVA AVE", "location_type": "Street", "dispatch_ts": "2020-04-08T00:18:11+00:00", "timestamp_ms": 1586305091000}}, {"type": "Feature", "geometry": {"type": "Point", "coordinates": [-71.1490967223977, 42.356175205693965]}, "properties": {"street": null, "location_type": "Intersection", "dispatch_ts": "2015-09-14T23:32:55+00:00", "timestamp_ms": 1442273575000}}, {"type": "Feature", "geometry": {"type": "Point", "coordinates": [-71.09591022267189, 42.29198008178172]}, "properties": {"street": null, "location_type": "Intersection", "dispatch_ts": "2016-05-14T17:50:54+00:00", "timestamp_ms": 1463248254000}}, {"type": "Feature", "geometry": {"type": "Point", "coordinates": [-71.08809103101271, 42.30118123180019]}, "properties": {"street": "JEWISH WAR VETERANS DR", "location_type": "Street", "dispatch_ts": "2024-11-21T11:22:05+00:00", "timestamp_ms": 1732188125000}}, {"type": "Feature", "geometry": {"type": "Point", "coordinates": [-71.06212889192781, 42.330514357407935]}, "properties": {"street": "SOUTHAMPTON ST", "location_type": "Street", "dispatch_ts": "2024-09-25T19:36:26+00:00", "timestamp_ms": 1727292986000}}, {"type": "Feature", "geometry": {"type": "Point", "coordinates": [-71.08601372427238, 42.31917313732202]}, "properties": {"street": null, "location_type": "Intersection", "dispatch_ts": "2022-02-27T20:38:27+00:00", "timestamp_ms": 1645994307000}}, {"type": "Feature", "geometry": {"type": "Point", "coordinates": [-71.07762465807646, 42.29631143149043]}, "properties": {"street": "MILLET ST", "location_type": "Street", "dispatch_ts": "2015-07-20T01:05:53+00:00", "timestamp_ms": 1437354353000}}, {"type": "Feature", "geometry": {"type": "Point", "coordinates": [-71.10010923251177, 42.335832168420794]}, "properties": {"street": null, "location_type": "Intersection", "dispatch_ts": "2021-10-31T15:40:07+00:00", "timestamp_ms": 1635694807000}}, {"type": "Feature", "geometry": {"type": "Point", "coordinates": [-71.14768271416179, 42.34671970490577]}, "properties": {"street": "WASHINGTON ST", "location_type": "Street", "dispatch_ts": "2021-10-19T19:01:53+00:00", "timestamp_ms": 1634670113000}}, {"type": "Feature", "geometry": {"type": "Point", "coordinates": [-71.12371933998844, 42.36833400288524]}, "properties": {"street": null, "location_type": "Intersection", "dispatch_ts": "2018-05-29T03:31:16+00:00", "timestamp_ms": 1527564676000}}, {"type": "Feature", "geometry": {"type": "Point", "coordinates": [-71.06672263832809, 42.27713459273416]}, "properties": {"street": "DORCHESTER AVE", "location_type": "Street", "dispatch_ts": "2026-01-10T17:29:41+00:00", "timestamp_ms": 1768066181000}}, {"type": "Feature", "geometry": {"type": "Point", "coordinates": [-71.09018548420535, 42.35195532326663]}, "properties": {"street": "JAMES J STORROW MEMORIAL DR", "location_type": "Street", "dispatch_ts": "2022-08-27T22:58:05+00:00", "timestamp_ms": 1661641085000}}, {"type": "Feature", "geometry": {"type": "Point", "coordinates": [-71.07609533815052, 42.337130734268406]}, "properties": {"street": "WASHINGTON ST", "location_type": "Street", "dispatch_ts": "2023-08-02T05:03:33+00:00", "timestamp_ms": 1690952613000}}, {"type": "Feature", "geometry": {"type": "Point", "coordinates": [-71.12400858759523, 42.35200178327214]}, "properties": {"street": "COMMONWEALTH AVE", "location_type": "Street", "dispatch_ts": "2015-04-08T02:21:55+00:00", "timestamp_ms": 1428459715000}}, {"type": "Feature", "geometry": {"type": "Point", "coordinates": [-71.06014989836433, 42.36597489794687]}, "properties": {"street": null, "location_type": "Intersection", "dispatch_ts": "2016-02-16T20:22:28+00:00", "timestamp_ms": 1455654148000}}, {"type": "Feature", "geometry": {"type": "Point", "coordinates": [-71.0479011348172, 42.28115640896338]}, "properties": {"street": null, "location_type": "Intersection", "dispatch_ts": "2018-07-08T19:32:58+00:00", "timestamp_ms": 1531078378000}}, {"type": "Feature", "geometry": {"type": "Point", "coordinates": [-71.13735642950382, 42.28267696634389]}, "properties": {"street": null, "location_type": "Intersection", "dispatch_ts": "2022-08-08T19:52:07+00:00", "timestamp_ms": 1659988327000}}, {"type": "Feature", "geometry": {"type": "Point", "coordinates": [-71.0850258466602, 42.34284918462784]}, "properties": {"street": null, "location_type": "Intersection", "dispatch_ts": "2022-08-28T22:24:17+00:00", "timestamp_ms": 1661725457000}}, {"type": "Feature", "geometry": {"type": "Point", "coordinates": [-71.0897270750762, 42.344625021218455]}, "properties": {"street": null, "location_type": "Intersection", "dispatch_ts": "2019-04-17T21:23:53+00:00", "timestamp_ms": 1555536233000}}, {"type": "Feature", "geometry": {"type": "Point", "coordinates": [-71.05706928907259, 42.33862570854223]}, "properties": {"street": "DORCHESTER AVE", "location_type": "Street", "dispatch_ts": "2017-03-16T12:53:49+00:00", "timestamp_ms": 1489668829000}}, {"type": "Feature", "geometry": {"type": "Point", "coordinates": [-71.1126072865552, 42.301751093574595]}, "properties": {"street": null, "location_type": "Intersection", "dispatch_ts": "2016-05-23T11:10:24+00:00", "timestamp_ms": 1464001824000}}, {"type": "Feature", "geometry": {"type": "Point", "coordinates": [-71.07234905668807, 42.353259805780354]}, "properties": {"street": "COMMONWEALTH AVE", "location_type": "Street", "dispatch_ts": "2020-08-07T04:11:44+00:00", "timestamp_ms": 1596773504000}}, {"type": "Feature", "geometry": {"type": "Point", "coordinates": [-71.08593609167878, 42.32942456809089]}, "properties": {"street": null, "location_type": "Intersection", "dispatch_ts": "2023-07-25T00:10:14+00:00", "timestamp_ms": 1690243814000}}, {"type": "Feature", "geometry": {"type": "Point", "coordinates": [-71.0540164774906, 42.359269037200505]}, "properties": {"street": null, "location_type": "Intersection", "dispatch_ts": "2016-05-23T05:19:56+00:00", "timestamp_ms": 1463980796000}}, {"type": "Feature", "geometry": {"type": "Point", "coordinates": [-71.07717349271825, 42.29175733166888]}, "properties": {"street": null, "location_type": "Intersection", "dispatch_ts": "2015-05-20T02:02:30+00:00", "timestamp_ms": 1432087350000}}, {"type": "Feature", "geometry": {"type": "Point", "coordinates": [-71.10710074864787, 42.30082546540723]}, "properties": {"street": null, "location_type": "Intersection", "dispatch_ts": "2019-08-29T12:07:17+00:00", "timestamp_ms": 1567080437000}}, {"type": "Feature", "geometry": {"type": "Point", "coordinates": [-71.11688201499629, 42.29705278713938]}, "properties": {"street": "WASHINGTON ST", "location_type": "Street", "dispatch_ts": "2024-10-21T21:14:57+00:00", "timestamp_ms": 1729545297000}}, {"type": "Feature", "geometry": {"type": "Point", "coordinates": [-71.05368346380662, 42.34336442576174]}, "properties": {"street": "FIRST ST", "location_type": "Street", "dispatch_ts": "2019-05-19T20:11:38+00:00", "timestamp_ms": 1558296698000}}, {"type": "Feature", "geometry": {"type": "Point", "coordinates": [-71.08179451531741, 42.34890467109665]}, "properties": {"street": null, "location_type": "Intersection", "dispatch_ts": "2015-12-04T18:00:24+00:00", "timestamp_ms": 1449252024000}}, {"type": "Feature", "geometry": {"type": "Point", "coordinates": [-71.09124946314563, 42.33604347779593]}, "properties": {"street": null, "location_type": "Intersection", "dispatch_ts": "2024-10-23T22:52:05+00:00", "timestamp_ms": 1729723925000}}, {"type": "Feature", "geometry": {"type": "Point", "coordinates": [-71.07649053194295, 42.34484273938936]}, "properties": {"street": null, "location_type": "Intersection", "dispatch_ts": "2017-11-07T12:00:21+00:00", "timestamp_ms": 1510056021000}}, {"type": "Feature", "geometry": {"type": "Point", "coordinates": [-71.05893272692089, 42.29911301439367]}, "properties": {"street": null, "location_type": "Intersection", "dispatch_ts": "2018-06-29T02:16:42+00:00", "timestamp_ms": 1530238602000}}, {"type": "Feature", "geometry": {"type": "Point", "coordinates": [-71.07702219706704, 42.33646616628194]}, "properties": {"street": null, "location_type": "Intersection", "dispatch_ts": "2021-03-11T19:34:27+00:00", "timestamp_ms": 1615491267000}}, {"type": "Feature", "geometry": {"type": "Point", "coordinates": [-71.10971028128439, 42.30584675550597]}, "properties": {"street": "MCBRIDE ST", "location_type": "Street", "dispatch_ts": "2021-06-25T14:35:19+00:00", "timestamp_ms": 1624631719000}}, {"type": "Feature", "geometry": {"type": "Point", "coordinates": [-71.12675839879644, 42.35845037902195]}, "properties": {"street": null, "location_type": "Intersection", "dispatch_ts": "2024-07-21T03:18:12+00:00", "timestamp_ms": 1721531892000}}, {"type": "Feature", "geometry": {"type": "Point", "coordinates": [-71.0866779356683, 42.28193088634577]}, "properties": {"street": "NORFOLK ST", "location_type": "Street", "dispatch_ts": "2020-06-06T01:31:18+00:00", "timestamp_ms": 1591407078000}}, {"type": "Feature", "geometry": {"type": "Point", "coordinates": [-71.08258599809963, 42.323699481148736]}, "properties": {"street": "WARREN ST", "location_type": "Street", "dispatch_ts": "2015-10-12T20:04:34+00:00", "timestamp_ms": 1444680274000}}, {"type": "Feature", "geometry": {"type": "Point", "coordinates": [-71.13628417190787, 42.35404492779999]}, "properties": {"street": "CAMBRIDGE ST", "location_type": "Street", "dispatch_ts": "2016-04-09T15:26:29+00:00", "timestamp_ms": 1460215589000}}, {"type": "Feature", "geometry": {"type": "Point", "coordinates": [-71.07273095700693, 42.322443161718034]}, "properties": {"street": "DUDLEY ST", "location_type": "Street", "dispatch_ts": "2016-03-18T09:48:27+00:00", "timestamp_ms": 1458294507000}}, {"type": "Feature", "geometry": {"type": "Point", "coordinates": [-71.12522031938556, 42.352129184049474]}, "properties": {"street": null, "location_type": "Intersection", "dispatch_ts": "2018-04-08T17:06:16+00:00", "timestamp_ms": 1523207176000}}, {"type": "Feature", "geometry": {"type": "Point", "coordinates": [-71.0723120025414, 42.35551571111943]}, "properties": {"street": null, "location_type": "Intersection", "dispatch_ts": "2021-07-27T21:46:27+00:00", "timestamp_ms": 1627422387000}}, {"type": "Feature", "geometry": {"type": "Point", "coordinates": [-71.0717540762779, 42.36400444782005]}, "properties": {"street": null, "location_type": "Other", "dispatch_ts": "2016-08-17T18:01:57+00:00", "timestamp_ms": 1471456917000}}, {"type": "Feature", "geometry": {"type": "Point", "coordinates": [-71.06982967217742, 42.34529046364306]}, "properties": {"street": null, "location_type": "Intersection", "dispatch_ts": "2023-12-09T20:54:35+00:00", "timestamp_ms": 1702155275000}}, {"type": "Feature", "geometry": {"type": "Point", "coordinates": [-71.06193786573692, 42.37168219998021]}, "properties": {"street": null, "location_type": "Other", "dispatch_ts": "2020-04-14T19:52:42+00:00", "timestamp_ms": 1586893962000}}, {"type": "Feature", "geometry": {"type": "Point", "coordinates": [-71.03715965868655, 42.37130458664272]}, "properties": {"street": null, "location_type": "Intersection", "dispatch_ts": "2017-12-04T02:30:52+00:00", "timestamp_ms": 1512354652000}}, {"type": "Feature", "geometry": {"type": "Point", "coordinates": [-71.0875034959286, 42.3341504636213]}, "properties": {"street": "RUGGLES ST", "location_type": "Street", "dispatch_ts": "2018-06-06T13:24:29+00:00", "timestamp_ms": 1528291469000}}, {"type": "Feature", "geometry": {"type": "Point", "coordinates": [-71.08914925068326, 42.3238076204042]}, "properties": {"street": "WASHINGTON ST", "location_type": "Street", "dispatch_ts": "2020-06-12T23:54:22+00:00", "timestamp_ms": 1592006062000}}, {"type": "Feature", "geometry": {"type": "Point", "coordinates": [-71.11462038257726, 42.3108532272547]}, "properties": {"street": "CENTRE ST", "location_type": "Street", "dispatch_ts": "2018-10-02T16:45:42+00:00", "timestamp_ms": 1538498742000}}, {"type": "Feature", "geometry": {"type": "Point", "coordinates": [-71.07737338183068, 42.33619276303998]}, "properties": {"street": "WASHINGTON ST", "location_type": "Street", "dispatch_ts": "2015-08-18T23:09:37+00:00", "timestamp_ms": 1439939377000}}, {"type": "Feature", "geometry": {"type": "Point", "coordinates": [-71.07087701999015, 42.32630241354249]}, "properties": {"street": null, "location_type": "Intersection", "dispatch_ts": "2026-04-09T11:38:18+00:00", "timestamp_ms": 1775734698000}}, {"type": "Feature", "geometry": {"type": "Point", "coordinates": [-71.1720056420152, 42.28376131724367]}, "properties": {"street": "VFW PKWY", "location_type": "Street", "dispatch_ts": "2016-05-22T22:17:55+00:00", "timestamp_ms": 1463955475000}}, {"type": "Feature", "geometry": {"type": "Point", "coordinates": [-71.07918552796426, 42.34270598226865]}, "properties": {"street": null, "location_type": "Intersection", "dispatch_ts": "2024-12-13T12:06:40+00:00", "timestamp_ms": 1734091600000}}, {"type": "Feature", "geometry": {"type": "Point", "coordinates": [-71.09574122099504, 42.33774615756984]}, "properties": {"street": null, "location_type": "Intersection", "dispatch_ts": "2016-06-10T20:52:36+00:00", "timestamp_ms": 1465591956000}}, {"type": "Feature", "geometry": {"type": "Point", "coordinates": [-71.07342099408642, 42.33359095305056]}, "properties": {"street": null, "location_type": "Intersection", "dispatch_ts": "2019-11-16T17:37:15+00:00", "timestamp_ms": 1573925835000}}, {"type": "Feature", "geometry": {"type": "Point", "coordinates": [-71.0850258466602, 42.34284918462784]}, "properties": {"street": null, "location_type": "Intersection", "dispatch_ts": "2015-08-14T21:13:02+00:00", "timestamp_ms": 1439586782000}}, {"type": "Feature", "geometry": {"type": "Point", "coordinates": [-71.07840311140149, 42.33772660270469]}, "properties": {"street": "MASSACHUSETTS AVE", "location_type": "Street", "dispatch_ts": "2021-09-12T07:49:35+00:00", "timestamp_ms": 1631432975000}}, {"type": "Feature", "geometry": {"type": "Point", "coordinates": [-71.12140984503952, 42.28721917862533]}, "properties": {"street": null, "location_type": "Intersection", "dispatch_ts": "2022-06-15T23:53:23+00:00", "timestamp_ms": 1655337203000}}, {"type": "Feature", "geometry": {"type": "Point", "coordinates": [-71.06289015150102, 42.35565209264844]}, "properties": {"street": null, "location_type": "Intersection", "dispatch_ts": "2024-11-19T23:12:59+00:00", "timestamp_ms": 1732057979000}}, {"type": "Feature", "geometry": {"type": "Point", "coordinates": [-71.13130245758506, 42.29743895423819]}, "properties": {"street": "CENTRE ST", "location_type": "Street", "dispatch_ts": "2024-04-15T19:51:23+00:00", "timestamp_ms": 1713210683000}}, {"type": "Feature", "geometry": {"type": "Point", "coordinates": [-71.07156645292213, 42.34159790376988]}, "properties": {"street": null, "location_type": "Intersection", "dispatch_ts": "2015-10-21T17:47:58+00:00", "timestamp_ms": 1445449678000}}, {"type": "Feature", "geometry": {"type": "Point", "coordinates": [-71.08813107672003, 42.3360920963896]}, "properties": {"street": "COLUMBUS AVE", "location_type": "Street", "dispatch_ts": "2016-08-11T14:11:57+00:00", "timestamp_ms": 1470924717000}}, {"type": "Feature", "geometry": {"type": "Point", "coordinates": [-71.0567641562002, 42.32073412717093]}, "properties": {"street": null, "location_type": "Intersection", "dispatch_ts": "2015-05-24T16:26:32+00:00", "timestamp_ms": 1432484792000}}, {"type": "Feature", "geometry": {"type": "Point", "coordinates": [-71.11276399364104, 42.3179123535092]}, "properties": {"street": null, "location_type": "Intersection", "dispatch_ts": "2016-12-25T03:18:14+00:00", "timestamp_ms": 1482635894000}}, {"type": "Feature", "geometry": {"type": "Point", "coordinates": [-71.04337326008533, 42.31822908729005]}, "properties": {"street": "MOUNT VERNON ST", "location_type": "Street", "dispatch_ts": "2015-06-03T20:37:43+00:00", "timestamp_ms": 1433363863000}}, {"type": "Feature", "geometry": {"type": "Point", "coordinates": [-71.0643515979202, 42.30873677273434]}, "properties": {"street": null, "location_type": "Intersection", "dispatch_ts": "2019-10-03T21:17:05+00:00", "timestamp_ms": 1570137425000}}, {"type": "Feature", "geometry": {"type": "Point", "coordinates": [-71.05959315598547, 42.363188204887216]}, "properties": {"street": null, "location_type": "Intersection", "dispatch_ts": "2018-03-26T12:40:34+00:00", "timestamp_ms": 1522068034000}}, {"type": "Feature", "geometry": {"type": "Point", "coordinates": [-71.1107381844917, 42.35204825372744]}, "properties": {"street": null, "location_type": "Other", "dispatch_ts": "2021-02-25T22:40:40+00:00", "timestamp_ms": 1614292840000}}, {"type": "Feature", "geometry": {"type": "Point", "coordinates": [-71.09805175569427, 42.32873457226326]}, "properties": {"street": "TERRACE ST", "location_type": "Street", "dispatch_ts": "2015-01-05T13:08:13+00:00", "timestamp_ms": 1420463293000}}, {"type": "Feature", "geometry": {"type": "Point", "coordinates": [-71.1107381844917, 42.35204825372744]}, "properties": {"street": null, "location_type": "Other", "dispatch_ts": "2021-06-02T17:16:28+00:00", "timestamp_ms": 1622654188000}}, {"type": "Feature", "geometry": {"type": "Point", "coordinates": [-71.1617653876547, 42.35818620984865]}, "properties": {"street": null, "location_type": "Intersection", "dispatch_ts": "2015-08-25T01:21:04+00:00", "timestamp_ms": 1440465664000}}, {"type": "Feature", "geometry": {"type": "Point", "coordinates": [-71.08528775791503, 42.3017920100625]}, "properties": {"street": null, "location_type": "Intersection", "dispatch_ts": "2019-07-30T02:29:52+00:00", "timestamp_ms": 1564453792000}}, {"type": "Feature", "geometry": {"type": "Point", "coordinates": [-71.03960265491493, 42.349114754577975]}, "properties": {"street": "NORTHERN AVE", "location_type": "Street", "dispatch_ts": "2015-06-28T01:12:17+00:00", "timestamp_ms": 1435453937000}}, {"type": "Feature", "geometry": {"type": "Point", "coordinates": [-71.06651945785528, 42.289312247246144]}, "properties": {"street": "WAINWRIGHT ST", "location_type": "Street", "dispatch_ts": "2015-08-10T22:14:05+00:00", "timestamp_ms": 1439244845000}}, {"type": "Feature", "geometry": {"type": "Point", "coordinates": [-71.08440815631653, 42.33707944767789]}, "properties": {"street": "TREMONT ST", "location_type": "Street", "dispatch_ts": "2025-08-02T16:50:42+00:00", "timestamp_ms": 1754153442000}}, {"type": "Feature", "geometry": {"type": "Point", "coordinates": [-71.05234454008533, 42.36139860932748]}, "properties": {"street": "ATLANTIC AVE", "location_type": "Street", "dispatch_ts": "2019-07-19T01:30:21+00:00", "timestamp_ms": 1563499821000}}, {"type": "Feature", "geometry": {"type": "Point", "coordinates": [-71.05899814363265, 42.36355220584664]}, "properties": {"street": null, "location_type": "Intersection", "dispatch_ts": "2017-06-15T18:12:23+00:00", "timestamp_ms": 1497550343000}}, {"type": "Feature", "geometry": {"type": "Point", "coordinates": [-71.09947708842635, 42.31461035531381]}, "properties": {"street": null, "location_type": "Intersection", "dispatch_ts": "2020-02-12T21:57:52+00:00", "timestamp_ms": 1581544672000}}, {"type": "Feature", "geometry": {"type": "Point", "coordinates": [-71.07500718912725, 42.3290968526932]}, "properties": {"street": null, "location_type": "Intersection", "dispatch_ts": "2016-02-23T13:04:55+00:00", "timestamp_ms": 1456232695000}}, {"type": "Feature", "geometry": {"type": "Point", "coordinates": [-71.08760583575504, 42.322063029546335]}, "properties": {"street": null, "location_type": "Intersection", "dispatch_ts": "2017-04-03T18:15:31+00:00", "timestamp_ms": 1491243331000}}, {"type": "Feature", "geometry": {"type": "Point", "coordinates": [-71.10220163504204, 42.34937399693749]}, "properties": {"street": "COMMONWEALTH AVE", "location_type": "Street", "dispatch_ts": "2018-03-23T23:20:41+00:00", "timestamp_ms": 1521847241000}}, {"type": "Feature", "geometry": {"type": "Point", "coordinates": [-71.0509495428782, 42.36258895100321]}, "properties": {"street": null, "location_type": "Intersection", "dispatch_ts": "2022-10-16T16:47:43+00:00", "timestamp_ms": 1665938863000}}, {"type": "Feature", "geometry": {"type": "Point", "coordinates": [-71.0444300009593, 42.347343999893965]}, "properties": {"street": "SUMMER ST", "location_type": "Street", "dispatch_ts": "2023-06-24T22:43:08+00:00", "timestamp_ms": 1687646588000}}, {"type": "Feature", "geometry": {"type": "Point", "coordinates": [-71.03929007079122, 42.3839838035472]}, "properties": {"street": null, "location_type": "Other", "dispatch_ts": "2021-09-09T15:27:50+00:00", "timestamp_ms": 1631201270000}}, {"type": "Feature", "geometry": {"type": "Point", "coordinates": [-71.1541308058929, 42.34217772106256]}, "properties": {"street": "CHESTNUT HILL AVE", "location_type": "Street", "dispatch_ts": "2015-04-20T08:47:14+00:00", "timestamp_ms": 1429519634000}}, {"type": "Feature", "geometry": {"type": "Point", "coordinates": [-71.04074812133616, 42.349604192657495]}, "properties": {"street": null, "location_type": "Intersection", "dispatch_ts": "2025-09-18T21:25:43+00:00", "timestamp_ms": 1758230743000}}, {"type": "Feature", "geometry": {"type": "Point", "coordinates": [-71.07481517929324, 42.33119414860143]}, "properties": {"street": null, "location_type": "Intersection", "dispatch_ts": "2015-07-15T18:12:31+00:00", "timestamp_ms": 1436983951000}}, {"type": "Feature", "geometry": {"type": "Point", "coordinates": [-71.06124914596076, 42.34384916633303]}, "properties": {"street": null, "location_type": "Intersection", "dispatch_ts": "2020-08-03T23:05:13+00:00", "timestamp_ms": 1596495913000}}, {"type": "Feature", "geometry": {"type": "Point", "coordinates": [-71.05955209055575, 42.30260492289965]}, "properties": {"street": "DORCHESTER AVE", "location_type": "Street", "dispatch_ts": "2024-01-02T13:33:58+00:00", "timestamp_ms": 1704202438000}}, {"type": "Feature", "geometry": {"type": "Point", "coordinates": [-71.10311322851362, 42.31661146170839]}, "properties": {"street": null, "location_type": "Intersection", "dispatch_ts": "2018-07-10T02:28:27+00:00", "timestamp_ms": 1531189707000}}, {"type": "Feature", "geometry": {"type": "Point", "coordinates": [-71.08596666056562, 42.30062724630702]}, "properties": {"street": "BLUE HILL AVE", "location_type": "Street", "dispatch_ts": "2020-09-22T20:35:35+00:00", "timestamp_ms": 1600806935000}}, {"type": "Feature", "geometry": {"type": "Point", "coordinates": [-71.0463841394128, 42.31246610411064]}, "properties": {"street": null, "location_type": "Intersection", "dispatch_ts": "2016-06-26T16:35:16+00:00", "timestamp_ms": 1466958916000}}, {"type": "Feature", "geometry": {"type": "Point", "coordinates": [-71.07803581691887, 42.337374099870146]}, "properties": {"street": null, "location_type": "Intersection", "dispatch_ts": "2020-03-06T12:40:19+00:00", "timestamp_ms": 1583498419000}}, {"type": "Feature", "geometry": {"type": "Point", "coordinates": [-71.05696052947988, 42.33089514768499]}, "properties": {"street": null, "location_type": "Intersection", "dispatch_ts": "2019-09-13T19:31:44+00:00", "timestamp_ms": 1568403104000}}, {"type": "Feature", "geometry": {"type": "Point", "coordinates": [-71.0623690882098, 42.305283859521445]}, "properties": {"street": "JULIETTE ST", "location_type": "Street", "dispatch_ts": "2020-10-10T12:51:16+00:00", "timestamp_ms": 1602334276000}}, {"type": "Feature", "geometry": {"type": "Point", "coordinates": [-71.10286543980605, 42.347287926451855]}, "properties": {"street": "BEACON ST", "location_type": "Street", "dispatch_ts": "2016-06-21T22:14:15+00:00", "timestamp_ms": 1466547255000}}, {"type": "Feature", "geometry": {"type": "Point", "coordinates": [-71.12021965299287, 42.27131908575261]}, "properties": {"street": "HYDE PARK AVE", "location_type": "Street", "dispatch_ts": "2018-02-18T02:34:12+00:00", "timestamp_ms": 1518921252000}}, {"type": "Feature", "geometry": {"type": "Point", "coordinates": [-71.04841533529859, 42.35313075845314]}, "properties": {"street": null, "location_type": "Intersection", "dispatch_ts": "2021-06-11T13:55:11+00:00", "timestamp_ms": 1623419711000}}, {"type": "Feature", "geometry": {"type": "Point", "coordinates": [-71.15024334118877, 42.35490558593462]}, "properties": {"street": "FANEUIL ST", "location_type": "Street", "dispatch_ts": "2021-12-01T05:08:09+00:00", "timestamp_ms": 1638335289000}}, {"type": "Feature", "geometry": {"type": "Point", "coordinates": [-71.16274785217973, 42.345531988634896]}, "properties": {"street": "LAKE ST", "location_type": "Street", "dispatch_ts": "2021-05-19T19:02:04+00:00", "timestamp_ms": 1621450924000}}, {"type": "Feature", "geometry": {"type": "Point", "coordinates": [-71.05897542173986, 42.30515779822895]}, "properties": {"street": null, "location_type": "Intersection", "dispatch_ts": "2020-02-14T21:23:59+00:00", "timestamp_ms": 1581715439000}}, {"type": "Feature", "geometry": {"type": "Point", "coordinates": [-71.06022802108403, 42.30229349423172]}, "properties": {"street": "ADAMS ST", "location_type": "Street", "dispatch_ts": "2018-08-02T11:26:42+00:00", "timestamp_ms": 1533209202000}}, {"type": "Feature", "geometry": {"type": "Point", "coordinates": [-71.05872267894081, 42.30629358253529]}, "properties": {"street": "DORCHESTER AVE", "location_type": "Street", "dispatch_ts": "2025-06-03T14:04:10+00:00", "timestamp_ms": 1748959450000}}, {"type": "Feature", "geometry": {"type": "Point", "coordinates": [-71.07054277613334, 42.29708106649452]}, "properties": {"street": null, "location_type": "Intersection", "dispatch_ts": "2015-05-04T19:37:16+00:00", "timestamp_ms": 1430768236000}}, {"type": "Feature", "geometry": {"type": "Point", "coordinates": [-71.09145515485486, 42.35183084918199]}, "properties": {"street": null, "location_type": "Intersection", "dispatch_ts": "2021-04-10T22:11:50+00:00", "timestamp_ms": 1618092710000}}, {"type": "Feature", "geometry": {"type": "Point", "coordinates": [-71.08870958858984, 42.28611417953346]}, "properties": {"street": "WOODROW AVE", "location_type": "Street", "dispatch_ts": "2015-01-20T13:25:47+00:00", "timestamp_ms": 1421760347000}}, {"type": "Feature", "geometry": {"type": "Point", "coordinates": [-71.10604446244054, 42.31485296849013]}, "properties": {"street": null, "location_type": "Intersection", "dispatch_ts": "2018-10-02T22:26:08+00:00", "timestamp_ms": 1538519168000}}, {"type": "Feature", "geometry": {"type": "Point", "coordinates": [-71.12835972247309, 42.35262987796784]}, "properties": {"street": null, "location_type": "Intersection", "dispatch_ts": "2015-09-08T04:57:41+00:00", "timestamp_ms": 1441688261000}}, {"type": "Feature", "geometry": {"type": "Point", "coordinates": [-71.11277918732614, 42.3506520036509]}, "properties": {"street": "COMMONWEALTH AVE", "location_type": "Street", "dispatch_ts": "2017-06-27T07:24:59+00:00", "timestamp_ms": 1498548299000}}, {"type": "Feature", "geometry": {"type": "Point", "coordinates": [-71.05680540884488, 42.32252114323408]}, "properties": {"street": null, "location_type": "Intersection", "dispatch_ts": "2015-06-16T00:55:51+00:00", "timestamp_ms": 1434416151000}}, {"type": "Feature", "geometry": {"type": "Point", "coordinates": [-71.12750984892158, 42.35070779383047]}, "properties": {"street": "COMMONWEALTH AVE", "location_type": "Street", "dispatch_ts": "2023-10-13T23:50:02+00:00", "timestamp_ms": 1697241002000}}, {"type": "Feature", "geometry": {"type": "Point", "coordinates": [-71.08589701367075, 42.3421099298718]}, "properties": {"street": "HUNTINGTON AVE", "location_type": "Street", "dispatch_ts": "2018-06-18T16:45:00+00:00", "timestamp_ms": 1529340300000}}, {"type": "Feature", "geometry": {"type": "Point", "coordinates": [-71.08875369176943, 42.28611696812815]}, "properties": {"street": null, "location_type": "Intersection", "dispatch_ts": "2024-11-18T01:02:52+00:00", "timestamp_ms": 1731891772000}}, {"type": "Feature", "geometry": {"type": "Point", "coordinates": [-71.0868370416476, 42.34841871089138]}, "properties": {"street": "NEWBURY ST", "location_type": "Street", "dispatch_ts": "2017-06-17T18:43:21+00:00", "timestamp_ms": 1497725001000}}, {"type": "Feature", "geometry": {"type": "Point", "coordinates": [-71.11752429146709, 42.36010418886195]}, "properties": {"street": "SOLDIERS FIELD RD", "location_type": "Street", "dispatch_ts": "2022-08-15T11:40:45+00:00", "timestamp_ms": 1660563645000}}, {"type": "Feature", "geometry": {"type": "Point", "coordinates": [-71.09279586106638, 42.32020944468704]}, "properties": {"street": "CODMAN PARK", "location_type": "Street", "dispatch_ts": "2016-06-05T06:29:01+00:00", "timestamp_ms": 1465108141000}}, {"type": "Feature", "geometry": {"type": "Point", "coordinates": [-71.06051644930034, 42.32226371986712]}, "properties": {"street": "SAINT MARGARET ST", "location_type": "Street", "dispatch_ts": "2017-08-09T14:02:50+00:00", "timestamp_ms": 1502287370000}}, {"type": "Feature", "geometry": {"type": "Point", "coordinates": [-71.037581949371, 42.366051280845255]}, "properties": {"street": "MARGINAL ST", "location_type": "Street", "dispatch_ts": "2025-07-14T18:32:14+00:00", "timestamp_ms": 1752517934000}}, {"type": "Feature", "geometry": {"type": "Point", "coordinates": [-71.09370111752024, 42.29165686658727]}, "properties": {"street": "OSPREY WAY", "location_type": "Street", "dispatch_ts": "2024-10-11T17:26:22+00:00", "timestamp_ms": 1728667582000}}, {"type": "Feature", "geometry": {"type": "Point", "coordinates": [-71.13408229271674, 42.34987246373958]}, "properties": {"street": "GLENVILLE AVE", "location_type": "Street", "dispatch_ts": "2024-05-09T03:18:51+00:00", "timestamp_ms": 1715224731000}}, {"type": "Feature", "geometry": {"type": "Point", "coordinates": [-71.06269065420486, 42.31975079410467]}, "properties": {"street": "COLUMBIA RD", "location_type": "Street", "dispatch_ts": "2023-09-14T22:40:10+00:00", "timestamp_ms": 1694731210000}}, {"type": "Feature", "geometry": {"type": "Point", "coordinates": [-71.08284121000747, 42.34140359944468]}, "properties": {"street": "MASSACHUSETTS AVE", "location_type": "Street", "dispatch_ts": "2015-12-04T01:11:30+00:00", "timestamp_ms": 1449191490000}}, {"type": "Feature", "geometry": {"type": "Point", "coordinates": [-71.09735585776949, 42.26985017476158]}, "properties": {"street": "CUMMINS HWY", "location_type": "Street", "dispatch_ts": "2024-11-20T22:50:24+00:00", "timestamp_ms": 1732143024000}}, {"type": "Feature", "geometry": {"type": "Point", "coordinates": [-71.11771952512939, 42.31189720105276]}, "properties": {"street": "ELIOT ST", "location_type": "Street", "dispatch_ts": "2024-05-17T11:10:02+00:00", "timestamp_ms": 1715944202000}}, {"type": "Feature", "geometry": {"type": "Point", "coordinates": [-71.11109551286684, 42.32962350766265]}, "properties": {"street": "HUNTINGTON AVE", "location_type": "Street", "dispatch_ts": "2024-06-28T14:50:53+00:00", "timestamp_ms": 1719586253000}}, {"type": "Feature", "geometry": {"type": "Point", "coordinates": [-71.07389537945672, 42.281463467596495]}, "properties": {"street": "FULLER ST", "location_type": "Street", "dispatch_ts": "2015-11-08T15:40:45+00:00", "timestamp_ms": 1446997245000}}, {"type": "Feature", "geometry": {"type": "Point", "coordinates": [-71.07801464943265, 42.33562321062031]}, "properties": {"street": "WASHINGTON ST", "location_type": "Street", "dispatch_ts": "2025-12-10T12:55:12+00:00", "timestamp_ms": 1765371312000}}, {"type": "Feature", "geometry": {"type": "Point", "coordinates": [-71.13097216695529, 42.35292665837123]}, "properties": {"street": "BRIGHTON AVE", "location_type": "Street", "dispatch_ts": "2023-09-13T22:11:55+00:00", "timestamp_ms": 1694643115000}}, {"type": "Feature", "geometry": {"type": "Point", "coordinates": [-71.08274163741525, 42.32861313791138]}, "properties": {"street": null, "location_type": "Intersection", "dispatch_ts": "2026-01-14T04:07:35+00:00", "timestamp_ms": 1768363655000}}, {"type": "Feature", "geometry": {"type": "Point", "coordinates": [-71.07107060196864, 42.31342182210509]}, "properties": {"street": "ALEXANDER ST", "location_type": "Street", "dispatch_ts": "2018-01-13T00:29:24+00:00", "timestamp_ms": 1515803364000}}, {"type": "Feature", "geometry": {"type": "Point", "coordinates": [-71.0850258466602, 42.34284918462784]}, "properties": {"street": null, "location_type": "Intersection", "dispatch_ts": "2026-02-28T16:32:55+00:00", "timestamp_ms": 1772296375000}}, {"type": "Feature", "geometry": {"type": "Point", "coordinates": [-71.11696848691572, 42.32021140468172]}, "properties": {"street": null, "location_type": "Intersection", "dispatch_ts": "2018-10-10T05:36:39+00:00", "timestamp_ms": 1539149799000}}, {"type": "Feature", "geometry": {"type": "Point", "coordinates": [-71.08467928259357, 42.33475157912551]}, "properties": {"street": null, "location_type": "Intersection", "dispatch_ts": "2021-08-06T22:11:56+00:00", "timestamp_ms": 1628287916000}}, {"type": "Feature", "geometry": {"type": "Point", "coordinates": [-71.12932840880603, 42.29651428118543]}, "properties": {"street": null, "location_type": "Intersection", "dispatch_ts": "2020-07-26T14:32:02+00:00", "timestamp_ms": 1595773922000}}, {"type": "Feature", "geometry": {"type": "Point", "coordinates": [-71.12371933998844, 42.36833400288524]}, "properties": {"street": null, "location_type": "Intersection", "dispatch_ts": "2016-08-16T00:25:00+00:00", "timestamp_ms": 1471307100000}}, {"type": "Feature", "geometry": {"type": "Point", "coordinates": [-71.15259720512499, 42.34908272524479]}, "properties": {"street": null, "location_type": "Intersection", "dispatch_ts": "2017-06-02T12:59:30+00:00", "timestamp_ms": 1496408370000}}, {"type": "Feature", "geometry": {"type": "Point", "coordinates": [-71.11277918732614, 42.3506520036509]}, "properties": {"street": "COMMONWEALTH AVE", "location_type": "Street", "dispatch_ts": "2017-04-20T00:41:46+00:00", "timestamp_ms": 1492648906000}}, {"type": "Feature", "geometry": {"type": "Point", "coordinates": [-71.09270386179867, 42.335641415490194]}, "properties": {"street": "ANNUNCIATION RD", "location_type": "Street", "dispatch_ts": "2025-05-22T00:02:54+00:00", "timestamp_ms": 1747872174000}}, {"type": "Feature", "geometry": {"type": "Point", "coordinates": [-71.15304809826502, 42.3451264586891]}, "properties": {"street": null, "location_type": "Intersection", "dispatch_ts": "2015-06-25T23:08:11+00:00", "timestamp_ms": 1435273691000}}, {"type": "Feature", "geometry": {"type": "Point", "coordinates": [-71.08406513204291, 42.34220375919181]}, "properties": {"street": null, "location_type": "Intersection", "dispatch_ts": "2019-06-14T13:16:32+00:00", "timestamp_ms": 1560518192000}}, {"type": "Feature", "geometry": {"type": "Point", "coordinates": [-71.08328650678628, 42.32964683917707]}, "properties": {"street": "WARREN ST", "location_type": "Street", "dispatch_ts": "2022-03-01T17:14:52+00:00", "timestamp_ms": 1646154892000}}, {"type": "Feature", "geometry": {"type": "Point", "coordinates": [-71.05309872376219, 42.30323433309051]}, "properties": {"street": "FREEPORT ST", "location_type": "Street", "dispatch_ts": "2019-03-08T14:01:49+00:00", "timestamp_ms": 1552053709000}}, {"type": "Feature", "geometry": {"type": "Point", "coordinates": [-71.09489555518954, 42.3507078933076]}, "properties": {"street": "JAMES J STORROW MEMORIAL DR", "location_type": "Street", "dispatch_ts": "2025-02-27T23:51:08+00:00", "timestamp_ms": 1740700268000}}, {"type": "Feature", "geometry": {"type": "Point", "coordinates": [-71.08819021665852, 42.33518916083926]}, "properties": {"street": null, "location_type": "Intersection", "dispatch_ts": "2023-04-21T20:40:43+00:00", "timestamp_ms": 1682109643000}}, {"type": "Feature", "geometry": {"type": "Point", "coordinates": [-71.15160413184984, 42.33662927984868]}, "properties": {"street": "CHESTNUT HILL AVE", "location_type": "Street", "dispatch_ts": "2016-07-30T12:32:06+00:00", "timestamp_ms": 1469881926000}}, {"type": "Feature", "geometry": {"type": "Point", "coordinates": [-71.06675537844065, 42.330068874995426]}, "properties": {"street": "NEWMARKET SQ", "location_type": "Street", "dispatch_ts": "2025-10-02T14:03:56+00:00", "timestamp_ms": 1759413836000}}, {"type": "Feature", "geometry": {"type": "Point", "coordinates": [-71.06368333550748, 42.320190915505734]}, "properties": {"street": "CAWFIELD ST", "location_type": "Street", "dispatch_ts": "2016-09-22T21:57:24+00:00", "timestamp_ms": 1474581444000}}, {"type": "Feature", "geometry": {"type": "Point", "coordinates": [-71.07233091034814, 42.3102271106815]}, "properties": {"street": null, "location_type": "Intersection", "dispatch_ts": "2022-10-07T18:11:43+00:00", "timestamp_ms": 1665166303000}}, {"type": "Feature", "geometry": {"type": "Point", "coordinates": [-71.07346021786326, 42.33356601748208]}, "properties": {"street": null, "location_type": "Intersection", "dispatch_ts": "2021-09-07T13:49:47+00:00", "timestamp_ms": 1631022587000}}, {"type": "Feature", "geometry": {"type": "Point", "coordinates": [-71.1617653876547, 42.35818620984865]}, "properties": {"street": null, "location_type": "Intersection", "dispatch_ts": "2016-11-16T12:23:41+00:00", "timestamp_ms": 1479299021000}}, {"type": "Feature", "geometry": {"type": "Point", "coordinates": [-71.15395940830204, 42.35225791191033]}, "properties": {"street": "ARLINGTON ST", "location_type": "Street", "dispatch_ts": "2018-08-07T10:09:52+00:00", "timestamp_ms": 1533636592000}}, {"type": "Feature", "geometry": {"type": "Point", "coordinates": [-71.05676795027692, 42.357576782131034]}, "properties": {"street": "WATER ST", "location_type": "Street", "dispatch_ts": "2023-07-17T13:37:58+00:00", "timestamp_ms": 1689601078000}}, {"type": "Feature", "geometry": {"type": "Point", "coordinates": [-71.0684323464102, 42.36452271917121]}, "properties": {"street": "EMERSON PL", "location_type": "Street", "dispatch_ts": "2023-07-12T18:16:16+00:00", "timestamp_ms": 1689185776000}}, {"type": "Feature", "geometry": {"type": "Point", "coordinates": [-71.07686513402835, 42.335365487619455]}, "properties": {"street": "NORTHAMPTON ST", "location_type": "Street", "dispatch_ts": "2025-10-09T16:44:48+00:00", "timestamp_ms": 1760028288000}}, {"type": "Feature", "geometry": {"type": "Point", "coordinates": [-71.06777832052757, 42.30561823158237]}, "properties": {"street": "BOWDOIN ST", "location_type": "Street", "dispatch_ts": "2016-09-09T16:46:44+00:00", "timestamp_ms": 1473439604000}}, {"type": "Feature", "geometry": {"type": "Point", "coordinates": [-71.05259099155035, 42.345071117674784]}, "properties": {"street": null, "location_type": "Intersection", "dispatch_ts": "2023-01-24T11:57:58+00:00", "timestamp_ms": 1674561478000}}, {"type": "Feature", "geometry": {"type": "Point", "coordinates": [-71.07513261424633, 42.3615363515024]}, "properties": {"street": null, "location_type": "Other", "dispatch_ts": "2019-09-05T21:36:25+00:00", "timestamp_ms": 1567719385000}}, {"type": "Feature", "geometry": {"type": "Point", "coordinates": [-71.1605890692516, 42.34014924163087]}, "properties": {"street": null, "location_type": "Intersection", "dispatch_ts": "2017-05-17T22:55:12+00:00", "timestamp_ms": 1495061712000}}, {"type": "Feature", "geometry": {"type": "Point", "coordinates": [-71.09289786819765, 42.329057799264554]}, "properties": {"street": "HIGHLAND AVE", "location_type": "Street", "dispatch_ts": "2016-06-27T00:37:20+00:00", "timestamp_ms": 1466987840000}}, {"type": "Feature", "geometry": {"type": "Point", "coordinates": [-71.05242325238466, 42.32353644409659]}, "properties": {"street": "OLD COLONY AVE", "location_type": "Street", "dispatch_ts": "2019-02-05T00:30:18+00:00", "timestamp_ms": 1549326618000}}, {"type": "Feature", "geometry": {"type": "Point", "coordinates": [-71.12080172063163, 42.36393317696608]}, "properties": {"street": "WESTERN AVE", "location_type": "Street", "dispatch_ts": "2024-12-04T20:47:10+00:00", "timestamp_ms": 1733345230000}}, {"type": "Feature", "geometry": {"type": "Point", "coordinates": [-71.07983221668418, 42.342183181949906]}, "properties": {"street": null, "location_type": "Intersection", "dispatch_ts": "2023-10-06T22:41:11+00:00", "timestamp_ms": 1696632071000}}, {"type": "Feature", "geometry": {"type": "Point", "coordinates": [-71.05170000093852, 42.32926699984605]}, "properties": {"street": "COLUMBIA RD", "location_type": "Street", "dispatch_ts": "2015-08-02T22:40:21+00:00", "timestamp_ms": 1438555221000}}, {"type": "Feature", "geometry": {"type": "Point", "coordinates": [-71.11122993436467, 42.33250985700427]}, "properties": {"street": "HUNTINGTON AVE", "location_type": "Street", "dispatch_ts": "2025-09-28T19:01:14+00:00", "timestamp_ms": 1759086074000}}, {"type": "Feature", "geometry": {"type": "Point", "coordinates": [-71.06735647854833, 42.31802480280131]}, "properties": {"street": "DUDLEY ST", "location_type": "Street", "dispatch_ts": "2018-02-04T19:56:22+00:00", "timestamp_ms": 1517774182000}}, {"type": "Feature", "geometry": {"type": "Point", "coordinates": [-71.05147238054313, 42.3547449999745]}, "properties": {"street": null, "location_type": "Intersection", "dispatch_ts": "2020-06-27T03:05:42+00:00", "timestamp_ms": 1593227142000}}, {"type": "Feature", "geometry": {"type": "Point", "coordinates": [-71.09286479820241, 42.34996583339366]}, "properties": {"street": null, "location_type": "Intersection", "dispatch_ts": "2016-04-27T14:05:23+00:00", "timestamp_ms": 1461765923000}}, {"type": "Feature", "geometry": {"type": "Point", "coordinates": [-71.05922441194356, 42.30062134474203]}, "properties": {"street": null, "location_type": "Intersection", "dispatch_ts": "2015-05-02T22:04:29+00:00", "timestamp_ms": 1430604269000}}, {"type": "Feature", "geometry": {"type": "Point", "coordinates": [-71.08908760446306, 42.34693875307574]}, "properties": {"street": null, "location_type": "Intersection", "dispatch_ts": "2018-02-22T21:15:05+00:00", "timestamp_ms": 1519334105000}}, {"type": "Feature", "geometry": {"type": "Point", "coordinates": [-71.11025544721811, 42.35054034101441]}, "properties": {"street": "COMMONWEALTH AVE", "location_type": "Street", "dispatch_ts": "2017-11-16T03:55:13+00:00", "timestamp_ms": 1510804513000}}, {"type": "Feature", "geometry": {"type": "Point", "coordinates": [-71.1519508959038, 42.33690479952035]}, "properties": {"street": "CHESTNUT HILL AVE", "location_type": "Street", "dispatch_ts": "2016-11-12T01:15:52+00:00", "timestamp_ms": 1478913352000}}, {"type": "Feature", "geometry": {"type": "Point", "coordinates": [-71.13118644718448, 42.35048324786926]}, "properties": {"street": "COMMONWEALTH AVE", "location_type": "Street", "dispatch_ts": "2015-06-02T00:48:49+00:00", "timestamp_ms": 1433206129000}}, {"type": "Feature", "geometry": {"type": "Point", "coordinates": [-71.08527060736061, 42.30538114644139]}, "properties": {"street": null, "location_type": "Intersection", "dispatch_ts": "2016-04-22T23:06:04+00:00", "timestamp_ms": 1461366364000}}, {"type": "Feature", "geometry": {"type": "Point", "coordinates": [-71.09816535612359, 42.338763907483255]}, "properties": {"street": null, "location_type": "Intersection", "dispatch_ts": "2015-05-20T19:38:17+00:00", "timestamp_ms": 1432150697000}}, {"type": "Feature", "geometry": {"type": "Point", "coordinates": [-71.08748853656306, 42.32026940673333]}, "properties": {"street": "WALNUT AVE", "location_type": "Street", "dispatch_ts": "2019-07-22T21:27:53+00:00", "timestamp_ms": 1563830873000}}, {"type": "Feature", "geometry": {"type": "Point", "coordinates": [-71.10652669248572, 42.35011849194261]}, "properties": {"street": null, "location_type": "Intersection", "dispatch_ts": "2018-09-19T12:49:06+00:00", "timestamp_ms": 1537361346000}}, {"type": "Feature", "geometry": {"type": "Point", "coordinates": [-71.09604821229694, 42.28609620093901]}, "properties": {"street": null, "location_type": "Intersection", "dispatch_ts": "2025-02-07T22:48:40+00:00", "timestamp_ms": 1738968520000}}, {"type": "Feature", "geometry": {"type": "Point", "coordinates": [-71.10260850291361, 42.34333745727253]}, "properties": {"street": null, "location_type": "Intersection", "dispatch_ts": "2023-09-20T18:01:00+00:00", "timestamp_ms": 1695232860000}}, {"type": "Feature", "geometry": {"type": "Point", "coordinates": [-71.09378024887964, 42.269519635044496]}, "properties": {"street": "BLUE HILL AVE", "location_type": "Street", "dispatch_ts": "2021-08-11T13:03:00+00:00", "timestamp_ms": 1628686980000}}, {"type": "Feature", "geometry": {"type": "Point", "coordinates": [-71.08879830004457, 42.319916749965586]}, "properties": {"street": "WALNUT AVE", "location_type": "Street", "dispatch_ts": "2017-05-31T16:50:26+00:00", "timestamp_ms": 1496249426000}}, {"type": "Feature", "geometry": {"type": "Point", "coordinates": [-71.07302580875351, 42.357086592627496]}, "properties": {"street": "DAVID G MUGAR WAY", "location_type": "Street", "dispatch_ts": "2018-09-30T22:41:57+00:00", "timestamp_ms": 1538347317000}}, {"type": "Feature", "geometry": {"type": "Point", "coordinates": [-71.11208226832815, 42.332039138731]}, "properties": {"street": null, "location_type": "Intersection", "dispatch_ts": "2025-09-14T00:54:20+00:00", "timestamp_ms": 1757811260000}}, {"type": "Feature", "geometry": {"type": "Point", "coordinates": [-71.1315131981471, 42.28660030284805]}, "properties": {"street": null, "location_type": "Intersection", "dispatch_ts": "2016-07-05T12:49:48+00:00", "timestamp_ms": 1467722988000}}, {"type": "Feature", "geometry": {"type": "Point", "coordinates": [-71.16573155060058, 42.291707082465074]}, "properties": {"street": null, "location_type": "Intersection", "dispatch_ts": "2016-08-13T10:33:11+00:00", "timestamp_ms": 1471084391000}}, {"type": "Feature", "geometry": {"type": "Point", "coordinates": [-71.09629302996085, 42.348771915146735]}, "properties": {"street": "COMMONWEALTH AVE", "location_type": "Street", "dispatch_ts": "2015-07-09T20:59:42+00:00", "timestamp_ms": 1436475582000}}, {"type": "Feature", "geometry": {"type": "Point", "coordinates": [-71.07695817535762, 42.32045457728098]}, "properties": {"street": "COTTAGE ST", "location_type": "Street", "dispatch_ts": "2016-05-28T20:28:36+00:00", "timestamp_ms": 1464467316000}}, {"type": "Feature", "geometry": {"type": "Point", "coordinates": [-71.07204196254794, 42.30127144946581]}, "properties": {"street": null, "location_type": "Intersection", "dispatch_ts": "2022-09-22T10:30:17+00:00", "timestamp_ms": 1663842617000}}, {"type": "Feature", "geometry": {"type": "Point", "coordinates": [-71.16081807461579, 42.273041907713946]}, "properties": {"street": "CENTRE ST", "location_type": "Street", "dispatch_ts": "2023-07-01T11:51:54+00:00", "timestamp_ms": 1688212314000}}, {"type": "Feature", "geometry": {"type": "Point", "coordinates": [-71.0936517626102, 42.33696715096203]}, "properties": {"street": null, "location_type": "Intersection", "dispatch_ts": "2024-03-18T21:58:32+00:00", "timestamp_ms": 1710799112000}}, {"type": "Feature", "geometry": {"type": "Point", "coordinates": [-71.10273210476386, 42.32291454053636]}, "properties": {"street": "CENTRE ST", "location_type": "Street", "dispatch_ts": "2018-12-17T21:08:06+00:00", "timestamp_ms": 1545080886000}}, {"type": "Feature", "geometry": {"type": "Point", "coordinates": [-71.09437514443358, 42.331421903284216]}, "properties": {"street": null, "location_type": "Intersection", "dispatch_ts": "2016-09-26T10:58:44+00:00", "timestamp_ms": 1474887524000}}, {"type": "Feature", "geometry": {"type": "Point", "coordinates": [-71.0571555027879, 42.35208958483899]}, "properties": {"street": null, "location_type": "Intersection", "dispatch_ts": "2019-07-10T12:28:24+00:00", "timestamp_ms": 1562761704000}}, {"type": "Feature", "geometry": {"type": "Point", "coordinates": [-71.11464263316816, 42.30457471705322]}, "properties": {"street": null, "location_type": "Intersection", "dispatch_ts": "2017-04-19T13:02:36+00:00", "timestamp_ms": 1492606956000}}, {"type": "Feature", "geometry": {"type": "Point", "coordinates": [-71.0563369910722, 42.35892480692255]}, "properties": {"street": "STATE ST", "location_type": "Street", "dispatch_ts": "2019-03-21T00:19:46+00:00", "timestamp_ms": 1553127586000}}, {"type": "Feature", "geometry": {"type": "Point", "coordinates": [-71.12095439783673, 42.26714681912009]}, "properties": {"street": "HYDE PARK AVE", "location_type": "Street", "dispatch_ts": "2018-02-27T22:21:28+00:00", "timestamp_ms": 1519770088000}}, {"type": "Feature", "geometry": {"type": "Point", "coordinates": [-71.08673053616906, 42.34523249064929]}, "properties": {"street": "MASSACHUSETTS AVE", "location_type": "Street", "dispatch_ts": "2015-10-16T21:19:38+00:00", "timestamp_ms": 1445030378000}}, {"type": "Feature", "geometry": {"type": "Point", "coordinates": [-71.11161394073045, 42.319510839088224]}, "properties": {"street": null, "location_type": "Intersection", "dispatch_ts": "2019-10-16T15:19:36+00:00", "timestamp_ms": 1571239176000}}, {"type": "Feature", "geometry": {"type": "Point", "coordinates": [-71.06702294611244, 42.32698431659043]}, "properties": {"street": "MASSACHUSETTS AVE", "location_type": "Street", "dispatch_ts": "2018-08-20T11:14:20+00:00", "timestamp_ms": 1534763660000}}, {"type": "Feature", "geometry": {"type": "Point", "coordinates": [-71.10332910480932, 42.333684815480446]}, "properties": {"street": null, "location_type": "Intersection", "dispatch_ts": "2018-02-05T22:10:00+00:00", "timestamp_ms": 1517868600000}}, {"type": "Feature", "geometry": {"type": "Point", "coordinates": [-71.09657904135184, 42.33169867861806]}, "properties": {"street": "TREMONT ST", "location_type": "Street", "dispatch_ts": "2019-05-30T19:25:00+00:00", "timestamp_ms": 1559244300000}}, {"type": "Feature", "geometry": {"type": "Point", "coordinates": [-71.09718292378832, 42.331798004087936]}, "properties": {"street": null, "location_type": "Intersection", "dispatch_ts": "2018-05-21T20:51:49+00:00", "timestamp_ms": 1526935909000}}, {"type": "Feature", "geometry": {"type": "Point", "coordinates": [-71.0894836662669, 42.350858072765824]}, "properties": {"street": null, "location_type": "Intersection", "dispatch_ts": "2020-11-10T18:49:35+00:00", "timestamp_ms": 1605034175000}}, {"type": "Feature", "geometry": {"type": "Point", "coordinates": [-71.08727816835147, 42.32716811498195]}, "properties": {"street": null, "location_type": "Intersection", "dispatch_ts": "2016-09-21T12:52:52+00:00", "timestamp_ms": 1474462372000}}, {"type": "Feature", "geometry": {"type": "Point", "coordinates": [-71.06927500562989, 42.329652186595986]}, "properties": {"street": "MASSACHUSETTS AVE", "location_type": "Street", "dispatch_ts": "2024-07-17T12:51:44+00:00", "timestamp_ms": 1721220704000}}, {"type": "Feature", "geometry": {"type": "Point", "coordinates": [-71.0779906852585, 42.31731980999293]}, "properties": {"street": null, "location_type": "Intersection", "dispatch_ts": "2020-10-22T23:06:12+00:00", "timestamp_ms": 1603407972000}}, {"type": "Feature", "geometry": {"type": "Point", "coordinates": [-71.04672904250891, 42.28398922764155]}, "properties": {"street": null, "location_type": "Intersection", "dispatch_ts": "2018-07-14T01:34:55+00:00", "timestamp_ms": 1531532095000}}, {"type": "Feature", "geometry": {"type": "Point", "coordinates": [-71.06027704685995, 42.32355006275566]}, "properties": {"street": "BOSTON ST", "location_type": "Street", "dispatch_ts": "2016-10-07T01:44:48+00:00", "timestamp_ms": 1475804688000}}, {"type": "Feature", "geometry": {"type": "Point", "coordinates": [-71.08046298070424, 42.35148066734713]}, "properties": {"street": null, "location_type": "Intersection", "dispatch_ts": "2020-10-22T20:12:04+00:00", "timestamp_ms": 1603397524000}}, {"type": "Feature", "geometry": {"type": "Point", "coordinates": [-71.16002872183702, 42.3527573637627]}, "properties": {"street": null, "location_type": "Intersection", "dispatch_ts": "2018-10-01T16:15:03+00:00", "timestamp_ms": 1538410503000}}, {"type": "Feature", "geometry": {"type": "Point", "coordinates": [-71.08684892853033, 42.27634349107398]}, "properties": {"street": "SELDEN ST", "location_type": "Street", "dispatch_ts": "2023-09-01T19:21:39+00:00", "timestamp_ms": 1693596099000}}, {"type": "Feature", "geometry": {"type": "Point", "coordinates": [-71.0822844339128, 42.340216245140454]}, "properties": {"street": "COLUMBUS AVE", "location_type": "Street", "dispatch_ts": "2018-10-24T16:33:16+00:00", "timestamp_ms": 1540398796000}}, {"type": "Feature", "geometry": {"type": "Point", "coordinates": [-71.09141066971604, 42.28464302785528]}, "properties": {"street": "BLUE HILL AVE", "location_type": "Street", "dispatch_ts": "2017-05-18T22:55:18+00:00", "timestamp_ms": 1495148118000}}, {"type": "Feature", "geometry": {"type": "Point", "coordinates": [-71.0957531855138, 42.275384150757674]}, "properties": {"street": "ALMONT ST", "location_type": "Street", "dispatch_ts": "2025-06-28T22:05:42+00:00", "timestamp_ms": 1751148342000}}, {"type": "Feature", "geometry": {"type": "Point", "coordinates": [-71.05629204743444, 42.32859188104093]}, "properties": {"street": null, "location_type": "Intersection", "dispatch_ts": "2015-08-12T22:02:16+00:00", "timestamp_ms": 1439416936000}}, {"type": "Feature", "geometry": {"type": "Point", "coordinates": [-71.11208226832815, 42.332039138731]}, "properties": {"street": null, "location_type": "Intersection", "dispatch_ts": "2022-03-16T12:51:31+00:00", "timestamp_ms": 1647435091000}}, {"type": "Feature", "geometry": {"type": "Point", "coordinates": [-71.09097779836877, 42.34124332098283]}, "properties": {"street": "HEMENWAY ST", "location_type": "Street", "dispatch_ts": "2023-10-08T15:37:56+00:00", "timestamp_ms": 1696779476000}}, {"type": "Feature", "geometry": {"type": "Point", "coordinates": [-71.1067942657748, 42.34625616762831]}, "properties": {"street": null, "location_type": "Intersection", "dispatch_ts": "2018-06-04T15:50:25+00:00", "timestamp_ms": 1528127425000}}, {"type": "Feature", "geometry": {"type": "Point", "coordinates": [-71.08160547623713, 42.338669491725504]}, "properties": {"street": "TREMONT ST", "location_type": "Street", "dispatch_ts": "2016-09-22T22:15:46+00:00", "timestamp_ms": 1474582546000}}, {"type": "Feature", "geometry": {"type": "Point", "coordinates": [-71.06589386741844, 42.3036727919049]}, "properties": {"street": "HOMES AVE", "location_type": "Street", "dispatch_ts": "2016-07-19T21:45:36+00:00", "timestamp_ms": 1468964736000}}, {"type": "Feature", "geometry": {"type": "Point", "coordinates": [-71.05390119439755, 42.27826916845255]}, "properties": {"street": "GRANITE AVE", "location_type": "Street", "dispatch_ts": "2016-08-21T15:25:00+00:00", "timestamp_ms": 1471793100000}}, {"type": "Feature", "geometry": {"type": "Point", "coordinates": [-71.05130470019965, 42.36651292954209]}, "properties": {"street": "BATTERY WHRF", "location_type": "Street", "dispatch_ts": "2015-06-26T02:06:33+00:00", "timestamp_ms": 1435284393000}}, {"type": "Feature", "geometry": {"type": "Point", "coordinates": [-71.14042265758997, 42.34241561312058]}, "properties": {"street": null, "location_type": "Intersection", "dispatch_ts": "2016-08-06T15:27:20+00:00", "timestamp_ms": 1470497240000}}, {"type": "Feature", "geometry": {"type": "Point", "coordinates": [-71.1483765629519, 42.28711159199608]}, "properties": {"street": "CENTRE ST", "location_type": "Street", "dispatch_ts": "2019-01-13T21:29:48+00:00", "timestamp_ms": 1547414988000}}, {"type": "Feature", "geometry": {"type": "Point", "coordinates": [-71.06777262884151, 42.34083730883722]}, "properties": {"street": null, "location_type": "Intersection", "dispatch_ts": "2025-06-09T21:47:02+00:00", "timestamp_ms": 1749505622000}}, {"type": "Feature", "geometry": {"type": "Point", "coordinates": [-71.12096252543651, 42.26699578126009]}, "properties": {"street": "HYDE PARK AVE", "location_type": "Street", "dispatch_ts": "2025-10-04T17:16:53+00:00", "timestamp_ms": 1759598213000}}, {"type": "Feature", "geometry": {"type": "Point", "coordinates": [-71.05244277056015, 42.35953596090297]}, "properties": {"street": null, "location_type": "Intersection", "dispatch_ts": "2021-08-03T18:49:26+00:00", "timestamp_ms": 1628016566000}}, {"type": "Feature", "geometry": {"type": "Point", "coordinates": [-71.1113663641647, 42.33025115293195]}, "properties": {"street": "HUNTINGTON AVE", "location_type": "Street", "dispatch_ts": "2020-07-01T18:28:01+00:00", "timestamp_ms": 1593628081000}}, {"type": "Feature", "geometry": {"type": "Point", "coordinates": [-71.04180515158939, 42.31881984742917]}, "properties": {"street": "WESTWIND RD", "location_type": "Street", "dispatch_ts": "2017-08-13T18:24:46+00:00", "timestamp_ms": 1502648686000}}, {"type": "Feature", "geometry": {"type": "Point", "coordinates": [-71.09846168547678, 42.32173372943698]}, "properties": {"street": null, "location_type": "Intersection", "dispatch_ts": "2016-05-31T14:48:20+00:00", "timestamp_ms": 1464706100000}}, {"type": "Feature", "geometry": {"type": "Point", "coordinates": [-71.07079428543707, 42.29013727895865]}, "properties": {"street": null, "location_type": "Intersection", "dispatch_ts": "2021-01-11T20:05:08+00:00", "timestamp_ms": 1610395508000}}, {"type": "Feature", "geometry": {"type": "Point", "coordinates": [-71.06844437154562, 42.33177195116121]}, "properties": {"street": "SOUTHAMPTON ST", "location_type": "Street", "dispatch_ts": "2019-08-26T15:19:16+00:00", "timestamp_ms": 1566832756000}}, {"type": "Feature", "geometry": {"type": "Point", "coordinates": [-71.06208897560543, 42.29364503813323]}, "properties": {"street": null, "location_type": "Intersection", "dispatch_ts": "2018-06-07T20:33:23+00:00", "timestamp_ms": 1528403603000}}, {"type": "Feature", "geometry": {"type": "Point", "coordinates": [-71.08181395832389, 42.34543689253755]}, "properties": {"street": null, "location_type": "Intersection", "dispatch_ts": "2020-02-04T22:35:45+00:00", "timestamp_ms": 1580855745000}}, {"type": "Feature", "geometry": {"type": "Point", "coordinates": [-71.13106154540633, 42.350555735595485]}, "properties": {"street": null, "location_type": "Intersection", "dispatch_ts": "2024-08-14T01:46:45+00:00", "timestamp_ms": 1723600005000}}, {"type": "Feature", "geometry": {"type": "Point", "coordinates": [-71.09286479820241, 42.34996583339366]}, "properties": {"street": null, "location_type": "Intersection", "dispatch_ts": "2020-06-21T18:54:25+00:00", "timestamp_ms": 1592765665000}}, {"type": "Feature", "geometry": {"type": "Point", "coordinates": [-71.07456867048043, 42.33445446620816]}, "properties": {"street": "MASSACHUSETTS AVE", "location_type": "Street", "dispatch_ts": "2025-08-24T21:41:48+00:00", "timestamp_ms": 1756071708000}}, {"type": "Feature", "geometry": {"type": "Point", "coordinates": [-71.08483694384103, 42.35309785624014]}, "properties": {"street": null, "location_type": "Intersection", "dispatch_ts": "2022-10-06T22:28:02+00:00", "timestamp_ms": 1665095282000}}, {"type": "Feature", "geometry": {"type": "Point", "coordinates": [-71.11388850837422, 42.35098401309591]}, "properties": {"street": "COMMONWEALTH AVE", "location_type": "Street", "dispatch_ts": "2015-11-20T14:56:21+00:00", "timestamp_ms": 1448031381000}}, {"type": "Feature", "geometry": {"type": "Point", "coordinates": [-71.08401511464939, 42.332048843957466]}, "properties": {"street": null, "location_type": "Intersection", "dispatch_ts": "2020-06-25T15:34:02+00:00", "timestamp_ms": 1593099242000}}, {"type": "Feature", "geometry": {"type": "Point", "coordinates": [-71.13978450382545, 42.35271898183406]}, "properties": {"street": "CAMBRIDGE ST", "location_type": "Street", "dispatch_ts": "2018-08-17T18:36:17+00:00", "timestamp_ms": 1534530977000}}, {"type": "Feature", "geometry": {"type": "Point", "coordinates": [-71.09427521970787, 42.35069517608625]}, "properties": {"street": null, "location_type": "Intersection", "dispatch_ts": "2024-03-17T20:04:09+00:00", "timestamp_ms": 1710705849000}}, {"type": "Feature", "geometry": {"type": "Point", "coordinates": [-71.05419795941282, 42.27900135386307]}, "properties": {"street": "GRANITE AVE", "location_type": "Street", "dispatch_ts": "2017-09-02T14:59:00+00:00", "timestamp_ms": 1504364340000}}, {"type": "Feature", "geometry": {"type": "Point", "coordinates": [-71.11700897899745, 42.31562133575651]}, "properties": {"street": null, "location_type": "Intersection", "dispatch_ts": "2015-01-22T23:55:01+00:00", "timestamp_ms": 1421970901000}}, {"type": "Feature", "geometry": {"type": "Point", "coordinates": [-71.08928769569675, 42.32042861640434]}, "properties": {"street": "MARTIN LUTHER KING JR BLVD", "location_type": "Street", "dispatch_ts": "2016-04-24T22:24:53+00:00", "timestamp_ms": 1461536693000}}, {"type": "Feature", "geometry": {"type": "Point", "coordinates": [-71.05082820080483, 42.33882404580702]}, "properties": {"street": null, "location_type": "Intersection", "dispatch_ts": "2025-03-31T23:30:40+00:00", "timestamp_ms": 1743463840000}}, {"type": "Feature", "geometry": {"type": "Point", "coordinates": [-71.11215844254748, 42.322729446214666]}, "properties": {"street": "HUNTINGTON AVE", "location_type": "Street", "dispatch_ts": "2023-10-18T23:45:32+00:00", "timestamp_ms": 1697672732000}}, {"type": "Feature", "geometry": {"type": "Point", "coordinates": [-71.0545240008454, 42.339246000238475]}, "properties": {"street": "DALESSIO CT", "location_type": "Street", "dispatch_ts": "2020-11-05T20:12:18+00:00", "timestamp_ms": 1604607138000}}, {"type": "Feature", "geometry": {"type": "Point", "coordinates": [-71.0716371241049, 42.34396155832068]}, "properties": {"street": "TREMONT ST", "location_type": "Street", "dispatch_ts": "2020-11-06T23:08:20+00:00", "timestamp_ms": 1604704100000}}, {"type": "Feature", "geometry": {"type": "Point", "coordinates": [-71.06584940107821, 42.34690686967702]}, "properties": {"street": null, "location_type": "Intersection", "dispatch_ts": "2023-10-16T23:14:39+00:00", "timestamp_ms": 1697498079000}}, {"type": "Feature", "geometry": {"type": "Point", "coordinates": [-71.09930409996942, 42.3188873661379]}, "properties": {"street": "BRAGDON ST", "location_type": "Street", "dispatch_ts": "2022-05-06T23:59:53+00:00", "timestamp_ms": 1651881593000}}, {"type": "Feature", "geometry": {"type": "Point", "coordinates": [-71.0894836662669, 42.350858072765824]}, "properties": {"street": null, "location_type": "Intersection", "dispatch_ts": "2017-11-01T11:48:50+00:00", "timestamp_ms": 1509536930000}}, {"type": "Feature", "geometry": {"type": "Point", "coordinates": [-71.07117074566253, 42.32398405146207]}, "properties": {"street": null, "location_type": "Intersection", "dispatch_ts": "2015-07-05T03:52:59+00:00", "timestamp_ms": 1436068379000}}, {"type": "Feature", "geometry": {"type": "Point", "coordinates": [-71.02354004718299, 42.380645479251896]}, "properties": {"street": "BENNINGTON ST", "location_type": "Street", "dispatch_ts": "2019-08-24T00:45:09+00:00", "timestamp_ms": 1566607509000}}, {"type": "Feature", "geometry": {"type": "Point", "coordinates": [-71.08819021665852, 42.33518916083926]}, "properties": {"street": null, "location_type": "Intersection", "dispatch_ts": "2023-10-28T23:57:19+00:00", "timestamp_ms": 1698537439000}}, {"type": "Feature", "geometry": {"type": "Point", "coordinates": [-71.13591544962578, 42.2735593995521]}, "properties": {"street": "BLUE LEDGE DR", "location_type": "Street", "dispatch_ts": "2017-07-11T23:28:19+00:00", "timestamp_ms": 1499815699000}}, {"type": "Feature", "geometry": {"type": "Point", "coordinates": [-71.08281970587775, 42.3093465798552]}, "properties": {"street": null, "location_type": "Intersection", "dispatch_ts": "2021-03-28T23:56:54+00:00", "timestamp_ms": 1616975814000}}, {"type": "Feature", "geometry": {"type": "Point", "coordinates": [-71.0865156851537, 42.302747667059464]}, "properties": {"street": "FRANKLIN PARK RD", "location_type": "Street", "dispatch_ts": "2019-08-01T21:23:41+00:00", "timestamp_ms": 1564694621000}}, {"type": "Feature", "geometry": {"type": "Point", "coordinates": [-71.10627760675092, 42.32635725609908]}, "properties": {"street": "HEATH ST", "location_type": "Street", "dispatch_ts": "2017-12-14T23:55:19+00:00", "timestamp_ms": 1513295719000}}, {"type": "Feature", "geometry": {"type": "Point", "coordinates": [-71.13275759369229, 42.355539014087846]}, "properties": {"street": null, "location_type": "Intersection", "dispatch_ts": "2023-06-17T20:19:34+00:00", "timestamp_ms": 1687033174000}}, {"type": "Feature", "geometry": {"type": "Point", "coordinates": [-71.03945712497027, 42.34464617322181]}, "properties": {"street": null, "location_type": "Intersection", "dispatch_ts": "2021-04-09T20:59:18+00:00", "timestamp_ms": 1618001958000}}, {"type": "Feature", "geometry": {"type": "Point", "coordinates": [-71.08601372427238, 42.31917313732202]}, "properties": {"street": null, "location_type": "Intersection", "dispatch_ts": "2015-07-12T13:16:25+00:00", "timestamp_ms": 1436706985000}}, {"type": "Feature", "geometry": {"type": "Point", "coordinates": [-71.04870988501294, 42.32630696385781]}, "properties": {"street": "WILLIAM J DAY BLVD", "location_type": "Street", "dispatch_ts": "2016-05-25T17:42:49+00:00", "timestamp_ms": 1464198169000}}, {"type": "Feature", "geometry": {"type": "Point", "coordinates": [-71.09712066769815, 42.34880487043027]}, "properties": {"street": null, "location_type": "Other", "dispatch_ts": "2016-06-18T18:13:53+00:00", "timestamp_ms": 1466273633000}}, {"type": "Feature", "geometry": {"type": "Point", "coordinates": [-71.04926191938885, 42.3401638990144]}, "properties": {"street": null, "location_type": "Intersection", "dispatch_ts": "2024-04-06T16:09:19+00:00", "timestamp_ms": 1712419759000}}, {"type": "Feature", "geometry": {"type": "Point", "coordinates": [-71.05517213548205, 42.361535219875215]}, "properties": {"street": null, "location_type": "Intersection", "dispatch_ts": "2019-08-07T13:31:00+00:00", "timestamp_ms": 1565184660000}}, {"type": "Feature", "geometry": {"type": "Point", "coordinates": [-71.08442226749253, 42.34817616231759]}, "properties": {"street": "BOYLSTON ST", "location_type": "Street", "dispatch_ts": "2018-02-20T13:29:00+00:00", "timestamp_ms": 1519133340000}}, {"type": "Feature", "geometry": {"type": "Point", "coordinates": [-71.04156872098902, 42.33640629849962]}, "properties": {"street": null, "location_type": "Intersection", "dispatch_ts": "2022-08-16T12:33:57+00:00", "timestamp_ms": 1660653237000}}, {"type": "Feature", "geometry": {"type": "Point", "coordinates": [-71.066107895191, 42.35247330154057]}, "properties": {"street": "BOYLSTON ST", "location_type": "Street", "dispatch_ts": "2016-04-07T22:02:35+00:00", "timestamp_ms": 1460066555000}}, {"type": "Feature", "geometry": {"type": "Point", "coordinates": [-71.12700802864519, 42.35046286081228]}, "properties": {"street": "COMMONWEALTH AVE", "location_type": "Street", "dispatch_ts": "2018-10-03T01:54:05+00:00", "timestamp_ms": 1538531645000}}, {"type": "Feature", "geometry": {"type": "Point", "coordinates": [-71.07749971744433, 42.382822827555174]}, "properties": {"street": "CAMBRIDGE ST", "location_type": "Street", "dispatch_ts": "2024-07-03T21:19:41+00:00", "timestamp_ms": 1720041581000}}, {"type": "Feature", "geometry": {"type": "Point", "coordinates": [-71.07759301452703, 42.30630027325055]}, "properties": {"street": "COLUMBIA RD", "location_type": "Street", "dispatch_ts": "2016-05-21T00:05:40+00:00", "timestamp_ms": 1463789140000}}, {"type": "Feature", "geometry": {"type": "Point", "coordinates": [-71.05227560285233, 42.3580725719257]}, "properties": {"street": null, "location_type": "Intersection", "dispatch_ts": "2017-08-16T23:09:48+00:00", "timestamp_ms": 1502924988000}}, {"type": "Feature", "geometry": {"type": "Point", "coordinates": [-71.12223193930845, 42.25581601318418]}, "properties": {"street": "MAPLE ST", "location_type": "Street", "dispatch_ts": "2017-02-15T19:20:31+00:00", "timestamp_ms": 1487186431000}}, {"type": "Feature", "geometry": {"type": "Point", "coordinates": [-71.09323424061772, 42.33362108343158]}, "properties": {"street": null, "location_type": "Intersection", "dispatch_ts": "2024-10-20T16:44:36+00:00", "timestamp_ms": 1729442676000}}, {"type": "Feature", "geometry": {"type": "Point", "coordinates": [-71.1109567442934, 42.35065384443565]}, "properties": {"street": null, "location_type": "Intersection", "dispatch_ts": "2018-07-12T15:43:05+00:00", "timestamp_ms": 1531410185000}}, {"type": "Feature", "geometry": {"type": "Point", "coordinates": [-71.13251731720355, 42.37195523453768]}, "properties": {"street": null, "location_type": "Other", "dispatch_ts": "2021-01-31T18:38:05+00:00", "timestamp_ms": 1612118285000}}, {"type": "Feature", "geometry": {"type": "Point", "coordinates": [-71.10059508238126, 42.3491986117972]}, "properties": {"street": null, "location_type": "Intersection", "dispatch_ts": "2016-12-09T21:55:41+00:00", "timestamp_ms": 1481320541000}}, {"type": "Feature", "geometry": {"type": "Point", "coordinates": [-71.06970249467827, 42.38059384709039]}, "properties": {"street": "AUBURN ST", "location_type": "Street", "dispatch_ts": "2015-07-22T17:52:40+00:00", "timestamp_ms": 1437587560000}}, {"type": "Feature", "geometry": {"type": "Point", "coordinates": [-71.08284421230768, 42.316372123054194]}, "properties": {"street": null, "location_type": "Intersection", "dispatch_ts": "2019-08-12T19:50:25+00:00", "timestamp_ms": 1565639425000}}, {"type": "Feature", "geometry": {"type": "Point", "coordinates": [-71.08258802437132, 42.35051424804509]}, "properties": {"street": null, "location_type": "Intersection", "dispatch_ts": "2025-01-30T14:04:58+00:00", "timestamp_ms": 1738245898000}}, {"type": "Feature", "geometry": {"type": "Point", "coordinates": [-71.05755804694515, 42.311442710165565]}, "properties": {"street": "DORCHESTER AVE", "location_type": "Street", "dispatch_ts": "2015-10-05T20:39:10+00:00", "timestamp_ms": 1444077550000}}, {"type": "Feature", "geometry": {"type": "Point", "coordinates": [-71.1139936453563, 42.32174011712535]}, "properties": {"street": "PARKTON RD", "location_type": "Street", "dispatch_ts": "2018-03-02T05:32:10+00:00", "timestamp_ms": 1519968730000}}, {"type": "Feature", "geometry": {"type": "Point", "coordinates": [-71.10059508238126, 42.3491986117972]}, "properties": {"street": null, "location_type": "Intersection", "dispatch_ts": "2022-06-16T21:15:35+00:00", "timestamp_ms": 1655414135000}}, {"type": "Feature", "geometry": {"type": "Point", "coordinates": [-71.1039559551215, 42.32614453059968]}, "properties": {"street": "HEATH ST", "location_type": "Street", "dispatch_ts": "2015-12-06T20:45:21+00:00", "timestamp_ms": 1449434721000}}, {"type": "Feature", "geometry": {"type": "Point", "coordinates": [-71.04834663554955, 42.346310635956826]}, "properties": {"street": null, "location_type": "Intersection", "dispatch_ts": "2025-09-01T20:15:40+00:00", "timestamp_ms": 1756757740000}}, {"type": "Feature", "geometry": {"type": "Point", "coordinates": [-71.04395579114447, 42.33674851533022]}, "properties": {"street": null, "location_type": "Intersection", "dispatch_ts": "2017-01-21T14:32:12+00:00", "timestamp_ms": 1485009132000}}, {"type": "Feature", "geometry": {"type": "Point", "coordinates": [-71.10178609397529, 42.34250370026077]}, "properties": {"street": null, "location_type": "Intersection", "dispatch_ts": "2017-09-17T13:02:46+00:00", "timestamp_ms": 1505653366000}}, {"type": "Feature", "geometry": {"type": "Point", "coordinates": [-71.08174219034606, 42.34066415311041]}, "properties": {"street": null, "location_type": "Intersection", "dispatch_ts": "2017-06-07T16:36:45+00:00", "timestamp_ms": 1496853405000}}, {"type": "Feature", "geometry": {"type": "Point", "coordinates": [-71.06902436777045, 42.32141978789531]}, "properties": {"street": "COTTAGE ST", "location_type": "Street", "dispatch_ts": "2020-04-29T14:06:21+00:00", "timestamp_ms": 1588169181000}}, {"type": "Feature", "geometry": {"type": "Point", "coordinates": [-71.07475488307118, 42.301234591772264]}, "properties": {"street": "BOWDOIN AVE", "location_type": "Street", "dispatch_ts": "2018-10-14T02:47:31+00:00", "timestamp_ms": 1539485251000}}, {"type": "Feature", "geometry": {"type": "Point", "coordinates": [-71.0807884460528, 42.31182366738667]}, "properties": {"street": "BLUE HILL AVE", "location_type": "Street", "dispatch_ts": "2021-05-25T20:37:34+00:00", "timestamp_ms": 1621975054000}}, {"type": "Feature", "geometry": {"type": "Point", "coordinates": [-71.08374798186823, 42.34837803304594]}, "properties": {"street": null, "location_type": "Intersection", "dispatch_ts": "2023-06-16T12:40:45+00:00", "timestamp_ms": 1686919245000}}, {"type": "Feature", "geometry": {"type": "Point", "coordinates": [-71.092399234367, 42.33295015679992]}, "properties": {"street": null, "location_type": "Intersection", "dispatch_ts": "2023-11-01T18:12:05+00:00", "timestamp_ms": 1698862325000}}, {"type": "Feature", "geometry": {"type": "Point", "coordinates": [-71.11388850837422, 42.35098401309591]}, "properties": {"street": "COMMONWEALTH AVE", "location_type": "Street", "dispatch_ts": "2017-03-30T22:36:29+00:00", "timestamp_ms": 1490913389000}}, {"type": "Feature", "geometry": {"type": "Point", "coordinates": [-71.06191927819238, 42.32093484902871]}, "properties": {"street": "MASSACHUSETTS AVE", "location_type": "Street", "dispatch_ts": "2022-05-13T20:20:01+00:00", "timestamp_ms": 1652473201000}}, {"type": "Feature", "geometry": {"type": "Point", "coordinates": [-71.07437575121915, 42.3859514991512]}, "properties": {"street": "BEACHAM ST", "location_type": "Street", "dispatch_ts": "2023-05-17T12:45:37+00:00", "timestamp_ms": 1684327537000}}, {"type": "Feature", "geometry": {"type": "Point", "coordinates": [-71.07384872493837, 42.384779170190896]}, "properties": {"street": null, "location_type": "Intersection", "dispatch_ts": "2021-07-15T21:38:12+00:00", "timestamp_ms": 1626385092000}}, {"type": "Feature", "geometry": {"type": "Point", "coordinates": [-71.06249293030946, 42.34819141949409]}, "properties": {"street": null, "location_type": "Intersection", "dispatch_ts": "2016-09-01T03:40:26+00:00", "timestamp_ms": 1472701226000}}, {"type": "Feature", "geometry": {"type": "Point", "coordinates": [-71.06798157413824, 42.33169814526776]}, "properties": {"street": null, "location_type": "Intersection", "dispatch_ts": "2018-09-06T12:20:18+00:00", "timestamp_ms": 1536236418000}}, {"type": "Feature", "geometry": {"type": "Point", "coordinates": [-71.05814204280162, 42.30597528936633]}, "properties": {"street": "LINDEN ST", "location_type": "Street", "dispatch_ts": "2015-08-02T02:55:38+00:00", "timestamp_ms": 1438484138000}}, {"type": "Feature", "geometry": {"type": "Point", "coordinates": [-71.07820885357485, 42.3060470696978]}, "properties": {"street": null, "location_type": "Intersection", "dispatch_ts": "2015-10-10T23:00:52+00:00", "timestamp_ms": 1444518052000}}, {"type": "Feature", "geometry": {"type": "Point", "coordinates": [-71.0615081707138, 42.320499124623666]}, "properties": {"street": null, "location_type": "Intersection", "dispatch_ts": "2018-03-28T17:47:26+00:00", "timestamp_ms": 1522259246000}}, {"type": "Feature", "geometry": {"type": "Point", "coordinates": [-71.06786110166126, 42.30221967457586]}, "properties": {"street": null, "location_type": "Intersection", "dispatch_ts": "2025-10-16T02:40:16+00:00", "timestamp_ms": 1760582416000}}, {"type": "Feature", "geometry": {"type": "Point", "coordinates": [-71.16267963195608, 42.34019709987155]}, "properties": {"street": "COMMONWEALTH AVE", "location_type": "Street", "dispatch_ts": "2023-04-17T05:40:27+00:00", "timestamp_ms": 1681710027000}}, {"type": "Feature", "geometry": {"type": "Point", "coordinates": [-71.07809680203222, 42.319162722329374]}, "properties": {"street": "CLIFFORD ST", "location_type": "Street", "dispatch_ts": "2019-06-22T19:51:54+00:00", "timestamp_ms": 1561233114000}}, {"type": "Feature", "geometry": {"type": "Point", "coordinates": [-71.09382755726347, 42.26729775589089]}, "properties": {"street": null, "location_type": "Intersection", "dispatch_ts": "2020-07-23T11:07:02+00:00", "timestamp_ms": 1595502422000}}, {"type": "Feature", "geometry": {"type": "Point", "coordinates": [-71.0894836662669, 42.350858072765824]}, "properties": {"street": null, "location_type": "Intersection", "dispatch_ts": "2017-05-02T02:31:21+00:00", "timestamp_ms": 1493692281000}}, {"type": "Feature", "geometry": {"type": "Point", "coordinates": [-71.04832313177856, 42.298327067105426]}, "properties": {"street": null, "location_type": "Intersection", "dispatch_ts": "2020-11-05T17:41:38+00:00", "timestamp_ms": 1604598098000}}, {"type": "Feature", "geometry": {"type": "Point", "coordinates": [-71.06323272074422, 42.34635843081048]}, "properties": {"street": null, "location_type": "Intersection", "dispatch_ts": "2020-02-04T14:16:35+00:00", "timestamp_ms": 1580825795000}}, {"type": "Feature", "geometry": {"type": "Point", "coordinates": [-71.09051628846062, 42.27815799614933]}, "properties": {"street": "NORFOLK ST", "location_type": "Street", "dispatch_ts": "2017-07-03T18:58:42+00:00", "timestamp_ms": 1499108322000}}, {"type": "Feature", "geometry": {"type": "Point", "coordinates": [-71.09572364016357, 42.346013187695824]}, "properties": {"street": "VAN NESS ST", "location_type": "Street", "dispatch_ts": "2018-07-13T23:56:01+00:00", "timestamp_ms": 1531526161000}}, {"type": "Feature", "geometry": {"type": "Point", "coordinates": [-71.10461123434045, 42.32610988772756]}, "properties": {"street": null, "location_type": "Intersection", "dispatch_ts": "2017-06-07T21:21:56+00:00", "timestamp_ms": 1496870516000}}, {"type": "Feature", "geometry": {"type": "Point", "coordinates": [-71.1114389184395, 42.33042769033495]}, "properties": {"street": "HUNTINGTON AVE", "location_type": "Street", "dispatch_ts": "2024-07-30T12:58:54+00:00", "timestamp_ms": 1722344334000}}, {"type": "Feature", "geometry": {"type": "Point", "coordinates": [-71.0935551300128, 42.33372255848747]}, "properties": {"street": "PRENTISS ST", "location_type": "Street", "dispatch_ts": "2024-11-26T22:00:26+00:00", "timestamp_ms": 1732658426000}}, {"type": "Feature", "geometry": {"type": "Point", "coordinates": [-71.08616071049791, 42.34168307651287]}, "properties": {"street": "HUNTINGTON AVE", "location_type": "Street", "dispatch_ts": "2022-12-18T23:37:06+00:00", "timestamp_ms": 1671406626000}}, {"type": "Feature", "geometry": {"type": "Point", "coordinates": [-71.1303001133672, 42.370324757211336]}, "properties": {"street": "SOLDIERS FIELD RD", "location_type": "Street", "dispatch_ts": "2026-03-30T21:22:45+00:00", "timestamp_ms": 1774905765000}}, {"type": "Feature", "geometry": {"type": "Point", "coordinates": [-71.06477746117152, 42.29949135292017]}, "properties": {"street": null, "location_type": "Intersection", "dispatch_ts": "2024-08-07T20:01:31+00:00", "timestamp_ms": 1723060891000}}, {"type": "Feature", "geometry": {"type": "Point", "coordinates": [-71.10560536381455, 42.31263943505518]}, "properties": {"street": null, "location_type": "Intersection", "dispatch_ts": "2026-05-27T21:50:57+00:00", "timestamp_ms": 1779918657000}}, {"type": "Feature", "geometry": {"type": "Point", "coordinates": [-70.9636758704417, 42.32401987316581]}, "properties": {"street": "LONG ISLAND RD", "location_type": "Street", "dispatch_ts": "2023-07-06T19:58:26+00:00", "timestamp_ms": 1688673506000}}, {"type": "Feature", "geometry": {"type": "Point", "coordinates": [-71.10340416433101, 42.3371226610128]}, "properties": {"street": null, "location_type": "Intersection", "dispatch_ts": "2025-06-12T16:34:14+00:00", "timestamp_ms": 1749746054000}}, {"type": "Feature", "geometry": {"type": "Point", "coordinates": [-71.11799208514212, 42.2587252019007]}, "properties": {"street": "RIVER ST", "location_type": "Street", "dispatch_ts": "2019-07-24T11:19:24+00:00", "timestamp_ms": 1563967164000}}, {"type": "Feature", "geometry": {"type": "Point", "coordinates": [-71.07282002488364, 42.38444933209061]}, "properties": {"street": null, "location_type": "Intersection", "dispatch_ts": "2023-10-31T22:33:55+00:00", "timestamp_ms": 1698791635000}}, {"type": "Feature", "geometry": {"type": "Point", "coordinates": [-71.12393600021244, 42.35883062450883]}, "properties": {"street": null, "location_type": "Intersection", "dispatch_ts": "2015-07-01T21:37:55+00:00", "timestamp_ms": 1435786675000}}, {"type": "Feature", "geometry": {"type": "Point", "coordinates": [-71.05838434637327, 42.36547167247528]}, "properties": {"street": null, "location_type": "Intersection", "dispatch_ts": "2018-08-23T11:07:31+00:00", "timestamp_ms": 1535022451000}}, {"type": "Feature", "geometry": {"type": "Point", "coordinates": [-71.1617653876547, 42.35818620984865]}, "properties": {"street": null, "location_type": "Intersection", "dispatch_ts": "2018-06-04T11:37:50+00:00", "timestamp_ms": 1528112270000}}, {"type": "Feature", "geometry": {"type": "Point", "coordinates": [-71.08683074634197, 42.34546463341209]}, "properties": {"street": null, "location_type": "Intersection", "dispatch_ts": "2015-06-03T12:12:45+00:00", "timestamp_ms": 1433333565000}}, {"type": "Feature", "geometry": {"type": "Point", "coordinates": [-71.05680380711728, 42.35887829694723]}, "properties": {"street": null, "location_type": "Intersection", "dispatch_ts": "2019-10-24T00:51:20+00:00", "timestamp_ms": 1571878280000}}, {"type": "Feature", "geometry": {"type": "Point", "coordinates": [-71.02993138048267, 42.376056709265555]}, "properties": {"street": null, "location_type": "Other", "dispatch_ts": "2017-08-22T17:59:41+00:00", "timestamp_ms": 1503424781000}}, {"type": "Feature", "geometry": {"type": "Point", "coordinates": [-71.06923920444655, 42.37375318072544]}, "properties": {"street": null, "location_type": "Other", "dispatch_ts": "2023-07-01T07:52:01+00:00", "timestamp_ms": 1688197921000}}, {"type": "Feature", "geometry": {"type": "Point", "coordinates": [-71.07880583373813, 42.32496095514165]}, "properties": {"street": "WINTHROP ST", "location_type": "Street", "dispatch_ts": "2017-10-20T22:24:34+00:00", "timestamp_ms": 1508538274000}}, {"type": "Feature", "geometry": {"type": "Point", "coordinates": [-71.08351454542854, 42.290819139711544]}, "properties": {"street": "WESTVIEW ST", "location_type": "Street", "dispatch_ts": "2020-07-04T19:01:04+00:00", "timestamp_ms": 1593889264000}}, {"type": "Feature", "geometry": {"type": "Point", "coordinates": [-71.15089189198947, 42.336055250335825]}, "properties": {"street": "BEACON ST", "location_type": "Street", "dispatch_ts": "2019-09-06T11:53:18+00:00", "timestamp_ms": 1567770798000}}, {"type": "Feature", "geometry": {"type": "Point", "coordinates": [-71.12531451032602, 42.23544389742262]}, "properties": {"street": null, "location_type": "Intersection", "dispatch_ts": "2024-10-20T13:42:40+00:00", "timestamp_ms": 1729431760000}}, {"type": "Feature", "geometry": {"type": "Point", "coordinates": [-71.14023553312889, 42.3480808293685]}, "properties": {"street": "COMMONWEALTH AVE", "location_type": "Street", "dispatch_ts": "2016-05-19T15:04:35+00:00", "timestamp_ms": 1463670275000}}, {"type": "Feature", "geometry": {"type": "Point", "coordinates": [-71.10875747289434, 42.32757922566668]}, "properties": {"street": "HEATH ST", "location_type": "Street", "dispatch_ts": "2020-11-10T11:23:39+00:00", "timestamp_ms": 1605007419000}}, {"type": "Feature", "geometry": {"type": "Point", "coordinates": [-71.1452453603343, 42.361582202765035]}, "properties": {"street": null, "location_type": "Intersection", "dispatch_ts": "2021-10-15T03:25:39+00:00", "timestamp_ms": 1634268339000}}, {"type": "Feature", "geometry": {"type": "Point", "coordinates": [-71.09032139529437, 42.348849509659566]}, "properties": {"street": "COMMONWEALTH AVE", "location_type": "Street", "dispatch_ts": "2015-06-11T20:40:58+00:00", "timestamp_ms": 1434055258000}}, {"type": "Feature", "geometry": {"type": "Point", "coordinates": [-71.10688377323496, 42.30465800701548]}, "properties": {"street": null, "location_type": "Intersection", "dispatch_ts": "2021-05-23T02:09:32+00:00", "timestamp_ms": 1621735772000}}, {"type": "Feature", "geometry": {"type": "Point", "coordinates": [-71.06430274246804, 42.28576827852793]}, "properties": {"street": null, "location_type": "Intersection", "dispatch_ts": "2017-07-04T06:33:32+00:00", "timestamp_ms": 1499150012000}}, {"type": "Feature", "geometry": {"type": "Point", "coordinates": [-71.08174233848138, 42.34538718343482]}, "properties": {"street": null, "location_type": "Intersection", "dispatch_ts": "2020-07-16T17:56:49+00:00", "timestamp_ms": 1594922209000}}, {"type": "Feature", "geometry": {"type": "Point", "coordinates": [-71.07123825942024, 42.33192695664471]}, "properties": {"street": "MASSACHUSETTS AVE", "location_type": "Street", "dispatch_ts": "2023-12-08T12:27:15+00:00", "timestamp_ms": 1702038435000}}, {"type": "Feature", "geometry": {"type": "Point", "coordinates": [-71.06329803702357, 42.35523089492002]}, "properties": {"street": "TREMONT ST", "location_type": "Street", "dispatch_ts": "2023-08-24T18:14:30+00:00", "timestamp_ms": 1692900870000}}, {"type": "Feature", "geometry": {"type": "Point", "coordinates": [-71.092399234367, 42.33295015679992]}, "properties": {"street": null, "location_type": "Intersection", "dispatch_ts": "2022-09-13T11:04:47+00:00", "timestamp_ms": 1663067087000}}, {"type": "Feature", "geometry": {"type": "Point", "coordinates": [-71.12977673081532, 42.36319984551602]}, "properties": {"street": null, "location_type": "Intersection", "dispatch_ts": "2016-09-30T22:26:33+00:00", "timestamp_ms": 1475274393000}}, {"type": "Feature", "geometry": {"type": "Point", "coordinates": [-71.08157818740138, 42.31876018380441]}, "properties": {"street": "WARREN ST", "location_type": "Street", "dispatch_ts": "2025-06-24T23:21:39+00:00", "timestamp_ms": 1750807299000}}, {"type": "Feature", "geometry": {"type": "Point", "coordinates": [-71.11879381530925, 42.31429368109345]}, "properties": {"street": "POND ST", "location_type": "Street", "dispatch_ts": "2018-05-06T02:25:36+00:00", "timestamp_ms": 1525573536000}}, {"type": "Feature", "geometry": {"type": "Point", "coordinates": [-71.07944282368217, 42.29530884276489]}, "properties": {"street": "KINGSDALE ST", "location_type": "Street", "dispatch_ts": "2024-07-28T10:19:22+00:00", "timestamp_ms": 1722161962000}}, {"type": "Feature", "geometry": {"type": "Point", "coordinates": [-71.1082347070069, 42.308655813471944]}, "properties": {"street": "AMORY ST", "location_type": "Street", "dispatch_ts": "2022-05-27T13:01:30+00:00", "timestamp_ms": 1653656490000}}, {"type": "Feature", "geometry": {"type": "Point", "coordinates": [-71.0551482078238, 42.28263817895187]}, "properties": {"street": "GALLIVAN BLVD", "location_type": "Street", "dispatch_ts": "2019-06-20T02:10:33+00:00", "timestamp_ms": 1560996633000}}, {"type": "Feature", "geometry": {"type": "Point", "coordinates": [-71.05680380711728, 42.35887829694723]}, "properties": {"street": null, "location_type": "Intersection", "dispatch_ts": "2017-06-12T23:50:57+00:00", "timestamp_ms": 1497311457000}}, {"type": "Feature", "geometry": {"type": "Point", "coordinates": [-71.07481517929324, 42.33119414860143]}, "properties": {"street": null, "location_type": "Intersection", "dispatch_ts": "2017-11-27T21:03:47+00:00", "timestamp_ms": 1511816627000}}, {"type": "Feature", "geometry": {"type": "Point", "coordinates": [-71.07927719524432, 42.33211815062545]}, "properties": {"street": null, "location_type": "Intersection", "dispatch_ts": "2015-06-15T12:33:57+00:00", "timestamp_ms": 1434371637000}}, {"type": "Feature", "geometry": {"type": "Point", "coordinates": [-71.0605181391378, 42.35547514125235]}, "properties": {"street": null, "location_type": "Intersection", "dispatch_ts": "2024-07-23T14:04:37+00:00", "timestamp_ms": 1721743477000}}, {"type": "Feature", "geometry": {"type": "Point", "coordinates": [-71.04554313267623, 42.351711172836254]}, "properties": {"street": null, "location_type": "Intersection", "dispatch_ts": "2017-08-25T16:52:17+00:00", "timestamp_ms": 1503679937000}}, {"type": "Feature", "geometry": {"type": "Point", "coordinates": [-71.14399611717333, 42.36181620301592]}, "properties": {"street": "WESTERN AVE", "location_type": "Street", "dispatch_ts": "2019-07-30T12:52:55+00:00", "timestamp_ms": 1564491175000}}, {"type": "Feature", "geometry": {"type": "Point", "coordinates": [-71.10395261055497, 42.31922606233468]}, "properties": {"street": null, "location_type": "Intersection", "dispatch_ts": "2017-12-11T17:02:11+00:00", "timestamp_ms": 1513011731000}}, {"type": "Feature", "geometry": {"type": "Point", "coordinates": [-71.06383371558587, 42.34919406364922]}, "properties": {"street": "WASHINGTON ST", "location_type": "Street", "dispatch_ts": "2015-08-04T02:08:57+00:00", "timestamp_ms": 1438654137000}}, {"type": "Feature", "geometry": {"type": "Point", "coordinates": [-71.09698981116533, 42.32815996481075]}, "properties": {"street": null, "location_type": "Intersection", "dispatch_ts": "2017-06-20T22:07:49+00:00", "timestamp_ms": 1497996469000}}, {"type": "Feature", "geometry": {"type": "Point", "coordinates": [-71.10499916921219, 42.3341665024154]}, "properties": {"street": null, "location_type": "Intersection", "dispatch_ts": "2022-11-07T20:18:38+00:00", "timestamp_ms": 1667852318000}}, {"type": "Feature", "geometry": {"type": "Point", "coordinates": [-71.0602720985224, 42.330166322660226]}, "properties": {"street": null, "location_type": "Intersection", "dispatch_ts": "2023-09-25T01:05:52+00:00", "timestamp_ms": 1695603952000}}, {"type": "Feature", "geometry": {"type": "Point", "coordinates": [-71.088641463287, 42.34915419274428]}, "properties": {"street": null, "location_type": "Intersection", "dispatch_ts": "2019-10-11T15:25:29+00:00", "timestamp_ms": 1570807529000}}, {"type": "Feature", "geometry": {"type": "Point", "coordinates": [-71.11115222507752, 42.32702262887802]}, "properties": {"street": "HUNTINGTON AVE", "location_type": "Street", "dispatch_ts": "2016-02-16T12:56:32+00:00", "timestamp_ms": 1455627392000}}, {"type": "Feature", "geometry": {"type": "Point", "coordinates": [-71.06019452583506, 42.36601730008959]}, "properties": {"street": null, "location_type": "Intersection", "dispatch_ts": "2021-09-20T14:43:25+00:00", "timestamp_ms": 1632149005000}}, {"type": "Feature", "geometry": {"type": "Point", "coordinates": [-71.1634103881442, 42.34506768372137]}, "properties": {"street": "LAKE ST", "location_type": "Street", "dispatch_ts": "2023-05-02T22:56:12+00:00", "timestamp_ms": 1683068172000}}, {"type": "Feature", "geometry": {"type": "Point", "coordinates": [-71.08983304981876, 42.2871001149]}, "properties": {"street": "BALSAM ST", "location_type": "Street", "dispatch_ts": "2023-05-29T07:00:44+00:00", "timestamp_ms": 1685343644000}}, {"type": "Feature", "geometry": {"type": "Point", "coordinates": [-71.07960747286016, 42.35421753161328]}, "properties": {"street": "JAMES J STORROW MEMORIAL DR", "location_type": "Street", "dispatch_ts": "2023-09-09T14:43:19+00:00", "timestamp_ms": 1694270599000}}, {"type": "Feature", "geometry": {"type": "Point", "coordinates": [-71.06983120571618, 42.330319944660566]}, "properties": {"street": "THEODORE A GLYNN WAY", "location_type": "Street", "dispatch_ts": "2017-11-18T13:08:56+00:00", "timestamp_ms": 1511010536000}}, {"type": "Feature", "geometry": {"type": "Point", "coordinates": [-71.0936936805168, 42.27435231899018]}, "properties": {"street": null, "location_type": "Intersection", "dispatch_ts": "2015-08-05T01:18:18+00:00", "timestamp_ms": 1438737498000}}, {"type": "Feature", "geometry": {"type": "Point", "coordinates": [-71.05147238054313, 42.3547449999745]}, "properties": {"street": null, "location_type": "Intersection", "dispatch_ts": "2024-08-27T14:00:17+00:00", "timestamp_ms": 1724767217000}}, {"type": "Feature", "geometry": {"type": "Point", "coordinates": [-71.07864420223059, 42.34770217863188]}, "properties": {"street": null, "location_type": "Intersection", "dispatch_ts": "2015-10-05T02:32:45+00:00", "timestamp_ms": 1444012365000}}, {"type": "Feature", "geometry": {"type": "Point", "coordinates": [-71.0876863052535, 42.27026163003592]}, "properties": {"street": null, "location_type": "Intersection", "dispatch_ts": "2017-07-15T16:29:28+00:00", "timestamp_ms": 1500136168000}}, {"type": "Feature", "geometry": {"type": "Point", "coordinates": [-71.13002491927013, 42.3491949542499]}, "properties": {"street": "HARVARD AVE", "location_type": "Street", "dispatch_ts": "2015-08-23T23:00:12+00:00", "timestamp_ms": 1440370812000}}, {"type": "Feature", "geometry": {"type": "Point", "coordinates": [-71.098390266271, 42.32494158672127]}, "properties": {"street": null, "location_type": "Intersection", "dispatch_ts": "2018-10-02T22:00:12+00:00", "timestamp_ms": 1538517612000}}, {"type": "Feature", "geometry": {"type": "Point", "coordinates": [-71.088641463287, 42.34915419274428]}, "properties": {"street": null, "location_type": "Intersection", "dispatch_ts": "2025-03-25T19:48:54+00:00", "timestamp_ms": 1742932134000}}, {"type": "Feature", "geometry": {"type": "Point", "coordinates": [-71.10043638865415, 42.35097122012441]}, "properties": {"street": "JAMES J STORROW MEMORIAL DR", "location_type": "Street", "dispatch_ts": "2019-07-31T11:52:31+00:00", "timestamp_ms": 1564573951000}}, {"type": "Feature", "geometry": {"type": "Point", "coordinates": [-71.09764378461712, 42.350801271575016]}, "properties": {"street": null, "location_type": "Other", "dispatch_ts": "2016-08-20T15:40:42+00:00", "timestamp_ms": 1471707642000}}, {"type": "Feature", "geometry": {"type": "Point", "coordinates": [-71.10036225483073, 42.35033317006784]}, "properties": {"street": null, "location_type": "Intersection", "dispatch_ts": "2020-05-06T20:25:48+00:00", "timestamp_ms": 1588796748000}}, {"type": "Feature", "geometry": {"type": "Point", "coordinates": [-71.14064398823731, 42.34250098199409]}, "properties": {"street": "WASHINGTON ST", "location_type": "Street", "dispatch_ts": "2023-06-13T03:19:53+00:00", "timestamp_ms": 1686626393000}}, {"type": "Feature", "geometry": {"type": "Point", "coordinates": [-71.07736433398293, 42.32653980359585]}, "properties": {"street": null, "location_type": "Intersection", "dispatch_ts": "2018-06-27T02:34:19+00:00", "timestamp_ms": 1530066859000}}, {"type": "Feature", "geometry": {"type": "Point", "coordinates": [-71.0781328268161, 42.35171705268001]}, "properties": {"street": null, "location_type": "Intersection", "dispatch_ts": "2016-11-10T15:07:05+00:00", "timestamp_ms": 1478790425000}}, {"type": "Feature", "geometry": {"type": "Point", "coordinates": [-71.12759451645613, 42.36338798666746]}, "properties": {"street": null, "location_type": "Intersection", "dispatch_ts": "2023-05-22T12:50:41+00:00", "timestamp_ms": 1684759841000}}, {"type": "Feature", "geometry": {"type": "Point", "coordinates": [-71.07747419633698, 42.29182816866]}, "properties": {"street": "TALBOT AVE", "location_type": "Street", "dispatch_ts": "2025-03-28T12:36:05+00:00", "timestamp_ms": 1743165365000}}, {"type": "Feature", "geometry": {"type": "Point", "coordinates": [-71.14583436321702, 42.29674608766702]}, "properties": {"street": null, "location_type": "Intersection", "dispatch_ts": "2015-10-08T10:19:16+00:00", "timestamp_ms": 1444299556000}}, {"type": "Feature", "geometry": {"type": "Point", "coordinates": [-71.12383328463616, 42.31930813410081]}, "properties": {"street": null, "location_type": "Intersection", "dispatch_ts": "2025-10-11T17:06:28+00:00", "timestamp_ms": 1760202388000}}, {"type": "Feature", "geometry": {"type": "Point", "coordinates": [-71.01721226449816, 42.38375064661882]}, "properties": {"street": "SARATOGA ST", "location_type": "Street", "dispatch_ts": "2015-05-16T20:21:13+00:00", "timestamp_ms": 1431807673000}}, {"type": "Feature", "geometry": {"type": "Point", "coordinates": [-71.08534900262705, 42.34226425112528]}, "properties": {"street": "HUNTINGTON AVE", "location_type": "Street", "dispatch_ts": "2015-04-14T16:50:58+00:00", "timestamp_ms": 1429030258000}}, {"type": "Feature", "geometry": {"type": "Point", "coordinates": [-71.09360673167541, 42.27648996586527]}, "properties": {"street": null, "location_type": "Intersection", "dispatch_ts": "2017-10-18T20:12:47+00:00", "timestamp_ms": 1508357567000}}, {"type": "Feature", "geometry": {"type": "Point", "coordinates": [-71.0954473333671, 42.345199687799685]}, "properties": {"street": "BOYLSTON ST", "location_type": "Street", "dispatch_ts": "2021-10-15T04:58:59+00:00", "timestamp_ms": 1634273939000}}, {"type": "Feature", "geometry": {"type": "Point", "coordinates": [-71.0676265775401, 42.32126356264336]}, "properties": {"street": "COTTAGE ST", "location_type": "Street", "dispatch_ts": "2017-11-03T17:53:49+00:00", "timestamp_ms": 1509731629000}}, {"type": "Feature", "geometry": {"type": "Point", "coordinates": [-71.10932125993533, 42.349952179243914]}, "properties": {"street": null, "location_type": "Intersection", "dispatch_ts": "2024-05-20T22:02:40+00:00", "timestamp_ms": 1716242560000}}, {"type": "Feature", "geometry": {"type": "Point", "coordinates": [-71.10651193142301, 42.349405148357384]}, "properties": {"street": "SAINT MARYS ST", "location_type": "Street", "dispatch_ts": "2017-03-29T00:47:33+00:00", "timestamp_ms": 1490748453000}}, {"type": "Feature", "geometry": {"type": "Point", "coordinates": [-71.05668000182139, 42.36203200040218]}, "properties": {"street": "BLACKSTONE ST", "location_type": "Street", "dispatch_ts": "2025-05-16T21:11:46+00:00", "timestamp_ms": 1747429906000}}, {"type": "Feature", "geometry": {"type": "Point", "coordinates": [-71.09139810718695, 42.33359686794167]}, "properties": {"street": "SCHROEDER PLZ", "location_type": "Street", "dispatch_ts": "2018-06-25T13:13:53+00:00", "timestamp_ms": 1529932433000}}, {"type": "Feature", "geometry": {"type": "Point", "coordinates": [-71.12246037804748, 42.25009237667316]}, "properties": {"street": null, "location_type": "Intersection", "dispatch_ts": "2017-08-18T21:23:53+00:00", "timestamp_ms": 1503091433000}}, {"type": "Feature", "geometry": {"type": "Point", "coordinates": [-71.10512971691928, 42.34824870328482]}, "properties": {"street": "MOUNTFORT ST", "location_type": "Street", "dispatch_ts": "2015-09-01T23:03:58+00:00", "timestamp_ms": 1441148638000}}, {"type": "Feature", "geometry": {"type": "Point", "coordinates": [-71.11893312456787, 42.28176935446804]}, "properties": {"street": "HYDE PARK AVE", "location_type": "Street", "dispatch_ts": "2016-09-02T15:07:43+00:00", "timestamp_ms": 1472828863000}}, {"type": "Feature", "geometry": {"type": "Point", "coordinates": [-71.15372206802651, 42.34280774212577]}, "properties": {"street": "CHESTNUT HILL AVE", "location_type": "Street", "dispatch_ts": "2020-10-17T18:23:14+00:00", "timestamp_ms": 1602958994000}}, {"type": "Feature", "geometry": {"type": "Point", "coordinates": [-71.0643515979202, 42.30873677273434]}, "properties": {"street": null, "location_type": "Intersection", "dispatch_ts": "2018-09-26T00:01:41+00:00", "timestamp_ms": 1537920101000}}, {"type": "Feature", "geometry": {"type": "Point", "coordinates": [-71.11553487158675, 42.30931890168424]}, "properties": {"street": null, "location_type": "Intersection", "dispatch_ts": "2017-12-08T22:22:32+00:00", "timestamp_ms": 1512771752000}}, {"type": "Feature", "geometry": {"type": "Point", "coordinates": [-71.08566063726641, 42.33080299848833]}, "properties": {"street": "MADISON PARK CT", "location_type": "Street", "dispatch_ts": "2021-06-21T20:12:07+00:00", "timestamp_ms": 1624306327000}}, {"type": "Feature", "geometry": {"type": "Point", "coordinates": [-71.07302580875351, 42.357086592627496]}, "properties": {"street": "DAVID G MUGAR WAY", "location_type": "Street", "dispatch_ts": "2022-02-23T20:05:37+00:00", "timestamp_ms": 1645646737000}}, {"type": "Feature", "geometry": {"type": "Point", "coordinates": [-71.12075607691948, 42.299672444178505]}, "properties": {"street": null, "location_type": "Other", "dispatch_ts": "2015-08-27T15:31:01+00:00", "timestamp_ms": 1440689461000}}, {"type": "Feature", "geometry": {"type": "Point", "coordinates": [-71.16814165949307, 42.34667065024837]}, "properties": {"street": "KENRICK ST", "location_type": "Street", "dispatch_ts": "2016-08-22T12:11:48+00:00", "timestamp_ms": 1471867908000}}, {"type": "Feature", "geometry": {"type": "Point", "coordinates": [-71.0712001811113, 42.332335495339265]}, "properties": {"street": null, "location_type": "Intersection", "dispatch_ts": "2022-10-10T14:52:01+00:00", "timestamp_ms": 1665413521000}}, {"type": "Feature", "geometry": {"type": "Point", "coordinates": [-71.1500017446434, 42.28770482906942]}, "properties": {"street": "MANTHORNE RD", "location_type": "Street", "dispatch_ts": "2018-11-15T20:36:56+00:00", "timestamp_ms": 1542314216000}}, {"type": "Feature", "geometry": {"type": "Point", "coordinates": [-71.12497914096448, 42.367021674480625]}, "properties": {"street": null, "location_type": "Intersection", "dispatch_ts": "2015-10-01T21:40:26+00:00", "timestamp_ms": 1443735626000}}, {"type": "Feature", "geometry": {"type": "Point", "coordinates": [-71.0954552496701, 42.337640162468446]}, "properties": {"street": null, "location_type": "Intersection", "dispatch_ts": "2017-03-29T19:20:45+00:00", "timestamp_ms": 1490815245000}}, {"type": "Feature", "geometry": {"type": "Point", "coordinates": [-71.06796618511034, 42.27256428123861]}, "properties": {"street": "DORCHESTER AVE", "location_type": "Street", "dispatch_ts": "2015-08-18T02:28:13+00:00", "timestamp_ms": 1439864893000}}, {"type": "Feature", "geometry": {"type": "Point", "coordinates": [-71.07320764170167, 42.30965086739046]}, "properties": {"street": null, "location_type": "Intersection", "dispatch_ts": "2021-05-23T18:02:33+00:00", "timestamp_ms": 1621792953000}}, {"type": "Feature", "geometry": {"type": "Point", "coordinates": [-71.08381000180147, 42.337442346486014]}, "properties": {"street": null, "location_type": "Intersection", "dispatch_ts": "2015-12-03T00:04:29+00:00", "timestamp_ms": 1449101069000}}, {"type": "Feature", "geometry": {"type": "Point", "coordinates": [-71.09387824132732, 42.26767901356983]}, "properties": {"street": null, "location_type": "Intersection", "dispatch_ts": "2016-01-17T18:55:44+00:00", "timestamp_ms": 1453056944000}}, {"type": "Feature", "geometry": {"type": "Point", "coordinates": [-71.06871268253617, 42.3107742664565]}, "properties": {"street": null, "location_type": "Intersection", "dispatch_ts": "2018-06-26T03:42:35+00:00", "timestamp_ms": 1529984555000}}, {"type": "Feature", "geometry": {"type": "Point", "coordinates": [-71.07914708041633, 42.382343790234216]}, "properties": {"street": "CAMBRIDGE ST", "location_type": "Street", "dispatch_ts": "2018-07-11T21:26:07+00:00", "timestamp_ms": 1531344367000}}, {"type": "Feature", "geometry": {"type": "Point", "coordinates": [-71.0786188622272, 42.34770127107531]}, "properties": {"street": "HUNTINGTON AVE", "location_type": "Street", "dispatch_ts": "2025-03-20T13:52:51+00:00", "timestamp_ms": 1742478771000}}, {"type": "Feature", "geometry": {"type": "Point", "coordinates": [-71.0721081195909, 42.29551315096727]}, "properties": {"street": null, "location_type": "Intersection", "dispatch_ts": "2015-08-30T23:36:27+00:00", "timestamp_ms": 1440977787000}}, {"type": "Feature", "geometry": {"type": "Point", "coordinates": [-71.11877725776135, 42.35156932493414]}, "properties": {"street": "COMMONWEALTH AVE", "location_type": "Street", "dispatch_ts": "2023-04-29T05:01:24+00:00", "timestamp_ms": 1682744484000}}, {"type": "Feature", "geometry": {"type": "Point", "coordinates": [-71.12529211230105, 42.35184027273412]}, "properties": {"street": "COMMONWEALTH AVE", "location_type": "Street", "dispatch_ts": "2026-04-22T21:19:44+00:00", "timestamp_ms": 1776892784000}}, {"type": "Feature", "geometry": {"type": "Point", "coordinates": [-71.06167984426598, 42.342789446068664]}, "properties": {"street": null, "location_type": "Intersection", "dispatch_ts": "2020-06-08T20:34:02+00:00", "timestamp_ms": 1591648442000}}, {"type": "Feature", "geometry": {"type": "Point", "coordinates": [-71.08683074634197, 42.34546463341209]}, "properties": {"street": null, "location_type": "Intersection", "dispatch_ts": "2021-07-24T14:40:59+00:00", "timestamp_ms": 1627137659000}}, {"type": "Feature", "geometry": {"type": "Point", "coordinates": [-71.09963726418277, 42.336222689645226]}, "properties": {"street": "HUNTINGTON AVE", "location_type": "Street", "dispatch_ts": "2022-05-16T19:12:41+00:00", "timestamp_ms": 1652728361000}}, {"type": "Feature", "geometry": {"type": "Point", "coordinates": [-71.1465030938923, 42.36035672487863]}, "properties": {"street": "LEO M BIRMINGHAM PKWY", "location_type": "Street", "dispatch_ts": "2018-09-20T12:06:46+00:00", "timestamp_ms": 1537445206000}}, {"type": "Feature", "geometry": {"type": "Point", "coordinates": [-71.06910852827625, 42.34655553631003]}, "properties": {"street": null, "location_type": "Intersection", "dispatch_ts": "2018-02-06T23:32:31+00:00", "timestamp_ms": 1517959951000}}, {"type": "Feature", "geometry": {"type": "Point", "coordinates": [-71.09505631954386, 42.3133854236596]}, "properties": {"street": null, "location_type": "Intersection", "dispatch_ts": "2023-02-18T02:36:19+00:00", "timestamp_ms": 1676687779000}}, {"type": "Feature", "geometry": {"type": "Point", "coordinates": [-71.07267753674451, 42.332892489569105]}, "properties": {"street": "MASSACHUSETTS AVE", "location_type": "Street", "dispatch_ts": "2019-07-03T05:11:40+00:00", "timestamp_ms": 1562130700000}}, {"type": "Feature", "geometry": {"type": "Point", "coordinates": [-71.12630134202719, 42.28816476666642]}, "properties": {"street": null, "location_type": "Intersection", "dispatch_ts": "2016-11-17T12:09:42+00:00", "timestamp_ms": 1479384582000}}, {"type": "Feature", "geometry": {"type": "Point", "coordinates": [-71.05680380711728, 42.35887829694723]}, "properties": {"street": null, "location_type": "Intersection", "dispatch_ts": "2015-08-20T13:02:13+00:00", "timestamp_ms": 1440075733000}}, {"type": "Feature", "geometry": {"type": "Point", "coordinates": [-71.16204463913756, 42.346471708012665]}, "properties": {"street": "LAKE ST", "location_type": "Street", "dispatch_ts": "2019-04-03T21:44:39+00:00", "timestamp_ms": 1554327879000}}, {"type": "Feature", "geometry": {"type": "Point", "coordinates": [-71.05819428049428, 42.35975394744587]}, "properties": {"street": "CITY HALL PLZ", "location_type": "Street", "dispatch_ts": "2017-02-25T23:27:19+00:00", "timestamp_ms": 1488065239000}}, {"type": "Feature", "geometry": {"type": "Point", "coordinates": [-71.07158429844081, 42.290212288663206]}, "properties": {"street": null, "location_type": "Intersection", "dispatch_ts": "2025-07-21T16:11:11+00:00", "timestamp_ms": 1753114271000}}, {"type": "Feature", "geometry": {"type": "Point", "coordinates": [-71.13778862887325, 42.34833457366462]}, "properties": {"street": null, "location_type": "Intersection", "dispatch_ts": "2025-08-18T22:26:18+00:00", "timestamp_ms": 1755555978000}}, {"type": "Feature", "geometry": {"type": "Point", "coordinates": [-71.07657164868125, 42.307172124455015]}, "properties": {"street": "COLUMBIA RD", "location_type": "Street", "dispatch_ts": "2025-05-30T16:42:29+00:00", "timestamp_ms": 1748623349000}}, {"type": "Feature", "geometry": {"type": "Point", "coordinates": [-71.07320764170167, 42.30965086739046]}, "properties": {"street": null, "location_type": "Intersection", "dispatch_ts": "2022-08-27T20:03:42+00:00", "timestamp_ms": 1661630622000}}, {"type": "Feature", "geometry": {"type": "Point", "coordinates": [-71.15423325674341, 42.34913255052036]}, "properties": {"street": "WASHINGTON ST", "location_type": "Street", "dispatch_ts": "2021-07-20T21:16:48+00:00", "timestamp_ms": 1626815808000}}, {"type": "Feature", "geometry": {"type": "Point", "coordinates": [-71.14607006770055, 42.25643389494789]}, "properties": {"street": "MARGARETTA DR", "location_type": "Street", "dispatch_ts": "2023-11-01T22:25:33+00:00", "timestamp_ms": 1698877533000}}, {"type": "Feature", "geometry": {"type": "Point", "coordinates": [-71.13275759369229, 42.355539014087846]}, "properties": {"street": null, "location_type": "Intersection", "dispatch_ts": "2015-10-18T22:49:09+00:00", "timestamp_ms": 1445208549000}}, {"type": "Feature", "geometry": {"type": "Point", "coordinates": [-71.11487450533856, 42.29797543790429]}, "properties": {"street": "UKRAINE WAY", "location_type": "Street", "dispatch_ts": "2015-06-14T20:33:22+00:00", "timestamp_ms": 1434314002000}}, {"type": "Feature", "geometry": {"type": "Point", "coordinates": [-71.07636716937284, 42.349485540556685]}, "properties": {"street": "SAINT JAMES AVE", "location_type": "Street", "dispatch_ts": "2018-06-13T12:38:35+00:00", "timestamp_ms": 1528893515000}}, {"type": "Feature", "geometry": {"type": "Point", "coordinates": [-71.0723120025414, 42.35551571111943]}, "properties": {"street": null, "location_type": "Intersection", "dispatch_ts": "2023-08-11T23:25:31+00:00", "timestamp_ms": 1691796331000}}, {"type": "Feature", "geometry": {"type": "Point", "coordinates": [-71.09687298020927, 42.34260452354548]}, "properties": {"street": "JERSEY ST", "location_type": "Street", "dispatch_ts": "2021-09-10T13:53:01+00:00", "timestamp_ms": 1631281981000}}, {"type": "Feature", "geometry": {"type": "Point", "coordinates": [-71.1112581614438, 42.32999305121988]}, "properties": {"street": "HUNTINGTON AVE", "location_type": "Street", "dispatch_ts": "2019-08-06T21:40:10+00:00", "timestamp_ms": 1565127610000}}, {"type": "Feature", "geometry": {"type": "Point", "coordinates": [-71.07702219706704, 42.33646616628194]}, "properties": {"street": null, "location_type": "Intersection", "dispatch_ts": "2017-07-13T23:49:21+00:00", "timestamp_ms": 1499989761000}}, {"type": "Feature", "geometry": {"type": "Point", "coordinates": [-71.0613373668176, 42.29621978662399]}, "properties": {"street": "DORCHESTER AVE", "location_type": "Street", "dispatch_ts": "2016-07-03T04:10:34+00:00", "timestamp_ms": 1467519034000}}, {"type": "Feature", "geometry": {"type": "Point", "coordinates": [-71.09510160211099, 42.348792212916806]}, "properties": {"street": "COMMONWEALTH AVE", "location_type": "Street", "dispatch_ts": "2021-08-26T22:30:06+00:00", "timestamp_ms": 1630017006000}}, {"type": "Feature", "geometry": {"type": "Point", "coordinates": [-71.07302580875351, 42.357086592627496]}, "properties": {"street": "DAVID G MUGAR WAY", "location_type": "Street", "dispatch_ts": "2020-05-21T21:31:38+00:00", "timestamp_ms": 1590096698000}}, {"type": "Feature", "geometry": {"type": "Point", "coordinates": [-71.088641463287, 42.34915419274428]}, "properties": {"street": null, "location_type": "Intersection", "dispatch_ts": "2015-07-22T13:08:29+00:00", "timestamp_ms": 1437570509000}}, {"type": "Feature", "geometry": {"type": "Point", "coordinates": [-71.092399234367, 42.33295015679992]}, "properties": {"street": null, "location_type": "Intersection", "dispatch_ts": "2017-07-18T19:49:26+00:00", "timestamp_ms": 1500407366000}}, {"type": "Feature", "geometry": {"type": "Point", "coordinates": [-71.09825789002824, 42.28243650031191]}, "properties": {"street": "HAZLETON ST", "location_type": "Street", "dispatch_ts": "2022-11-02T20:45:59+00:00", "timestamp_ms": 1667421959000}}, {"type": "Feature", "geometry": {"type": "Point", "coordinates": [-71.14995222567173, 42.35480988929018]}, "properties": {"street": null, "location_type": "Intersection", "dispatch_ts": "2016-09-13T22:15:01+00:00", "timestamp_ms": 1473804901000}}, {"type": "Feature", "geometry": {"type": "Point", "coordinates": [-71.1359662528649, 42.364540498306155]}, "properties": {"street": "SOLDIERS FIELD RD", "location_type": "Street", "dispatch_ts": "2021-04-07T20:10:49+00:00", "timestamp_ms": 1617826249000}}, {"type": "Feature", "geometry": {"type": "Point", "coordinates": [-71.04266705536637, 42.282131947960686]}, "properties": {"street": null, "location_type": "Other", "dispatch_ts": "2015-07-01T23:35:27+00:00", "timestamp_ms": 1435793727000}}, {"type": "Feature", "geometry": {"type": "Point", "coordinates": [-71.09141066971604, 42.28464302785528]}, "properties": {"street": "BLUE HILL AVE", "location_type": "Street", "dispatch_ts": "2023-08-03T11:41:00+00:00", "timestamp_ms": 1691062860000}}, {"type": "Feature", "geometry": {"type": "Point", "coordinates": [-71.08968315450363, 42.34478777421882]}, "properties": {"street": "HEMENWAY ST", "location_type": "Street", "dispatch_ts": "2023-04-04T17:30:24+00:00", "timestamp_ms": 1680629424000}}, {"type": "Feature", "geometry": {"type": "Point", "coordinates": [-71.06297174005779, 42.35099134006472]}, "properties": {"street": null, "location_type": "Intersection", "dispatch_ts": "2019-07-24T13:00:31+00:00", "timestamp_ms": 1563973231000}}, {"type": "Feature", "geometry": {"type": "Point", "coordinates": [-71.05680380711728, 42.35887829694723]}, "properties": {"street": null, "location_type": "Intersection", "dispatch_ts": "2021-07-14T21:40:06+00:00", "timestamp_ms": 1626298806000}}, {"type": "Feature", "geometry": {"type": "Point", "coordinates": [-71.07202820615133, 42.38359238396588]}, "properties": {"street": "MAIN ST", "location_type": "Street", "dispatch_ts": "2017-11-01T20:50:46+00:00", "timestamp_ms": 1509569446000}}, {"type": "Feature", "geometry": {"type": "Point", "coordinates": [-71.08253819054592, 42.30052255904709]}, "properties": {"street": "FOWLER ST", "location_type": "Street", "dispatch_ts": "2021-09-04T22:40:36+00:00", "timestamp_ms": 1630795236000}}, {"type": "Feature", "geometry": {"type": "Point", "coordinates": [-71.15650710319072, 42.35575614391032]}, "properties": {"street": "PARSONS ST", "location_type": "Street", "dispatch_ts": "2025-08-17T20:19:09+00:00", "timestamp_ms": 1755461949000}}, {"type": "Feature", "geometry": {"type": "Point", "coordinates": [-71.05878136610792, 42.30601870770874]}, "properties": {"street": null, "location_type": "Intersection", "dispatch_ts": "2015-04-13T01:51:56+00:00", "timestamp_ms": 1428889916000}}, {"type": "Feature", "geometry": {"type": "Point", "coordinates": [-71.09141066971604, 42.28464302785528]}, "properties": {"street": "BLUE HILL AVE", "location_type": "Street", "dispatch_ts": "2020-10-25T19:29:12+00:00", "timestamp_ms": 1603654152000}}, {"type": "Feature", "geometry": {"type": "Point", "coordinates": [-71.06874535837578, 42.2910635116693]}, "properties": {"street": "CENTRE ST", "location_type": "Street", "dispatch_ts": "2018-04-29T02:58:41+00:00", "timestamp_ms": 1524970721000}}, {"type": "Feature", "geometry": {"type": "Point", "coordinates": [-71.09330589917495, 42.334896067267366]}, "properties": {"street": "ANNUNCIATION RD", "location_type": "Street", "dispatch_ts": "2017-05-29T01:31:01+00:00", "timestamp_ms": 1496021461000}}, {"type": "Feature", "geometry": {"type": "Point", "coordinates": [-71.11409959147274, 42.31325933291732]}, "properties": {"street": "CENTRE ST", "location_type": "Street", "dispatch_ts": "2021-04-22T20:31:37+00:00", "timestamp_ms": 1619123497000}}, {"type": "Feature", "geometry": {"type": "Point", "coordinates": [-71.10205090493531, 42.34956664191291]}, "properties": {"street": "COMMONWEALTH AVE", "location_type": "Street", "dispatch_ts": "2015-03-21T21:08:17+00:00", "timestamp_ms": 1426972097000}}, {"type": "Feature", "geometry": {"type": "Point", "coordinates": [-71.07575247116102, 42.292951276348994]}, "properties": {"street": null, "location_type": "Intersection", "dispatch_ts": "2025-09-27T00:46:01+00:00", "timestamp_ms": 1758933961000}}, {"type": "Feature", "geometry": {"type": "Point", "coordinates": [-71.08181395832389, 42.34543689253755]}, "properties": {"street": null, "location_type": "Intersection", "dispatch_ts": "2015-12-04T12:41:54+00:00", "timestamp_ms": 1449232914000}}, {"type": "Feature", "geometry": {"type": "Point", "coordinates": [-71.01142570832701, 42.382229315016154]}, "properties": {"street": null, "location_type": "Other", "dispatch_ts": "2024-07-25T21:49:49+00:00", "timestamp_ms": 1721944189000}}, {"type": "Feature", "geometry": {"type": "Point", "coordinates": [-71.0444300009593, 42.347343999893965]}, "properties": {"street": "SUMMER ST", "location_type": "Street", "dispatch_ts": "2019-06-25T11:20:33+00:00", "timestamp_ms": 1561461633000}}, {"type": "Feature", "geometry": {"type": "Point", "coordinates": [-71.04960378165084, 42.37795751017804]}, "properties": {"street": null, "location_type": "Intersection", "dispatch_ts": "2024-08-30T22:34:29+00:00", "timestamp_ms": 1725057269000}}, {"type": "Feature", "geometry": {"type": "Point", "coordinates": [-71.0894836662669, 42.350858072765824]}, "properties": {"street": null, "location_type": "Intersection", "dispatch_ts": "2015-12-09T17:51:23+00:00", "timestamp_ms": 1449683483000}}, {"type": "Feature", "geometry": {"type": "Point", "coordinates": [-71.14296264337038, 42.343814781189145]}, "properties": {"street": null, "location_type": "Intersection", "dispatch_ts": "2022-08-17T02:43:57+00:00", "timestamp_ms": 1660704237000}}, {"type": "Feature", "geometry": {"type": "Point", "coordinates": [-71.06204271046852, 42.36457591221275]}, "properties": {"street": "PORTLAND ST", "location_type": "Street", "dispatch_ts": "2019-03-21T22:36:02+00:00", "timestamp_ms": 1553207762000}}, {"type": "Feature", "geometry": {"type": "Point", "coordinates": [-71.13106154540633, 42.350555735595485]}, "properties": {"street": null, "location_type": "Intersection", "dispatch_ts": "2015-01-12T18:28:03+00:00", "timestamp_ms": 1421087283000}}, {"type": "Feature", "geometry": {"type": "Point", "coordinates": [-71.11619895071273, 42.29777436211959]}, "properties": {"street": "WASHINGTON ST", "location_type": "Street", "dispatch_ts": "2016-08-23T15:21:50+00:00", "timestamp_ms": 1471965710000}}, {"type": "Feature", "geometry": {"type": "Point", "coordinates": [-71.0605181391378, 42.35547514125235]}, "properties": {"street": null, "location_type": "Intersection", "dispatch_ts": "2015-09-07T23:53:44+00:00", "timestamp_ms": 1441670024000}}, {"type": "Feature", "geometry": {"type": "Point", "coordinates": [-71.06446014780278, 42.347348190196506]}, "properties": {"street": null, "location_type": "Intersection", "dispatch_ts": "2017-06-28T18:08:47+00:00", "timestamp_ms": 1498673327000}}, {"type": "Feature", "geometry": {"type": "Point", "coordinates": [-71.08801149770122, 42.335258039029775]}, "properties": {"street": "TREMONT ST", "location_type": "Street", "dispatch_ts": "2019-10-11T20:29:57+00:00", "timestamp_ms": 1570825797000}}, {"type": "Feature", "geometry": {"type": "Point", "coordinates": [-71.10065325073569, 42.27048793405695]}, "properties": {"street": null, "location_type": "Intersection", "dispatch_ts": "2020-06-09T11:34:37+00:00", "timestamp_ms": 1591702477000}}, {"type": "Feature", "geometry": {"type": "Point", "coordinates": [-71.09286869694657, 42.3488310556756]}, "properties": {"street": null, "location_type": "Intersection", "dispatch_ts": "2017-11-16T22:31:50+00:00", "timestamp_ms": 1510871510000}}, {"type": "Feature", "geometry": {"type": "Point", "coordinates": [-71.06502405219014, 42.31700117111847]}, "properties": {"street": null, "location_type": "Intersection", "dispatch_ts": "2016-07-22T06:38:13+00:00", "timestamp_ms": 1469169493000}}, {"type": "Feature", "geometry": {"type": "Point", "coordinates": [-71.06258701097296, 42.35092056146671]}, "properties": {"street": "KNEELAND ST", "location_type": "Street", "dispatch_ts": "2016-02-25T17:20:05+00:00", "timestamp_ms": 1456420805000}}, {"type": "Feature", "geometry": {"type": "Point", "coordinates": [-71.14453283889239, 42.344646302519855]}, "properties": {"street": null, "location_type": "Intersection", "dispatch_ts": "2018-10-05T13:30:11+00:00", "timestamp_ms": 1538746211000}}, {"type": "Feature", "geometry": {"type": "Point", "coordinates": [-71.13777988265088, 42.27763863521999]}, "properties": {"street": null, "location_type": "Intersection", "dispatch_ts": "2022-05-18T17:23:04+00:00", "timestamp_ms": 1652894584000}}, {"type": "Feature", "geometry": {"type": "Point", "coordinates": [-71.05793138301375, 42.37845609692226]}, "properties": {"street": "WALFORD WAY", "location_type": "Street", "dispatch_ts": "2017-05-02T20:50:15+00:00", "timestamp_ms": 1493758215000}}, {"type": "Feature", "geometry": {"type": "Point", "coordinates": [-71.08513073202057, 42.28273109583696]}, "properties": {"street": "NORFOLK ST", "location_type": "Street", "dispatch_ts": "2021-07-19T01:16:32+00:00", "timestamp_ms": 1626657392000}}, {"type": "Feature", "geometry": {"type": "Point", "coordinates": [-71.05999614949086, 42.30993409471741]}, "properties": {"street": null, "location_type": "Intersection", "dispatch_ts": "2019-02-01T12:46:03+00:00", "timestamp_ms": 1549025163000}}, {"type": "Feature", "geometry": {"type": "Point", "coordinates": [-71.07512877861727, 42.33497045406834]}, "properties": {"street": null, "location_type": "Intersection", "dispatch_ts": "2020-04-22T13:11:44+00:00", "timestamp_ms": 1587561104000}}, {"type": "Feature", "geometry": {"type": "Point", "coordinates": [-71.07918810250841, 42.34747260512798]}, "properties": {"street": "HUNTINGTON AVE", "location_type": "Street", "dispatch_ts": "2018-07-08T13:04:18+00:00", "timestamp_ms": 1531055058000}}, {"type": "Feature", "geometry": {"type": "Point", "coordinates": [-71.05731254188058, 42.293127136286664]}, "properties": {"street": null, "location_type": "Intersection", "dispatch_ts": "2021-09-04T20:24:02+00:00", "timestamp_ms": 1630787042000}}, {"type": "Feature", "geometry": {"type": "Point", "coordinates": [-71.10043684206919, 42.32724659128071]}, "properties": {"street": "FISHER AVE", "location_type": "Street", "dispatch_ts": "2019-08-04T14:58:36+00:00", "timestamp_ms": 1564930716000}}, {"type": "Feature", "geometry": {"type": "Point", "coordinates": [-71.07559459777922, 42.35148955746563]}, "properties": {"street": null, "location_type": "Intersection", "dispatch_ts": "2021-08-02T14:39:33+00:00", "timestamp_ms": 1627915173000}}, {"type": "Feature", "geometry": {"type": "Point", "coordinates": [-71.13413659567122, 42.280861094689115]}, "properties": {"street": null, "location_type": "Intersection", "dispatch_ts": "2020-11-06T21:49:20+00:00", "timestamp_ms": 1604699360000}}, {"type": "Feature", "geometry": {"type": "Point", "coordinates": [-71.10311322851362, 42.31661146170839]}, "properties": {"street": null, "location_type": "Intersection", "dispatch_ts": "2018-12-20T14:06:30+00:00", "timestamp_ms": 1545314790000}}, {"type": "Feature", "geometry": {"type": "Point", "coordinates": [-71.15726649518564, 42.35685910857027]}, "properties": {"street": null, "location_type": "Intersection", "dispatch_ts": "2026-06-10T11:12:09+00:00", "timestamp_ms": 1781089929000}}, {"type": "Feature", "geometry": {"type": "Point", "coordinates": [-71.08284421230768, 42.316372123054194]}, "properties": {"street": null, "location_type": "Intersection", "dispatch_ts": "2019-06-15T19:37:50+00:00", "timestamp_ms": 1560627470000}}, {"type": "Feature", "geometry": {"type": "Point", "coordinates": [-71.08331521353185, 42.341623413608]}, "properties": {"street": "MASSACHUSETTS AVE", "location_type": "Street", "dispatch_ts": "2026-02-05T16:04:11+00:00", "timestamp_ms": 1770307451000}}, {"type": "Feature", "geometry": {"type": "Point", "coordinates": [-71.08449139355483, 42.329832153767654]}, "properties": {"street": "WASHINGTON ST", "location_type": "Street", "dispatch_ts": "2018-07-22T07:37:26+00:00", "timestamp_ms": 1532245046000}}, {"type": "Feature", "geometry": {"type": "Point", "coordinates": [-71.07492835840553, 42.3850052781568]}, "properties": {"street": "MAIN ST", "location_type": "Street", "dispatch_ts": "2017-07-17T16:41:04+00:00", "timestamp_ms": 1500309664000}}, {"type": "Feature", "geometry": {"type": "Point", "coordinates": [-71.09947708842635, 42.31461035531381]}, "properties": {"street": null, "location_type": "Intersection", "dispatch_ts": "2016-06-16T20:58:25+00:00", "timestamp_ms": 1466110705000}}, {"type": "Feature", "geometry": {"type": "Point", "coordinates": [-71.07665430937845, 42.307117075061505]}, "properties": {"street": null, "location_type": "Intersection", "dispatch_ts": "2023-07-01T03:51:32+00:00", "timestamp_ms": 1688183492000}}, {"type": "Feature", "geometry": {"type": "Point", "coordinates": [-71.06147806360565, 42.35456041863941]}, "properties": {"street": "WASHINGTON ST", "location_type": "Street", "dispatch_ts": "2023-12-15T21:29:12+00:00", "timestamp_ms": 1702675752000}}, {"type": "Feature", "geometry": {"type": "Point", "coordinates": [-71.15039335433343, 42.33553916104743]}, "properties": {"street": null, "location_type": "Intersection", "dispatch_ts": "2017-04-17T04:15:42+00:00", "timestamp_ms": 1492402542000}}, {"type": "Feature", "geometry": {"type": "Point", "coordinates": [-71.09141230131117, 42.28463746368558]}, "properties": {"street": null, "location_type": "Intersection", "dispatch_ts": "2024-01-05T13:51:35+00:00", "timestamp_ms": 1704462695000}}, {"type": "Feature", "geometry": {"type": "Point", "coordinates": [-71.09754810289368, 42.31463073041829]}, "properties": {"street": "DIXWELL ST", "location_type": "Street", "dispatch_ts": "2018-02-27T06:40:30+00:00", "timestamp_ms": 1519713630000}}, {"type": "Feature", "geometry": {"type": "Point", "coordinates": [-71.0844448997114, 42.34816987509648]}, "properties": {"street": "BOYLSTON ST", "location_type": "Street", "dispatch_ts": "2024-09-17T11:39:10+00:00", "timestamp_ms": 1726573150000}}, {"type": "Feature", "geometry": {"type": "Point", "coordinates": [-71.06228377245411, 42.32136587111925]}, "properties": {"street": "MASSACHUSETTS AVE", "location_type": "Street", "dispatch_ts": "2020-09-15T20:33:56+00:00", "timestamp_ms": 1600202036000}}, {"type": "Feature", "geometry": {"type": "Point", "coordinates": [-71.10021823694323, 42.326399151171174]}, "properties": {"street": null, "location_type": "Intersection", "dispatch_ts": "2018-02-21T14:39:36+00:00", "timestamp_ms": 1519223976000}}, {"type": "Feature", "geometry": {"type": "Point", "coordinates": [-71.05979924047703, 42.30151744712731]}, "properties": {"street": null, "location_type": "Intersection", "dispatch_ts": "2020-05-28T18:33:15+00:00", "timestamp_ms": 1590690795000}}, {"type": "Feature", "geometry": {"type": "Point", "coordinates": [-71.11481796882241, 42.324031856551834]}, "properties": {"street": "JAMAICAWAY NULL", "location_type": "Street", "dispatch_ts": "2017-10-27T12:09:49+00:00", "timestamp_ms": 1509106189000}}, {"type": "Feature", "geometry": {"type": "Point", "coordinates": [-71.09433126831838, 42.34719267840804]}, "properties": {"street": null, "location_type": "Intersection", "dispatch_ts": "2017-02-04T23:08:07+00:00", "timestamp_ms": 1486249687000}}, {"type": "Feature", "geometry": {"type": "Point", "coordinates": [-71.0751997753171, 42.35068682443397]}, "properties": {"street": null, "location_type": "Intersection", "dispatch_ts": "2026-06-28T18:02:59+00:00", "timestamp_ms": 1782669779000}}, {"type": "Feature", "geometry": {"type": "Point", "coordinates": [-71.03752510653273, 42.34827619235113]}, "properties": {"street": null, "location_type": "Intersection", "dispatch_ts": "2025-09-30T21:48:57+00:00", "timestamp_ms": 1759268937000}}, {"type": "Feature", "geometry": {"type": "Point", "coordinates": [-71.15039335433343, 42.33553916104743]}, "properties": {"street": null, "location_type": "Intersection", "dispatch_ts": "2024-08-14T13:10:38+00:00", "timestamp_ms": 1723641038000}}, {"type": "Feature", "geometry": {"type": "Point", "coordinates": [-71.06805157503656, 42.34468259322263]}, "properties": {"street": null, "location_type": "Intersection", "dispatch_ts": "2022-08-14T14:21:11+00:00", "timestamp_ms": 1660486871000}}, {"type": "Feature", "geometry": {"type": "Point", "coordinates": [-71.04947393764101, 42.34908926060443]}, "properties": {"street": null, "location_type": "Intersection", "dispatch_ts": "2023-02-17T21:49:23+00:00", "timestamp_ms": 1676670563000}}, {"type": "Feature", "geometry": {"type": "Point", "coordinates": [-71.08741210024792, 42.34086661218907]}, "properties": {"street": "HUNTINGTON AVE", "location_type": "Street", "dispatch_ts": "2016-09-20T20:56:18+00:00", "timestamp_ms": 1474404978000}}, {"type": "Feature", "geometry": {"type": "Point", "coordinates": [-71.12557973854369, 42.36640528106328]}, "properties": {"street": null, "location_type": "Intersection", "dispatch_ts": "2024-02-14T17:51:44+00:00", "timestamp_ms": 1707933104000}}, {"type": "Feature", "geometry": {"type": "Point", "coordinates": [-71.09702875185057, 42.33891129365439]}, "properties": {"street": null, "location_type": "Intersection", "dispatch_ts": "2023-05-25T22:57:15+00:00", "timestamp_ms": 1685055435000}}, {"type": "Feature", "geometry": {"type": "Point", "coordinates": [-71.09231824659403, 42.28133507143867]}, "properties": {"street": "BLUE HILL AVE", "location_type": "Street", "dispatch_ts": "2016-12-02T19:04:23+00:00", "timestamp_ms": 1480705463000}}, {"type": "Feature", "geometry": {"type": "Point", "coordinates": [-71.0866442187909, 42.33703017242576]}, "properties": {"street": null, "location_type": "Intersection", "dispatch_ts": "2016-09-17T17:09:18+00:00", "timestamp_ms": 1474132158000}}, {"type": "Feature", "geometry": {"type": "Point", "coordinates": [-71.05411221091096, 42.321382813855195]}, "properties": {"street": null, "location_type": "Intersection", "dispatch_ts": "2023-07-07T18:58:18+00:00", "timestamp_ms": 1688756298000}}, {"type": "Feature", "geometry": {"type": "Point", "coordinates": [-71.15337531071108, 42.33818696260854]}, "properties": {"street": null, "location_type": "Intersection", "dispatch_ts": "2021-04-27T19:06:00+00:00", "timestamp_ms": 1619550360000}}, {"type": "Feature", "geometry": {"type": "Point", "coordinates": [-71.15000562711178, 42.335905313711585]}, "properties": {"street": "BEACON ST", "location_type": "Street", "dispatch_ts": "2024-11-12T15:00:38+00:00", "timestamp_ms": 1731423638000}}, {"type": "Feature", "geometry": {"type": "Point", "coordinates": [-71.0894836662669, 42.350858072765824]}, "properties": {"street": null, "location_type": "Intersection", "dispatch_ts": "2022-07-27T21:18:56+00:00", "timestamp_ms": 1658956736000}}, {"type": "Feature", "geometry": {"type": "Point", "coordinates": [-71.12341711076695, 42.35213093390705]}, "properties": {"street": "COMMONWEALTH AVE", "location_type": "Street", "dispatch_ts": "2025-02-24T21:27:57+00:00", "timestamp_ms": 1740432477000}}, {"type": "Feature", "geometry": {"type": "Point", "coordinates": [-71.11446028159207, 42.30191409740007]}, "properties": {"street": null, "location_type": "Intersection", "dispatch_ts": "2019-09-30T23:09:07+00:00", "timestamp_ms": 1569884947000}}, {"type": "Feature", "geometry": {"type": "Point", "coordinates": [-71.1203149530504, 42.36397271523848]}, "properties": {"street": "WESTERN AVE", "location_type": "Street", "dispatch_ts": "2022-09-12T14:23:46+00:00", "timestamp_ms": 1662992626000}}, {"type": "Feature", "geometry": {"type": "Point", "coordinates": [-71.13628417190787, 42.35404492779999]}, "properties": {"street": "CAMBRIDGE ST", "location_type": "Street", "dispatch_ts": "2016-03-11T17:15:50+00:00", "timestamp_ms": 1457716550000}}, {"type": "Feature", "geometry": {"type": "Point", "coordinates": [-71.1274631260347, 42.35034894710923]}, "properties": {"street": "COMMONWEALTH AVE", "location_type": "Street", "dispatch_ts": "2019-05-30T12:51:11+00:00", "timestamp_ms": 1559220671000}}, {"type": "Feature", "geometry": {"type": "Point", "coordinates": [-71.0850258466602, 42.34284918462784]}, "properties": {"street": null, "location_type": "Intersection", "dispatch_ts": "2020-05-26T22:09:56+00:00", "timestamp_ms": 1590530996000}}, {"type": "Feature", "geometry": {"type": "Point", "coordinates": [-71.06785394079056, 42.36123312258183]}, "properties": {"street": null, "location_type": "Intersection", "dispatch_ts": "2017-08-07T21:39:27+00:00", "timestamp_ms": 1502141967000}}, {"type": "Feature", "geometry": {"type": "Point", "coordinates": [-71.05699814944707, 42.332854146385074]}, "properties": {"street": null, "location_type": "Intersection", "dispatch_ts": "2016-08-16T20:15:40+00:00", "timestamp_ms": 1471378540000}}, {"type": "Feature", "geometry": {"type": "Point", "coordinates": [-71.10521491478056, 42.333925720307064]}, "properties": {"street": "HUNTINGTON AVE", "location_type": "Street", "dispatch_ts": "2018-07-26T23:08:10+00:00", "timestamp_ms": 1532646490000}}, {"type": "Feature", "geometry": {"type": "Point", "coordinates": [-71.0936517626102, 42.33696715096203]}, "properties": {"street": null, "location_type": "Intersection", "dispatch_ts": "2015-09-15T12:34:28+00:00", "timestamp_ms": 1442320468000}}, {"type": "Feature", "geometry": {"type": "Point", "coordinates": [-71.15039335433343, 42.33553916104743]}, "properties": {"street": null, "location_type": "Intersection", "dispatch_ts": "2025-08-13T22:33:27+00:00", "timestamp_ms": 1755124407000}}, {"type": "Feature", "geometry": {"type": "Point", "coordinates": [-71.15109674380331, 42.34902341036441]}, "properties": {"street": null, "location_type": "Intersection", "dispatch_ts": "2016-07-21T06:37:24+00:00", "timestamp_ms": 1469083044000}}, {"type": "Feature", "geometry": {"type": "Point", "coordinates": [-71.07201818804987, 42.33262014368461]}, "properties": {"street": null, "location_type": "Intersection", "dispatch_ts": "2021-08-24T00:57:55+00:00", "timestamp_ms": 1629766675000}}, {"type": "Feature", "geometry": {"type": "Point", "coordinates": [-71.09510160211099, 42.348792212916806]}, "properties": {"street": "COMMONWEALTH AVE", "location_type": "Street", "dispatch_ts": "2021-05-15T02:22:20+00:00", "timestamp_ms": 1621045340000}}, {"type": "Feature", "geometry": {"type": "Point", "coordinates": [-71.05244277056015, 42.35953596090297]}, "properties": {"street": null, "location_type": "Intersection", "dispatch_ts": "2015-04-05T16:31:37+00:00", "timestamp_ms": 1428251497000}}, {"type": "Feature", "geometry": {"type": "Point", "coordinates": [-71.06724682097284, 42.37769677671176]}, "properties": {"street": "MAIN ST", "location_type": "Street", "dispatch_ts": "2023-06-03T19:33:14+00:00", "timestamp_ms": 1685820794000}}, {"type": "Feature", "geometry": {"type": "Point", "coordinates": [-71.07435237099469, 42.33046006901704]}, "properties": {"street": "FARNHAM ST", "location_type": "Street", "dispatch_ts": "2015-07-24T15:12:10+00:00", "timestamp_ms": 1437750730000}}, {"type": "Feature", "geometry": {"type": "Point", "coordinates": [-71.11223749705523, 42.31866531175288]}, "properties": {"street": "CENTRE ST", "location_type": "Street", "dispatch_ts": "2015-11-09T13:34:36+00:00", "timestamp_ms": 1447076076000}}, {"type": "Feature", "geometry": {"type": "Point", "coordinates": [-71.0936517626102, 42.33696715096203]}, "properties": {"street": null, "location_type": "Intersection", "dispatch_ts": "2024-01-24T14:10:07+00:00", "timestamp_ms": 1706105407000}}, {"type": "Feature", "geometry": {"type": "Point", "coordinates": [-71.0936517626102, 42.33696715096203]}, "properties": {"street": null, "location_type": "Intersection", "dispatch_ts": "2018-11-11T20:25:26+00:00", "timestamp_ms": 1541967926000}}, {"type": "Feature", "geometry": {"type": "Point", "coordinates": [-71.07563165684574, 42.292562070558006]}, "properties": {"street": "SPENCER ST", "location_type": "Street", "dispatch_ts": "2024-08-03T18:07:15+00:00", "timestamp_ms": 1722708435000}}, {"type": "Feature", "geometry": {"type": "Point", "coordinates": [-71.03980543364656, 42.33058308619067]}, "properties": {"street": null, "location_type": "Intersection", "dispatch_ts": "2024-06-27T15:34:59+00:00", "timestamp_ms": 1719502499000}}, {"type": "Feature", "geometry": {"type": "Point", "coordinates": [-71.03945712497027, 42.34464617322181]}, "properties": {"street": null, "location_type": "Intersection", "dispatch_ts": "2026-06-16T22:05:42+00:00", "timestamp_ms": 1781647542000}}, {"type": "Feature", "geometry": {"type": "Point", "coordinates": [-71.1452453603343, 42.361582202765035]}, "properties": {"street": null, "location_type": "Intersection", "dispatch_ts": "2020-08-14T18:51:39+00:00", "timestamp_ms": 1597431099000}}, {"type": "Feature", "geometry": {"type": "Point", "coordinates": [-71.09617852953305, 42.32950505915262]}, "properties": {"street": "COLUMBUS AVE", "location_type": "Street", "dispatch_ts": "2023-11-10T07:07:53+00:00", "timestamp_ms": 1699600073000}}, {"type": "Feature", "geometry": {"type": "Point", "coordinates": [-71.1245706093917, 42.30506735623104]}, "properties": {"street": "CENTRE ST", "location_type": "Street", "dispatch_ts": "2025-09-20T19:34:00+00:00", "timestamp_ms": 1758396840000}}, {"type": "Feature", "geometry": {"type": "Point", "coordinates": [-71.07702219706704, 42.33646616628194]}, "properties": {"street": null, "location_type": "Intersection", "dispatch_ts": "2023-09-19T07:42:28+00:00", "timestamp_ms": 1695109348000}}, {"type": "Feature", "geometry": {"type": "Point", "coordinates": [-71.0890052809505, 42.340223899393735]}, "properties": {"street": "HUNTINGTON AVE", "location_type": "Street", "dispatch_ts": "2019-09-11T18:51:52+00:00", "timestamp_ms": 1568227912000}}, {"type": "Feature", "geometry": {"type": "Point", "coordinates": [-71.11403617195012, 42.32416148848724]}, "properties": {"street": "BYNNER ST", "location_type": "Street", "dispatch_ts": "2020-01-08T03:51:35+00:00", "timestamp_ms": 1578455495000}}, {"type": "Feature", "geometry": {"type": "Point", "coordinates": [-71.08741800868536, 42.30671431308438]}, "properties": {"street": null, "location_type": "Intersection", "dispatch_ts": "2018-06-03T22:41:26+00:00", "timestamp_ms": 1528065686000}}, {"type": "Feature", "geometry": {"type": "Point", "coordinates": [-71.08125425824643, 42.35308061268948]}, "properties": {"street": null, "location_type": "Intersection", "dispatch_ts": "2019-10-31T20:59:52+00:00", "timestamp_ms": 1572555592000}}, {"type": "Feature", "geometry": {"type": "Point", "coordinates": [-71.10830523922498, 42.33952740309734]}, "properties": {"street": null, "location_type": "Intersection", "dispatch_ts": "2015-10-14T12:05:18+00:00", "timestamp_ms": 1444824318000}}, {"type": "Feature", "geometry": {"type": "Point", "coordinates": [-71.11518803029588, 42.31008137552294]}, "properties": {"street": "CENTRE ST", "location_type": "Street", "dispatch_ts": "2022-09-20T17:36:51+00:00", "timestamp_ms": 1663695411000}}, {"type": "Feature", "geometry": {"type": "Point", "coordinates": [-71.14067205868338, 42.35402664437183]}, "properties": {"street": null, "location_type": "Intersection", "dispatch_ts": "2016-05-25T12:32:53+00:00", "timestamp_ms": 1464179573000}}, {"type": "Feature", "geometry": {"type": "Point", "coordinates": [-71.0530365441006, 42.353108199856656]}, "properties": {"street": "CONGRESS ST", "location_type": "Street", "dispatch_ts": "2018-07-10T12:46:16+00:00", "timestamp_ms": 1531226776000}}, {"type": "Feature", "geometry": {"type": "Point", "coordinates": [-71.0709473215776, 42.34698843329874]}, "properties": {"street": null, "location_type": "Intersection", "dispatch_ts": "2017-10-12T16:41:19+00:00", "timestamp_ms": 1507826479000}}, {"type": "Feature", "geometry": {"type": "Point", "coordinates": [-71.13436538789637, 42.36331245869908]}, "properties": {"street": "WESTERN AVE", "location_type": "Street", "dispatch_ts": "2024-12-04T00:46:30+00:00", "timestamp_ms": 1733273190000}}, {"type": "Feature", "geometry": {"type": "Point", "coordinates": [-71.06566715918989, 42.36112224200132]}, "properties": {"street": "CAMBRIDGE ST", "location_type": "Street", "dispatch_ts": "2020-09-27T05:30:55+00:00", "timestamp_ms": 1601184655000}}, {"type": "Feature", "geometry": {"type": "Point", "coordinates": [-71.08284121000747, 42.34140359944468]}, "properties": {"street": "MASSACHUSETTS AVE", "location_type": "Street", "dispatch_ts": "2020-07-01T21:02:48+00:00", "timestamp_ms": 1593637368000}}, {"type": "Feature", "geometry": {"type": "Point", "coordinates": [-71.10507075825468, 42.3181382274288]}, "properties": {"street": "PAUL GORE ST", "location_type": "Street", "dispatch_ts": "2020-08-15T00:21:47+00:00", "timestamp_ms": 1597450907000}}, {"type": "Feature", "geometry": {"type": "Point", "coordinates": [-71.06968779140207, 42.31896704812294]}, "properties": {"street": null, "location_type": "Intersection", "dispatch_ts": "2021-05-26T19:53:32+00:00", "timestamp_ms": 1622058812000}}, {"type": "Feature", "geometry": {"type": "Point", "coordinates": [-71.04716659991648, 42.30511844194915]}, "properties": {"street": "WILLIAM T MORRISSEY BLVD", "location_type": "Street", "dispatch_ts": "2020-08-21T20:18:16+00:00", "timestamp_ms": 1598041096000}}, {"type": "Feature", "geometry": {"type": "Point", "coordinates": [-71.07298658226397, 42.38411602415352]}, "properties": {"street": null, "location_type": "Intersection", "dispatch_ts": "2016-09-30T10:09:37+00:00", "timestamp_ms": 1475230177000}}, {"type": "Feature", "geometry": {"type": "Point", "coordinates": [-71.15055075764643, 42.34998734918965]}, "properties": {"street": "MENLO ST", "location_type": "Street", "dispatch_ts": "2023-06-17T03:22:36+00:00", "timestamp_ms": 1686972156000}}, {"type": "Feature", "geometry": {"type": "Point", "coordinates": [-71.10539154932518, 42.31895111280028]}, "properties": {"street": null, "location_type": "Intersection", "dispatch_ts": "2016-04-06T11:17:28+00:00", "timestamp_ms": 1459941448000}}, {"type": "Feature", "geometry": {"type": "Point", "coordinates": [-71.08772820084533, 42.336454154143546]}, "properties": {"street": null, "location_type": "Intersection", "dispatch_ts": "2019-10-23T22:38:38+00:00", "timestamp_ms": 1571870318000}}, {"type": "Feature", "geometry": {"type": "Point", "coordinates": [-71.05631878717512, 42.34113120346945]}, "properties": {"street": null, "location_type": "Intersection", "dispatch_ts": "2016-06-13T21:57:03+00:00", "timestamp_ms": 1465855023000}}, {"type": "Feature", "geometry": {"type": "Point", "coordinates": [-71.13453094226817, 42.280480280004205]}, "properties": {"street": "WASHINGTON ST", "location_type": "Street", "dispatch_ts": "2024-04-05T19:42:26+00:00", "timestamp_ms": 1712346146000}}, {"type": "Feature", "geometry": {"type": "Point", "coordinates": [-71.09195352474877, 42.32167508046942]}, "properties": {"street": null, "location_type": "Intersection", "dispatch_ts": "2016-09-29T10:54:12+00:00", "timestamp_ms": 1475146452000}}, {"type": "Feature", "geometry": {"type": "Point", "coordinates": [-71.1145034669261, 42.3112063078374]}, "properties": {"street": "CENTRE ST", "location_type": "Street", "dispatch_ts": "2024-12-04T14:38:46+00:00", "timestamp_ms": 1733323126000}}, {"type": "Feature", "geometry": {"type": "Point", "coordinates": [-71.05104876397618, 42.301771036746594]}, "properties": {"street": null, "location_type": "Intersection", "dispatch_ts": "2020-05-13T17:00:20+00:00", "timestamp_ms": 1589389220000}}, {"type": "Feature", "geometry": {"type": "Point", "coordinates": [-71.09698981116533, 42.32815996481075]}, "properties": {"street": null, "location_type": "Intersection", "dispatch_ts": "2015-07-17T02:09:30+00:00", "timestamp_ms": 1437098970000}}, {"type": "Feature", "geometry": {"type": "Point", "coordinates": [-71.06253783292361, 42.31991564336908]}, "properties": {"street": null, "location_type": "Intersection", "dispatch_ts": "2024-11-02T05:45:55+00:00", "timestamp_ms": 1730526355000}}, {"type": "Feature", "geometry": {"type": "Point", "coordinates": [-71.08261257158696, 42.309541208788126]}, "properties": {"street": null, "location_type": "Intersection", "dispatch_ts": "2021-10-28T20:46:34+00:00", "timestamp_ms": 1635453994000}}, {"type": "Feature", "geometry": {"type": "Point", "coordinates": [-71.11075481536322, 42.328257013653854]}, "properties": {"street": null, "location_type": "Intersection", "dispatch_ts": "2023-11-06T22:40:36+00:00", "timestamp_ms": 1699310436000}}, {"type": "Feature", "geometry": {"type": "Point", "coordinates": [-71.06676933076501, 42.34164250828075]}, "properties": {"street": "SAVOY ST", "location_type": "Street", "dispatch_ts": "2016-08-16T10:14:42+00:00", "timestamp_ms": 1471342482000}}, {"type": "Feature", "geometry": {"type": "Point", "coordinates": [-71.11152994398633, 42.33064917014772]}, "properties": {"street": "HUNTINGTON AVE", "location_type": "Street", "dispatch_ts": "2021-05-02T17:28:12+00:00", "timestamp_ms": 1619976492000}}, {"type": "Feature", "geometry": {"type": "Point", "coordinates": [-71.06994529420972, 42.383727386226674]}, "properties": {"street": null, "location_type": "Intersection", "dispatch_ts": "2021-12-28T19:55:18+00:00", "timestamp_ms": 1640721318000}}, {"type": "Feature", "geometry": {"type": "Point", "coordinates": [-71.0890957622328, 42.35006295890982]}, "properties": {"street": null, "location_type": "Intersection", "dispatch_ts": "2023-01-30T19:50:06+00:00", "timestamp_ms": 1675108206000}}, {"type": "Feature", "geometry": {"type": "Point", "coordinates": [-71.10637904767634, 42.307614434728286]}, "properties": {"street": null, "location_type": "Intersection", "dispatch_ts": "2023-07-22T18:50:05+00:00", "timestamp_ms": 1690051805000}}, {"type": "Feature", "geometry": {"type": "Point", "coordinates": [-71.10430997107471, 42.344964365812906]}, "properties": {"street": "PARK DR", "location_type": "Street", "dispatch_ts": "2018-05-05T11:07:31+00:00", "timestamp_ms": 1525518451000}}, {"type": "Feature", "geometry": {"type": "Point", "coordinates": [-71.06183615834139, 42.30611146490656]}, "properties": {"street": "ADAMS ST", "location_type": "Street", "dispatch_ts": "2018-07-26T06:27:49+00:00", "timestamp_ms": 1532586469000}}, {"type": "Feature", "geometry": {"type": "Point", "coordinates": [-71.09549379304929, 42.34717493427946]}, "properties": {"street": "LANSDOWNE ST", "location_type": "Street", "dispatch_ts": "2018-09-30T04:05:35+00:00", "timestamp_ms": 1538280335000}}, {"type": "Feature", "geometry": {"type": "Point", "coordinates": [-71.0547613364231, 42.31446534515963]}, "properties": {"street": "SAGAMORE ST", "location_type": "Street", "dispatch_ts": "2020-01-09T18:08:19+00:00", "timestamp_ms": 1578593299000}}, {"type": "Feature", "geometry": {"type": "Point", "coordinates": [-71.07067559168148, 42.351908980479784]}, "properties": {"street": null, "location_type": "Intersection", "dispatch_ts": "2016-09-26T12:49:56+00:00", "timestamp_ms": 1474894196000}}, {"type": "Feature", "geometry": {"type": "Point", "coordinates": [-71.08690913373356, 42.31639177251602]}, "properties": {"street": null, "location_type": "Intersection", "dispatch_ts": "2021-10-03T17:35:17+00:00", "timestamp_ms": 1633282517000}}, {"type": "Feature", "geometry": {"type": "Point", "coordinates": [-71.1062049888596, 42.31410271463448]}, "properties": {"street": "LAWNDALE TER", "location_type": "Street", "dispatch_ts": "2018-08-02T23:06:56+00:00", "timestamp_ms": 1533251216000}}, {"type": "Feature", "geometry": {"type": "Point", "coordinates": [-71.08415500668293, 42.35408142615823]}, "properties": {"street": null, "location_type": "Intersection", "dispatch_ts": "2023-08-27T08:21:05+00:00", "timestamp_ms": 1693124465000}}, {"type": "Feature", "geometry": {"type": "Point", "coordinates": [-71.08008210763003, 42.33595315045889]}, "properties": {"street": null, "location_type": "Intersection", "dispatch_ts": "2015-08-30T21:29:54+00:00", "timestamp_ms": 1440970194000}}, {"type": "Feature", "geometry": {"type": "Point", "coordinates": [-71.05019661230723, 42.377565977259]}, "properties": {"street": "FIRST AVE", "location_type": "Street", "dispatch_ts": "2023-06-14T12:50:02+00:00", "timestamp_ms": 1686747002000}}, {"type": "Feature", "geometry": {"type": "Point", "coordinates": [-71.03839790701728, 42.37208269473564]}, "properties": {"street": "GOVE ST", "location_type": "Street", "dispatch_ts": "2023-07-17T22:52:48+00:00", "timestamp_ms": 1689634368000}}, {"type": "Feature", "geometry": {"type": "Point", "coordinates": [-71.06526644575753, 42.34278165920228]}, "properties": {"street": null, "location_type": "Intersection", "dispatch_ts": "2025-10-21T13:52:04+00:00", "timestamp_ms": 1761054724000}}, {"type": "Feature", "geometry": {"type": "Point", "coordinates": [-71.08813443079845, 42.33058472400884]}, "properties": {"street": "MALCOLM X BLVD", "location_type": "Street", "dispatch_ts": "2016-05-10T23:18:25+00:00", "timestamp_ms": 1462922305000}}, {"type": "Feature", "geometry": {"type": "Point", "coordinates": [-71.06297174005779, 42.35099134006472]}, "properties": {"street": null, "location_type": "Intersection", "dispatch_ts": "2018-06-01T04:45:47+00:00", "timestamp_ms": 1527828347000}}, {"type": "Feature", "geometry": {"type": "Point", "coordinates": [-71.0954552496701, 42.337640162468446]}, "properties": {"street": null, "location_type": "Intersection", "dispatch_ts": "2023-06-11T03:21:17+00:00", "timestamp_ms": 1686453677000}}, {"type": "Feature", "geometry": {"type": "Point", "coordinates": [-71.11581932118241, 42.35100723755177]}, "properties": {"street": "COMMONWEALTH AVE", "location_type": "Street", "dispatch_ts": "2022-07-08T00:13:25+00:00", "timestamp_ms": 1657239205000}}, {"type": "Feature", "geometry": {"type": "Point", "coordinates": [-71.09322184354569, 42.33361645691778]}, "properties": {"street": null, "location_type": "Intersection", "dispatch_ts": "2017-08-14T21:36:01+00:00", "timestamp_ms": 1502746561000}}, {"type": "Feature", "geometry": {"type": "Point", "coordinates": [-71.0651763119515, 42.32483366412123]}, "properties": {"street": null, "location_type": "Intersection", "dispatch_ts": "2020-06-21T16:14:10+00:00", "timestamp_ms": 1592756050000}}, {"type": "Feature", "geometry": {"type": "Point", "coordinates": [-71.07536350562387, 42.32479884817879]}, "properties": {"street": "BLUE HILL AVE", "location_type": "Street", "dispatch_ts": "2015-08-26T23:09:52+00:00", "timestamp_ms": 1440630592000}}, {"type": "Feature", "geometry": {"type": "Point", "coordinates": [-71.08880500688204, 42.32421763595945]}, "properties": {"street": null, "location_type": "Intersection", "dispatch_ts": "2017-09-01T06:12:14+00:00", "timestamp_ms": 1504246334000}}, {"type": "Feature", "geometry": {"type": "Point", "coordinates": [-71.08258802437132, 42.35051424804509]}, "properties": {"street": null, "location_type": "Intersection", "dispatch_ts": "2025-07-09T03:44:43+00:00", "timestamp_ms": 1752032683000}}, {"type": "Feature", "geometry": {"type": "Point", "coordinates": [-71.0982396420245, 42.31834197707895]}, "properties": {"street": null, "location_type": "Intersection", "dispatch_ts": "2025-07-12T14:51:52+00:00", "timestamp_ms": 1752331912000}}, {"type": "Feature", "geometry": {"type": "Point", "coordinates": [-71.06985726600723, 42.319013099778886]}, "properties": {"street": "DUDLEY ST", "location_type": "Street", "dispatch_ts": "2021-09-03T18:30:42+00:00", "timestamp_ms": 1630693842000}}, {"type": "Feature", "geometry": {"type": "Point", "coordinates": [-71.0623720010158, 42.33215900022219]}, "properties": {"street": "FRONTAGE RD", "location_type": "Street", "dispatch_ts": "2021-06-03T14:42:45+00:00", "timestamp_ms": 1622731365000}}, {"type": "Feature", "geometry": {"type": "Point", "coordinates": [-71.10105765212818, 42.308493809324034]}, "properties": {"street": "GLEN RD", "location_type": "Street", "dispatch_ts": "2019-09-21T07:17:16+00:00", "timestamp_ms": 1569050236000}}, {"type": "Feature", "geometry": {"type": "Point", "coordinates": [-71.03890469674779, 42.3701592155286]}, "properties": {"street": null, "location_type": "Intersection", "dispatch_ts": "2021-05-15T16:40:07+00:00", "timestamp_ms": 1621096807000}}, {"type": "Feature", "geometry": {"type": "Point", "coordinates": [-71.06013224984667, 42.35983445834738]}, "properties": {"street": "CENTER PLZ", "location_type": "Street", "dispatch_ts": "2015-06-22T20:38:25+00:00", "timestamp_ms": 1435005505000}}, {"type": "Feature", "geometry": {"type": "Point", "coordinates": [-71.06740998662336, 42.34400954303606]}, "properties": {"street": "SHAWMUT AVE", "location_type": "Street", "dispatch_ts": "2024-10-20T18:11:09+00:00", "timestamp_ms": 1729447869000}}, {"type": "Feature", "geometry": {"type": "Point", "coordinates": [-71.07142647244626, 42.34030394873862]}, "properties": {"street": "WASHINGTON ST", "location_type": "Street", "dispatch_ts": "2016-03-04T20:09:32+00:00", "timestamp_ms": 1457122172000}}, {"type": "Feature", "geometry": {"type": "Point", "coordinates": [-71.1135945936624, 42.35074724473098]}, "properties": {"street": "COMMONWEALTH AVE", "location_type": "Street", "dispatch_ts": "2016-01-09T20:11:47+00:00", "timestamp_ms": 1452370307000}}, {"type": "Feature", "geometry": {"type": "Point", "coordinates": [-71.09834117772216, 42.33202634420554]}, "properties": {"street": "TREMONT ST", "location_type": "Street", "dispatch_ts": "2024-05-14T21:53:16+00:00", "timestamp_ms": 1715723596000}}, {"type": "Feature", "geometry": {"type": "Point", "coordinates": [-71.14995222567173, 42.35480988929018]}, "properties": {"street": null, "location_type": "Intersection", "dispatch_ts": "2016-10-10T12:23:57+00:00", "timestamp_ms": 1476102237000}}, {"type": "Feature", "geometry": {"type": "Point", "coordinates": [-71.10796887057955, 42.28863534141582]}, "properties": {"street": null, "location_type": "Intersection", "dispatch_ts": "2017-09-17T14:14:01+00:00", "timestamp_ms": 1505657641000}}, {"type": "Feature", "geometry": {"type": "Point", "coordinates": [-71.14597384171186, 42.29334262844723]}, "properties": {"street": "WEST ROXBURY PKWY", "location_type": "Street", "dispatch_ts": "2016-05-08T21:34:11+00:00", "timestamp_ms": 1462743251000}}, {"type": "Feature", "geometry": {"type": "Point", "coordinates": [-71.0890957622328, 42.35006295890982]}, "properties": {"street": null, "location_type": "Intersection", "dispatch_ts": "2016-05-03T18:46:33+00:00", "timestamp_ms": 1462301193000}}, {"type": "Feature", "geometry": {"type": "Point", "coordinates": [-71.0779188702332, 42.30615952084611]}, "properties": {"street": "COLUMBIA RD", "location_type": "Street", "dispatch_ts": "2015-08-25T16:20:08+00:00", "timestamp_ms": 1440519608000}}, {"type": "Feature", "geometry": {"type": "Point", "coordinates": [-71.06297174005779, 42.35099134006472]}, "properties": {"street": null, "location_type": "Intersection", "dispatch_ts": "2016-05-05T11:47:17+00:00", "timestamp_ms": 1462448837000}}, {"type": "Feature", "geometry": {"type": "Point", "coordinates": [-71.08406513204291, 42.34220375919181]}, "properties": {"street": null, "location_type": "Intersection", "dispatch_ts": "2023-09-21T16:18:17+00:00", "timestamp_ms": 1695313097000}}, {"type": "Feature", "geometry": {"type": "Point", "coordinates": [-71.04801447853697, 42.30336705718896]}, "properties": {"street": "WILLIAM T MORRISSEY BLVD", "location_type": "Street", "dispatch_ts": "2023-06-24T15:35:05+00:00", "timestamp_ms": 1687620905000}}, {"type": "Feature", "geometry": {"type": "Point", "coordinates": [-71.08046298070424, 42.35148066734713]}, "properties": {"street": null, "location_type": "Intersection", "dispatch_ts": "2015-12-19T07:42:18+00:00", "timestamp_ms": 1450510938000}}, {"type": "Feature", "geometry": {"type": "Point", "coordinates": [-71.07433012779273, 42.3242610617548]}, "properties": {"street": "DUDLEY ST", "location_type": "Street", "dispatch_ts": "2018-08-13T16:10:28+00:00", "timestamp_ms": 1534176628000}}, {"type": "Feature", "geometry": {"type": "Point", "coordinates": [-71.03897411626446, 42.34417617587954]}, "properties": {"street": null, "location_type": "Intersection", "dispatch_ts": "2021-07-27T14:03:37+00:00", "timestamp_ms": 1627394617000}}, {"type": "Feature", "geometry": {"type": "Point", "coordinates": [-71.06433595971075, 42.353071155984416]}, "properties": {"street": "TREMONT ST", "location_type": "Street", "dispatch_ts": "2018-10-15T22:04:24+00:00", "timestamp_ms": 1539641064000}}, {"type": "Feature", "geometry": {"type": "Point", "coordinates": [-71.15039335433343, 42.33553916104743]}, "properties": {"street": null, "location_type": "Intersection", "dispatch_ts": "2019-08-26T21:21:22+00:00", "timestamp_ms": 1566854482000}}, {"type": "Feature", "geometry": {"type": "Point", "coordinates": [-71.09506835735671, 42.306046908644376]}, "properties": {"street": null, "location_type": "Intersection", "dispatch_ts": "2021-05-02T22:36:09+00:00", "timestamp_ms": 1619994969000}}, {"type": "Feature", "geometry": {"type": "Point", "coordinates": [-71.08665732939623, 42.29868030969056]}, "properties": {"street": null, "location_type": "Intersection", "dispatch_ts": "2016-08-11T18:36:23+00:00", "timestamp_ms": 1470940583000}}, {"type": "Feature", "geometry": {"type": "Point", "coordinates": [-71.15227465477108, 42.33718959235167]}, "properties": {"street": null, "location_type": "Intersection", "dispatch_ts": "2016-06-06T21:37:43+00:00", "timestamp_ms": 1465249063000}}, {"type": "Feature", "geometry": {"type": "Point", "coordinates": [-71.06989722311626, 42.311540671513136]}, "properties": {"street": "COLUMBIA RD", "location_type": "Street", "dispatch_ts": "2024-07-07T17:57:37+00:00", "timestamp_ms": 1720375057000}}, {"type": "Feature", "geometry": {"type": "Point", "coordinates": [-71.05721896369084, 42.28355633993835]}, "properties": {"street": "MINOT ST", "location_type": "Street", "dispatch_ts": "2019-06-26T20:47:44+00:00", "timestamp_ms": 1561582064000}}, {"type": "Feature", "geometry": {"type": "Point", "coordinates": [-71.06470424306457, 42.34320661844231]}, "properties": {"street": "HARRISON AVE", "location_type": "Street", "dispatch_ts": "2019-03-13T23:45:28+00:00", "timestamp_ms": 1552520728000}}, {"type": "Feature", "geometry": {"type": "Point", "coordinates": [-71.08156206445253, 42.31084303886331]}, "properties": {"street": null, "location_type": "Intersection", "dispatch_ts": "2022-12-30T23:31:58+00:00", "timestamp_ms": 1672443118000}}, {"type": "Feature", "geometry": {"type": "Point", "coordinates": [-71.09195352474877, 42.32167508046942]}, "properties": {"street": null, "location_type": "Intersection", "dispatch_ts": "2015-03-31T12:00:44+00:00", "timestamp_ms": 1427803244000}}, {"type": "Feature", "geometry": {"type": "Point", "coordinates": [-71.07767242240391, 42.34072849439261]}, "properties": {"street": "TREMONT ST", "location_type": "Street", "dispatch_ts": "2023-08-31T18:19:29+00:00", "timestamp_ms": 1693505969000}}, {"type": "Feature", "geometry": {"type": "Point", "coordinates": [-71.08201291186464, 42.310280077766905]}, "properties": {"street": null, "location_type": "Intersection", "dispatch_ts": "2016-06-10T21:54:27+00:00", "timestamp_ms": 1465595667000}}, {"type": "Feature", "geometry": {"type": "Point", "coordinates": [-71.08773574910583, 42.347297506470184]}, "properties": {"street": null, "location_type": "Intersection", "dispatch_ts": "2024-04-07T15:33:48+00:00", "timestamp_ms": 1712504028000}}, {"type": "Feature", "geometry": {"type": "Point", "coordinates": [-71.07359942724368, 42.38363624088279]}, "properties": {"street": "RUTHERFORD AVE", "location_type": "Street", "dispatch_ts": "2024-02-12T23:45:14+00:00", "timestamp_ms": 1707781514000}}, {"type": "Feature", "geometry": {"type": "Point", "coordinates": [-71.08032038126865, 42.339303441947735]}, "properties": {"street": null, "location_type": "Intersection", "dispatch_ts": "2016-06-02T23:17:50+00:00", "timestamp_ms": 1464909470000}}, {"type": "Feature", "geometry": {"type": "Point", "coordinates": [-71.07014214515075, 42.31284251233406]}, "properties": {"street": null, "location_type": "Intersection", "dispatch_ts": "2016-07-01T00:35:28+00:00", "timestamp_ms": 1467333328000}}, {"type": "Feature", "geometry": {"type": "Point", "coordinates": [-71.08908760446306, 42.34693875307574]}, "properties": {"street": null, "location_type": "Intersection", "dispatch_ts": "2020-10-27T03:31:30+00:00", "timestamp_ms": 1603769490000}}, {"type": "Feature", "geometry": {"type": "Point", "coordinates": [-71.0624034167036, 42.34144039844699]}, "properties": {"street": "FRONTAGE RD", "location_type": "Street", "dispatch_ts": "2023-07-02T19:23:21+00:00", "timestamp_ms": 1688325801000}}, {"type": "Feature", "geometry": {"type": "Point", "coordinates": [-71.12808298485658, 42.35068704936303]}, "properties": {"street": null, "location_type": "Intersection", "dispatch_ts": "2016-06-13T12:25:19+00:00", "timestamp_ms": 1465820719000}}, {"type": "Feature", "geometry": {"type": "Point", "coordinates": [-71.06780579420088, 42.28751709114001]}, "properties": {"street": "OCEAN ST", "location_type": "Street", "dispatch_ts": "2015-05-16T01:10:22+00:00", "timestamp_ms": 1431738622000}}, {"type": "Feature", "geometry": {"type": "Point", "coordinates": [-71.11174481808179, 42.33116904478985]}, "properties": {"street": "HUNTINGTON AVE", "location_type": "Street", "dispatch_ts": "2018-03-14T20:14:20+00:00", "timestamp_ms": 1521058460000}}, {"type": "Feature", "geometry": {"type": "Point", "coordinates": [-71.04601067022642, 42.31218099575016]}, "properties": {"street": "WILLIAM T MORRISSEY BLVD", "location_type": "Street", "dispatch_ts": "2018-06-19T21:11:42+00:00", "timestamp_ms": 1529442702000}}, {"type": "Feature", "geometry": {"type": "Point", "coordinates": [-71.11168096039914, 42.33101482512175]}, "properties": {"street": "HUNTINGTON AVE", "location_type": "Street", "dispatch_ts": "2025-10-08T21:36:33+00:00", "timestamp_ms": 1759959393000}}, {"type": "Feature", "geometry": {"type": "Point", "coordinates": [-71.06297174005779, 42.35099134006472]}, "properties": {"street": null, "location_type": "Intersection", "dispatch_ts": "2017-01-01T02:14:12+00:00", "timestamp_ms": 1483236852000}}, {"type": "Feature", "geometry": {"type": "Point", "coordinates": [-71.04601067022642, 42.31218099575016]}, "properties": {"street": "WILLIAM T MORRISSEY BLVD", "location_type": "Street", "dispatch_ts": "2016-02-12T23:06:11+00:00", "timestamp_ms": 1455318371000}}, {"type": "Feature", "geometry": {"type": "Point", "coordinates": [-71.07158429844081, 42.290212288663206]}, "properties": {"street": null, "location_type": "Intersection", "dispatch_ts": "2017-11-01T03:56:29+00:00", "timestamp_ms": 1509508589000}}, {"type": "Feature", "geometry": {"type": "Point", "coordinates": [-71.14884180777905, 42.35381072650294]}, "properties": {"street": "GARDENA ST", "location_type": "Street", "dispatch_ts": "2022-10-08T15:26:52+00:00", "timestamp_ms": 1665242812000}}, {"type": "Feature", "geometry": {"type": "Point", "coordinates": [-71.07702219706704, 42.33646616628194]}, "properties": {"street": null, "location_type": "Intersection", "dispatch_ts": "2018-06-14T16:34:14+00:00", "timestamp_ms": 1528994054000}}, {"type": "Feature", "geometry": {"type": "Point", "coordinates": [-71.09529458518045, 42.31883713681798]}, "properties": {"street": null, "location_type": "Intersection", "dispatch_ts": "2024-12-28T23:10:39+00:00", "timestamp_ms": 1735427439000}}, {"type": "Feature", "geometry": {"type": "Point", "coordinates": [-71.1452453603343, 42.361582202765035]}, "properties": {"street": null, "location_type": "Intersection", "dispatch_ts": "2017-07-16T06:39:08+00:00", "timestamp_ms": 1500187148000}}, {"type": "Feature", "geometry": {"type": "Point", "coordinates": [-71.05019954625101, 42.29225260195106]}, "properties": {"street": "NEPONSET AVE", "location_type": "Street", "dispatch_ts": "2017-04-14T15:13:03+00:00", "timestamp_ms": 1492182783000}}, {"type": "Feature", "geometry": {"type": "Point", "coordinates": [-71.063157147212, 42.33074513325406]}, "properties": {"street": null, "location_type": "Intersection", "dispatch_ts": "2020-08-26T23:58:55+00:00", "timestamp_ms": 1598486335000}}, {"type": "Feature", "geometry": {"type": "Point", "coordinates": [-71.09970638557034, 42.33953048013789]}, "properties": {"street": "FENWAY ", "location_type": "Street", "dispatch_ts": "2018-06-07T16:56:55+00:00", "timestamp_ms": 1528390615000}}, {"type": "Feature", "geometry": {"type": "Point", "coordinates": [-71.03522629383573, 42.36774731271765]}, "properties": {"street": null, "location_type": "Intersection", "dispatch_ts": "2016-09-22T21:58:56+00:00", "timestamp_ms": 1474581536000}}, {"type": "Feature", "geometry": {"type": "Point", "coordinates": [-71.06236454170535, 42.356156848251835]}, "properties": {"street": "TREMONT ST", "location_type": "Street", "dispatch_ts": "2016-02-25T20:18:17+00:00", "timestamp_ms": 1456431497000}}, {"type": "Feature", "geometry": {"type": "Point", "coordinates": [-71.09235716936715, 42.33291213904815]}, "properties": {"street": null, "location_type": "Intersection", "dispatch_ts": "2017-08-11T11:51:51+00:00", "timestamp_ms": 1502452311000}}, {"type": "Feature", "geometry": {"type": "Point", "coordinates": [-71.10830523922498, 42.33952740309734]}, "properties": {"street": null, "location_type": "Intersection", "dispatch_ts": "2024-07-29T13:10:33+00:00", "timestamp_ms": 1722258633000}}, {"type": "Feature", "geometry": {"type": "Point", "coordinates": [-71.13630238379989, 42.35405132476076]}, "properties": {"street": null, "location_type": "Intersection", "dispatch_ts": "2024-12-19T23:38:03+00:00", "timestamp_ms": 1734651483000}}, {"type": "Feature", "geometry": {"type": "Point", "coordinates": [-71.1377110915318, 42.364105085914055]}, "properties": {"street": "SOLDIERS FIELD RD", "location_type": "Street", "dispatch_ts": "2024-05-20T21:33:09+00:00", "timestamp_ms": 1716240789000}}, {"type": "Feature", "geometry": {"type": "Point", "coordinates": [-71.10907873170055, 42.30741707368883]}, "properties": {"street": null, "location_type": "Intersection", "dispatch_ts": "2023-09-03T17:22:48+00:00", "timestamp_ms": 1693761768000}}, {"type": "Feature", "geometry": {"type": "Point", "coordinates": [-71.11155914615661, 42.30234914755013]}, "properties": {"street": null, "location_type": "Intersection", "dispatch_ts": "2016-02-20T17:00:53+00:00", "timestamp_ms": 1455987653000}}, {"type": "Feature", "geometry": {"type": "Point", "coordinates": [-71.08831871346769, 42.31462344799555]}, "properties": {"street": null, "location_type": "Intersection", "dispatch_ts": "2017-09-30T18:42:06+00:00", "timestamp_ms": 1506796926000}}, {"type": "Feature", "geometry": {"type": "Point", "coordinates": [-71.05017523735151, 42.34817201965357]}, "properties": {"street": null, "location_type": "Intersection", "dispatch_ts": "2017-11-10T23:48:46+00:00", "timestamp_ms": 1510357726000}}, {"type": "Feature", "geometry": {"type": "Point", "coordinates": [-71.04523512756576, 42.28446479466042]}, "properties": {"street": "GALLIVAN BLVD", "location_type": "Street", "dispatch_ts": "2017-07-12T02:10:10+00:00", "timestamp_ms": 1499825410000}}, {"type": "Feature", "geometry": {"type": "Point", "coordinates": [-71.04647313653113, 42.313064097353674]}, "properties": {"street": null, "location_type": "Intersection", "dispatch_ts": "2020-05-01T21:07:00+00:00", "timestamp_ms": 1588367220000}}, {"type": "Feature", "geometry": {"type": "Point", "coordinates": [-71.10466423772586, 42.34681217092992]}, "properties": {"street": null, "location_type": "Intersection", "dispatch_ts": "2021-04-10T14:52:31+00:00", "timestamp_ms": 1618066351000}}, {"type": "Feature", "geometry": {"type": "Point", "coordinates": [-71.08105018996379, 42.33288413870876]}, "properties": {"street": null, "location_type": "Intersection", "dispatch_ts": "2022-09-10T11:54:03+00:00", "timestamp_ms": 1662810843000}}, {"type": "Feature", "geometry": {"type": "Point", "coordinates": [-71.08704845767167, 42.29812323243154]}, "properties": {"street": null, "location_type": "Intersection", "dispatch_ts": "2015-07-31T22:10:55+00:00", "timestamp_ms": 1438380655000}}, {"type": "Feature", "geometry": {"type": "Point", "coordinates": [-71.10593588803982, 42.30804433509329]}, "properties": {"street": "WASHINGTON ST", "location_type": "Street", "dispatch_ts": "2015-04-18T02:04:21+00:00", "timestamp_ms": 1429322661000}}, {"type": "Feature", "geometry": {"type": "Point", "coordinates": [-71.11890539972183, 42.30415047936131]}, "properties": {"street": null, "location_type": "Intersection", "dispatch_ts": "2015-03-25T20:10:20+00:00", "timestamp_ms": 1427314220000}}, {"type": "Feature", "geometry": {"type": "Point", "coordinates": [-71.03606573842231, 42.34464937043412]}, "properties": {"street": "DRY DOCK AVE", "location_type": "Street", "dispatch_ts": "2015-10-16T13:20:00+00:00", "timestamp_ms": 1445001600000}}, {"type": "Feature", "geometry": {"type": "Point", "coordinates": [-71.06023883235669, 42.35029305862062]}, "properties": {"street": null, "location_type": "Intersection", "dispatch_ts": "2019-07-02T21:24:25+00:00", "timestamp_ms": 1562102665000}}, {"type": "Feature", "geometry": {"type": "Point", "coordinates": [-71.08179451531741, 42.34890467109665]}, "properties": {"street": null, "location_type": "Intersection", "dispatch_ts": "2025-03-01T04:29:18+00:00", "timestamp_ms": 1740803358000}}, {"type": "Feature", "geometry": {"type": "Point", "coordinates": [-71.12188571858924, 42.351947869103135]}, "properties": {"street": "COMMONWEALTH AVE", "location_type": "Street", "dispatch_ts": "2021-11-08T20:22:19+00:00", "timestamp_ms": 1636402939000}}, {"type": "Feature", "geometry": {"type": "Point", "coordinates": [-71.05917353258961, 42.30428181116892]}, "properties": {"street": null, "location_type": "Intersection", "dispatch_ts": "2024-11-05T23:18:20+00:00", "timestamp_ms": 1730848700000}}, {"type": "Feature", "geometry": {"type": "Point", "coordinates": [-71.14138786601255, 42.36342141213003]}, "properties": {"street": "SOLDIERS FIELD RD", "location_type": "Street", "dispatch_ts": "2022-06-10T20:54:49+00:00", "timestamp_ms": 1654894489000}}, {"type": "Feature", "geometry": {"type": "Point", "coordinates": [-71.11208226832815, 42.332039138731]}, "properties": {"street": null, "location_type": "Intersection", "dispatch_ts": "2019-07-23T13:01:20+00:00", "timestamp_ms": 1563886880000}}, {"type": "Feature", "geometry": {"type": "Point", "coordinates": [-71.04769528424244, 42.34988667538192]}, "properties": {"street": "CONGRESS ST", "location_type": "Street", "dispatch_ts": "2015-11-13T16:44:23+00:00", "timestamp_ms": 1447433063000}}, {"type": "Feature", "geometry": {"type": "Point", "coordinates": [-71.05100360575183, 42.3625259941391]}, "properties": {"street": "ATLANTIC AVE", "location_type": "Street", "dispatch_ts": "2023-08-13T01:31:02+00:00", "timestamp_ms": 1691890262000}}, {"type": "Feature", "geometry": {"type": "Point", "coordinates": [-71.14160968045644, 42.35212877210352]}, "properties": {"street": null, "location_type": "Intersection", "dispatch_ts": "2015-10-02T22:19:59+00:00", "timestamp_ms": 1443824399000}}, {"type": "Feature", "geometry": {"type": "Point", "coordinates": [-71.16518472209758, 42.351465888779856]}, "properties": {"street": "BRACKETT ST", "location_type": "Street", "dispatch_ts": "2022-07-06T21:02:59+00:00", "timestamp_ms": 1657141379000}}, {"type": "Feature", "geometry": {"type": "Point", "coordinates": [-71.08579727392235, 42.32862781278324]}, "properties": {"street": "WASHINGTON ST", "location_type": "Street", "dispatch_ts": "2023-03-22T20:50:54+00:00", "timestamp_ms": 1679518254000}}, {"type": "Feature", "geometry": {"type": "Point", "coordinates": [-71.09437818509865, 42.31390751432461]}, "properties": {"street": null, "location_type": "Intersection", "dispatch_ts": "2023-05-29T20:00:15+00:00", "timestamp_ms": 1685390415000}}, {"type": "Feature", "geometry": {"type": "Point", "coordinates": [-71.13360733159328, 42.35312214418482]}, "properties": {"street": "BRIGHTON AVE", "location_type": "Street", "dispatch_ts": "2023-11-07T14:23:56+00:00", "timestamp_ms": 1699367036000}}, {"type": "Feature", "geometry": {"type": "Point", "coordinates": [-71.10908617340219, 42.30742129749842]}, "properties": {"street": null, "location_type": "Intersection", "dispatch_ts": "2015-05-06T12:37:20+00:00", "timestamp_ms": 1430915840000}}, {"type": "Feature", "geometry": {"type": "Point", "coordinates": [-71.09448332037856, 42.347176310663]}, "properties": {"street": "LANSDOWNE ST", "location_type": "Street", "dispatch_ts": "2016-08-05T20:59:42+00:00", "timestamp_ms": 1470430782000}}, {"type": "Feature", "geometry": {"type": "Point", "coordinates": [-71.13141356187747, 42.35111145129537]}, "properties": {"street": "HARVARD AVE", "location_type": "Street", "dispatch_ts": "2015-06-26T17:00:55+00:00", "timestamp_ms": 1435338055000}}, {"type": "Feature", "geometry": {"type": "Point", "coordinates": [-71.08250472929511, 42.34117082481347]}, "properties": {"street": "MASSACHUSETTS AVE", "location_type": "Street", "dispatch_ts": "2023-06-24T08:07:11+00:00", "timestamp_ms": 1687594031000}}, {"type": "Feature", "geometry": {"type": "Point", "coordinates": [-71.04779633132306, 42.33449016585516]}, "properties": {"street": null, "location_type": "Intersection", "dispatch_ts": "2022-02-16T20:50:25+00:00", "timestamp_ms": 1645044625000}}, {"type": "Feature", "geometry": {"type": "Point", "coordinates": [-71.05670512303263, 42.32982600106716]}, "properties": {"street": "DORCHESTER ST", "location_type": "Street", "dispatch_ts": "2024-07-19T19:55:58+00:00", "timestamp_ms": 1721418958000}}, {"type": "Feature", "geometry": {"type": "Point", "coordinates": [-71.09541057637873, 42.34921240551779]}, "properties": {"street": "BEACON ST", "location_type": "Street", "dispatch_ts": "2023-02-13T22:43:32+00:00", "timestamp_ms": 1676328212000}}, {"type": "Feature", "geometry": {"type": "Point", "coordinates": [-71.11208226832815, 42.332039138731]}, "properties": {"street": null, "location_type": "Intersection", "dispatch_ts": "2024-11-05T02:10:07+00:00", "timestamp_ms": 1730772607000}}, {"type": "Feature", "geometry": {"type": "Point", "coordinates": [-71.06954620549182, 42.28527134027416]}, "properties": {"street": "ASHMONT ST", "location_type": "Street", "dispatch_ts": "2023-10-12T22:28:14+00:00", "timestamp_ms": 1697149694000}}, {"type": "Feature", "geometry": {"type": "Point", "coordinates": [-71.03893903619597, 42.332232713189626]}, "properties": {"street": "SEVENTH ST", "location_type": "Street", "dispatch_ts": "2016-09-27T11:45:10+00:00", "timestamp_ms": 1474976710000}}, {"type": "Feature", "geometry": {"type": "Point", "coordinates": [-71.0567153856428, 42.317586850789695]}, "properties": {"street": null, "location_type": "Intersection", "dispatch_ts": "2016-05-10T19:06:44+00:00", "timestamp_ms": 1462907204000}}, {"type": "Feature", "geometry": {"type": "Point", "coordinates": [-71.07178116762232, 42.34871016874683]}, "properties": {"street": null, "location_type": "Intersection", "dispatch_ts": "2021-04-18T13:39:06+00:00", "timestamp_ms": 1618753146000}}, {"type": "Feature", "geometry": {"type": "Point", "coordinates": [-71.07076557099244, 42.3811058911971]}, "properties": {"street": "MAIN ST", "location_type": "Street", "dispatch_ts": "2018-05-18T12:52:53+00:00", "timestamp_ms": 1526647973000}}, {"type": "Feature", "geometry": {"type": "Point", "coordinates": [-71.06759068223865, 42.32765684413819]}, "properties": {"street": "MASSACHUSETTS AVE", "location_type": "Street", "dispatch_ts": "2023-06-06T13:58:57+00:00", "timestamp_ms": 1686059937000}}, {"type": "Feature", "geometry": {"type": "Point", "coordinates": [-71.09591022267189, 42.29198008178172]}, "properties": {"street": null, "location_type": "Intersection", "dispatch_ts": "2016-09-16T22:45:21+00:00", "timestamp_ms": 1474065921000}}, {"type": "Feature", "geometry": {"type": "Point", "coordinates": [-71.08914070828214, 42.2914870765825]}, "properties": {"street": "BLUE HILL AVE", "location_type": "Street", "dispatch_ts": "2022-12-01T17:10:57+00:00", "timestamp_ms": 1669914657000}}, {"type": "Feature", "geometry": {"type": "Point", "coordinates": [-71.06915596259776, 42.32756718374676]}, "properties": {"street": null, "location_type": "Intersection", "dispatch_ts": "2017-04-13T22:40:28+00:00", "timestamp_ms": 1492123228000}}, {"type": "Feature", "geometry": {"type": "Point", "coordinates": [-71.11833241803987, 42.25261019940917]}, "properties": {"street": null, "location_type": "Intersection", "dispatch_ts": "2023-10-09T00:09:55+00:00", "timestamp_ms": 1696810195000}}, {"type": "Feature", "geometry": {"type": "Point", "coordinates": [-71.08952841567182, 42.290321732787106]}, "properties": {"street": "BLUE HILL AVE", "location_type": "Street", "dispatch_ts": "2018-11-29T23:14:12+00:00", "timestamp_ms": 1543533252000}}, {"type": "Feature", "geometry": {"type": "Point", "coordinates": [-71.09015457456773, 42.2885730570216]}, "properties": {"street": null, "location_type": "Intersection", "dispatch_ts": "2016-07-16T00:51:31+00:00", "timestamp_ms": 1468630291000}}, {"type": "Feature", "geometry": {"type": "Point", "coordinates": [-71.05893763169247, 42.356793678515515]}, "properties": {"street": "WASHINGTON ST", "location_type": "Street", "dispatch_ts": "2023-06-29T20:59:01+00:00", "timestamp_ms": 1688072341000}}, {"type": "Feature", "geometry": {"type": "Point", "coordinates": [-71.07237578388705, 42.38159614499874]}, "properties": {"street": "RUTHERFORD AVE", "location_type": "Street", "dispatch_ts": "2018-10-04T11:57:18+00:00", "timestamp_ms": 1538654238000}}, {"type": "Feature", "geometry": {"type": "Point", "coordinates": [-71.0753613847683, 42.383584917311275]}, "properties": {"street": null, "location_type": "Intersection", "dispatch_ts": "2016-08-25T18:37:59+00:00", "timestamp_ms": 1472150279000}}, {"type": "Feature", "geometry": {"type": "Point", "coordinates": [-71.08579727392235, 42.32862781278324]}, "properties": {"street": "WASHINGTON ST", "location_type": "Street", "dispatch_ts": "2017-10-02T19:46:07+00:00", "timestamp_ms": 1506973567000}}, {"type": "Feature", "geometry": {"type": "Point", "coordinates": [-71.07519972490606, 42.38679388828475]}, "properties": {"street": "DORRANCE ST", "location_type": "Street", "dispatch_ts": "2024-03-29T11:22:29+00:00", "timestamp_ms": 1711711349000}}, {"type": "Feature", "geometry": {"type": "Point", "coordinates": [-71.15673814398208, 42.284577825689105]}, "properties": {"street": null, "location_type": "Intersection", "dispatch_ts": "2023-06-27T14:48:51+00:00", "timestamp_ms": 1687877331000}}, {"type": "Feature", "geometry": {"type": "Point", "coordinates": [-71.07497120807494, 42.32522514091563]}, "properties": {"street": null, "location_type": "Intersection", "dispatch_ts": "2016-06-23T22:00:16+00:00", "timestamp_ms": 1466719216000}}, {"type": "Feature", "geometry": {"type": "Point", "coordinates": [-71.0533667096618, 42.32756769612209]}, "properties": {"street": "COLONEL MICHAEL J. MCDONOUGH WAY", "location_type": "Street", "dispatch_ts": "2021-10-29T18:55:50+00:00", "timestamp_ms": 1635533750000}}, {"type": "Feature", "geometry": {"type": "Point", "coordinates": [-71.04601067022642, 42.31218099575016]}, "properties": {"street": "WILLIAM T MORRISSEY BLVD", "location_type": "Street", "dispatch_ts": "2019-07-08T12:36:55+00:00", "timestamp_ms": 1562589415000}}, {"type": "Feature", "geometry": {"type": "Point", "coordinates": [-71.08106420476595, 42.34108616923697]}, "properties": {"street": null, "location_type": "Intersection", "dispatch_ts": "2016-09-05T21:10:25+00:00", "timestamp_ms": 1473109825000}}, {"type": "Feature", "geometry": {"type": "Point", "coordinates": [-71.1402660575179, 42.352563190894166]}, "properties": {"street": null, "location_type": "Intersection", "dispatch_ts": "2016-09-04T21:03:53+00:00", "timestamp_ms": 1473023033000}}, {"type": "Feature", "geometry": {"type": "Point", "coordinates": [-71.09362420981788, 42.28780204483021]}, "properties": {"street": null, "location_type": "Intersection", "dispatch_ts": "2023-06-19T00:47:15+00:00", "timestamp_ms": 1687135635000}}, {"type": "Feature", "geometry": {"type": "Point", "coordinates": [-71.10859632773568, 42.31329308442888]}, "properties": {"street": "BILTMORE ST", "location_type": "Street", "dispatch_ts": "2017-07-10T12:42:10+00:00", "timestamp_ms": 1499690530000}}, {"type": "Feature", "geometry": {"type": "Point", "coordinates": [-71.09551915701458, 42.33760466779862]}, "properties": {"street": "HUNTINGTON AVE", "location_type": "Street", "dispatch_ts": "2023-05-15T22:20:43+00:00", "timestamp_ms": 1684189243000}}, {"type": "Feature", "geometry": {"type": "Point", "coordinates": [-71.07572511529467, 42.35173660326784]}, "properties": {"street": "CLARENDON ST", "location_type": "Street", "dispatch_ts": "2023-11-02T13:32:15+00:00", "timestamp_ms": 1698931935000}}, {"type": "Feature", "geometry": {"type": "Point", "coordinates": [-71.0530365441006, 42.353108199856656]}, "properties": {"street": "CONGRESS ST", "location_type": "Street", "dispatch_ts": "2016-08-09T12:39:54+00:00", "timestamp_ms": 1470746394000}}, {"type": "Feature", "geometry": {"type": "Point", "coordinates": [-71.0733328346133, 42.271526587111936]}, "properties": {"street": "RIVER ST", "location_type": "Street", "dispatch_ts": "2019-08-30T20:06:40+00:00", "timestamp_ms": 1567195600000}}, {"type": "Feature", "geometry": {"type": "Point", "coordinates": [-71.0413925915831, 42.33084144467989]}, "properties": {"street": "H ST", "location_type": "Street", "dispatch_ts": "2019-07-17T16:20:40+00:00", "timestamp_ms": 1563380440000}}, {"type": "Feature", "geometry": {"type": "Point", "coordinates": [-71.09453928106585, 42.33031855748964]}, "properties": {"street": null, "location_type": "Intersection", "dispatch_ts": "2023-10-16T13:05:24+00:00", "timestamp_ms": 1697461524000}}, {"type": "Feature", "geometry": {"type": "Point", "coordinates": [-71.07082994523341, 42.36057361120737]}, "properties": {"street": null, "location_type": "Intersection", "dispatch_ts": "2021-09-15T22:32:14+00:00", "timestamp_ms": 1631745134000}}, {"type": "Feature", "geometry": {"type": "Point", "coordinates": [-71.10308440731004, 42.349692138499535]}, "properties": {"street": "COMMONWEALTH AVE", "location_type": "Street", "dispatch_ts": "2024-03-08T20:19:30+00:00", "timestamp_ms": 1709929170000}}, {"type": "Feature", "geometry": {"type": "Point", "coordinates": [-71.09503407378968, 42.35105581760787]}, "properties": {"street": null, "location_type": "Other", "dispatch_ts": "2024-10-31T16:05:55+00:00", "timestamp_ms": 1730390755000}}, {"type": "Feature", "geometry": {"type": "Point", "coordinates": [-71.11478789523629, 42.27759516856204]}, "properties": {"street": "CUMMINS HWY", "location_type": "Street", "dispatch_ts": "2021-11-13T22:04:12+00:00", "timestamp_ms": 1636841052000}}, {"type": "Feature", "geometry": {"type": "Point", "coordinates": [-71.10509319533665, 42.33775635191377]}, "properties": {"street": "LONGWOOD AVE", "location_type": "Street", "dispatch_ts": "2019-09-23T13:21:08+00:00", "timestamp_ms": 1569244868000}}, {"type": "Feature", "geometry": {"type": "Point", "coordinates": [-71.07334712843388, 42.3423871159526]}, "properties": {"street": "DEDHAM ST", "location_type": "Street", "dispatch_ts": "2024-09-18T16:59:29+00:00", "timestamp_ms": 1726678769000}}, {"type": "Feature", "geometry": {"type": "Point", "coordinates": [-71.07223977497372, 42.35989432933844]}, "properties": {"street": "DAVID G MUGAR WAY", "location_type": "Street", "dispatch_ts": "2024-11-06T21:59:40+00:00", "timestamp_ms": 1730930380000}}, {"type": "Feature", "geometry": {"type": "Point", "coordinates": [-71.04926191938885, 42.3401638990144]}, "properties": {"street": null, "location_type": "Intersection", "dispatch_ts": "2023-05-16T13:49:18+00:00", "timestamp_ms": 1684244958000}}, {"type": "Feature", "geometry": {"type": "Point", "coordinates": [-71.12510720738307, 42.28448512309448]}, "properties": {"street": null, "location_type": "Intersection", "dispatch_ts": "2019-12-15T23:20:27+00:00", "timestamp_ms": 1576452027000}}, {"type": "Feature", "geometry": {"type": "Point", "coordinates": [-71.05298895002514, 42.35942621294723]}, "properties": {"street": "STATE ST", "location_type": "Street", "dispatch_ts": "2023-06-08T22:50:32+00:00", "timestamp_ms": 1686264632000}}, {"type": "Feature", "geometry": {"type": "Point", "coordinates": [-71.07501462272053, 42.38506337803707]}, "properties": {"street": null, "location_type": "Intersection", "dispatch_ts": "2019-10-04T12:24:46+00:00", "timestamp_ms": 1570191886000}}, {"type": "Feature", "geometry": {"type": "Point", "coordinates": [-71.0623881462013, 42.36812821267448]}, "properties": {"street": null, "location_type": "Other", "dispatch_ts": "2021-10-07T02:51:13+00:00", "timestamp_ms": 1633575073000}}, {"type": "Feature", "geometry": {"type": "Point", "coordinates": [-71.05993608068059, 42.30103833230755]}, "properties": {"street": "DORCHESTER AVE", "location_type": "Street", "dispatch_ts": "2025-06-25T16:03:23+00:00", "timestamp_ms": 1750867403000}}, {"type": "Feature", "geometry": {"type": "Point", "coordinates": [-71.07320764170167, 42.30965086739046]}, "properties": {"street": null, "location_type": "Intersection", "dispatch_ts": "2015-03-30T18:21:34+00:00", "timestamp_ms": 1427739694000}}, {"type": "Feature", "geometry": {"type": "Point", "coordinates": [-71.07071661568612, 42.331361390215626]}, "properties": {"street": "MASSACHUSETTS AVE", "location_type": "Street", "dispatch_ts": "2016-11-02T18:09:57+00:00", "timestamp_ms": 1478110197000}}, {"type": "Feature", "geometry": {"type": "Point", "coordinates": [-71.0620147467577, 42.356550882246246]}, "properties": {"street": null, "location_type": "Intersection", "dispatch_ts": "2015-04-23T01:23:46+00:00", "timestamp_ms": 1429752226000}}, {"type": "Feature", "geometry": {"type": "Point", "coordinates": [-71.09240363451283, 42.271224592770345]}, "properties": {"street": null, "location_type": "Intersection", "dispatch_ts": "2023-07-15T18:27:05+00:00", "timestamp_ms": 1689445625000}}, {"type": "Feature", "geometry": {"type": "Point", "coordinates": [-71.06384908254779, 42.36271998728562]}, "properties": {"street": "STANIFORD ST", "location_type": "Street", "dispatch_ts": "2016-07-25T21:31:00+00:00", "timestamp_ms": 1469482260000}}, {"type": "Feature", "geometry": {"type": "Point", "coordinates": [-71.11465710988557, 42.32440287135224]}, "properties": {"street": null, "location_type": "Intersection", "dispatch_ts": "2016-02-28T20:06:47+00:00", "timestamp_ms": 1456690007000}}, {"type": "Feature", "geometry": {"type": "Point", "coordinates": [-71.12396113041314, 42.25644520097543]}, "properties": {"street": "HYDE PARK AVE", "location_type": "Street", "dispatch_ts": "2022-04-15T14:48:44+00:00", "timestamp_ms": 1650034124000}}, {"type": "Feature", "geometry": {"type": "Point", "coordinates": [-71.05862359538541, 42.32764161401364]}, "properties": {"street": "INTERSTATE 93 ", "location_type": "Street", "dispatch_ts": "2025-11-13T22:43:09+00:00", "timestamp_ms": 1763073789000}}, {"type": "Feature", "geometry": {"type": "Point", "coordinates": [-71.09946800454881, 42.34905405353847]}, "properties": {"street": "COMMONWEALTH AVE", "location_type": "Street", "dispatch_ts": "2021-11-10T23:39:40+00:00", "timestamp_ms": 1636587580000}}, {"type": "Feature", "geometry": {"type": "Point", "coordinates": [-71.06790176605713, 42.32805229928843]}, "properties": {"street": null, "location_type": "Intersection", "dispatch_ts": "2026-06-24T02:47:51+00:00", "timestamp_ms": 1782269271000}}, {"type": "Feature", "geometry": {"type": "Point", "coordinates": [-71.06876657407298, 42.341670445393184]}, "properties": {"street": null, "location_type": "Intersection", "dispatch_ts": "2016-06-27T12:56:35+00:00", "timestamp_ms": 1467032195000}}, {"type": "Feature", "geometry": {"type": "Point", "coordinates": [-71.15327775127881, 42.35204402606927]}, "properties": {"street": "ARLINGTON ST", "location_type": "Street", "dispatch_ts": "2026-05-05T23:20:59+00:00", "timestamp_ms": 1778023259000}}, {"type": "Feature", "geometry": {"type": "Point", "coordinates": [-71.06326917570303, 42.32808031265817]}, "properties": {"street": "ALLSTATE RD", "location_type": "Street", "dispatch_ts": "2019-08-02T23:03:46+00:00", "timestamp_ms": 1564787026000}}, {"type": "Feature", "geometry": {"type": "Point", "coordinates": [-71.12341711076695, 42.35213093390705]}, "properties": {"street": "COMMONWEALTH AVE", "location_type": "Street", "dispatch_ts": "2018-02-12T20:05:35+00:00", "timestamp_ms": 1518465935000}}, {"type": "Feature", "geometry": {"type": "Point", "coordinates": [-71.05840263995944, 42.30767538847119]}, "properties": {"street": null, "location_type": "Intersection", "dispatch_ts": "2018-11-26T11:53:32+00:00", "timestamp_ms": 1543233212000}}, {"type": "Feature", "geometry": {"type": "Point", "coordinates": [-71.09139810718695, 42.33359686794167]}, "properties": {"street": "SCHROEDER PLZ", "location_type": "Street", "dispatch_ts": "2015-07-09T22:08:59+00:00", "timestamp_ms": 1436479739000}}, {"type": "Feature", "geometry": {"type": "Point", "coordinates": [-71.07518968878398, 42.31936757524574]}, "properties": {"street": null, "location_type": "Intersection", "dispatch_ts": "2023-09-15T22:11:26+00:00", "timestamp_ms": 1694815886000}}, {"type": "Feature", "geometry": {"type": "Point", "coordinates": [-71.11877725776135, 42.35156932493414]}, "properties": {"street": "COMMONWEALTH AVE", "location_type": "Street", "dispatch_ts": "2022-07-10T06:52:29+00:00", "timestamp_ms": 1657435949000}}, {"type": "Feature", "geometry": {"type": "Point", "coordinates": [-71.05704214684967, 42.29823516703544]}, "properties": {"street": null, "location_type": "Intersection", "dispatch_ts": "2015-10-29T02:32:33+00:00", "timestamp_ms": 1446085953000}}, {"type": "Feature", "geometry": {"type": "Point", "coordinates": [-71.12522031938556, 42.352129184049474]}, "properties": {"street": null, "location_type": "Intersection", "dispatch_ts": "2020-05-08T20:47:53+00:00", "timestamp_ms": 1588970873000}}, {"type": "Feature", "geometry": {"type": "Point", "coordinates": [-71.09690979918308, 42.34189627073826]}, "properties": {"street": "PARK DR", "location_type": "Street", "dispatch_ts": "2023-10-27T21:54:55+00:00", "timestamp_ms": 1698443695000}}, {"type": "Feature", "geometry": {"type": "Point", "coordinates": [-71.03843259512539, 42.34861880151616]}, "properties": {"street": "NORTHERN AVE", "location_type": "Street", "dispatch_ts": "2025-06-22T01:13:59+00:00", "timestamp_ms": 1750554839000}}, {"type": "Feature", "geometry": {"type": "Point", "coordinates": [-71.09621470816467, 42.34499854479533]}, "properties": {"street": "BOYLSTON ST", "location_type": "Street", "dispatch_ts": "2018-04-18T23:04:05+00:00", "timestamp_ms": 1524092645000}}, {"type": "Feature", "geometry": {"type": "Point", "coordinates": [-71.092399234367, 42.33295015679992]}, "properties": {"street": null, "location_type": "Intersection", "dispatch_ts": "2025-12-10T00:00:22+00:00", "timestamp_ms": 1765324822000}}, {"type": "Feature", "geometry": {"type": "Point", "coordinates": [-71.06561376234245, 42.31678465093254]}, "properties": {"street": "COLUMBIA RD", "location_type": "Street", "dispatch_ts": "2017-03-02T13:02:50+00:00", "timestamp_ms": 1488459770000}}, {"type": "Feature", "geometry": {"type": "Point", "coordinates": [-71.13019940715564, 42.35273665382231]}, "properties": {"street": null, "location_type": "Intersection", "dispatch_ts": "2016-05-13T23:39:35+00:00", "timestamp_ms": 1463182775000}}, {"type": "Feature", "geometry": {"type": "Point", "coordinates": [-71.05730116634538, 42.35675098930661]}, "properties": {"street": null, "location_type": "Intersection", "dispatch_ts": "2022-11-21T01:41:05+00:00", "timestamp_ms": 1668994865000}}, {"type": "Feature", "geometry": {"type": "Point", "coordinates": [-71.09240138015855, 42.33897955455339]}, "properties": {"street": null, "location_type": "Intersection", "dispatch_ts": "2017-09-12T22:23:06+00:00", "timestamp_ms": 1505254986000}}, {"type": "Feature", "geometry": {"type": "Point", "coordinates": [-71.05375115218736, 42.36081120252193]}, "properties": {"street": null, "location_type": "Intersection", "dispatch_ts": "2021-08-21T14:42:47+00:00", "timestamp_ms": 1629556967000}}, {"type": "Feature", "geometry": {"type": "Point", "coordinates": [-71.07247582241347, 42.38387007924452]}, "properties": {"street": "MAIN ST", "location_type": "Street", "dispatch_ts": "2024-05-01T21:40:43+00:00", "timestamp_ms": 1714599643000}}, {"type": "Feature", "geometry": {"type": "Point", "coordinates": [-71.07302005356512, 42.33384734466266]}, "properties": {"street": "ALBANY ST", "location_type": "Street", "dispatch_ts": "2018-12-26T21:25:32+00:00", "timestamp_ms": 1545859532000}}, {"type": "Feature", "geometry": {"type": "Point", "coordinates": [-71.11357440657385, 42.29874339317516]}, "properties": {"street": "WELD HILL ST", "location_type": "Street", "dispatch_ts": "2015-08-01T16:34:48+00:00", "timestamp_ms": 1438446888000}}, {"type": "Feature", "geometry": {"type": "Point", "coordinates": [-71.0752080217456, 42.34581652572449]}, "properties": {"street": null, "location_type": "Intersection", "dispatch_ts": "2023-08-17T23:51:59+00:00", "timestamp_ms": 1692316319000}}, {"type": "Feature", "geometry": {"type": "Point", "coordinates": [-71.05785372970136, 42.328144434436126]}, "properties": {"street": null, "location_type": "Intersection", "dispatch_ts": "2024-08-28T13:33:50+00:00", "timestamp_ms": 1724852030000}}, {"type": "Feature", "geometry": {"type": "Point", "coordinates": [-71.10658519977491, 42.347239678294294]}, "properties": {"street": "BUSWELL ST", "location_type": "Street", "dispatch_ts": "2020-09-08T14:41:01+00:00", "timestamp_ms": 1599576061000}}, {"type": "Feature", "geometry": {"type": "Point", "coordinates": [-71.14382731238426, 42.35481533292148]}, "properties": {"street": "BEACON ST", "location_type": "Street", "dispatch_ts": "2018-11-17T22:53:25+00:00", "timestamp_ms": 1542495205000}}, {"type": "Feature", "geometry": {"type": "Point", "coordinates": [-71.06923920444655, 42.37375318072544]}, "properties": {"street": null, "location_type": "Other", "dispatch_ts": "2020-08-15T16:09:11+00:00", "timestamp_ms": 1597507751000}}, {"type": "Feature", "geometry": {"type": "Point", "coordinates": [-71.08290099446329, 42.31639057749045]}, "properties": {"street": null, "location_type": "Intersection", "dispatch_ts": "2024-08-29T00:40:46+00:00", "timestamp_ms": 1724892046000}}, {"type": "Feature", "geometry": {"type": "Point", "coordinates": [-71.087571225469, 42.33540515274999]}, "properties": {"street": null, "location_type": "Intersection", "dispatch_ts": "2018-04-26T20:27:18+00:00", "timestamp_ms": 1524774438000}}, {"type": "Feature", "geometry": {"type": "Point", "coordinates": [-71.07982391690409, 42.33413037038142]}, "properties": {"street": null, "location_type": "Intersection", "dispatch_ts": "2020-06-26T23:18:08+00:00", "timestamp_ms": 1593213488000}}, {"type": "Feature", "geometry": {"type": "Point", "coordinates": [-71.16340956810242, 42.34910084230122]}, "properties": {"street": "WASHINGTON ST", "location_type": "Street", "dispatch_ts": "2021-10-26T22:22:25+00:00", "timestamp_ms": 1635286945000}}, {"type": "Feature", "geometry": {"type": "Point", "coordinates": [-71.08612326490366, 42.34975426275641]}, "properties": {"street": null, "location_type": "Intersection", "dispatch_ts": "2018-12-07T12:36:53+00:00", "timestamp_ms": 1544186213000}}, {"type": "Feature", "geometry": {"type": "Point", "coordinates": [-71.14338912437596, 42.34689712922738]}, "properties": {"street": "JETTE CT", "location_type": "Street", "dispatch_ts": "2015-09-02T23:09:04+00:00", "timestamp_ms": 1441235344000}}, {"type": "Feature", "geometry": {"type": "Point", "coordinates": [-71.10242537975225, 42.270857625603966]}, "properties": {"street": null, "location_type": "Intersection", "dispatch_ts": "2017-04-14T20:21:24+00:00", "timestamp_ms": 1492201284000}}, {"type": "Feature", "geometry": {"type": "Point", "coordinates": [-71.09111579363558, 42.28500538420236]}, "properties": {"street": null, "location_type": "Intersection", "dispatch_ts": "2026-06-26T01:35:50+00:00", "timestamp_ms": 1782437750000}}, {"type": "Feature", "geometry": {"type": "Point", "coordinates": [-71.06404389044464, 42.3045063369872]}, "properties": {"street": "MOUNT IDA RD", "location_type": "Street", "dispatch_ts": "2015-07-18T23:14:08+00:00", "timestamp_ms": 1437261248000}}, {"type": "Feature", "geometry": {"type": "Point", "coordinates": [-71.06181820569347, 42.34989214393872]}, "properties": {"street": "HARRISON AVE", "location_type": "Street", "dispatch_ts": "2019-03-16T21:01:44+00:00", "timestamp_ms": 1552770104000}}, {"type": "Feature", "geometry": {"type": "Point", "coordinates": [-71.05732495090447, 42.35758185480327]}, "properties": {"street": null, "location_type": "Intersection", "dispatch_ts": "2022-09-01T18:35:52+00:00", "timestamp_ms": 1662057352000}}, {"type": "Feature", "geometry": {"type": "Point", "coordinates": [-71.09436515201052, 42.34554840026876]}, "properties": {"street": null, "location_type": "Intersection", "dispatch_ts": "2025-05-13T18:11:28+00:00", "timestamp_ms": 1747159888000}}, {"type": "Feature", "geometry": {"type": "Point", "coordinates": [-71.0910937217443, 42.32062303970412]}, "properties": {"street": "KENSINGTON ST", "location_type": "Street", "dispatch_ts": "2015-01-03T03:27:44+00:00", "timestamp_ms": 1420255664000}}, {"type": "Feature", "geometry": {"type": "Point", "coordinates": [-71.08813477346843, 42.34811804821059]}, "properties": {"street": null, "location_type": "Intersection", "dispatch_ts": "2018-09-29T16:57:57+00:00", "timestamp_ms": 1538240277000}}, {"type": "Feature", "geometry": {"type": "Point", "coordinates": [-71.08261257158696, 42.309541208788126]}, "properties": {"street": null, "location_type": "Intersection", "dispatch_ts": "2018-09-12T01:33:08+00:00", "timestamp_ms": 1536715988000}}, {"type": "Feature", "geometry": {"type": "Point", "coordinates": [-71.0894836662669, 42.350858072765824]}, "properties": {"street": null, "location_type": "Intersection", "dispatch_ts": "2015-12-18T13:41:36+00:00", "timestamp_ms": 1450446096000}}, {"type": "Feature", "geometry": {"type": "Point", "coordinates": [-71.07426407890827, 42.29115404390615]}, "properties": {"street": "WHITFIELD ST", "location_type": "Street", "dispatch_ts": "2016-06-29T18:58:24+00:00", "timestamp_ms": 1467226704000}}, {"type": "Feature", "geometry": {"type": "Point", "coordinates": [-71.07026089721761, 42.29599676890667]}, "properties": {"street": null, "location_type": "Intersection", "dispatch_ts": "2019-09-24T23:09:45+00:00", "timestamp_ms": 1569366585000}}, {"type": "Feature", "geometry": {"type": "Point", "coordinates": [-71.06042826791817, 42.3619549801993]}, "properties": {"street": "NEW SUDBURY ST", "location_type": "Street", "dispatch_ts": "2018-05-28T15:12:56+00:00", "timestamp_ms": 1527520376000}}, {"type": "Feature", "geometry": {"type": "Point", "coordinates": [-71.08014035435154, 42.31264316508957]}, "properties": {"street": "BLUE HILL AVE", "location_type": "Street", "dispatch_ts": "2023-07-25T04:43:36+00:00", "timestamp_ms": 1690260216000}}, {"type": "Feature", "geometry": {"type": "Point", "coordinates": [-71.09635647118647, 42.32655635986351]}, "properties": {"street": "CENTRE ST", "location_type": "Street", "dispatch_ts": "2017-07-02T00:24:53+00:00", "timestamp_ms": 1498955093000}}, {"type": "Feature", "geometry": {"type": "Point", "coordinates": [-71.11215844254748, 42.322729446214666]}, "properties": {"street": "HUNTINGTON AVE", "location_type": "Street", "dispatch_ts": "2017-07-20T11:43:38+00:00", "timestamp_ms": 1500551018000}}, {"type": "Feature", "geometry": {"type": "Point", "coordinates": [-71.0390855842002, 42.37416835407859]}, "properties": {"street": "CENTRAL SQ", "location_type": "Street", "dispatch_ts": "2017-11-04T00:32:31+00:00", "timestamp_ms": 1509755551000}}, {"type": "Feature", "geometry": {"type": "Point", "coordinates": [-71.06731353393059, 42.36111191505227]}, "properties": {"street": "CAMBRIDGE ST", "location_type": "Street", "dispatch_ts": "2016-08-02T20:20:55+00:00", "timestamp_ms": 1470169255000}}, {"type": "Feature", "geometry": {"type": "Point", "coordinates": [-71.07563050723822, 42.33746016491123]}, "properties": {"street": null, "location_type": "Intersection", "dispatch_ts": "2015-11-05T12:55:31+00:00", "timestamp_ms": 1446728131000}}, {"type": "Feature", "geometry": {"type": "Point", "coordinates": [-71.09571234810483, 42.33379935846726]}, "properties": {"street": "PARKER ST", "location_type": "Street", "dispatch_ts": "2019-11-17T19:24:37+00:00", "timestamp_ms": 1574018677000}}, {"type": "Feature", "geometry": {"type": "Point", "coordinates": [-71.08953953332347, 42.32346318962709]}, "properties": {"street": null, "location_type": "Intersection", "dispatch_ts": "2019-02-11T16:13:57+00:00", "timestamp_ms": 1549901637000}}, {"type": "Feature", "geometry": {"type": "Point", "coordinates": [-71.09794297714575, 42.32630153801274]}, "properties": {"street": null, "location_type": "Intersection", "dispatch_ts": "2015-08-27T19:22:29+00:00", "timestamp_ms": 1440703349000}}, {"type": "Feature", "geometry": {"type": "Point", "coordinates": [-71.09851809152374, 42.348403010809164]}, "properties": {"street": "BEACON ST", "location_type": "Street", "dispatch_ts": "2022-09-22T00:53:05+00:00", "timestamp_ms": 1663807985000}}, {"type": "Feature", "geometry": {"type": "Point", "coordinates": [-71.14831112513153, 42.357437826287374]}, "properties": {"street": null, "location_type": "Intersection", "dispatch_ts": "2017-04-10T17:04:50+00:00", "timestamp_ms": 1491843890000}}, {"type": "Feature", "geometry": {"type": "Point", "coordinates": [-71.09287477598735, 42.34918561382729]}, "properties": {"street": null, "location_type": "Intersection", "dispatch_ts": "2017-02-17T16:40:50+00:00", "timestamp_ms": 1487349650000}}, {"type": "Feature", "geometry": {"type": "Point", "coordinates": [-71.07342099408642, 42.33359095305056]}, "properties": {"street": null, "location_type": "Intersection", "dispatch_ts": "2019-07-28T17:41:28+00:00", "timestamp_ms": 1564335688000}}, {"type": "Feature", "geometry": {"type": "Point", "coordinates": [-71.1319174555406, 42.35241249359544]}, "properties": {"street": "HARVARD AVE", "location_type": "Street", "dispatch_ts": "2016-09-28T16:00:44+00:00", "timestamp_ms": 1475078444000}}, {"type": "Feature", "geometry": {"type": "Point", "coordinates": [-71.03548938162207, 42.33816144991679]}, "properties": {"street": null, "location_type": "Intersection", "dispatch_ts": "2021-06-26T19:26:41+00:00", "timestamp_ms": 1624735601000}}, {"type": "Feature", "geometry": {"type": "Point", "coordinates": [-71.07514289826672, 42.32775480020325]}, "properties": {"street": null, "location_type": "Intersection", "dispatch_ts": "2016-06-27T14:41:34+00:00", "timestamp_ms": 1467038494000}}, {"type": "Feature", "geometry": {"type": "Point", "coordinates": [-71.06765043590309, 42.30154216108063]}, "properties": {"street": "TOPLIFF ST", "location_type": "Street", "dispatch_ts": "2017-05-03T11:32:28+00:00", "timestamp_ms": 1493811148000}}, {"type": "Feature", "geometry": {"type": "Point", "coordinates": [-71.06982539785136, 42.330336080224654]}, "properties": {"street": null, "location_type": "Intersection", "dispatch_ts": "2018-05-12T08:24:06+00:00", "timestamp_ms": 1526113446000}}, {"type": "Feature", "geometry": {"type": "Point", "coordinates": [-71.0890957622328, 42.35006295890982]}, "properties": {"street": null, "location_type": "Intersection", "dispatch_ts": "2015-08-08T15:31:57+00:00", "timestamp_ms": 1439047917000}}, {"type": "Feature", "geometry": {"type": "Point", "coordinates": [-71.0726574520627, 42.384250534925755]}, "properties": {"street": "MAIN ST", "location_type": "Street", "dispatch_ts": "2025-09-13T18:41:50+00:00", "timestamp_ms": 1757788910000}}, {"type": "Feature", "geometry": {"type": "Point", "coordinates": [-71.06260056171318, 42.291851640587666]}, "properties": {"street": null, "location_type": "Intersection", "dispatch_ts": "2017-11-21T14:15:31+00:00", "timestamp_ms": 1511273731000}}, {"type": "Feature", "geometry": {"type": "Point", "coordinates": [-71.06277578197742, 42.28828786224305]}, "properties": {"street": "MONSIGNOR PATRICK J. LYDON WAY", "location_type": "Street", "dispatch_ts": "2021-09-25T02:47:54+00:00", "timestamp_ms": 1632538074000}}, {"type": "Feature", "geometry": {"type": "Point", "coordinates": [-71.0687472471511, 42.36109241104729]}, "properties": {"street": null, "location_type": "Intersection", "dispatch_ts": "2024-10-21T17:19:23+00:00", "timestamp_ms": 1729531163000}}, {"type": "Feature", "geometry": {"type": "Point", "coordinates": [-71.07531358613242, 42.32615355824046]}, "properties": {"street": null, "location_type": "Intersection", "dispatch_ts": "2015-09-16T11:07:38+00:00", "timestamp_ms": 1442401658000}}, {"type": "Feature", "geometry": {"type": "Point", "coordinates": [-71.12054972173765, 42.3090142460499]}, "properties": {"street": "CENTRE ST", "location_type": "Street", "dispatch_ts": "2023-06-27T22:17:02+00:00", "timestamp_ms": 1687904222000}}, {"type": "Feature", "geometry": {"type": "Point", "coordinates": [-71.10664691849603, 42.33448775094811]}, "properties": {"street": null, "location_type": "Intersection", "dispatch_ts": "2023-10-26T19:28:26+00:00", "timestamp_ms": 1698348506000}}, {"type": "Feature", "geometry": {"type": "Point", "coordinates": [-71.10056780840284, 42.32283108180544]}, "properties": {"street": null, "location_type": "Intersection", "dispatch_ts": "2018-07-15T23:04:52+00:00", "timestamp_ms": 1531695892000}}, {"type": "Feature", "geometry": {"type": "Point", "coordinates": [-71.08432328902487, 42.30124714803976]}, "properties": {"street": "GLENWAY ST", "location_type": "Street", "dispatch_ts": "2020-07-11T20:55:28+00:00", "timestamp_ms": 1594500928000}}, {"type": "Feature", "geometry": {"type": "Point", "coordinates": [-71.05288288843865, 42.35944457769411]}, "properties": {"street": "STATE ST", "location_type": "Street", "dispatch_ts": "2016-07-04T03:44:09+00:00", "timestamp_ms": 1467603849000}}, {"type": "Feature", "geometry": {"type": "Point", "coordinates": [-71.10031800568076, 42.34800306406743]}, "properties": {"street": null, "location_type": "Intersection", "dispatch_ts": "2025-10-18T20:09:07+00:00", "timestamp_ms": 1760818147000}}, {"type": "Feature", "geometry": {"type": "Point", "coordinates": [-71.10919826199431, 42.27431902405153]}, "properties": {"street": null, "location_type": "Intersection", "dispatch_ts": "2019-07-13T12:46:05+00:00", "timestamp_ms": 1563021965000}}, {"type": "Feature", "geometry": {"type": "Point", "coordinates": [-71.09510160211099, 42.348792212916806]}, "properties": {"street": "COMMONWEALTH AVE", "location_type": "Street", "dispatch_ts": "2025-03-23T01:19:46+00:00", "timestamp_ms": 1742692786000}}, {"type": "Feature", "geometry": {"type": "Point", "coordinates": [-71.15140322916106, 42.33647434603828]}, "properties": {"street": "CHESTNUT HILL AVE", "location_type": "Street", "dispatch_ts": "2018-09-29T15:01:06+00:00", "timestamp_ms": 1538233266000}}, {"type": "Feature", "geometry": {"type": "Point", "coordinates": [-71.07396741427817, 42.3762542962612]}, "properties": {"street": "INTERSTATE 93 ", "location_type": "Street", "dispatch_ts": "2025-09-04T07:38:57+00:00", "timestamp_ms": 1756971537000}}, {"type": "Feature", "geometry": {"type": "Point", "coordinates": [-71.06346976039322, 42.354928105541866]}, "properties": {"street": "TREMONT ST", "location_type": "Street", "dispatch_ts": "2023-12-18T07:58:32+00:00", "timestamp_ms": 1702886312000}}, {"type": "Feature", "geometry": {"type": "Point", "coordinates": [-71.10484344518987, 42.33765954673672]}, "properties": {"street": "LONGWOOD AVE", "location_type": "Street", "dispatch_ts": "2018-06-11T12:14:07+00:00", "timestamp_ms": 1528719247000}}, {"type": "Feature", "geometry": {"type": "Point", "coordinates": [-71.05746143162138, 42.29958210906462]}, "properties": {"street": "PARK ST", "location_type": "Street", "dispatch_ts": "2024-10-29T23:47:22+00:00", "timestamp_ms": 1730245642000}}, {"type": "Feature", "geometry": {"type": "Point", "coordinates": [-71.10132857289203, 42.32285836192416]}, "properties": {"street": "CENTRE ST", "location_type": "Street", "dispatch_ts": "2019-02-16T20:37:49+00:00", "timestamp_ms": 1550349469000}}, {"type": "Feature", "geometry": {"type": "Point", "coordinates": [-71.08693623172093, 42.2816570534446]}, "properties": {"street": null, "location_type": "Intersection", "dispatch_ts": "2015-01-20T11:35:06+00:00", "timestamp_ms": 1421753706000}}, {"type": "Feature", "geometry": {"type": "Point", "coordinates": [-71.05260013294145, 42.32922413817151]}, "properties": {"street": null, "location_type": "Intersection", "dispatch_ts": "2024-06-08T22:18:39+00:00", "timestamp_ms": 1717885119000}}, {"type": "Feature", "geometry": {"type": "Point", "coordinates": [-71.12133631401319, 42.308783113511446]}, "properties": {"street": null, "location_type": "Intersection", "dispatch_ts": "2023-08-13T21:19:47+00:00", "timestamp_ms": 1691961587000}}, {"type": "Feature", "geometry": {"type": "Point", "coordinates": [-71.08809103101271, 42.30118123180019]}, "properties": {"street": "JEWISH WAR VETERANS DR", "location_type": "Street", "dispatch_ts": "2023-07-01T20:15:56+00:00", "timestamp_ms": 1688242556000}}, {"type": "Feature", "geometry": {"type": "Point", "coordinates": [-71.12126863855019, 42.351886419965325]}, "properties": {"street": null, "location_type": "Intersection", "dispatch_ts": "2025-10-01T16:45:47+00:00", "timestamp_ms": 1759337147000}}, {"type": "Feature", "geometry": {"type": "Point", "coordinates": [-71.11465710988557, 42.32440287135224]}, "properties": {"street": null, "location_type": "Intersection", "dispatch_ts": "2018-07-25T19:47:47+00:00", "timestamp_ms": 1532548067000}}, {"type": "Feature", "geometry": {"type": "Point", "coordinates": [-71.07347915012433, 42.38456840054575]}, "properties": {"street": null, "location_type": "Other", "dispatch_ts": "2015-12-02T21:40:28+00:00", "timestamp_ms": 1449092428000}}, {"type": "Feature", "geometry": {"type": "Point", "coordinates": [-71.08057209320442, 42.30545102601266]}, "properties": {"street": null, "location_type": "Intersection", "dispatch_ts": "2021-06-16T21:19:13+00:00", "timestamp_ms": 1623878353000}}, {"type": "Feature", "geometry": {"type": "Point", "coordinates": [-71.10605232311909, 42.34005182528552]}, "properties": {"street": "BROOKLINE AVE", "location_type": "Street", "dispatch_ts": "2021-10-22T10:35:33+00:00", "timestamp_ms": 1634898933000}}, {"type": "Feature", "geometry": {"type": "Point", "coordinates": [-71.07114195148272, 42.36128968001028]}, "properties": {"street": "CHARLES ST", "location_type": "Street", "dispatch_ts": "2018-11-30T11:47:25+00:00", "timestamp_ms": 1543578445000}}, {"type": "Feature", "geometry": {"type": "Point", "coordinates": [-71.06014286221942, 42.371706632695485]}, "properties": {"street": null, "location_type": "Intersection", "dispatch_ts": "2017-12-01T02:24:36+00:00", "timestamp_ms": 1512095076000}}, {"type": "Feature", "geometry": {"type": "Point", "coordinates": [-71.12224330639343, 42.31334211623569]}, "properties": {"street": null, "location_type": "Intersection", "dispatch_ts": "2015-09-12T23:09:35+00:00", "timestamp_ms": 1442099375000}}, {"type": "Feature", "geometry": {"type": "Point", "coordinates": [-71.15123451477147, 42.34021427951757]}, "properties": {"street": "COMMONWEALTH AVE", "location_type": "Street", "dispatch_ts": "2015-04-23T14:40:42+00:00", "timestamp_ms": 1429800042000}}, {"type": "Feature", "geometry": {"type": "Point", "coordinates": [-71.0850258466602, 42.34284918462784]}, "properties": {"street": null, "location_type": "Intersection", "dispatch_ts": "2026-05-06T11:54:17+00:00", "timestamp_ms": 1778068457000}}, {"type": "Feature", "geometry": {"type": "Point", "coordinates": [-71.1051705533288, 42.322708050774885]}, "properties": {"street": null, "location_type": "Intersection", "dispatch_ts": "2022-08-07T19:46:21+00:00", "timestamp_ms": 1659901581000}}, {"type": "Feature", "geometry": {"type": "Point", "coordinates": [-71.12723970715841, 42.350394132703926]}, "properties": {"street": "COMMONWEALTH AVE", "location_type": "Street", "dispatch_ts": "2017-09-12T20:14:34+00:00", "timestamp_ms": 1505247274000}}, {"type": "Feature", "geometry": {"type": "Point", "coordinates": [-71.05700727981439, 42.32951559009473]}, "properties": {"street": null, "location_type": "Intersection", "dispatch_ts": "2024-03-30T18:21:19+00:00", "timestamp_ms": 1711822879000}}, {"type": "Feature", "geometry": {"type": "Point", "coordinates": [-71.0246611006022, 42.38035147798819]}, "properties": {"street": "BENNINGTON ST", "location_type": "Street", "dispatch_ts": "2017-09-16T08:41:40+00:00", "timestamp_ms": 1505551300000}}, {"type": "Feature", "geometry": {"type": "Point", "coordinates": [-71.0751718977356, 42.38363679357755]}, "properties": {"street": "CAMBRIDGE ST", "location_type": "Street", "dispatch_ts": "2019-11-27T13:48:23+00:00", "timestamp_ms": 1574862503000}}, {"type": "Feature", "geometry": {"type": "Point", "coordinates": [-71.10456417196617, 42.30945158941106]}, "properties": {"street": null, "location_type": "Intersection", "dispatch_ts": "2015-09-11T23:34:18+00:00", "timestamp_ms": 1442014458000}}, {"type": "Feature", "geometry": {"type": "Point", "coordinates": [-71.15140322916106, 42.33647434603828]}, "properties": {"street": "CHESTNUT HILL AVE", "location_type": "Street", "dispatch_ts": "2015-07-21T23:39:33+00:00", "timestamp_ms": 1437521973000}}, {"type": "Feature", "geometry": {"type": "Point", "coordinates": [-71.091819005903, 42.322783639307566]}, "properties": {"street": "THORNTON ST", "location_type": "Street", "dispatch_ts": "2015-09-28T23:25:20+00:00", "timestamp_ms": 1443482720000}}, {"type": "Feature", "geometry": {"type": "Point", "coordinates": [-71.09256274343156, 42.33955619489268]}, "properties": {"street": null, "location_type": "Intersection", "dispatch_ts": "2017-10-05T10:34:43+00:00", "timestamp_ms": 1507199683000}}, {"type": "Feature", "geometry": {"type": "Point", "coordinates": [-71.05053155302278, 42.349797067429535]}, "properties": {"street": "MELCHER ST", "location_type": "Street", "dispatch_ts": "2021-10-01T18:31:07+00:00", "timestamp_ms": 1633113067000}}, {"type": "Feature", "geometry": {"type": "Point", "coordinates": [-71.0897306155816, 42.35137566639242]}, "properties": {"street": null, "location_type": "Intersection", "dispatch_ts": "2020-07-16T17:53:01+00:00", "timestamp_ms": 1594921981000}}, {"type": "Feature", "geometry": {"type": "Point", "coordinates": [-71.06726939026979, 42.327275897948155]}, "properties": {"street": "MASSACHUSETTS AVE", "location_type": "Street", "dispatch_ts": "2025-11-26T21:42:49+00:00", "timestamp_ms": 1764193369000}}, {"type": "Feature", "geometry": {"type": "Point", "coordinates": [-71.10099277068824, 42.322839055529045]}, "properties": {"street": "CENTRE ST", "location_type": "Street", "dispatch_ts": "2026-03-21T22:24:17+00:00", "timestamp_ms": 1774131857000}}, {"type": "Feature", "geometry": {"type": "Point", "coordinates": [-71.08863436741848, 42.34055146104195]}, "properties": {"street": "HUNTINGTON AVE", "location_type": "Street", "dispatch_ts": "2024-09-04T13:12:38+00:00", "timestamp_ms": 1725455558000}}, {"type": "Feature", "geometry": {"type": "Point", "coordinates": [-71.11410224955763, 42.31417485205211]}, "properties": {"street": null, "location_type": "Intersection", "dispatch_ts": "2017-03-06T23:35:08+00:00", "timestamp_ms": 1488843308000}}, {"type": "Feature", "geometry": {"type": "Point", "coordinates": [-71.12223597729499, 42.35199235328074]}, "properties": {"street": "COMMONWEALTH AVE", "location_type": "Street", "dispatch_ts": "2016-02-19T21:35:31+00:00", "timestamp_ms": 1455917731000}}, {"type": "Feature", "geometry": {"type": "Point", "coordinates": [-71.07883836560852, 42.354606313082755]}, "properties": {"street": null, "location_type": "Other", "dispatch_ts": "2018-07-13T12:34:14+00:00", "timestamp_ms": 1531485254000}}, {"type": "Feature", "geometry": {"type": "Point", "coordinates": [-71.07446444309143, 42.34244640941447]}, "properties": {"street": "TREMONT ST", "location_type": "Street", "dispatch_ts": "2023-06-20T15:59:13+00:00", "timestamp_ms": 1687276753000}}, {"type": "Feature", "geometry": {"type": "Point", "coordinates": [-71.1067942657748, 42.34625616762831]}, "properties": {"street": null, "location_type": "Intersection", "dispatch_ts": "2015-09-08T21:25:40+00:00", "timestamp_ms": 1441747540000}}, {"type": "Feature", "geometry": {"type": "Point", "coordinates": [-71.0567641562002, 42.32073412717093]}, "properties": {"street": null, "location_type": "Intersection", "dispatch_ts": "2019-08-01T22:25:04+00:00", "timestamp_ms": 1564698304000}}, {"type": "Feature", "geometry": {"type": "Point", "coordinates": [-71.08344449099626, 42.34412571205348]}, "properties": {"street": "HUNTINGTON AVE", "location_type": "Street", "dispatch_ts": "2019-09-23T20:46:31+00:00", "timestamp_ms": 1569271591000}}, {"type": "Feature", "geometry": {"type": "Point", "coordinates": [-71.1107381844917, 42.35204825372744]}, "properties": {"street": null, "location_type": "Other", "dispatch_ts": "2021-04-10T15:57:16+00:00", "timestamp_ms": 1618070236000}}, {"type": "Feature", "geometry": {"type": "Point", "coordinates": [-71.130023511871, 42.349215975917176]}, "properties": {"street": null, "location_type": "Intersection", "dispatch_ts": "2015-09-02T12:14:57+00:00", "timestamp_ms": 1441196097000}}, {"type": "Feature", "geometry": {"type": "Point", "coordinates": [-71.11188219678236, 42.35054722636104]}, "properties": {"street": "COMMONWEALTH AVE", "location_type": "Street", "dispatch_ts": "2024-08-08T14:17:00+00:00", "timestamp_ms": 1723126620000}}, {"type": "Feature", "geometry": {"type": "Point", "coordinates": [-71.06579376003468, 42.37486410828662]}, "properties": {"street": "AUSTIN ST", "location_type": "Street", "dispatch_ts": "2015-06-30T20:39:51+00:00", "timestamp_ms": 1435696791000}}, {"type": "Feature", "geometry": {"type": "Point", "coordinates": [-71.12977673081532, 42.36319984551602]}, "properties": {"street": null, "location_type": "Intersection", "dispatch_ts": "2016-03-07T14:00:10+00:00", "timestamp_ms": 1457359210000}}, {"type": "Feature", "geometry": {"type": "Point", "coordinates": [-71.13298907431123, 42.35746126401517]}, "properties": {"street": "FRANKLIN ST", "location_type": "Street", "dispatch_ts": "2021-06-25T11:20:23+00:00", "timestamp_ms": 1624620023000}}, {"type": "Feature", "geometry": {"type": "Point", "coordinates": [-71.13767319007187, 42.35758865615265]}, "properties": {"street": null, "location_type": "Intersection", "dispatch_ts": "2016-04-17T21:54:42+00:00", "timestamp_ms": 1460930082000}}, {"type": "Feature", "geometry": {"type": "Point", "coordinates": [-71.06777331758781, 42.35654133418652]}, "properties": {"street": "BEACON ST", "location_type": "Street", "dispatch_ts": "2023-03-18T22:12:10+00:00", "timestamp_ms": 1679177530000}}, {"type": "Feature", "geometry": {"type": "Point", "coordinates": [-71.05695016575858, 42.36329055417613]}, "properties": {"street": "CROSS ST", "location_type": "Street", "dispatch_ts": "2024-06-18T06:01:37+00:00", "timestamp_ms": 1718690497000}}, {"type": "Feature", "geometry": {"type": "Point", "coordinates": [-71.09349346596116, 42.2733304906312]}, "properties": {"street": null, "location_type": "Intersection", "dispatch_ts": "2022-04-15T18:06:16+00:00", "timestamp_ms": 1650045976000}}, {"type": "Feature", "geometry": {"type": "Point", "coordinates": [-71.088641463287, 42.34915419274428]}, "properties": {"street": null, "location_type": "Intersection", "dispatch_ts": "2020-09-13T20:42:56+00:00", "timestamp_ms": 1600029776000}}, {"type": "Feature", "geometry": {"type": "Point", "coordinates": [-71.0793525060013, 42.329573732451934]}, "properties": {"street": "EUSTIS ST", "location_type": "Street", "dispatch_ts": "2019-07-27T01:58:35+00:00", "timestamp_ms": 1564192715000}}, {"type": "Feature", "geometry": {"type": "Point", "coordinates": [-71.09698981116533, 42.32815996481075]}, "properties": {"street": null, "location_type": "Intersection", "dispatch_ts": "2018-06-22T06:35:03+00:00", "timestamp_ms": 1529649303000}}, {"type": "Feature", "geometry": {"type": "Point", "coordinates": [-71.10747326532295, 42.30650543946009]}, "properties": {"street": null, "location_type": "Intersection", "dispatch_ts": "2020-08-15T01:21:39+00:00", "timestamp_ms": 1597454499000}}, {"type": "Feature", "geometry": {"type": "Point", "coordinates": [-71.14095638381015, 42.280848976706174]}, "properties": {"street": "BEECH ST", "location_type": "Street", "dispatch_ts": "2025-08-24T20:27:12+00:00", "timestamp_ms": 1756067232000}}, {"type": "Feature", "geometry": {"type": "Point", "coordinates": [-71.09668027920044, 42.33171265791973]}, "properties": {"street": "TREMONT ST", "location_type": "Street", "dispatch_ts": "2018-06-04T16:23:03+00:00", "timestamp_ms": 1528129383000}}, {"type": "Feature", "geometry": {"type": "Point", "coordinates": [-71.0568313561601, 42.323768126554775]}, "properties": {"street": "DORCHESTER AVE", "location_type": "Street", "dispatch_ts": "2021-08-12T01:41:47+00:00", "timestamp_ms": 1628732507000}}, {"type": "Feature", "geometry": {"type": "Point", "coordinates": [-71.13101107640232, 42.28376399085368]}, "properties": {"street": "WASHINGTON ST", "location_type": "Street", "dispatch_ts": "2026-04-29T21:52:24+00:00", "timestamp_ms": 1777499544000}}, {"type": "Feature", "geometry": {"type": "Point", "coordinates": [-71.06086565126813, 42.35046558801741]}, "properties": {"street": null, "location_type": "Intersection", "dispatch_ts": "2017-12-24T03:08:23+00:00", "timestamp_ms": 1514084903000}}, {"type": "Feature", "geometry": {"type": "Point", "coordinates": [-71.07702219706704, 42.33646616628194]}, "properties": {"street": null, "location_type": "Intersection", "dispatch_ts": "2025-07-02T12:55:06+00:00", "timestamp_ms": 1751460906000}}, {"type": "Feature", "geometry": {"type": "Point", "coordinates": [-71.11071981166026, 42.35221248360169]}, "properties": {"street": "BOSTON UNIVERSITY BRG", "location_type": "Street", "dispatch_ts": "2016-08-19T22:36:02+00:00", "timestamp_ms": 1471646162000}}, {"type": "Feature", "geometry": {"type": "Point", "coordinates": [-71.08963047375838, 42.34497737708148]}, "properties": {"street": "HEMENWAY ST", "location_type": "Street", "dispatch_ts": "2023-01-10T22:09:05+00:00", "timestamp_ms": 1673388545000}}, {"type": "Feature", "geometry": {"type": "Point", "coordinates": [-71.09783569708682, 42.32236726804239]}, "properties": {"street": null, "location_type": "Intersection", "dispatch_ts": "2016-07-15T18:18:55+00:00", "timestamp_ms": 1468606735000}}, {"type": "Feature", "geometry": {"type": "Point", "coordinates": [-71.0861066436572, 42.328459010531994]}, "properties": {"street": null, "location_type": "Intersection", "dispatch_ts": "2020-09-22T03:13:09+00:00", "timestamp_ms": 1600744389000}}, {"type": "Feature", "geometry": {"type": "Point", "coordinates": [-71.0663931678352, 42.315796107665335]}, "properties": {"street": null, "location_type": "Intersection", "dispatch_ts": "2016-02-23T18:15:19+00:00", "timestamp_ms": 1456251319000}}, {"type": "Feature", "geometry": {"type": "Point", "coordinates": [-71.12664038309912, 42.35228899534791]}, "properties": {"street": "BRIGHTON AVE", "location_type": "Street", "dispatch_ts": "2016-04-05T18:32:45+00:00", "timestamp_ms": 1459881165000}}, {"type": "Feature", "geometry": {"type": "Point", "coordinates": [-71.11416419558113, 42.31247893823228]}, "properties": {"street": "CENTRE ST", "location_type": "Street", "dispatch_ts": "2023-07-21T14:29:43+00:00", "timestamp_ms": 1689949783000}}, {"type": "Feature", "geometry": {"type": "Point", "coordinates": [-71.06942855113641, 42.35623106527977]}, "properties": {"street": null, "location_type": "Intersection", "dispatch_ts": "2019-02-21T20:21:28+00:00", "timestamp_ms": 1550780488000}}, {"type": "Feature", "geometry": {"type": "Point", "coordinates": [-71.07894985404096, 42.313175346671215]}, "properties": {"street": "LAWRENCE AVE", "location_type": "Street", "dispatch_ts": "2019-03-25T01:48:35+00:00", "timestamp_ms": 1553478515000}}, {"type": "Feature", "geometry": {"type": "Point", "coordinates": [-71.07689323350004, 42.34929906846397]}, "properties": {"street": null, "location_type": "Intersection", "dispatch_ts": "2023-08-08T19:09:07+00:00", "timestamp_ms": 1691521747000}}, {"type": "Feature", "geometry": {"type": "Point", "coordinates": [-71.06369821689943, 42.298826152993975]}, "properties": {"street": "GENEVA AVE", "location_type": "Street", "dispatch_ts": "2025-09-23T00:01:15+00:00", "timestamp_ms": 1758585675000}}, {"type": "Feature", "geometry": {"type": "Point", "coordinates": [-71.0353186095325, 42.33354882648379]}, "properties": {"street": "L ST", "location_type": "Street", "dispatch_ts": "2017-04-17T13:03:25+00:00", "timestamp_ms": 1492434205000}}, {"type": "Feature", "geometry": {"type": "Point", "coordinates": [-71.10699850003348, 42.31048601890176]}, "properties": {"street": null, "location_type": "Intersection", "dispatch_ts": "2016-05-12T15:33:38+00:00", "timestamp_ms": 1463067218000}}, {"type": "Feature", "geometry": {"type": "Point", "coordinates": [-71.1147005838856, 42.31064220896981]}, "properties": {"street": "CENTRE ST", "location_type": "Street", "dispatch_ts": "2017-07-03T04:04:35+00:00", "timestamp_ms": 1499054675000}}, {"type": "Feature", "geometry": {"type": "Point", "coordinates": [-71.0178184811305, 42.33881973284135]}, "properties": {"street": "WILLIAM J DAY BLVD", "location_type": "Street", "dispatch_ts": "2024-09-02T15:18:04+00:00", "timestamp_ms": 1725290284000}}, {"type": "Feature", "geometry": {"type": "Point", "coordinates": [-71.1355277597489, 42.279562744120504]}, "properties": {"street": null, "location_type": "Intersection", "dispatch_ts": "2016-07-01T16:47:09+00:00", "timestamp_ms": 1467391629000}}, {"type": "Feature", "geometry": {"type": "Point", "coordinates": [-71.14818865687442, 42.28539687105202]}, "properties": {"street": "BEECH ST", "location_type": "Street", "dispatch_ts": "2024-09-02T22:23:56+00:00", "timestamp_ms": 1725315836000}}, {"type": "Feature", "geometry": {"type": "Point", "coordinates": [-71.1406079327525, 42.36246242894484]}, "properties": {"street": null, "location_type": "Intersection", "dispatch_ts": "2022-05-18T00:57:23+00:00", "timestamp_ms": 1652835443000}}, {"type": "Feature", "geometry": {"type": "Point", "coordinates": [-71.0890957622328, 42.35006295890982]}, "properties": {"street": null, "location_type": "Intersection", "dispatch_ts": "2018-09-15T15:31:41+00:00", "timestamp_ms": 1537025501000}}, {"type": "Feature", "geometry": {"type": "Point", "coordinates": [-71.07614871404222, 42.38570967428884]}, "properties": {"street": null, "location_type": "Intersection", "dispatch_ts": "2017-10-11T21:07:00+00:00", "timestamp_ms": 1507756020000}}, {"type": "Feature", "geometry": {"type": "Point", "coordinates": [-71.07877926615419, 42.30370001375903]}, "properties": {"street": "WASHINGTON ST", "location_type": "Street", "dispatch_ts": "2023-11-30T12:45:51+00:00", "timestamp_ms": 1701348351000}}, {"type": "Feature", "geometry": {"type": "Point", "coordinates": [-71.10885462328237, 42.33326027733972]}, "properties": {"street": "HUNTINGTON AVE", "location_type": "Street", "dispatch_ts": "2015-05-21T18:14:58+00:00", "timestamp_ms": 1432232098000}}, {"type": "Feature", "geometry": {"type": "Point", "coordinates": [-71.06073951158255, 42.28147580694588]}, "properties": {"street": null, "location_type": "Intersection", "dispatch_ts": "2016-08-01T19:45:35+00:00", "timestamp_ms": 1470080735000}}, {"type": "Feature", "geometry": {"type": "Point", "coordinates": [-71.06142285365638, 42.36544203248179]}, "properties": {"street": "CAUSEWAY ST", "location_type": "Street", "dispatch_ts": "2025-09-15T00:58:45+00:00", "timestamp_ms": 1757897925000}}, {"type": "Feature", "geometry": {"type": "Point", "coordinates": [-71.05140813174425, 42.35477419350416]}, "properties": {"street": null, "location_type": "Intersection", "dispatch_ts": "2025-07-10T22:15:34+00:00", "timestamp_ms": 1752185734000}}, {"type": "Feature", "geometry": {"type": "Point", "coordinates": [-71.07121268005926, 42.32010044194591]}, "properties": {"street": "DUDLEY ST", "location_type": "Street", "dispatch_ts": "2024-08-29T22:24:10+00:00", "timestamp_ms": 1724970250000}}, {"type": "Feature", "geometry": {"type": "Point", "coordinates": [-71.11034467440537, 42.32124606261317]}, "properties": {"street": "CENTRE ST", "location_type": "Street", "dispatch_ts": "2020-07-04T01:14:36+00:00", "timestamp_ms": 1593825276000}}, {"type": "Feature", "geometry": {"type": "Point", "coordinates": [-71.09375331236092, 42.27119581419753]}, "properties": {"street": null, "location_type": "Intersection", "dispatch_ts": "2018-11-29T01:20:04+00:00", "timestamp_ms": 1543454404000}}, {"type": "Feature", "geometry": {"type": "Point", "coordinates": [-71.06852849214376, 42.34594861952749]}, "properties": {"street": "VILLAGE CT", "location_type": "Street", "dispatch_ts": "2020-06-26T17:07:07+00:00", "timestamp_ms": 1593191227000}}, {"type": "Feature", "geometry": {"type": "Point", "coordinates": [-71.05285614530557, 42.35147819204654]}, "properties": {"street": null, "location_type": "Intersection", "dispatch_ts": "2016-11-10T02:50:47+00:00", "timestamp_ms": 1478746247000}}, {"type": "Feature", "geometry": {"type": "Point", "coordinates": [-71.06598068649375, 42.36122339609528]}, "properties": {"street": "CAMBRIDGE ST", "location_type": "Street", "dispatch_ts": "2024-06-10T15:07:54+00:00", "timestamp_ms": 1718032074000}}, {"type": "Feature", "geometry": {"type": "Point", "coordinates": [-71.07820885357485, 42.3060470696978]}, "properties": {"street": null, "location_type": "Intersection", "dispatch_ts": "2023-03-02T18:12:53+00:00", "timestamp_ms": 1677780773000}}, {"type": "Feature", "geometry": {"type": "Point", "coordinates": [-71.0850258466602, 42.34284918462784]}, "properties": {"street": null, "location_type": "Intersection", "dispatch_ts": "2022-07-13T16:10:53+00:00", "timestamp_ms": 1657728653000}}, {"type": "Feature", "geometry": {"type": "Point", "coordinates": [-71.05700727981439, 42.32951559009473]}, "properties": {"street": null, "location_type": "Intersection", "dispatch_ts": "2021-09-16T18:01:39+00:00", "timestamp_ms": 1631815299000}}, {"type": "Feature", "geometry": {"type": "Point", "coordinates": [-71.11087384290468, 42.329071563959346]}, "properties": {"street": null, "location_type": "Intersection", "dispatch_ts": "2024-12-10T02:07:46+00:00", "timestamp_ms": 1733796466000}}, {"type": "Feature", "geometry": {"type": "Point", "coordinates": [-71.08693623172093, 42.2816570534446]}, "properties": {"street": null, "location_type": "Intersection", "dispatch_ts": "2015-04-24T17:34:29+00:00", "timestamp_ms": 1429896869000}}, {"type": "Feature", "geometry": {"type": "Point", "coordinates": [-71.07201818804987, 42.33262014368461]}, "properties": {"street": null, "location_type": "Intersection", "dispatch_ts": "2022-08-24T13:46:42+00:00", "timestamp_ms": 1661348802000}}, {"type": "Feature", "geometry": {"type": "Point", "coordinates": [-71.1139871597199, 42.3507930950227]}, "properties": {"street": "COMMONWEALTH AVE", "location_type": "Street", "dispatch_ts": "2021-06-22T17:48:24+00:00", "timestamp_ms": 1624384104000}}, {"type": "Feature", "geometry": {"type": "Point", "coordinates": [-71.09193458226689, 42.27851638868313]}, "properties": {"street": "FESSENDEN ST", "location_type": "Street", "dispatch_ts": "2020-03-27T22:22:52+00:00", "timestamp_ms": 1585347772000}}, {"type": "Feature", "geometry": {"type": "Point", "coordinates": [-71.04304626033341, 42.28548394872342]}, "properties": {"street": "GALLIVAN BLVD", "location_type": "Street", "dispatch_ts": "2020-09-12T15:13:24+00:00", "timestamp_ms": 1599923604000}}, {"type": "Feature", "geometry": {"type": "Point", "coordinates": [-71.08358107178479, 42.33258404173162]}, "properties": {"street": "SHAWMUT AVE", "location_type": "Street", "dispatch_ts": "2025-04-30T21:20:43+00:00", "timestamp_ms": 1746048043000}}, {"type": "Feature", "geometry": {"type": "Point", "coordinates": [-71.03885866205152, 42.28858314374091]}, "properties": {"street": null, "location_type": "Intersection", "dispatch_ts": "2015-05-25T16:36:47+00:00", "timestamp_ms": 1432571807000}}, {"type": "Feature", "geometry": {"type": "Point", "coordinates": [-71.12371933998844, 42.36833400288524]}, "properties": {"street": null, "location_type": "Intersection", "dispatch_ts": "2024-07-14T10:36:29+00:00", "timestamp_ms": 1720953389000}}, {"type": "Feature", "geometry": {"type": "Point", "coordinates": [-71.07976841642946, 42.32996192762575]}, "properties": {"street": "EUSTIS ST", "location_type": "Street", "dispatch_ts": "2018-05-10T22:02:52+00:00", "timestamp_ms": 1525989772000}}, {"type": "Feature", "geometry": {"type": "Point", "coordinates": [-71.0698420692167, 42.356085117888824]}, "properties": {"street": null, "location_type": "Intersection", "dispatch_ts": "2016-01-02T17:09:57+00:00", "timestamp_ms": 1451754597000}}, {"type": "Feature", "geometry": {"type": "Point", "coordinates": [-71.04947393764101, 42.34908926060443]}, "properties": {"street": null, "location_type": "Intersection", "dispatch_ts": "2019-01-25T22:09:04+00:00", "timestamp_ms": 1548454144000}}, {"type": "Feature", "geometry": {"type": "Point", "coordinates": [-71.0556785299683, 42.352183253582155]}, "properties": {"street": "ATLANTIC AVE", "location_type": "Street", "dispatch_ts": "2023-05-12T23:21:25+00:00", "timestamp_ms": 1683933685000}}, {"type": "Feature", "geometry": {"type": "Point", "coordinates": [-71.0675067445976, 42.32757951313204]}, "properties": {"street": null, "location_type": "Intersection", "dispatch_ts": "2019-06-27T14:32:33+00:00", "timestamp_ms": 1561645953000}}, {"type": "Feature", "geometry": {"type": "Point", "coordinates": [-71.13778862887325, 42.34833457366462]}, "properties": {"street": null, "location_type": "Intersection", "dispatch_ts": "2023-09-26T22:07:46+00:00", "timestamp_ms": 1695766066000}}, {"type": "Feature", "geometry": {"type": "Point", "coordinates": [-71.12630134202719, 42.28816476666642]}, "properties": {"street": null, "location_type": "Intersection", "dispatch_ts": "2018-10-10T17:50:16+00:00", "timestamp_ms": 1539193816000}}, {"type": "Feature", "geometry": {"type": "Point", "coordinates": [-71.130497090771, 42.36889715720028]}, "properties": {"street": "SOLDIERS FIELD RD", "location_type": "Street", "dispatch_ts": "2024-08-28T22:51:04+00:00", "timestamp_ms": 1724885464000}}, {"type": "Feature", "geometry": {"type": "Point", "coordinates": [-71.07509911599827, 42.38040690555776]}, "properties": {"street": "BUNKER HILL INDUSTRIAL PARK", "location_type": "Street", "dispatch_ts": "2023-08-02T08:12:25+00:00", "timestamp_ms": 1690963945000}}, {"type": "Feature", "geometry": {"type": "Point", "coordinates": [-71.09510160211099, 42.348792212916806]}, "properties": {"street": "COMMONWEALTH AVE", "location_type": "Street", "dispatch_ts": "2015-06-27T12:25:53+00:00", "timestamp_ms": 1435407953000}}, {"type": "Feature", "geometry": {"type": "Point", "coordinates": [-71.08762783045616, 42.347058502870965]}, "properties": {"street": "MASSACHUSETTS AVE", "location_type": "Street", "dispatch_ts": "2019-06-06T12:31:13+00:00", "timestamp_ms": 1559824273000}}, {"type": "Feature", "geometry": {"type": "Point", "coordinates": [-71.05947113934701, 42.35927019318916]}, "properties": {"street": null, "location_type": "Intersection", "dispatch_ts": "2018-08-04T22:12:55+00:00", "timestamp_ms": 1533420775000}}, {"type": "Feature", "geometry": {"type": "Point", "coordinates": [-71.0724946533982, 42.38738620133793]}, "properties": {"street": null, "location_type": "Intersection", "dispatch_ts": "2019-05-31T23:20:59+00:00", "timestamp_ms": 1559344859000}}, {"type": "Feature", "geometry": {"type": "Point", "coordinates": [-71.12030745180013, 42.35175519056618]}, "properties": {"street": "COMMONWEALTH AVE", "location_type": "Street", "dispatch_ts": "2015-10-28T22:05:52+00:00", "timestamp_ms": 1446069952000}}, {"type": "Feature", "geometry": {"type": "Point", "coordinates": [-71.03964675669614, 42.335562447389975]}, "properties": {"street": "BROADWAY ", "location_type": "Street", "dispatch_ts": "2019-10-16T10:09:55+00:00", "timestamp_ms": 1571220595000}}, {"type": "Feature", "geometry": {"type": "Point", "coordinates": [-71.13334833228315, 42.365782140338496]}, "properties": {"street": "SOLDIERS FIELD RD", "location_type": "Street", "dispatch_ts": "2020-12-13T21:15:34+00:00", "timestamp_ms": 1607894134000}}, {"type": "Feature", "geometry": {"type": "Point", "coordinates": [-71.00533302822302, 42.38616324126517]}, "properties": {"street": null, "location_type": "Intersection", "dispatch_ts": "2015-09-16T22:06:08+00:00", "timestamp_ms": 1442441168000}}, {"type": "Feature", "geometry": {"type": "Point", "coordinates": [-71.15452037007975, 42.35815021249149]}, "properties": {"street": null, "location_type": "Intersection", "dispatch_ts": "2015-01-22T13:54:57+00:00", "timestamp_ms": 1421934897000}}, {"type": "Feature", "geometry": {"type": "Point", "coordinates": [-71.10898334704113, 42.28556894378912]}, "properties": {"street": "CURLEY ST", "location_type": "Street", "dispatch_ts": "2025-05-20T18:46:38+00:00", "timestamp_ms": 1747766798000}}, {"type": "Feature", "geometry": {"type": "Point", "coordinates": [-71.13198639812475, 42.36320229869539]}, "properties": {"street": "WESTERN AVE", "location_type": "Street", "dispatch_ts": "2021-03-24T15:44:33+00:00", "timestamp_ms": 1616600673000}}, {"type": "Feature", "geometry": {"type": "Point", "coordinates": [-71.0700712745353, 42.33060193072624]}, "properties": {"street": "MASSACHUSETTS AVE", "location_type": "Street", "dispatch_ts": "2020-07-13T14:32:41+00:00", "timestamp_ms": 1594650761000}}, {"type": "Feature", "geometry": {"type": "Point", "coordinates": [-71.06332533964031, 42.36398348502715]}, "properties": {"street": null, "location_type": "Intersection", "dispatch_ts": "2023-11-22T11:54:39+00:00", "timestamp_ms": 1700654079000}}, {"type": "Feature", "geometry": {"type": "Point", "coordinates": [-71.12277161801607, 42.351851018450326]}, "properties": {"street": "COMMONWEALTH AVE", "location_type": "Street", "dispatch_ts": "2016-06-24T12:40:39+00:00", "timestamp_ms": 1466772039000}}, {"type": "Feature", "geometry": {"type": "Point", "coordinates": [-71.088641463287, 42.34915419274428]}, "properties": {"street": null, "location_type": "Intersection", "dispatch_ts": "2019-05-31T18:37:29+00:00", "timestamp_ms": 1559327849000}}, {"type": "Feature", "geometry": {"type": "Point", "coordinates": [-71.10000725364601, 42.34398482448976]}, "properties": {"street": null, "location_type": "Intersection", "dispatch_ts": "2025-11-01T17:41:02+00:00", "timestamp_ms": 1762018862000}}, {"type": "Feature", "geometry": {"type": "Point", "coordinates": [-71.07806819865539, 42.33734916507624]}, "properties": {"street": null, "location_type": "Intersection", "dispatch_ts": "2025-04-30T19:04:06+00:00", "timestamp_ms": 1746039846000}}, {"type": "Feature", "geometry": {"type": "Point", "coordinates": [-71.0749246274994, 42.32986489710107]}, "properties": {"street": null, "location_type": "Intersection", "dispatch_ts": "2020-06-08T03:09:10+00:00", "timestamp_ms": 1591585750000}}, {"type": "Feature", "geometry": {"type": "Point", "coordinates": [-71.09930523531726, 42.33615915472255]}, "properties": {"street": null, "location_type": "Intersection", "dispatch_ts": "2017-08-16T12:28:32+00:00", "timestamp_ms": 1502886512000}}, {"type": "Feature", "geometry": {"type": "Point", "coordinates": [-71.14405957477724, 42.36180417389455]}, "properties": {"street": "WESTERN AVE", "location_type": "Street", "dispatch_ts": "2020-05-21T20:19:47+00:00", "timestamp_ms": 1590092387000}}, {"type": "Feature", "geometry": {"type": "Point", "coordinates": [-71.04747746232185, 42.334637778964904]}, "properties": {"street": null, "location_type": "Intersection", "dispatch_ts": "2021-08-25T22:09:59+00:00", "timestamp_ms": 1629929399000}}, {"type": "Feature", "geometry": {"type": "Point", "coordinates": [-71.06704486187094, 42.30080656260503]}, "properties": {"street": "GENEVA AVE", "location_type": "Street", "dispatch_ts": "2019-08-11T18:22:27+00:00", "timestamp_ms": 1565547747000}}, {"type": "Feature", "geometry": {"type": "Point", "coordinates": [-71.07873971957686, 42.3479019145133]}, "properties": {"street": null, "location_type": "Intersection", "dispatch_ts": "2024-08-19T18:27:55+00:00", "timestamp_ms": 1724092075000}}, {"type": "Feature", "geometry": {"type": "Point", "coordinates": [-71.09322184354569, 42.33361645691778]}, "properties": {"street": null, "location_type": "Intersection", "dispatch_ts": "2018-08-24T17:15:33+00:00", "timestamp_ms": 1535130933000}}, {"type": "Feature", "geometry": {"type": "Point", "coordinates": [-71.05889509529953, 42.36758452073998]}, "properties": {"street": null, "location_type": "Other", "dispatch_ts": "2019-06-25T15:59:46+00:00", "timestamp_ms": 1561478386000}}, {"type": "Feature", "geometry": {"type": "Point", "coordinates": [-71.06973290627272, 42.364383738288126]}, "properties": {"street": null, "location_type": "Intersection", "dispatch_ts": "2017-05-24T21:37:48+00:00", "timestamp_ms": 1495661868000}}, {"type": "Feature", "geometry": {"type": "Point", "coordinates": [-71.10864031423291, 42.31809851340133]}, "properties": {"street": null, "location_type": "Intersection", "dispatch_ts": "2019-01-24T23:39:12+00:00", "timestamp_ms": 1548373152000}}, {"type": "Feature", "geometry": {"type": "Point", "coordinates": [-71.06941647729512, 42.33196395967507]}, "properties": {"street": "SOUTHAMPTON ST", "location_type": "Street", "dispatch_ts": "2021-10-24T21:52:21+00:00", "timestamp_ms": 1635112341000}}, {"type": "Feature", "geometry": {"type": "Point", "coordinates": [-71.08354310968942, 42.31476951642881]}, "properties": {"street": null, "location_type": "Intersection", "dispatch_ts": "2018-05-27T00:16:52+00:00", "timestamp_ms": 1527380212000}}, {"type": "Feature", "geometry": {"type": "Point", "coordinates": [-71.05549168620458, 42.356067706578834]}, "properties": {"street": "POST OFFICE SQ", "location_type": "Street", "dispatch_ts": "2024-09-27T08:00:37+00:00", "timestamp_ms": 1727424037000}}, {"type": "Feature", "geometry": {"type": "Point", "coordinates": [-71.08139761459697, 42.3198447417706]}, "properties": {"street": "WARREN ST", "location_type": "Street", "dispatch_ts": "2024-08-01T16:15:48+00:00", "timestamp_ms": 1722528948000}}, {"type": "Feature", "geometry": {"type": "Point", "coordinates": [-71.12492519069902, 42.303377991721504]}, "properties": {"street": "CENTRE ST", "location_type": "Street", "dispatch_ts": "2018-06-11T00:01:11+00:00", "timestamp_ms": 1528675271000}}, {"type": "Feature", "geometry": {"type": "Point", "coordinates": [-71.05132313056424, 42.357891207343776]}, "properties": {"street": null, "location_type": "Intersection", "dispatch_ts": "2023-10-14T19:12:21+00:00", "timestamp_ms": 1697310741000}}, {"type": "Feature", "geometry": {"type": "Point", "coordinates": [-71.08579727392235, 42.32862781278324]}, "properties": {"street": "WASHINGTON ST", "location_type": "Street", "dispatch_ts": "2020-08-25T05:44:03+00:00", "timestamp_ms": 1598334243000}}, {"type": "Feature", "geometry": {"type": "Point", "coordinates": [-71.0723120025414, 42.35551571111943]}, "properties": {"street": null, "location_type": "Intersection", "dispatch_ts": "2023-02-10T19:40:59+00:00", "timestamp_ms": 1676058059000}}, {"type": "Feature", "geometry": {"type": "Point", "coordinates": [-71.09715182524712, 42.34880344290092]}, "properties": {"street": null, "location_type": "Intersection", "dispatch_ts": "2026-06-09T21:11:48+00:00", "timestamp_ms": 1781039508000}}, {"type": "Feature", "geometry": {"type": "Point", "coordinates": [-71.05835372005816, 42.365279112054026]}, "properties": {"street": null, "location_type": "Intersection", "dispatch_ts": "2015-07-15T12:56:55+00:00", "timestamp_ms": 1436965015000}}, {"type": "Feature", "geometry": {"type": "Point", "coordinates": [-71.15052005134723, 42.34905517922009]}, "properties": {"street": "WASHINGTON ST", "location_type": "Street", "dispatch_ts": "2025-09-28T12:24:21+00:00", "timestamp_ms": 1759062261000}}, {"type": "Feature", "geometry": {"type": "Point", "coordinates": [-71.0674938019892, 42.352511048285834]}, "properties": {"street": null, "location_type": "Intersection", "dispatch_ts": "2024-09-13T10:57:48+00:00", "timestamp_ms": 1726225068000}}, {"type": "Feature", "geometry": {"type": "Point", "coordinates": [-71.13655705941103, 42.353406161642255]}, "properties": {"street": "BRIGHTON AVE", "location_type": "Street", "dispatch_ts": "2021-09-09T21:24:02+00:00", "timestamp_ms": 1631222642000}}, {"type": "Feature", "geometry": {"type": "Point", "coordinates": [-71.05402636502994, 42.278570150989424]}, "properties": {"street": "GRANITE AVE", "location_type": "Street", "dispatch_ts": "2015-09-06T18:54:55+00:00", "timestamp_ms": 1441565695000}}, {"type": "Feature", "geometry": {"type": "Point", "coordinates": [-71.07677093909768, 42.34369583381094]}, "properties": {"street": null, "location_type": "Intersection", "dispatch_ts": "2017-09-26T13:45:07+00:00", "timestamp_ms": 1506433507000}}, {"type": "Feature", "geometry": {"type": "Point", "coordinates": [-71.07267753674451, 42.332892489569105]}, "properties": {"street": "MASSACHUSETTS AVE", "location_type": "Street", "dispatch_ts": "2024-08-19T15:29:44+00:00", "timestamp_ms": 1724081384000}}, {"type": "Feature", "geometry": {"type": "Point", "coordinates": [-71.07924532928051, 42.30429935566595]}, "properties": {"street": "WASHINGTON ST", "location_type": "Street", "dispatch_ts": "2024-03-15T18:30:37+00:00", "timestamp_ms": 1710527437000}}, {"type": "Feature", "geometry": {"type": "Point", "coordinates": [-71.08073942558109, 42.29574049183022]}, "properties": {"street": null, "location_type": "Intersection", "dispatch_ts": "2017-08-15T01:44:33+00:00", "timestamp_ms": 1502761473000}}, {"type": "Feature", "geometry": {"type": "Point", "coordinates": [-71.09601687517574, 42.32192325175157]}, "properties": {"street": "RITCHIE ST", "location_type": "Street", "dispatch_ts": "2024-07-14T17:04:41+00:00", "timestamp_ms": 1720976681000}}, {"type": "Feature", "geometry": {"type": "Point", "coordinates": [-71.06702294611244, 42.32698431659043]}, "properties": {"street": "MASSACHUSETTS AVE", "location_type": "Street", "dispatch_ts": "2021-08-24T18:20:44+00:00", "timestamp_ms": 1629829244000}}, {"type": "Feature", "geometry": {"type": "Point", "coordinates": [-71.11574637914951, 42.35122675187151]}, "properties": {"street": null, "location_type": "Intersection", "dispatch_ts": "2023-07-25T11:55:46+00:00", "timestamp_ms": 1690286146000}}, {"type": "Feature", "geometry": {"type": "Point", "coordinates": [-71.03992530710539, 42.33557729689057]}, "properties": {"street": null, "location_type": "Intersection", "dispatch_ts": "2015-09-12T14:43:37+00:00", "timestamp_ms": 1442069017000}}, {"type": "Feature", "geometry": {"type": "Point", "coordinates": [-71.05680380711728, 42.35887829694723]}, "properties": {"street": null, "location_type": "Intersection", "dispatch_ts": "2023-09-12T04:42:12+00:00", "timestamp_ms": 1694493732000}}, {"type": "Feature", "geometry": {"type": "Point", "coordinates": [-71.06828594805296, 42.31842600288463]}, "properties": {"street": null, "location_type": "Intersection", "dispatch_ts": "2017-09-12T21:11:16+00:00", "timestamp_ms": 1505250676000}}, {"type": "Feature", "geometry": {"type": "Point", "coordinates": [-71.08573539730278, 42.30129199964722]}, "properties": {"street": null, "location_type": "Intersection", "dispatch_ts": "2015-10-24T19:30:55+00:00", "timestamp_ms": 1445715055000}}, {"type": "Feature", "geometry": {"type": "Point", "coordinates": [-71.0974656089558, 42.33825735625044]}, "properties": {"street": "EVANS WAY", "location_type": "Street", "dispatch_ts": "2017-12-06T17:21:53+00:00", "timestamp_ms": 1512580913000}}, {"type": "Feature", "geometry": {"type": "Point", "coordinates": [-71.09837498631353, 42.34567096196299]}, "properties": {"street": "JERSEY ST", "location_type": "Street", "dispatch_ts": "2025-06-28T08:47:31+00:00", "timestamp_ms": 1751100451000}}, {"type": "Feature", "geometry": {"type": "Point", "coordinates": [-71.07384192603274, 42.38474016567213]}, "properties": {"street": "MAIN ST", "location_type": "Street", "dispatch_ts": "2023-06-10T06:10:15+00:00", "timestamp_ms": 1686377415000}}, {"type": "Feature", "geometry": {"type": "Point", "coordinates": [-71.12889345851971, 42.24647551900252]}, "properties": {"street": "RESERVATION RD", "location_type": "Street", "dispatch_ts": "2015-06-24T20:30:42+00:00", "timestamp_ms": 1435177842000}}, {"type": "Feature", "geometry": {"type": "Point", "coordinates": [-71.08801149770122, 42.335258039029775]}, "properties": {"street": "TREMONT ST", "location_type": "Street", "dispatch_ts": "2016-05-18T12:00:13+00:00", "timestamp_ms": 1463572813000}}, {"type": "Feature", "geometry": {"type": "Point", "coordinates": [-71.07873971957686, 42.3479019145133]}, "properties": {"street": null, "location_type": "Intersection", "dispatch_ts": "2016-08-27T13:27:30+00:00", "timestamp_ms": 1472304450000}}, {"type": "Feature", "geometry": {"type": "Point", "coordinates": [-71.10059508238126, 42.3491986117972]}, "properties": {"street": null, "location_type": "Intersection", "dispatch_ts": "2015-03-11T16:18:32+00:00", "timestamp_ms": 1426090712000}}, {"type": "Feature", "geometry": {"type": "Point", "coordinates": [-71.06702294611244, 42.32698431659043]}, "properties": {"street": "MASSACHUSETTS AVE", "location_type": "Street", "dispatch_ts": "2022-09-11T06:53:07+00:00", "timestamp_ms": 1662879187000}}, {"type": "Feature", "geometry": {"type": "Point", "coordinates": [-71.06834716390873, 42.36660622192006]}, "properties": {"street": null, "location_type": "Other", "dispatch_ts": "2020-06-10T17:41:37+00:00", "timestamp_ms": 1591810897000}}, {"type": "Feature", "geometry": {"type": "Point", "coordinates": [-71.0556785299683, 42.352183253582155]}, "properties": {"street": "ATLANTIC AVE", "location_type": "Street", "dispatch_ts": "2025-05-17T15:29:53+00:00", "timestamp_ms": 1747495793000}}, {"type": "Feature", "geometry": {"type": "Point", "coordinates": [-71.1425466997382, 42.35450515469007]}, "properties": {"street": null, "location_type": "Intersection", "dispatch_ts": "2015-12-01T21:37:01+00:00", "timestamp_ms": 1449005821000}}, {"type": "Feature", "geometry": {"type": "Point", "coordinates": [-71.07212419686832, 42.33254716094328]}, "properties": {"street": null, "location_type": "Intersection", "dispatch_ts": "2015-10-27T15:46:31+00:00", "timestamp_ms": 1445960791000}}, {"type": "Feature", "geometry": {"type": "Point", "coordinates": [-71.06414412994029, 42.303166764299114]}, "properties": {"street": null, "location_type": "Intersection", "dispatch_ts": "2016-05-21T00:21:16+00:00", "timestamp_ms": 1463790076000}}, {"type": "Feature", "geometry": {"type": "Point", "coordinates": [-71.05838615349718, 42.36366521912647]}, "properties": {"street": null, "location_type": "Intersection", "dispatch_ts": "2023-08-02T21:24:39+00:00", "timestamp_ms": 1691011479000}}, {"type": "Feature", "geometry": {"type": "Point", "coordinates": [-71.08904409861475, 42.34693566436213]}, "properties": {"street": "BOYLSTON ST", "location_type": "Street", "dispatch_ts": "2022-11-11T18:07:45+00:00", "timestamp_ms": 1668190065000}}, {"type": "Feature", "geometry": {"type": "Point", "coordinates": [-71.09955711321393, 42.32736999098668]}, "properties": {"street": "PARKER ST", "location_type": "Street", "dispatch_ts": "2025-08-30T01:54:51+00:00", "timestamp_ms": 1756518891000}}, {"type": "Feature", "geometry": {"type": "Point", "coordinates": [-71.13438779371529, 42.25949679140793]}, "properties": {"street": "BOUNDARY RD", "location_type": "Street", "dispatch_ts": "2021-04-22T13:28:21+00:00", "timestamp_ms": 1619098101000}}, {"type": "Feature", "geometry": {"type": "Point", "coordinates": [-71.10616731266406, 42.33351049957891]}, "properties": {"street": null, "location_type": "Intersection", "dispatch_ts": "2022-10-12T15:16:10+00:00", "timestamp_ms": 1665587770000}}, {"type": "Feature", "geometry": {"type": "Point", "coordinates": [-71.0569513668833, 42.33036025822869]}, "properties": {"street": null, "location_type": "Intersection", "dispatch_ts": "2023-08-10T11:57:47+00:00", "timestamp_ms": 1691668667000}}, {"type": "Feature", "geometry": {"type": "Point", "coordinates": [-71.05086900093976, 42.32157799977611]}, "properties": {"street": "WILLIAM J DAY BLVD", "location_type": "Street", "dispatch_ts": "2023-05-10T23:24:53+00:00", "timestamp_ms": 1683761093000}}, {"type": "Feature", "geometry": {"type": "Point", "coordinates": [-71.10012061343751, 42.350297022423675]}, "properties": {"street": "BAY STATE RD", "location_type": "Street", "dispatch_ts": "2019-09-28T21:51:33+00:00", "timestamp_ms": 1569707493000}}, {"type": "Feature", "geometry": {"type": "Point", "coordinates": [-71.07428336750431, 42.38401578141945]}, "properties": {"street": "CAMBRIDGE ST", "location_type": "Street", "dispatch_ts": "2019-11-20T04:12:34+00:00", "timestamp_ms": 1574223154000}}, {"type": "Feature", "geometry": {"type": "Point", "coordinates": [-71.08917534559171, 42.33469423406807]}, "properties": {"street": "TREMONT ST", "location_type": "Street", "dispatch_ts": "2023-04-12T12:49:51+00:00", "timestamp_ms": 1681303791000}}, {"type": "Feature", "geometry": {"type": "Point", "coordinates": [-71.15012275012177, 42.35452508558752]}, "properties": {"street": "MARKET ST", "location_type": "Street", "dispatch_ts": "2024-04-29T21:48:42+00:00", "timestamp_ms": 1714427322000}}, {"type": "Feature", "geometry": {"type": "Point", "coordinates": [-70.99714736594943, 42.38995904677485]}, "properties": {"street": null, "location_type": "Intersection", "dispatch_ts": "2021-06-28T00:51:47+00:00", "timestamp_ms": 1624841507000}}, {"type": "Feature", "geometry": {"type": "Point", "coordinates": [-71.15160413184984, 42.33662927984868]}, "properties": {"street": "CHESTNUT HILL AVE", "location_type": "Street", "dispatch_ts": "2015-08-01T13:31:45+00:00", "timestamp_ms": 1438435905000}}, {"type": "Feature", "geometry": {"type": "Point", "coordinates": [-71.07317033656689, 42.356755065261616]}, "properties": {"street": "DAVID G MUGAR WAY", "location_type": "Street", "dispatch_ts": "2024-05-09T13:01:46+00:00", "timestamp_ms": 1715259706000}}, {"type": "Feature", "geometry": {"type": "Point", "coordinates": [-71.08470876318013, 42.35033464240778]}, "properties": {"street": null, "location_type": "Intersection", "dispatch_ts": "2020-01-26T23:16:21+00:00", "timestamp_ms": 1580080581000}}, {"type": "Feature", "geometry": {"type": "Point", "coordinates": [-71.09154342570486, 42.28429864590674]}, "properties": {"street": null, "location_type": "Intersection", "dispatch_ts": "2025-12-07T22:21:41+00:00", "timestamp_ms": 1765146101000}}, {"type": "Feature", "geometry": {"type": "Point", "coordinates": [-71.1500229454104, 42.34381486595144]}, "properties": {"street": "NOTTINGHILL RD", "location_type": "Street", "dispatch_ts": "2015-07-26T22:02:03+00:00", "timestamp_ms": 1437948123000}}, {"type": "Feature", "geometry": {"type": "Point", "coordinates": [-71.01506563669372, 42.38382953302699]}, "properties": {"street": null, "location_type": "Intersection", "dispatch_ts": "2016-05-19T19:23:47+00:00", "timestamp_ms": 1463685827000}}, {"type": "Feature", "geometry": {"type": "Point", "coordinates": [-71.0713811303318, 42.33237014217032]}, "properties": {"street": null, "location_type": "Intersection", "dispatch_ts": "2016-08-16T12:39:40+00:00", "timestamp_ms": 1471351180000}}, {"type": "Feature", "geometry": {"type": "Point", "coordinates": [-71.10040061273907, 42.317438952198515]}, "properties": {"street": "ATHERTON ST", "location_type": "Street", "dispatch_ts": "2015-07-05T18:28:34+00:00", "timestamp_ms": 1436120914000}}, {"type": "Feature", "geometry": {"type": "Point", "coordinates": [-71.12200097521735, 42.295566709645215]}, "properties": {"street": null, "location_type": "Intersection", "dispatch_ts": "2018-05-05T19:58:21+00:00", "timestamp_ms": 1525550301000}}, {"type": "Feature", "geometry": {"type": "Point", "coordinates": [-71.05132313056424, 42.357891207343776]}, "properties": {"street": null, "location_type": "Intersection", "dispatch_ts": "2020-11-06T21:26:07+00:00", "timestamp_ms": 1604697967000}}, {"type": "Feature", "geometry": {"type": "Point", "coordinates": [-71.04114315520341, 42.34981412887613]}, "properties": {"street": "SEAPORT BLVD", "location_type": "Street", "dispatch_ts": "2019-08-19T16:24:09+00:00", "timestamp_ms": 1566231849000}}, {"type": "Feature", "geometry": {"type": "Point", "coordinates": [-71.09437093346251, 42.34553223074776]}, "properties": {"street": "PARK DR", "location_type": "Street", "dispatch_ts": "2018-06-17T20:48:57+00:00", "timestamp_ms": 1529268537000}}, {"type": "Feature", "geometry": {"type": "Point", "coordinates": [-71.0524800283718, 42.32554214906385]}, "properties": {"street": "OLD COLONY AVE", "location_type": "Street", "dispatch_ts": "2018-07-06T15:12:28+00:00", "timestamp_ms": 1530889948000}}, {"type": "Feature", "geometry": {"type": "Point", "coordinates": [-71.08845820954288, 42.33492814122745]}, "properties": {"street": null, "location_type": "Intersection", "dispatch_ts": "2024-03-23T01:27:37+00:00", "timestamp_ms": 1711157257000}}, {"type": "Feature", "geometry": {"type": "Point", "coordinates": [-71.05783860450066, 42.3730666739474]}, "properties": {"street": "CONSTITUTION RD", "location_type": "Street", "dispatch_ts": "2020-06-28T14:49:43+00:00", "timestamp_ms": 1593355783000}}, {"type": "Feature", "geometry": {"type": "Point", "coordinates": [-71.06502405219014, 42.31700117111847]}, "properties": {"street": null, "location_type": "Intersection", "dispatch_ts": "2015-09-28T20:43:47+00:00", "timestamp_ms": 1443473027000}}, {"type": "Feature", "geometry": {"type": "Point", "coordinates": [-71.15227465477108, 42.33718959235167]}, "properties": {"street": null, "location_type": "Intersection", "dispatch_ts": "2015-09-02T21:35:16+00:00", "timestamp_ms": 1441229716000}}, {"type": "Feature", "geometry": {"type": "Point", "coordinates": [-71.14030906937558, 42.286133521269655]}, "properties": {"street": "BELGRADE AVE", "location_type": "Street", "dispatch_ts": "2025-06-11T00:37:58+00:00", "timestamp_ms": 1749602278000}}, {"type": "Feature", "geometry": {"type": "Point", "coordinates": [-71.16601891904573, 42.34875065857972]}, "properties": {"street": "CRESCENT CIRT", "location_type": "Street", "dispatch_ts": "2025-04-01T17:57:54+00:00", "timestamp_ms": 1743530274000}}, {"type": "Feature", "geometry": {"type": "Point", "coordinates": [-71.11765003027942, 42.360964523105125]}, "properties": {"street": null, "location_type": "Intersection", "dispatch_ts": "2019-08-06T12:02:59+00:00", "timestamp_ms": 1565092979000}}, {"type": "Feature", "geometry": {"type": "Point", "coordinates": [-71.10481266579431, 42.31347242559981]}, "properties": {"street": "MINTON ST", "location_type": "Street", "dispatch_ts": "2024-11-05T20:42:05+00:00", "timestamp_ms": 1730839325000}}, {"type": "Feature", "geometry": {"type": "Point", "coordinates": [-71.07523327848898, 42.3458385885071]}, "properties": {"street": "DARTMOUTH ST", "location_type": "Street", "dispatch_ts": "2018-09-21T15:15:08+00:00", "timestamp_ms": 1537542908000}}, {"type": "Feature", "geometry": {"type": "Point", "coordinates": [-71.00533302822302, 42.38616324126517]}, "properties": {"street": null, "location_type": "Intersection", "dispatch_ts": "2019-07-14T21:17:06+00:00", "timestamp_ms": 1563139026000}}, {"type": "Feature", "geometry": {"type": "Point", "coordinates": [-71.05476337569299, 42.34134211281312]}, "properties": {"street": "BROADWAY ", "location_type": "Street", "dispatch_ts": "2019-08-15T04:16:09+00:00", "timestamp_ms": 1565842569000}}, {"type": "Feature", "geometry": {"type": "Point", "coordinates": [-71.09698981116533, 42.32815996481075]}, "properties": {"street": null, "location_type": "Intersection", "dispatch_ts": "2016-06-03T22:24:20+00:00", "timestamp_ms": 1464992660000}}, {"type": "Feature", "geometry": {"type": "Point", "coordinates": [-71.088641463287, 42.34915419274428]}, "properties": {"street": null, "location_type": "Intersection", "dispatch_ts": "2015-05-03T05:11:06+00:00", "timestamp_ms": 1430629866000}}, {"type": "Feature", "geometry": {"type": "Point", "coordinates": [-71.16230337625112, 42.33397816868743]}, "properties": {"street": null, "location_type": "Intersection", "dispatch_ts": "2017-09-05T22:19:46+00:00", "timestamp_ms": 1504649986000}}, {"type": "Feature", "geometry": {"type": "Point", "coordinates": [-71.0603997542509, 42.34989097029428]}, "properties": {"street": "HUDSON ST", "location_type": "Street", "dispatch_ts": "2023-11-17T14:44:36+00:00", "timestamp_ms": 1700232276000}}, {"type": "Feature", "geometry": {"type": "Point", "coordinates": [-71.07617704700277, 42.347849796039995]}, "properties": {"street": "DARTMOUTH ST", "location_type": "Street", "dispatch_ts": "2015-07-25T02:48:14+00:00", "timestamp_ms": 1437792494000}}, {"type": "Feature", "geometry": {"type": "Point", "coordinates": [-71.08328931136786, 42.33295862947301]}, "properties": {"street": null, "location_type": "Intersection", "dispatch_ts": "2018-10-27T01:27:08+00:00", "timestamp_ms": 1540603628000}}, {"type": "Feature", "geometry": {"type": "Point", "coordinates": [-71.088641463287, 42.34915419274428]}, "properties": {"street": null, "location_type": "Intersection", "dispatch_ts": "2026-03-21T22:06:37+00:00", "timestamp_ms": 1774130797000}}, {"type": "Feature", "geometry": {"type": "Point", "coordinates": [-71.10918525497303, 42.274379021397074]}, "properties": {"street": null, "location_type": "Intersection", "dispatch_ts": "2020-07-25T00:10:53+00:00", "timestamp_ms": 1595635853000}}, {"type": "Feature", "geometry": {"type": "Point", "coordinates": [-71.1177147175428, 42.25332645093044]}, "properties": {"street": null, "location_type": "Intersection", "dispatch_ts": "2024-09-02T20:36:52+00:00", "timestamp_ms": 1725309412000}}, {"type": "Feature", "geometry": {"type": "Point", "coordinates": [-71.13209009955938, 42.297222700191575]}, "properties": {"street": "CENTRE ST", "location_type": "Street", "dispatch_ts": "2017-03-30T12:18:20+00:00", "timestamp_ms": 1490876300000}}, {"type": "Feature", "geometry": {"type": "Point", "coordinates": [-71.06112343759203, 42.35253356182025]}, "properties": {"street": null, "location_type": "Intersection", "dispatch_ts": "2015-06-12T20:44:19+00:00", "timestamp_ms": 1434141859000}}, {"type": "Feature", "geometry": {"type": "Point", "coordinates": [-71.05701243780855, 42.33365548060512]}, "properties": {"street": null, "location_type": "Intersection", "dispatch_ts": "2020-02-26T12:32:44+00:00", "timestamp_ms": 1582720364000}}, {"type": "Feature", "geometry": {"type": "Point", "coordinates": [-71.0550689438813, 42.301971047891726]}, "properties": {"street": "BEACH ST", "location_type": "Street", "dispatch_ts": "2018-09-08T15:39:23+00:00", "timestamp_ms": 1536421163000}}, {"type": "Feature", "geometry": {"type": "Point", "coordinates": [-71.05889509529953, 42.36758452073998]}, "properties": {"street": null, "location_type": "Other", "dispatch_ts": "2023-07-07T22:01:27+00:00", "timestamp_ms": 1688767287000}}, {"type": "Feature", "geometry": {"type": "Point", "coordinates": [-71.08196729910962, 42.34392555616289]}, "properties": {"street": "SAINT BOTOLPH ST", "location_type": "Street", "dispatch_ts": "2020-01-07T22:30:18+00:00", "timestamp_ms": 1578436218000}}, {"type": "Feature", "geometry": {"type": "Point", "coordinates": [-71.1490967223977, 42.356175205693965]}, "properties": {"street": null, "location_type": "Intersection", "dispatch_ts": "2020-08-19T05:03:18+00:00", "timestamp_ms": 1597813398000}}, {"type": "Feature", "geometry": {"type": "Point", "coordinates": [-71.14535263861204, 42.35280906030477]}, "properties": {"street": "DUSTIN ST", "location_type": "Street", "dispatch_ts": "2023-12-17T04:43:40+00:00", "timestamp_ms": 1702788220000}}, {"type": "Feature", "geometry": {"type": "Point", "coordinates": [-71.08562158416092, 42.300035460219725]}, "properties": {"street": "CHARLOTTE ST", "location_type": "Street", "dispatch_ts": "2026-06-30T23:59:55+00:00", "timestamp_ms": 1782863995000}}, {"type": "Feature", "geometry": {"type": "Point", "coordinates": [-71.06411339607556, 42.36524207340315]}, "properties": {"street": "LOMASNEY WAY", "location_type": "Street", "dispatch_ts": "2020-01-28T15:03:14+00:00", "timestamp_ms": 1580223794000}}, {"type": "Feature", "geometry": {"type": "Point", "coordinates": [-71.08773574910583, 42.347297506470184]}, "properties": {"street": null, "location_type": "Intersection", "dispatch_ts": "2016-06-11T16:28:30+00:00", "timestamp_ms": 1465662510000}}, {"type": "Feature", "geometry": {"type": "Point", "coordinates": [-71.06487514786564, 42.35113804059253]}, "properties": {"street": null, "location_type": "Intersection", "dispatch_ts": "2025-09-01T19:35:44+00:00", "timestamp_ms": 1756755344000}}, {"type": "Feature", "geometry": {"type": "Point", "coordinates": [-71.13210983019133, 42.35308579191109]}, "properties": {"street": null, "location_type": "Intersection", "dispatch_ts": "2018-11-18T06:24:35+00:00", "timestamp_ms": 1542522275000}}, {"type": "Feature", "geometry": {"type": "Point", "coordinates": [-71.12133631401319, 42.308783113511446]}, "properties": {"street": null, "location_type": "Intersection", "dispatch_ts": "2022-11-02T19:48:52+00:00", "timestamp_ms": 1667418532000}}, {"type": "Feature", "geometry": {"type": "Point", "coordinates": [-71.088641463287, 42.34915419274428]}, "properties": {"street": null, "location_type": "Intersection", "dispatch_ts": "2016-02-19T02:59:54+00:00", "timestamp_ms": 1455850794000}}, {"type": "Feature", "geometry": {"type": "Point", "coordinates": [-71.09048945758786, 42.311920705909806]}, "properties": {"street": null, "location_type": "Intersection", "dispatch_ts": "2017-09-26T10:59:06+00:00", "timestamp_ms": 1506423546000}}, {"type": "Feature", "geometry": {"type": "Point", "coordinates": [-71.04291561863471, 42.34903228316326]}, "properties": {"street": "CONGRESS ST", "location_type": "Street", "dispatch_ts": "2026-01-04T18:34:43+00:00", "timestamp_ms": 1767551683000}}, {"type": "Feature", "geometry": {"type": "Point", "coordinates": [-71.13420194934393, 42.34714119037127]}, "properties": {"street": "BRAINERD RD", "location_type": "Street", "dispatch_ts": "2025-07-04T11:57:21+00:00", "timestamp_ms": 1751630241000}}, {"type": "Feature", "geometry": {"type": "Point", "coordinates": [-71.06472807571292, 42.38212443510036]}, "properties": {"street": null, "location_type": "Intersection", "dispatch_ts": "2025-03-03T23:14:26+00:00", "timestamp_ms": 1741043666000}}, {"type": "Feature", "geometry": {"type": "Point", "coordinates": [-71.09880822732913, 42.32665645324204]}, "properties": {"street": "TERRACE ST", "location_type": "Street", "dispatch_ts": "2022-03-18T14:03:58+00:00", "timestamp_ms": 1647612238000}}, {"type": "Feature", "geometry": {"type": "Point", "coordinates": [-71.086341676841, 42.3444442520161]}, "properties": {"street": "MASSACHUSETTS AVE", "location_type": "Street", "dispatch_ts": "2019-01-23T05:17:06+00:00", "timestamp_ms": 1548220626000}}, {"type": "Feature", "geometry": {"type": "Point", "coordinates": [-71.06453754021307, 42.35238395350104]}, "properties": {"street": null, "location_type": "Intersection", "dispatch_ts": "2020-02-10T02:08:07+00:00", "timestamp_ms": 1581300487000}}, {"type": "Feature", "geometry": {"type": "Point", "coordinates": [-71.07120218037858, 42.36138521896854]}, "properties": {"street": null, "location_type": "Intersection", "dispatch_ts": "2022-12-16T10:42:43+00:00", "timestamp_ms": 1671187363000}}, {"type": "Feature", "geometry": {"type": "Point", "coordinates": [-71.06063600853199, 42.29863415939231]}, "properties": {"street": null, "location_type": "Intersection", "dispatch_ts": "2021-08-02T12:15:23+00:00", "timestamp_ms": 1627906523000}}, {"type": "Feature", "geometry": {"type": "Point", "coordinates": [-71.08535953600918, 42.29414397426417]}, "properties": {"street": "TALBOT AVE", "location_type": "Street", "dispatch_ts": "2024-07-20T19:58:56+00:00", "timestamp_ms": 1721505536000}}, {"type": "Feature", "geometry": {"type": "Point", "coordinates": [-71.1386953739947, 42.3617908742304]}, "properties": {"street": "ANTWERP ST", "location_type": "Street", "dispatch_ts": "2019-01-09T11:27:42+00:00", "timestamp_ms": 1547033262000}}, {"type": "Feature", "geometry": {"type": "Point", "coordinates": [-71.058725132442, 42.32622300908844]}, "properties": {"street": "BOSTON ST", "location_type": "Street", "dispatch_ts": "2015-05-17T04:39:24+00:00", "timestamp_ms": 1431837564000}}, {"type": "Feature", "geometry": {"type": "Point", "coordinates": [-71.07750643369458, 42.31452844173898]}, "properties": {"street": "DACIA ST", "location_type": "Street", "dispatch_ts": "2025-09-12T14:16:59+00:00", "timestamp_ms": 1757686619000}}, {"type": "Feature", "geometry": {"type": "Point", "coordinates": [-71.0723120025414, 42.35551571111943]}, "properties": {"street": null, "location_type": "Intersection", "dispatch_ts": "2018-11-02T01:32:30+00:00", "timestamp_ms": 1541122350000}}, {"type": "Feature", "geometry": {"type": "Point", "coordinates": [-71.03182502919319, 42.343932249587745]}, "properties": {"street": "BLACK FALCON AVE", "location_type": "Street", "dispatch_ts": "2020-08-02T14:30:55+00:00", "timestamp_ms": 1596378655000}}, {"type": "Feature", "geometry": {"type": "Point", "coordinates": [-71.09154342570486, 42.28429864590674]}, "properties": {"street": null, "location_type": "Intersection", "dispatch_ts": "2017-09-17T19:50:46+00:00", "timestamp_ms": 1505677846000}}, {"type": "Feature", "geometry": {"type": "Point", "coordinates": [-71.09232774598799, 42.339093091204674]}, "properties": {"street": null, "location_type": "Intersection", "dispatch_ts": "2026-06-19T01:06:31+00:00", "timestamp_ms": 1781831191000}}, {"type": "Feature", "geometry": {"type": "Point", "coordinates": [-71.06835404086962, 42.34184110473824]}, "properties": {"street": "WASHINGTON ST", "location_type": "Street", "dispatch_ts": "2023-08-22T00:01:16+00:00", "timestamp_ms": 1692662476000}}, {"type": "Feature", "geometry": {"type": "Point", "coordinates": [-71.09046781779963, 42.33564513421851]}, "properties": {"street": "RUGGLES ST", "location_type": "Street", "dispatch_ts": "2023-07-01T16:54:47+00:00", "timestamp_ms": 1688230487000}}, {"type": "Feature", "geometry": {"type": "Point", "coordinates": [-71.1167792521392, 42.361228569081234]}, "properties": {"street": null, "location_type": "Other", "dispatch_ts": "2023-07-13T00:51:55+00:00", "timestamp_ms": 1689209515000}}, {"type": "Feature", "geometry": {"type": "Point", "coordinates": [-71.0464231258188, 42.29664206847604]}, "properties": {"street": null, "location_type": "Other", "dispatch_ts": "2018-05-06T05:59:10+00:00", "timestamp_ms": 1525586350000}}, {"type": "Feature", "geometry": {"type": "Point", "coordinates": [-71.08579727392235, 42.32862781278324]}, "properties": {"street": "WASHINGTON ST", "location_type": "Street", "dispatch_ts": "2022-07-02T23:49:09+00:00", "timestamp_ms": 1656805749000}}, {"type": "Feature", "geometry": {"type": "Point", "coordinates": [-71.07396168652528, 42.30920146224481]}, "properties": {"street": null, "location_type": "Intersection", "dispatch_ts": "2018-06-07T11:19:12+00:00", "timestamp_ms": 1528370352000}}, {"type": "Feature", "geometry": {"type": "Point", "coordinates": [-71.07561990889818, 42.38348028090568]}, "properties": {"street": "CAMBRIDGE ST", "location_type": "Street", "dispatch_ts": "2021-06-07T09:53:31+00:00", "timestamp_ms": 1623059611000}}, {"type": "Feature", "geometry": {"type": "Point", "coordinates": [-71.09698981116533, 42.32815996481075]}, "properties": {"street": null, "location_type": "Intersection", "dispatch_ts": "2020-08-13T23:22:55+00:00", "timestamp_ms": 1597360975000}}, {"type": "Feature", "geometry": {"type": "Point", "coordinates": [-71.0708712107057, 42.36067634767291]}, "properties": {"street": "CHARLES ST", "location_type": "Street", "dispatch_ts": "2024-05-13T12:28:14+00:00", "timestamp_ms": 1715603294000}}, {"type": "Feature", "geometry": {"type": "Point", "coordinates": [-71.06457846159358, 42.30812712078259]}, "properties": {"street": null, "location_type": "Intersection", "dispatch_ts": "2024-06-11T23:07:45+00:00", "timestamp_ms": 1718147265000}}, {"type": "Feature", "geometry": {"type": "Point", "coordinates": [-71.03134673439295, 42.37538258198955]}, "properties": {"street": null, "location_type": "Intersection", "dispatch_ts": "2020-07-18T22:34:12+00:00", "timestamp_ms": 1595111652000}}, {"type": "Feature", "geometry": {"type": "Point", "coordinates": [-71.08322178275021, 42.30838263115709]}, "properties": {"street": null, "location_type": "Intersection", "dispatch_ts": "2020-03-04T17:15:52+00:00", "timestamp_ms": 1583342152000}}, {"type": "Feature", "geometry": {"type": "Point", "coordinates": [-71.08431925456117, 42.306768812043934]}, "properties": {"street": null, "location_type": "Intersection", "dispatch_ts": "2019-06-28T23:17:39+00:00", "timestamp_ms": 1561763859000}}, {"type": "Feature", "geometry": {"type": "Point", "coordinates": [-71.13106154540633, 42.350555735595485]}, "properties": {"street": null, "location_type": "Intersection", "dispatch_ts": "2017-07-31T11:50:48+00:00", "timestamp_ms": 1501501848000}}, {"type": "Feature", "geometry": {"type": "Point", "coordinates": [-71.12725747434212, 42.28289408838015]}, "properties": {"street": "SYCAMORE ST", "location_type": "Street", "dispatch_ts": "2026-05-12T21:33:01+00:00", "timestamp_ms": 1778621581000}}, {"type": "Feature", "geometry": {"type": "Point", "coordinates": [-71.06534351826406, 42.36750326093685]}, "properties": {"street": "NASHUA ST", "location_type": "Street", "dispatch_ts": "2018-01-25T04:23:07+00:00", "timestamp_ms": 1516854187000}}, {"type": "Feature", "geometry": {"type": "Point", "coordinates": [-71.09410487475009, 42.28467439490952]}, "properties": {"street": "DEERING RD", "location_type": "Street", "dispatch_ts": "2022-09-04T23:19:35+00:00", "timestamp_ms": 1662333575000}}, {"type": "Feature", "geometry": {"type": "Point", "coordinates": [-71.06848559564628, 42.36108188148618]}, "properties": {"street": "CAMBRIDGE ST", "location_type": "Street", "dispatch_ts": "2023-07-19T19:02:34+00:00", "timestamp_ms": 1689793354000}}, {"type": "Feature", "geometry": {"type": "Point", "coordinates": [-71.08526660913766, 42.3034067385017]}, "properties": {"street": null, "location_type": "Intersection", "dispatch_ts": "2015-07-14T18:29:05+00:00", "timestamp_ms": 1436898545000}}, {"type": "Feature", "geometry": {"type": "Point", "coordinates": [-71.06693116855419, 42.30073930934143]}, "properties": {"street": "GENEVA AVE", "location_type": "Street", "dispatch_ts": "2018-04-26T15:17:25+00:00", "timestamp_ms": 1524755845000}}, {"type": "Feature", "geometry": {"type": "Point", "coordinates": [-71.07908817122923, 42.35366611437181]}, "properties": {"street": null, "location_type": "Intersection", "dispatch_ts": "2016-07-04T13:00:59+00:00", "timestamp_ms": 1467637259000}}, {"type": "Feature", "geometry": {"type": "Point", "coordinates": [-71.0670544519236, 42.344335391630544]}, "properties": {"street": null, "location_type": "Intersection", "dispatch_ts": "2015-12-31T20:11:39+00:00", "timestamp_ms": 1451592699000}}, {"type": "Feature", "geometry": {"type": "Point", "coordinates": [-71.09162933343781, 42.35028253854257]}, "properties": {"street": null, "location_type": "Intersection", "dispatch_ts": "2019-09-05T19:35:20+00:00", "timestamp_ms": 1567712120000}}, {"type": "Feature", "geometry": {"type": "Point", "coordinates": [-71.1104528408584, 42.35190989102391]}, "properties": {"street": null, "location_type": "Other", "dispatch_ts": "2018-06-20T12:24:31+00:00", "timestamp_ms": 1529497471000}}, {"type": "Feature", "geometry": {"type": "Point", "coordinates": [-71.06858165170806, 42.3546297663657]}, "properties": {"street": "CHARLES ST", "location_type": "Street", "dispatch_ts": "2015-05-16T18:29:57+00:00", "timestamp_ms": 1431800997000}}, {"type": "Feature", "geometry": {"type": "Point", "coordinates": [-71.1162065653575, 42.2547696541555]}, "properties": {"street": "TRUMAN PKWY", "location_type": "Street", "dispatch_ts": "2025-04-24T18:45:37+00:00", "timestamp_ms": 1745520337000}}, {"type": "Feature", "geometry": {"type": "Point", "coordinates": [-71.08251021213488, 42.3338261496791]}, "properties": {"street": null, "location_type": "Intersection", "dispatch_ts": "2016-06-29T15:30:47+00:00", "timestamp_ms": 1467214247000}}, {"type": "Feature", "geometry": {"type": "Point", "coordinates": [-71.0502550020959, 42.33843409565828]}, "properties": {"street": "BROADWAY ", "location_type": "Street", "dispatch_ts": "2022-09-02T04:57:06+00:00", "timestamp_ms": 1662094626000}}, {"type": "Feature", "geometry": {"type": "Point", "coordinates": [-71.08032038126865, 42.339303441947735]}, "properties": {"street": null, "location_type": "Intersection", "dispatch_ts": "2018-01-03T14:14:31+00:00", "timestamp_ms": 1514988871000}}, {"type": "Feature", "geometry": {"type": "Point", "coordinates": [-71.06151328335379, 42.35693671688795]}, "properties": {"street": "TREMONT ST", "location_type": "Street", "dispatch_ts": "2016-12-04T23:59:07+00:00", "timestamp_ms": 1480895947000}}, {"type": "Feature", "geometry": {"type": "Point", "coordinates": [-71.10197451620516, 42.331890958569424]}, "properties": {"street": "SAINT ALPHONSUS ST", "location_type": "Street", "dispatch_ts": "2020-10-06T14:56:29+00:00", "timestamp_ms": 1601996189000}}, {"type": "Feature", "geometry": {"type": "Point", "coordinates": [-71.12497804903832, 42.36701240236648]}, "properties": {"street": "HARVARD ST", "location_type": "Street", "dispatch_ts": "2024-11-22T22:10:35+00:00", "timestamp_ms": 1732313435000}}, {"type": "Feature", "geometry": {"type": "Point", "coordinates": [-71.08439971225408, 42.34818242814791]}, "properties": {"street": "BOYLSTON ST", "location_type": "Street", "dispatch_ts": "2015-05-08T20:36:01+00:00", "timestamp_ms": 1431117361000}}, {"type": "Feature", "geometry": {"type": "Point", "coordinates": [-71.11553487158675, 42.30931890168424]}, "properties": {"street": null, "location_type": "Intersection", "dispatch_ts": "2019-11-26T10:49:16+00:00", "timestamp_ms": 1574765356000}}, {"type": "Feature", "geometry": {"type": "Point", "coordinates": [-71.11720260971039, 42.351174533229326]}, "properties": {"street": "COMMONWEALTH AVE", "location_type": "Street", "dispatch_ts": "2015-12-05T00:28:05+00:00", "timestamp_ms": 1449275285000}}, {"type": "Feature", "geometry": {"type": "Point", "coordinates": [-71.05602498756498, 42.32935435028271]}, "properties": {"street": "PREBLE ST", "location_type": "Street", "dispatch_ts": "2026-05-17T22:39:31+00:00", "timestamp_ms": 1779057571000}}, {"type": "Feature", "geometry": {"type": "Point", "coordinates": [-71.07766493085896, 42.32080139406688]}, "properties": {"street": "BLUE HILL AVE", "location_type": "Street", "dispatch_ts": "2026-06-22T03:43:23+00:00", "timestamp_ms": 1782099803000}}, {"type": "Feature", "geometry": {"type": "Point", "coordinates": [-71.07068130376905, 42.304250041327016]}, "properties": {"street": "BLAKEVILLE ST", "location_type": "Street", "dispatch_ts": "2024-11-01T02:32:02+00:00", "timestamp_ms": 1730428322000}}, {"type": "Feature", "geometry": {"type": "Point", "coordinates": [-71.07942491521074, 42.304507959920834]}, "properties": {"street": null, "location_type": "Intersection", "dispatch_ts": "2016-12-06T21:47:05+00:00", "timestamp_ms": 1481060825000}}, {"type": "Feature", "geometry": {"type": "Point", "coordinates": [-71.06471980989728, 42.28427464315816]}, "properties": {"street": "DORCHESTER AVE", "location_type": "Street", "dispatch_ts": "2023-11-20T06:03:58+00:00", "timestamp_ms": 1700460238000}}, {"type": "Feature", "geometry": {"type": "Point", "coordinates": [-71.08524480912018, 42.30347577473768]}, "properties": {"street": "BLUE HILL AVE", "location_type": "Street", "dispatch_ts": "2015-11-12T15:12:53+00:00", "timestamp_ms": 1447341173000}}, {"type": "Feature", "geometry": {"type": "Point", "coordinates": [-71.06358818608052, 42.32103707143098]}, "properties": {"street": "COTTAGE ST", "location_type": "Street", "dispatch_ts": "2016-06-18T17:14:56+00:00", "timestamp_ms": 1466270096000}}, {"type": "Feature", "geometry": {"type": "Point", "coordinates": [-71.05593236934621, 42.374536644882745]}, "properties": {"street": "SECOND AVE", "location_type": "Street", "dispatch_ts": "2019-07-22T22:38:22+00:00", "timestamp_ms": 1563835102000}}, {"type": "Feature", "geometry": {"type": "Point", "coordinates": [-71.10999125266751, 42.33627616772608]}, "properties": {"street": null, "location_type": "Intersection", "dispatch_ts": "2021-04-29T17:39:45+00:00", "timestamp_ms": 1619717985000}}, {"type": "Feature", "geometry": {"type": "Point", "coordinates": [-71.08202067397492, 42.33433705143347]}, "properties": {"street": null, "location_type": "Intersection", "dispatch_ts": "2017-03-20T22:29:13+00:00", "timestamp_ms": 1490048953000}}, {"type": "Feature", "geometry": {"type": "Point", "coordinates": [-71.1386953739947, 42.3617908742304]}, "properties": {"street": "ANTWERP ST", "location_type": "Street", "dispatch_ts": "2018-01-24T12:53:18+00:00", "timestamp_ms": 1516798398000}}, {"type": "Feature", "geometry": {"type": "Point", "coordinates": [-71.06923920444655, 42.37375318072544]}, "properties": {"street": null, "location_type": "Other", "dispatch_ts": "2026-06-08T11:04:51+00:00", "timestamp_ms": 1780916691000}}, {"type": "Feature", "geometry": {"type": "Point", "coordinates": [-71.0614949082776, 42.32042262302428]}, "properties": {"street": null, "location_type": "Intersection", "dispatch_ts": "2020-01-29T00:34:32+00:00", "timestamp_ms": 1580258072000}}, {"type": "Feature", "geometry": {"type": "Point", "coordinates": [-71.16236792652451, 42.27768478727142]}, "properties": {"street": null, "location_type": "Intersection", "dispatch_ts": "2021-10-14T20:51:47+00:00", "timestamp_ms": 1634244707000}}, {"type": "Feature", "geometry": {"type": "Point", "coordinates": [-71.0890957622328, 42.35006295890982]}, "properties": {"street": null, "location_type": "Intersection", "dispatch_ts": "2021-09-27T14:59:53+00:00", "timestamp_ms": 1632754793000}}, {"type": "Feature", "geometry": {"type": "Point", "coordinates": [-71.05430550820056, 42.30386650632165]}, "properties": {"street": null, "location_type": "Intersection", "dispatch_ts": "2021-10-22T19:14:46+00:00", "timestamp_ms": 1634930086000}}, {"type": "Feature", "geometry": {"type": "Point", "coordinates": [-71.05282401467686, 42.35148086608174]}, "properties": {"street": null, "location_type": "Intersection", "dispatch_ts": "2026-01-08T22:24:58+00:00", "timestamp_ms": 1767911098000}}, {"type": "Feature", "geometry": {"type": "Point", "coordinates": [-71.03880539874183, 42.36830323768339]}, "properties": {"street": null, "location_type": "Other", "dispatch_ts": "2022-07-03T14:23:57+00:00", "timestamp_ms": 1656858237000}}, {"type": "Feature", "geometry": {"type": "Point", "coordinates": [-71.08376966547927, 42.289872111088414]}, "properties": {"street": null, "location_type": "Intersection", "dispatch_ts": "2023-04-13T23:53:27+00:00", "timestamp_ms": 1681430007000}}, {"type": "Feature", "geometry": {"type": "Point", "coordinates": [-71.02326497153672, 42.38150352064006]}, "properties": {"street": "SARATOGA ST", "location_type": "Street", "dispatch_ts": "2023-09-05T08:40:35+00:00", "timestamp_ms": 1693903235000}}, {"type": "Feature", "geometry": {"type": "Point", "coordinates": [-71.16049110521224, 42.34888754508947]}, "properties": {"street": null, "location_type": "Intersection", "dispatch_ts": "2022-12-04T02:07:08+00:00", "timestamp_ms": 1670119628000}}, {"type": "Feature", "geometry": {"type": "Point", "coordinates": [-71.11957882775488, 42.35166673790118]}, "properties": {"street": "COMMONWEALTH AVE", "location_type": "Street", "dispatch_ts": "2018-05-15T20:17:07+00:00", "timestamp_ms": 1526415427000}}, {"type": "Feature", "geometry": {"type": "Point", "coordinates": [-71.06469509166318, 42.2994174209346]}, "properties": {"street": "GENEVA AVE", "location_type": "Street", "dispatch_ts": "2022-08-10T21:23:02+00:00", "timestamp_ms": 1660166582000}}, {"type": "Feature", "geometry": {"type": "Point", "coordinates": [-71.07201818804987, 42.33262014368461]}, "properties": {"street": null, "location_type": "Intersection", "dispatch_ts": "2023-06-02T18:03:12+00:00", "timestamp_ms": 1685728992000}}, {"type": "Feature", "geometry": {"type": "Point", "coordinates": [-71.06352596624157, 42.345682695683855]}, "properties": {"street": "HARRISON AVE", "location_type": "Street", "dispatch_ts": "2016-03-29T18:40:04+00:00", "timestamp_ms": 1459276804000}}, {"type": "Feature", "geometry": {"type": "Point", "coordinates": [-71.12428877339453, 42.36771977515512]}, "properties": {"street": "HARVARD ST", "location_type": "Street", "dispatch_ts": "2018-09-06T23:42:12+00:00", "timestamp_ms": 1536277332000}}, {"type": "Feature", "geometry": {"type": "Point", "coordinates": [-71.07271627963243, 42.34186274852685]}, "properties": {"street": "DEDHAM ST", "location_type": "Street", "dispatch_ts": "2017-07-18T01:00:17+00:00", "timestamp_ms": 1500339617000}}, {"type": "Feature", "geometry": {"type": "Point", "coordinates": [-71.14415671789101, 42.36282489938517]}, "properties": {"street": "SOLDIERS FIELD RD", "location_type": "Street", "dispatch_ts": "2021-06-08T13:43:14+00:00", "timestamp_ms": 1623159794000}}, {"type": "Feature", "geometry": {"type": "Point", "coordinates": [-71.05375115218736, 42.36081120252193]}, "properties": {"street": null, "location_type": "Intersection", "dispatch_ts": "2020-08-14T18:25:23+00:00", "timestamp_ms": 1597429523000}}, {"type": "Feature", "geometry": {"type": "Point", "coordinates": [-71.05733703946319, 42.35333984547784]}, "properties": {"street": "SUMMER ST", "location_type": "Street", "dispatch_ts": "2019-02-13T23:14:15+00:00", "timestamp_ms": 1550099655000}}, {"type": "Feature", "geometry": {"type": "Point", "coordinates": [-71.04960964990127, 42.37794128262492]}, "properties": {"street": "FIRST AVE", "location_type": "Street", "dispatch_ts": "2026-06-06T07:35:32+00:00", "timestamp_ms": 1780731332000}}, {"type": "Feature", "geometry": {"type": "Point", "coordinates": [-71.04046060320856, 42.28485235159329]}, "properties": {"street": null, "location_type": "Other", "dispatch_ts": "2022-11-02T03:12:33+00:00", "timestamp_ms": 1667358753000}}, {"type": "Feature", "geometry": {"type": "Point", "coordinates": [-71.08652152203159, 42.31707229038324]}, "properties": {"street": null, "location_type": "Intersection", "dispatch_ts": "2017-06-26T02:29:12+00:00", "timestamp_ms": 1498444152000}}, {"type": "Feature", "geometry": {"type": "Point", "coordinates": [-71.05911607285861, 42.30455929216562]}, "properties": {"street": "DORCHESTER AVE", "location_type": "Street", "dispatch_ts": "2021-06-18T10:23:02+00:00", "timestamp_ms": 1624011782000}}, {"type": "Feature", "geometry": {"type": "Point", "coordinates": [-71.11109551286684, 42.32962350766265]}, "properties": {"street": "HUNTINGTON AVE", "location_type": "Street", "dispatch_ts": "2023-01-04T02:08:26+00:00", "timestamp_ms": 1672798106000}}, {"type": "Feature", "geometry": {"type": "Point", "coordinates": [-71.10489438482145, 42.31703538939402]}, "properties": {"street": null, "location_type": "Intersection", "dispatch_ts": "2015-10-06T18:29:33+00:00", "timestamp_ms": 1444156173000}}, {"type": "Feature", "geometry": {"type": "Point", "coordinates": [-71.05174197072911, 42.3776844485978]}, "properties": {"street": "THIRTEENTH ST", "location_type": "Street", "dispatch_ts": "2025-07-05T00:42:14+00:00", "timestamp_ms": 1751676134000}}, {"type": "Feature", "geometry": {"type": "Point", "coordinates": [-71.0624738222393, 42.35090461373958]}, "properties": {"street": "KNEELAND ST", "location_type": "Street", "dispatch_ts": "2015-06-17T23:19:20+00:00", "timestamp_ms": 1434583160000}}, {"type": "Feature", "geometry": {"type": "Point", "coordinates": [-71.06006163697337, 42.35787797558994]}, "properties": {"street": "SCHOOL ST", "location_type": "Street", "dispatch_ts": "2018-11-09T11:11:12+00:00", "timestamp_ms": 1541761872000}}, {"type": "Feature", "geometry": {"type": "Point", "coordinates": [-71.13805018404034, 42.34749446986533]}, "properties": {"street": "KELTON ST", "location_type": "Street", "dispatch_ts": "2025-07-11T20:04:00+00:00", "timestamp_ms": 1752264240000}}, {"type": "Feature", "geometry": {"type": "Point", "coordinates": [-71.11688141084987, 42.351341418725845]}, "properties": {"street": "COMMONWEALTH AVE", "location_type": "Street", "dispatch_ts": "2019-05-22T15:56:31+00:00", "timestamp_ms": 1558540591000}}, {"type": "Feature", "geometry": {"type": "Point", "coordinates": [-71.11208226832815, 42.332039138731]}, "properties": {"street": null, "location_type": "Intersection", "dispatch_ts": "2020-07-04T17:36:04+00:00", "timestamp_ms": 1593884164000}}, {"type": "Feature", "geometry": {"type": "Point", "coordinates": [-71.1109567442934, 42.35065384443565]}, "properties": {"street": null, "location_type": "Intersection", "dispatch_ts": "2019-10-05T02:41:28+00:00", "timestamp_ms": 1570243288000}}, {"type": "Feature", "geometry": {"type": "Point", "coordinates": [-71.09195352474877, 42.32167508046942]}, "properties": {"street": null, "location_type": "Intersection", "dispatch_ts": "2015-07-23T05:28:35+00:00", "timestamp_ms": 1437629315000}}, {"type": "Feature", "geometry": {"type": "Point", "coordinates": [-71.11460328530968, 42.30101209224979]}, "properties": {"street": null, "location_type": "Intersection", "dispatch_ts": "2022-05-13T20:42:33+00:00", "timestamp_ms": 1652474553000}}, {"type": "Feature", "geometry": {"type": "Point", "coordinates": [-71.07114195148272, 42.36128968001028]}, "properties": {"street": "CHARLES ST", "location_type": "Street", "dispatch_ts": "2018-12-07T13:55:12+00:00", "timestamp_ms": 1544190912000}}, {"type": "Feature", "geometry": {"type": "Point", "coordinates": [-71.07506079708283, 42.35036845563772]}, "properties": {"street": "CLARENDON ST", "location_type": "Street", "dispatch_ts": "2015-09-18T22:28:25+00:00", "timestamp_ms": 1442615305000}}, {"type": "Feature", "geometry": {"type": "Point", "coordinates": [-71.12806160558162, 42.3573811930786]}, "properties": {"street": "CAMBRIDGE ST", "location_type": "Street", "dispatch_ts": "2015-06-27T22:51:48+00:00", "timestamp_ms": 1435445508000}}, {"type": "Feature", "geometry": {"type": "Point", "coordinates": [-71.05948400159775, 42.36399295505817]}, "properties": {"street": "CANAL ST", "location_type": "Street", "dispatch_ts": "2020-03-20T15:16:32+00:00", "timestamp_ms": 1584717392000}}, {"type": "Feature", "geometry": {"type": "Point", "coordinates": [-71.07610678111817, 42.29143782601643]}, "properties": {"street": null, "location_type": "Intersection", "dispatch_ts": "2026-06-18T06:58:40+00:00", "timestamp_ms": 1781765920000}}, {"type": "Feature", "geometry": {"type": "Point", "coordinates": [-71.0631034078581, 42.28820506499132]}, "properties": {"street": "MONSIGNOR PATRICK J. LYDON WAY", "location_type": "Street", "dispatch_ts": "2020-06-22T02:41:03+00:00", "timestamp_ms": 1592793663000}}, {"type": "Feature", "geometry": {"type": "Point", "coordinates": [-71.16439690601891, 42.343713938978574]}, "properties": {"street": "LAKE ST", "location_type": "Street", "dispatch_ts": "2015-05-23T16:35:15+00:00", "timestamp_ms": 1432398915000}}, {"type": "Feature", "geometry": {"type": "Point", "coordinates": [-71.09036718404052, 42.287214896075064]}, "properties": {"street": null, "location_type": "Intersection", "dispatch_ts": "2015-09-26T21:32:42+00:00", "timestamp_ms": 1443303162000}}, {"type": "Feature", "geometry": {"type": "Point", "coordinates": [-71.12371933998844, 42.36833400288524]}, "properties": {"street": null, "location_type": "Intersection", "dispatch_ts": "2018-11-30T16:05:19+00:00", "timestamp_ms": 1543593919000}}, {"type": "Feature", "geometry": {"type": "Point", "coordinates": [-71.08658268961965, 42.28659182528755]}, "properties": {"street": "WOODROW AVE", "location_type": "Street", "dispatch_ts": "2017-06-15T17:31:09+00:00", "timestamp_ms": 1497547869000}}, {"type": "Feature", "geometry": {"type": "Point", "coordinates": [-71.06584301114394, 42.31474393665019]}, "properties": {"street": "HANCOCK ST", "location_type": "Street", "dispatch_ts": "2025-09-27T20:10:35+00:00", "timestamp_ms": 1759003835000}}, {"type": "Feature", "geometry": {"type": "Point", "coordinates": [-71.13464217809576, 42.34882751363407]}, "properties": {"street": "COMMONWEALTH AVE", "location_type": "Street", "dispatch_ts": "2015-11-02T21:44:39+00:00", "timestamp_ms": 1446500679000}}, {"type": "Feature", "geometry": {"type": "Point", "coordinates": [-71.09043921782177, 42.34884748186371]}, "properties": {"street": "COMMONWEALTH AVE", "location_type": "Street", "dispatch_ts": "2015-08-19T18:56:09+00:00", "timestamp_ms": 1440010569000}}, {"type": "Feature", "geometry": {"type": "Point", "coordinates": [-71.11150482880349, 42.33058806102684]}, "properties": {"street": "HUNTINGTON AVE", "location_type": "Street", "dispatch_ts": "2018-09-02T15:37:00+00:00", "timestamp_ms": 1535902620000}}, {"type": "Feature", "geometry": {"type": "Point", "coordinates": [-71.14138786601255, 42.36342141213003]}, "properties": {"street": "SOLDIERS FIELD RD", "location_type": "Street", "dispatch_ts": "2018-09-27T12:15:45+00:00", "timestamp_ms": 1538050545000}}, {"type": "Feature", "geometry": {"type": "Point", "coordinates": [-71.06915758464518, 42.35221558085737]}, "properties": {"street": null, "location_type": "Intersection", "dispatch_ts": "2015-05-18T21:07:21+00:00", "timestamp_ms": 1431983241000}}, {"type": "Feature", "geometry": {"type": "Point", "coordinates": [-71.0840208797362, 42.30745563950157]}, "properties": {"street": "BLUE HILL AVE", "location_type": "Street", "dispatch_ts": "2025-06-06T22:12:46+00:00", "timestamp_ms": 1749247966000}}, {"type": "Feature", "geometry": {"type": "Point", "coordinates": [-71.08331521353185, 42.341623413608]}, "properties": {"street": "MASSACHUSETTS AVE", "location_type": "Street", "dispatch_ts": "2015-08-15T03:00:59+00:00", "timestamp_ms": 1439607659000}}, {"type": "Feature", "geometry": {"type": "Point", "coordinates": [-71.13509630757575, 42.363201924472506]}, "properties": {"street": "WESTERN AVE", "location_type": "Street", "dispatch_ts": "2025-06-03T15:09:25+00:00", "timestamp_ms": 1748963365000}}, {"type": "Feature", "geometry": {"type": "Point", "coordinates": [-71.10052373382977, 42.34382798161822]}, "properties": {"street": "BOYLSTON ST", "location_type": "Street", "dispatch_ts": "2015-07-20T20:11:58+00:00", "timestamp_ms": 1437423118000}}, {"type": "Feature", "geometry": {"type": "Point", "coordinates": [-71.06640367681152, 42.35685404806715]}, "properties": {"street": "BEACON ST", "location_type": "Street", "dispatch_ts": "2024-03-14T20:11:49+00:00", "timestamp_ms": 1710447109000}}, {"type": "Feature", "geometry": {"type": "Point", "coordinates": [-71.06169977091804, 42.362496125518454]}, "properties": {"street": null, "location_type": "Intersection", "dispatch_ts": "2025-07-02T12:56:40+00:00", "timestamp_ms": 1751461000000}}, {"type": "Feature", "geometry": {"type": "Point", "coordinates": [-71.03724388397082, 42.32973379078821]}, "properties": {"street": null, "location_type": "Intersection", "dispatch_ts": "2015-07-01T18:36:45+00:00", "timestamp_ms": 1435775805000}}, {"type": "Feature", "geometry": {"type": "Point", "coordinates": [-71.0786779360461, 42.33013117257871]}, "properties": {"street": null, "location_type": "Intersection", "dispatch_ts": "2022-10-28T10:31:45+00:00", "timestamp_ms": 1666953105000}}, {"type": "Feature", "geometry": {"type": "Point", "coordinates": [-71.08697317243546, 42.29768532920321]}, "properties": {"street": null, "location_type": "Intersection", "dispatch_ts": "2015-05-09T02:57:01+00:00", "timestamp_ms": 1431140221000}}, {"type": "Feature", "geometry": {"type": "Point", "coordinates": [-71.0850258466602, 42.34284918462784]}, "properties": {"street": null, "location_type": "Intersection", "dispatch_ts": "2015-01-16T01:45:29+00:00", "timestamp_ms": 1421372729000}}, {"type": "Feature", "geometry": {"type": "Point", "coordinates": [-71.07735382165978, 42.31121128965406]}, "properties": {"street": "FERNBORO ST", "location_type": "Street", "dispatch_ts": "2023-06-18T20:39:06+00:00", "timestamp_ms": 1687120746000}}, {"type": "Feature", "geometry": {"type": "Point", "coordinates": [-71.10682748817304, 42.33328596866199]}, "properties": {"street": "HUNTINGTON AVE", "location_type": "Street", "dispatch_ts": "2015-06-11T21:26:40+00:00", "timestamp_ms": 1434058000000}}, {"type": "Feature", "geometry": {"type": "Point", "coordinates": [-71.05215520932036, 42.35438849457216]}, "properties": {"street": "ATLANTIC AVE", "location_type": "Street", "dispatch_ts": "2020-08-23T06:04:27+00:00", "timestamp_ms": 1598162667000}}, {"type": "Feature", "geometry": {"type": "Point", "coordinates": [-71.05420954128746, 42.37504338023697]}, "properties": {"street": "FIRST AVE", "location_type": "Street", "dispatch_ts": "2021-06-12T19:27:39+00:00", "timestamp_ms": 1623526059000}}, {"type": "Feature", "geometry": {"type": "Point", "coordinates": [-71.0936517626102, 42.33696715096203]}, "properties": {"street": null, "location_type": "Intersection", "dispatch_ts": "2015-12-06T19:45:46+00:00", "timestamp_ms": 1449431146000}}, {"type": "Feature", "geometry": {"type": "Point", "coordinates": [-71.11215844254748, 42.322729446214666]}, "properties": {"street": "HUNTINGTON AVE", "location_type": "Street", "dispatch_ts": "2022-08-12T23:24:09+00:00", "timestamp_ms": 1660346649000}}, {"type": "Feature", "geometry": {"type": "Point", "coordinates": [-71.130023511871, 42.349215975917176]}, "properties": {"street": null, "location_type": "Intersection", "dispatch_ts": "2023-05-03T11:01:27+00:00", "timestamp_ms": 1683111687000}}, {"type": "Feature", "geometry": {"type": "Point", "coordinates": [-71.09235716936715, 42.33291213904815]}, "properties": {"street": null, "location_type": "Intersection", "dispatch_ts": "2017-08-22T18:02:31+00:00", "timestamp_ms": 1503424951000}}, {"type": "Feature", "geometry": {"type": "Point", "coordinates": [-71.12931144936167, 42.30976093431741]}, "properties": {"street": "POND ST", "location_type": "Street", "dispatch_ts": "2020-05-14T20:32:08+00:00", "timestamp_ms": 1589488328000}}, {"type": "Feature", "geometry": {"type": "Point", "coordinates": [-71.09351881358079, 42.316209542232336]}, "properties": {"street": "WESTMINSTER CT", "location_type": "Street", "dispatch_ts": "2024-07-12T20:48:28+00:00", "timestamp_ms": 1720817308000}}, {"type": "Feature", "geometry": {"type": "Point", "coordinates": [-71.16335354783683, 42.26308406361711]}, "properties": {"street": "CENTRE ST", "location_type": "Street", "dispatch_ts": "2019-08-25T20:00:47+00:00", "timestamp_ms": 1566763247000}}, {"type": "Feature", "geometry": {"type": "Point", "coordinates": [-71.05256215512455, 42.32759981392137]}, "properties": {"street": "OLD COLONY AVE", "location_type": "Street", "dispatch_ts": "2024-10-13T22:07:12+00:00", "timestamp_ms": 1728857232000}}, {"type": "Feature", "geometry": {"type": "Point", "coordinates": [-71.09823281710979, 42.345411740562]}, "properties": {"street": null, "location_type": "Intersection", "dispatch_ts": "2016-03-26T18:14:48+00:00", "timestamp_ms": 1459016088000}}, {"type": "Feature", "geometry": {"type": "Point", "coordinates": [-71.12396113041314, 42.25644520097543]}, "properties": {"street": "HYDE PARK AVE", "location_type": "Street", "dispatch_ts": "2015-07-08T12:40:19+00:00", "timestamp_ms": 1436359219000}}, {"type": "Feature", "geometry": {"type": "Point", "coordinates": [-71.08180173266085, 42.31828937745995]}, "properties": {"street": null, "location_type": "Intersection", "dispatch_ts": "2018-01-31T12:21:32+00:00", "timestamp_ms": 1517401292000}}, {"type": "Feature", "geometry": {"type": "Point", "coordinates": [-71.09495459685014, 42.349381944333075]}, "properties": {"street": null, "location_type": "Intersection", "dispatch_ts": "2026-06-04T18:19:29+00:00", "timestamp_ms": 1780597169000}}, {"type": "Feature", "geometry": {"type": "Point", "coordinates": [-71.07883836560852, 42.354606313082755]}, "properties": {"street": null, "location_type": "Other", "dispatch_ts": "2015-09-25T12:24:08+00:00", "timestamp_ms": 1443183848000}}, {"type": "Feature", "geometry": {"type": "Point", "coordinates": [-71.07500718912725, 42.3290968526932]}, "properties": {"street": null, "location_type": "Intersection", "dispatch_ts": "2022-07-22T00:45:44+00:00", "timestamp_ms": 1658450744000}}, {"type": "Feature", "geometry": {"type": "Point", "coordinates": [-71.14414912929604, 42.35491419029395]}, "properties": {"street": null, "location_type": "Intersection", "dispatch_ts": "2016-10-29T00:10:12+00:00", "timestamp_ms": 1477699812000}}, {"type": "Feature", "geometry": {"type": "Point", "coordinates": [-71.10605232311909, 42.34005182528552]}, "properties": {"street": "BROOKLINE AVE", "location_type": "Street", "dispatch_ts": "2023-06-06T19:10:02+00:00", "timestamp_ms": 1686078602000}}, {"type": "Feature", "geometry": {"type": "Point", "coordinates": [-71.13210983019133, 42.35308579191109]}, "properties": {"street": null, "location_type": "Intersection", "dispatch_ts": "2024-08-10T15:38:32+00:00", "timestamp_ms": 1723304312000}}, {"type": "Feature", "geometry": {"type": "Point", "coordinates": [-71.07481372450931, 42.30862461427616]}, "properties": {"street": "COLUMBIA RD", "location_type": "Street", "dispatch_ts": "2019-08-19T23:31:29+00:00", "timestamp_ms": 1566257489000}}, {"type": "Feature", "geometry": {"type": "Point", "coordinates": [-71.0777934928781, 42.34996790170573]}, "properties": {"street": "BOYLSTON ST", "location_type": "Street", "dispatch_ts": "2015-06-04T21:03:51+00:00", "timestamp_ms": 1433451831000}}, {"type": "Feature", "geometry": {"type": "Point", "coordinates": [-71.11138586012848, 42.33240548820058]}, "properties": {"street": "HUNTINGTON AVE", "location_type": "Street", "dispatch_ts": "2017-11-15T17:40:56+00:00", "timestamp_ms": 1510767656000}}, {"type": "Feature", "geometry": {"type": "Point", "coordinates": [-71.13356526470956, 42.28800499983176]}, "properties": {"street": "ROBERT ST", "location_type": "Street", "dispatch_ts": "2015-04-20T01:13:59+00:00", "timestamp_ms": 1429492439000}}, {"type": "Feature", "geometry": {"type": "Point", "coordinates": [-71.0708744258049, 42.34873398984479]}, "properties": {"street": "ISABELLA ST", "location_type": "Street", "dispatch_ts": "2015-07-06T23:19:50+00:00", "timestamp_ms": 1436224790000}}, {"type": "Feature", "geometry": {"type": "Point", "coordinates": [-71.088641463287, 42.34915419274428]}, "properties": {"street": null, "location_type": "Intersection", "dispatch_ts": "2015-09-13T23:35:23+00:00", "timestamp_ms": 1442187323000}}, {"type": "Feature", "geometry": {"type": "Point", "coordinates": [-71.0128205594655, 42.38281895164344]}, "properties": {"street": null, "location_type": "Other", "dispatch_ts": "2020-05-22T22:55:26+00:00", "timestamp_ms": 1590188126000}}, {"type": "Feature", "geometry": {"type": "Point", "coordinates": [-71.13833184664225, 42.35323156453117]}, "properties": {"street": null, "location_type": "Intersection", "dispatch_ts": "2016-09-18T15:21:15+00:00", "timestamp_ms": 1474212075000}}, {"type": "Feature", "geometry": {"type": "Point", "coordinates": [-71.0662166585953, 42.35689740630695]}, "properties": {"street": "BEACON ST", "location_type": "Street", "dispatch_ts": "2017-11-27T23:24:14+00:00", "timestamp_ms": 1511825054000}}, {"type": "Feature", "geometry": {"type": "Point", "coordinates": [-71.10550371004878, 42.32520259784077]}, "properties": {"street": null, "location_type": "Intersection", "dispatch_ts": "2019-12-13T17:37:19+00:00", "timestamp_ms": 1576258639000}}, {"type": "Feature", "geometry": {"type": "Point", "coordinates": [-71.08181395832389, 42.34543689253755]}, "properties": {"street": null, "location_type": "Intersection", "dispatch_ts": "2023-09-10T09:12:02+00:00", "timestamp_ms": 1694337122000}}, {"type": "Feature", "geometry": {"type": "Point", "coordinates": [-71.06132370293207, 42.37148802416994]}, "properties": {"street": "CHELSEA ST", "location_type": "Street", "dispatch_ts": "2017-11-10T12:12:53+00:00", "timestamp_ms": 1510315973000}}, {"type": "Feature", "geometry": {"type": "Point", "coordinates": [-71.1107381844917, 42.35204825372744]}, "properties": {"street": null, "location_type": "Other", "dispatch_ts": "2022-12-13T14:24:52+00:00", "timestamp_ms": 1670941492000}}, {"type": "Feature", "geometry": {"type": "Point", "coordinates": [-71.07085404925088, 42.36061842116408]}, "properties": {"street": "CHARLES ST", "location_type": "Street", "dispatch_ts": "2021-08-11T23:00:27+00:00", "timestamp_ms": 1628722827000}}, {"type": "Feature", "geometry": {"type": "Point", "coordinates": [-71.06798157413824, 42.33169814526776]}, "properties": {"street": null, "location_type": "Intersection", "dispatch_ts": "2015-05-29T13:53:42+00:00", "timestamp_ms": 1432907622000}}, {"type": "Feature", "geometry": {"type": "Point", "coordinates": [-71.06112343759203, 42.35253356182025]}, "properties": {"street": null, "location_type": "Intersection", "dispatch_ts": "2020-11-12T13:36:31+00:00", "timestamp_ms": 1605188191000}}, {"type": "Feature", "geometry": {"type": "Point", "coordinates": [-71.09908451958017, 42.34833065363559]}, "properties": {"street": "BEACON ST", "location_type": "Street", "dispatch_ts": "2016-05-06T11:48:20+00:00", "timestamp_ms": 1462535300000}}, {"type": "Feature", "geometry": {"type": "Point", "coordinates": [-71.11581932118241, 42.35100723755177]}, "properties": {"street": "COMMONWEALTH AVE", "location_type": "Street", "dispatch_ts": "2022-07-20T16:07:33+00:00", "timestamp_ms": 1658333253000}}, {"type": "Feature", "geometry": {"type": "Point", "coordinates": [-71.10991095443079, 42.34032049983787]}, "properties": {"street": null, "location_type": "Intersection", "dispatch_ts": "2020-05-13T11:44:09+00:00", "timestamp_ms": 1589370249000}}, {"type": "Feature", "geometry": {"type": "Point", "coordinates": [-71.13181755596496, 42.35909385169085]}, "properties": {"street": "MANSFIELD ST", "location_type": "Street", "dispatch_ts": "2021-07-04T04:53:51+00:00", "timestamp_ms": 1625374431000}}, {"type": "Feature", "geometry": {"type": "Point", "coordinates": [-71.0698302400398, 42.36420228125111]}, "properties": {"street": "CHARLES ST", "location_type": "Street", "dispatch_ts": "2020-01-28T21:34:03+00:00", "timestamp_ms": 1580247243000}}, {"type": "Feature", "geometry": {"type": "Point", "coordinates": [-71.098390266271, 42.32494158672127]}, "properties": {"street": null, "location_type": "Intersection", "dispatch_ts": "2019-08-17T02:10:11+00:00", "timestamp_ms": 1566007811000}}, {"type": "Feature", "geometry": {"type": "Point", "coordinates": [-71.11073892111, 42.35206936638369]}, "properties": {"street": "BOSTON UNIVERSITY BRG", "location_type": "Street", "dispatch_ts": "2019-07-31T12:32:41+00:00", "timestamp_ms": 1564576361000}}, {"type": "Feature", "geometry": {"type": "Point", "coordinates": [-71.13627007638371, 42.24639529427861]}, "properties": {"street": null, "location_type": "Intersection", "dispatch_ts": "2018-03-31T17:56:14+00:00", "timestamp_ms": 1522518974000}}, {"type": "Feature", "geometry": {"type": "Point", "coordinates": [-71.0706660706763, 42.35842961107689]}, "properties": {"street": "CHARLES ST", "location_type": "Street", "dispatch_ts": "2025-08-26T16:29:44+00:00", "timestamp_ms": 1756225784000}}, {"type": "Feature", "geometry": {"type": "Point", "coordinates": [-71.10166387003814, 42.349519642337306]}, "properties": {"street": "COMMONWEALTH AVE", "location_type": "Street", "dispatch_ts": "2020-07-27T00:33:41+00:00", "timestamp_ms": 1595810021000}}, {"type": "Feature", "geometry": {"type": "Point", "coordinates": [-71.0651763119515, 42.32483366412123]}, "properties": {"street": null, "location_type": "Intersection", "dispatch_ts": "2019-11-22T22:25:09+00:00", "timestamp_ms": 1574461509000}}, {"type": "Feature", "geometry": {"type": "Point", "coordinates": [-71.07302580875351, 42.357086592627496]}, "properties": {"street": "DAVID G MUGAR WAY", "location_type": "Street", "dispatch_ts": "2016-07-19T13:04:46+00:00", "timestamp_ms": 1468933486000}}, {"type": "Feature", "geometry": {"type": "Point", "coordinates": [-71.07071661568612, 42.331361390215626]}, "properties": {"street": "MASSACHUSETTS AVE", "location_type": "Street", "dispatch_ts": "2019-03-19T13:08:34+00:00", "timestamp_ms": 1553000914000}}, {"type": "Feature", "geometry": {"type": "Point", "coordinates": [-71.132804698258, 42.238447420438256]}, "properties": {"street": "HYDE PARK AVE", "location_type": "Street", "dispatch_ts": "2019-06-04T17:00:11+00:00", "timestamp_ms": 1559667611000}}, {"type": "Feature", "geometry": {"type": "Point", "coordinates": [-71.05390119439755, 42.27826916845255]}, "properties": {"street": "GRANITE AVE", "location_type": "Street", "dispatch_ts": "2018-04-01T14:30:59+00:00", "timestamp_ms": 1522593059000}}, {"type": "Feature", "geometry": {"type": "Point", "coordinates": [-71.08686595856139, 42.34131999156199]}, "properties": {"street": "HUNTINGTON AVE", "location_type": "Street", "dispatch_ts": "2015-05-29T19:32:21+00:00", "timestamp_ms": 1432927941000}}, {"type": "Feature", "geometry": {"type": "Point", "coordinates": [-71.0532214345799, 42.29599253570569]}, "properties": {"street": "VICTORY RD", "location_type": "Street", "dispatch_ts": "2015-09-12T17:35:13+00:00", "timestamp_ms": 1442079313000}}, {"type": "Feature", "geometry": {"type": "Point", "coordinates": [-71.08192803115027, 42.3285186487678]}, "properties": {"street": "DUDLEY ST", "location_type": "Street", "dispatch_ts": "2019-07-07T04:27:22+00:00", "timestamp_ms": 1562473642000}}, {"type": "Feature", "geometry": {"type": "Point", "coordinates": [-71.14019979651509, 42.348634388663505]}, "properties": {"street": null, "location_type": "Intersection", "dispatch_ts": "2024-07-03T13:52:07+00:00", "timestamp_ms": 1720014727000}}, {"type": "Feature", "geometry": {"type": "Point", "coordinates": [-71.07512877861727, 42.33497045406834]}, "properties": {"street": null, "location_type": "Intersection", "dispatch_ts": "2019-05-27T19:15:01+00:00", "timestamp_ms": 1558984501000}}, {"type": "Feature", "geometry": {"type": "Point", "coordinates": [-71.0894836662669, 42.350858072765824]}, "properties": {"street": null, "location_type": "Intersection", "dispatch_ts": "2016-09-26T23:28:52+00:00", "timestamp_ms": 1474932532000}}, {"type": "Feature", "geometry": {"type": "Point", "coordinates": [-71.0996030447766, 42.34618864212184]}, "properties": {"street": "BROOKLINE AVE", "location_type": "Street", "dispatch_ts": "2016-01-12T23:03:25+00:00", "timestamp_ms": 1452639805000}}, {"type": "Feature", "geometry": {"type": "Point", "coordinates": [-71.1483765629519, 42.28711159199608]}, "properties": {"street": "CENTRE ST", "location_type": "Street", "dispatch_ts": "2018-01-25T13:37:45+00:00", "timestamp_ms": 1516887465000}}, {"type": "Feature", "geometry": {"type": "Point", "coordinates": [-71.07384872493837, 42.384779170190896]}, "properties": {"street": null, "location_type": "Intersection", "dispatch_ts": "2023-11-02T14:21:06+00:00", "timestamp_ms": 1698934866000}}, {"type": "Feature", "geometry": {"type": "Point", "coordinates": [-71.10043638865415, 42.35097122012441]}, "properties": {"street": "JAMES J STORROW MEMORIAL DR", "location_type": "Street", "dispatch_ts": "2018-09-20T22:42:37+00:00", "timestamp_ms": 1537483357000}}, {"type": "Feature", "geometry": {"type": "Point", "coordinates": [-71.10439456596154, 42.3096155855278]}, "properties": {"street": "WASHINGTON ST", "location_type": "Street", "dispatch_ts": "2025-01-01T13:56:39+00:00", "timestamp_ms": 1735739799000}}, {"type": "Feature", "geometry": {"type": "Point", "coordinates": [-71.088641463287, 42.34915419274428]}, "properties": {"street": null, "location_type": "Intersection", "dispatch_ts": "2017-10-28T17:43:45+00:00", "timestamp_ms": 1509212625000}}, {"type": "Feature", "geometry": {"type": "Point", "coordinates": [-71.06097788138149, 42.358152596863334]}, "properties": {"street": "BEACON ST", "location_type": "Street", "dispatch_ts": "2026-04-01T13:59:02+00:00", "timestamp_ms": 1775051942000}}, {"type": "Feature", "geometry": {"type": "Point", "coordinates": [-71.06506719304679, 42.30806374388843]}, "properties": {"street": null, "location_type": "Intersection", "dispatch_ts": "2017-01-13T13:43:10+00:00", "timestamp_ms": 1484314990000}}, {"type": "Feature", "geometry": {"type": "Point", "coordinates": [-71.13210983019133, 42.35308579191109]}, "properties": {"street": null, "location_type": "Intersection", "dispatch_ts": "2017-07-19T19:46:40+00:00", "timestamp_ms": 1500493600000}}, {"type": "Feature", "geometry": {"type": "Point", "coordinates": [-71.06919688178384, 42.32342182183774]}, "properties": {"street": "BURRELL ST", "location_type": "Street", "dispatch_ts": "2016-10-10T20:01:01+00:00", "timestamp_ms": 1476129661000}}, {"type": "Feature", "geometry": {"type": "Point", "coordinates": [-71.12566057475938, 42.351565669020026]}, "properties": {"street": "COMMONWEALTH AVE", "location_type": "Street", "dispatch_ts": "2016-09-09T22:58:51+00:00", "timestamp_ms": 1473461931000}}, {"type": "Feature", "geometry": {"type": "Point", "coordinates": [-71.0091080867607, 42.38794492226888]}, "properties": {"street": "BOARDMAN ST", "location_type": "Street", "dispatch_ts": "2020-08-29T22:00:20+00:00", "timestamp_ms": 1598738420000}}, {"type": "Feature", "geometry": {"type": "Point", "coordinates": [-71.05540858889663, 42.28437203750426]}, "properties": {"street": "ADAMS ST", "location_type": "Street", "dispatch_ts": "2021-01-23T00:46:03+00:00", "timestamp_ms": 1611362763000}}, {"type": "Feature", "geometry": {"type": "Point", "coordinates": [-71.0890957622328, 42.35006295890982]}, "properties": {"street": null, "location_type": "Intersection", "dispatch_ts": "2023-09-07T22:14:11+00:00", "timestamp_ms": 1694124851000}}, {"type": "Feature", "geometry": {"type": "Point", "coordinates": [-71.04551330927154, 42.335468931823016]}, "properties": {"street": null, "location_type": "Intersection", "dispatch_ts": "2022-04-08T04:17:04+00:00", "timestamp_ms": 1649391424000}}, {"type": "Feature", "geometry": {"type": "Point", "coordinates": [-71.07377121387327, 42.383933900770366]}, "properties": {"street": null, "location_type": "Intersection", "dispatch_ts": "2022-06-21T12:00:50+00:00", "timestamp_ms": 1655812850000}}, {"type": "Feature", "geometry": {"type": "Point", "coordinates": [-71.07440933144791, 42.3298074223264]}, "properties": {"street": null, "location_type": "Intersection", "dispatch_ts": "2022-03-27T17:25:01+00:00", "timestamp_ms": 1648401901000}}, {"type": "Feature", "geometry": {"type": "Point", "coordinates": [-71.08773574910583, 42.347297506470184]}, "properties": {"street": null, "location_type": "Intersection", "dispatch_ts": "2015-07-16T19:05:48+00:00", "timestamp_ms": 1437073548000}}, {"type": "Feature", "geometry": {"type": "Point", "coordinates": [-71.09672716071056, 42.34876451600292]}, "properties": {"street": "COMMONWEALTH AVE", "location_type": "Street", "dispatch_ts": "2024-09-19T16:45:00+00:00", "timestamp_ms": 1726764300000}}, {"type": "Feature", "geometry": {"type": "Point", "coordinates": [-71.05089058974478, 42.35566162222885]}, "properties": {"street": "ATLANTIC AVE", "location_type": "Street", "dispatch_ts": "2019-08-27T21:41:40+00:00", "timestamp_ms": 1566942100000}}, {"type": "Feature", "geometry": {"type": "Point", "coordinates": [-71.1575214893399, 42.34126649846653]}, "properties": {"street": "KIRKWOOD RD", "location_type": "Street", "dispatch_ts": "2018-08-20T12:52:48+00:00", "timestamp_ms": 1534769568000}}, {"type": "Feature", "geometry": {"type": "Point", "coordinates": [-71.10190476520138, 42.3434511537736]}, "properties": {"street": "BOYLSTON ST", "location_type": "Street", "dispatch_ts": "2016-08-05T15:25:05+00:00", "timestamp_ms": 1470410705000}}, {"type": "Feature", "geometry": {"type": "Point", "coordinates": [-71.15816896352533, 42.28069501821534]}, "properties": {"street": null, "location_type": "Intersection", "dispatch_ts": "2021-07-20T23:45:14+00:00", "timestamp_ms": 1626824714000}}, {"type": "Feature", "geometry": {"type": "Point", "coordinates": [-71.09290243649615, 42.268115966745306]}, "properties": {"street": "RIVER ST", "location_type": "Street", "dispatch_ts": "2017-10-02T20:12:10+00:00", "timestamp_ms": 1506975130000}}, {"type": "Feature", "geometry": {"type": "Point", "coordinates": [-71.08704845767167, 42.29812323243154]}, "properties": {"street": null, "location_type": "Intersection", "dispatch_ts": "2016-03-23T18:35:03+00:00", "timestamp_ms": 1458758103000}}, {"type": "Feature", "geometry": {"type": "Point", "coordinates": [-71.10823014613193, 42.333259700041786]}, "properties": {"street": "HUNTINGTON AVE", "location_type": "Street", "dispatch_ts": "2018-09-14T19:28:12+00:00", "timestamp_ms": 1536953292000}}, {"type": "Feature", "geometry": {"type": "Point", "coordinates": [-71.1451690042365, 42.29731000113972]}, "properties": {"street": "CREHORE RD", "location_type": "Street", "dispatch_ts": "2025-07-06T10:59:37+00:00", "timestamp_ms": 1751799577000}}, {"type": "Feature", "geometry": {"type": "Point", "coordinates": [-71.04176633681377, 42.28638506393051]}, "properties": {"street": null, "location_type": "Intersection", "dispatch_ts": "2024-11-26T14:37:31+00:00", "timestamp_ms": 1732631851000}}, {"type": "Feature", "geometry": {"type": "Point", "coordinates": [-71.06623336651907, 42.32718212978781]}, "properties": {"street": "NEWMARKET SQ", "location_type": "Street", "dispatch_ts": "2024-09-22T03:42:41+00:00", "timestamp_ms": 1726976561000}}, {"type": "Feature", "geometry": {"type": "Point", "coordinates": [-71.14563236367681, 42.350794196182605]}, "properties": {"street": null, "location_type": "Intersection", "dispatch_ts": "2017-09-07T01:39:59+00:00", "timestamp_ms": 1504748399000}}, {"type": "Feature", "geometry": {"type": "Point", "coordinates": [-71.10933825044575, 42.33705717062523]}, "properties": {"street": null, "location_type": "Intersection", "dispatch_ts": "2016-06-17T07:46:39+00:00", "timestamp_ms": 1466149599000}}, {"type": "Feature", "geometry": {"type": "Point", "coordinates": [-71.08778348767794, 42.31928868821555]}, "properties": {"street": "HAROLD PARK", "location_type": "Street", "dispatch_ts": "2017-06-26T00:15:50+00:00", "timestamp_ms": 1498436150000}}, {"type": "Feature", "geometry": {"type": "Point", "coordinates": [-71.080797237222, 42.34916814977043]}, "properties": {"street": null, "location_type": "Intersection", "dispatch_ts": "2016-02-10T15:12:56+00:00", "timestamp_ms": 1455117176000}}, {"type": "Feature", "geometry": {"type": "Point", "coordinates": [-71.07563050723822, 42.33746016491123]}, "properties": {"street": null, "location_type": "Intersection", "dispatch_ts": "2017-09-23T03:20:02+00:00", "timestamp_ms": 1506136802000}}, {"type": "Feature", "geometry": {"type": "Point", "coordinates": [-71.11440962732273, 42.31153044561183]}, "properties": {"street": "CENTRE ST", "location_type": "Street", "dispatch_ts": "2026-01-21T16:32:10+00:00", "timestamp_ms": 1769013130000}}, {"type": "Feature", "geometry": {"type": "Point", "coordinates": [-71.08040702032113, 42.285487877184345]}, "properties": {"street": null, "location_type": "Intersection", "dispatch_ts": "2016-08-17T04:09:40+00:00", "timestamp_ms": 1471406980000}}, {"type": "Feature", "geometry": {"type": "Point", "coordinates": [-71.0098402994942, 42.39545912972717]}, "properties": {"street": "WILLIAM F MCCLELLAN HWY", "location_type": "Street", "dispatch_ts": "2023-07-26T14:25:57+00:00", "timestamp_ms": 1690381557000}}, {"type": "Feature", "geometry": {"type": "Point", "coordinates": [-71.0816247147965, 42.320770095352906]}, "properties": {"street": null, "location_type": "Intersection", "dispatch_ts": "2019-11-26T00:34:18+00:00", "timestamp_ms": 1574728458000}}, {"type": "Feature", "geometry": {"type": "Point", "coordinates": [-71.0571871584288, 42.36339220990205]}, "properties": {"street": null, "location_type": "Intersection", "dispatch_ts": "2023-10-11T23:02:00+00:00", "timestamp_ms": 1697065320000}}, {"type": "Feature", "geometry": {"type": "Point", "coordinates": [-71.07739009979856, 42.33688680645476]}, "properties": {"street": "MASSACHUSETTS AVE", "location_type": "Street", "dispatch_ts": "2015-09-01T12:59:46+00:00", "timestamp_ms": 1441112386000}}, {"type": "Feature", "geometry": {"type": "Point", "coordinates": [-71.08813477346843, 42.34811804821059]}, "properties": {"street": null, "location_type": "Intersection", "dispatch_ts": "2016-08-16T18:42:40+00:00", "timestamp_ms": 1471372960000}}, {"type": "Feature", "geometry": {"type": "Point", "coordinates": [-71.05270564066149, 42.37598721493428]}, "properties": {"street": "FIRST AVE", "location_type": "Street", "dispatch_ts": "2017-10-17T20:09:38+00:00", "timestamp_ms": 1508270978000}}, {"type": "Feature", "geometry": {"type": "Point", "coordinates": [-71.07173518738091, 42.3834742538953]}, "properties": {"street": null, "location_type": "Intersection", "dispatch_ts": "2019-04-21T03:09:13+00:00", "timestamp_ms": 1555816153000}}, {"type": "Feature", "geometry": {"type": "Point", "coordinates": [-71.12371933998844, 42.36833400288524]}, "properties": {"street": null, "location_type": "Intersection", "dispatch_ts": "2021-03-21T14:27:50+00:00", "timestamp_ms": 1616336870000}}, {"type": "Feature", "geometry": {"type": "Point", "coordinates": [-71.05453743963865, 42.36550866251224]}, "properties": {"street": "BENNET ST", "location_type": "Street", "dispatch_ts": "2023-08-22T00:31:16+00:00", "timestamp_ms": 1692664276000}}, {"type": "Feature", "geometry": {"type": "Point", "coordinates": [-71.13152871026148, 42.34848794376968]}, "properties": {"street": "BRAINERD RD", "location_type": "Street", "dispatch_ts": "2024-05-14T21:12:17+00:00", "timestamp_ms": 1715721137000}}, {"type": "Feature", "geometry": {"type": "Point", "coordinates": [-71.08754147473843, 42.34688924784556]}, "properties": {"street": "MASSACHUSETTS AVE", "location_type": "Street", "dispatch_ts": "2022-04-25T21:45:32+00:00", "timestamp_ms": 1650923132000}}, {"type": "Feature", "geometry": {"type": "Point", "coordinates": [-71.08291357503632, 42.35172431083259]}, "properties": {"street": "MARLBOROUGH ST", "location_type": "Street", "dispatch_ts": "2024-10-21T12:42:27+00:00", "timestamp_ms": 1729514547000}}, {"type": "Feature", "geometry": {"type": "Point", "coordinates": [-71.00788249628545, 42.39214800167566]}, "properties": {"street": "FAYWOOD AVE", "location_type": "Street", "dispatch_ts": "2016-05-14T21:44:53+00:00", "timestamp_ms": 1463262293000}}, {"type": "Feature", "geometry": {"type": "Point", "coordinates": [-71.1006244664959, 42.320555117240566]}, "properties": {"street": "AMORY TER", "location_type": "Street", "dispatch_ts": "2026-06-24T15:30:42+00:00", "timestamp_ms": 1782315042000}}, {"type": "Feature", "geometry": {"type": "Point", "coordinates": [-71.11729400834001, 42.35424461416438]}, "properties": {"street": "SOLDIERS FIELD RD", "location_type": "Street", "dispatch_ts": "2019-10-04T21:44:33+00:00", "timestamp_ms": 1570225473000}}, {"type": "Feature", "geometry": {"type": "Point", "coordinates": [-71.06591721302512, 42.31644411555641]}, "properties": {"street": "COLUMBIA RD", "location_type": "Street", "dispatch_ts": "2022-06-30T21:06:10+00:00", "timestamp_ms": 1656623170000}}, {"type": "Feature", "geometry": {"type": "Point", "coordinates": [-71.05631878717512, 42.34113120346945]}, "properties": {"street": null, "location_type": "Intersection", "dispatch_ts": "2015-08-29T20:58:17+00:00", "timestamp_ms": 1440881897000}}, {"type": "Feature", "geometry": {"type": "Point", "coordinates": [-71.08773574910583, 42.347297506470184]}, "properties": {"street": null, "location_type": "Intersection", "dispatch_ts": "2024-04-05T22:05:57+00:00", "timestamp_ms": 1712354757000}}, {"type": "Feature", "geometry": {"type": "Point", "coordinates": [-71.15675185984712, 42.339188050718995]}, "properties": {"street": "COMMONWEALTH AVE", "location_type": "Street", "dispatch_ts": "2022-07-17T21:20:06+00:00", "timestamp_ms": 1658092806000}}, {"type": "Feature", "geometry": {"type": "Point", "coordinates": [-71.03839790701728, 42.37208269473564]}, "properties": {"street": "GOVE ST", "location_type": "Street", "dispatch_ts": "2024-10-09T08:48:25+00:00", "timestamp_ms": 1728463705000}}, {"type": "Feature", "geometry": {"type": "Point", "coordinates": [-71.12238460948221, 42.351822503178]}, "properties": {"street": null, "location_type": "Intersection", "dispatch_ts": "2018-07-11T03:15:55+00:00", "timestamp_ms": 1531278955000}}, {"type": "Feature", "geometry": {"type": "Point", "coordinates": [-71.080797237222, 42.34916814977043]}, "properties": {"street": null, "location_type": "Intersection", "dispatch_ts": "2016-06-15T23:37:22+00:00", "timestamp_ms": 1466033842000}}, {"type": "Feature", "geometry": {"type": "Point", "coordinates": [-71.06747641439995, 42.300024986408864]}, "properties": {"street": null, "location_type": "Intersection", "dispatch_ts": "2019-07-11T23:06:52+00:00", "timestamp_ms": 1562886412000}}, {"type": "Feature", "geometry": {"type": "Point", "coordinates": [-71.05732495090447, 42.35758185480327]}, "properties": {"street": null, "location_type": "Intersection", "dispatch_ts": "2023-07-28T12:50:04+00:00", "timestamp_ms": 1690548604000}}, {"type": "Feature", "geometry": {"type": "Point", "coordinates": [-71.07201818804987, 42.33262014368461]}, "properties": {"street": null, "location_type": "Intersection", "dispatch_ts": "2022-01-26T13:24:14+00:00", "timestamp_ms": 1643203454000}}, {"type": "Feature", "geometry": {"type": "Point", "coordinates": [-71.11605335874168, 42.3512447023951]}, "properties": {"street": "COMMONWEALTH AVE", "location_type": "Street", "dispatch_ts": "2018-10-26T23:41:51+00:00", "timestamp_ms": 1540597311000}}, {"type": "Feature", "geometry": {"type": "Point", "coordinates": [-71.0573803959455, 42.367768839668166]}, "properties": {"street": null, "location_type": "Intersection", "dispatch_ts": "2018-07-18T20:03:31+00:00", "timestamp_ms": 1531944211000}}, {"type": "Feature", "geometry": {"type": "Point", "coordinates": [-71.0997233111591, 42.34404667373283]}, "properties": {"street": "BOYLSTON ST", "location_type": "Street", "dispatch_ts": "2018-10-18T14:55:54+00:00", "timestamp_ms": 1539874554000}}, {"type": "Feature", "geometry": {"type": "Point", "coordinates": [-71.15087520552365, 42.34571443972992]}, "properties": {"street": "UNION ST", "location_type": "Street", "dispatch_ts": "2017-09-27T20:56:43+00:00", "timestamp_ms": 1506545803000}}, {"type": "Feature", "geometry": {"type": "Point", "coordinates": [-71.03930346756951, 42.38261747043974]}, "properties": {"street": null, "location_type": "Intersection", "dispatch_ts": "2019-09-10T23:48:16+00:00", "timestamp_ms": 1568159296000}}, {"type": "Feature", "geometry": {"type": "Point", "coordinates": [-71.0390043353047, 42.371884419727365]}, "properties": {"street": "MERIDIAN ST", "location_type": "Street", "dispatch_ts": "2021-10-23T03:48:06+00:00", "timestamp_ms": 1634960886000}}, {"type": "Feature", "geometry": {"type": "Point", "coordinates": [-71.11410491547647, 42.31461092733042]}, "properties": {"street": null, "location_type": "Intersection", "dispatch_ts": "2021-05-17T19:40:32+00:00", "timestamp_ms": 1621280432000}}, {"type": "Feature", "geometry": {"type": "Point", "coordinates": [-71.11981842797863, 42.3077938415592]}, "properties": {"street": "ARBORWAY ", "location_type": "Street", "dispatch_ts": "2024-06-10T19:50:21+00:00", "timestamp_ms": 1718049021000}}, {"type": "Feature", "geometry": {"type": "Point", "coordinates": [-71.10056780840284, 42.32283108180544]}, "properties": {"street": null, "location_type": "Intersection", "dispatch_ts": "2022-06-14T11:23:52+00:00", "timestamp_ms": 1655205832000}}, {"type": "Feature", "geometry": {"type": "Point", "coordinates": [-71.11657758300223, 42.32102718594854]}, "properties": {"street": null, "location_type": "Intersection", "dispatch_ts": "2022-03-21T11:40:25+00:00", "timestamp_ms": 1647862825000}}, {"type": "Feature", "geometry": {"type": "Point", "coordinates": [-71.0812750269311, 42.34506274949909]}, "properties": {"street": null, "location_type": "Intersection", "dispatch_ts": "2018-10-05T11:42:00+00:00", "timestamp_ms": 1538739720000}}, {"type": "Feature", "geometry": {"type": "Point", "coordinates": [-71.1103637782334, 42.32868085041572]}, "properties": {"street": "HEATH ST", "location_type": "Street", "dispatch_ts": "2023-08-08T14:56:02+00:00", "timestamp_ms": 1691506562000}}, {"type": "Feature", "geometry": {"type": "Point", "coordinates": [-71.09162933343781, 42.35028253854257]}, "properties": {"street": null, "location_type": "Intersection", "dispatch_ts": "2019-05-31T11:48:55+00:00", "timestamp_ms": 1559303335000}}, {"type": "Feature", "geometry": {"type": "Point", "coordinates": [-71.09162933343781, 42.35028253854257]}, "properties": {"street": null, "location_type": "Intersection", "dispatch_ts": "2022-07-04T22:06:08+00:00", "timestamp_ms": 1656972368000}}, {"type": "Feature", "geometry": {"type": "Point", "coordinates": [-71.05904021775517, 42.30488706337365]}, "properties": {"street": "DORCHESTER AVE", "location_type": "Street", "dispatch_ts": "2024-09-18T00:09:35+00:00", "timestamp_ms": 1726618175000}}, {"type": "Feature", "geometry": {"type": "Point", "coordinates": [-71.08524455338558, 42.28630413764355]}, "properties": {"street": "MASCOT ST", "location_type": "Street", "dispatch_ts": "2017-05-28T22:16:34+00:00", "timestamp_ms": 1496009794000}}, {"type": "Feature", "geometry": {"type": "Point", "coordinates": [-71.06187473033165, 42.36105377760839]}, "properties": {"street": "CAMBRIDGE ST", "location_type": "Street", "dispatch_ts": "2015-10-14T13:12:49+00:00", "timestamp_ms": 1444828369000}}, {"type": "Feature", "geometry": {"type": "Point", "coordinates": [-71.06323272074422, 42.34635843081048]}, "properties": {"street": null, "location_type": "Intersection", "dispatch_ts": "2018-05-08T18:06:53+00:00", "timestamp_ms": 1525802813000}}, {"type": "Feature", "geometry": {"type": "Point", "coordinates": [-71.08740015057107, 42.34663977833315]}, "properties": {"street": null, "location_type": "Intersection", "dispatch_ts": "2016-11-12T04:03:14+00:00", "timestamp_ms": 1478923394000}}, {"type": "Feature", "geometry": {"type": "Point", "coordinates": [-71.07988525606504, 42.334177765678234]}, "properties": {"street": null, "location_type": "Intersection", "dispatch_ts": "2017-07-05T19:57:13+00:00", "timestamp_ms": 1499284633000}}, {"type": "Feature", "geometry": {"type": "Point", "coordinates": [-71.13735642950382, 42.28267696634389]}, "properties": {"street": null, "location_type": "Intersection", "dispatch_ts": "2022-11-10T22:59:46+00:00", "timestamp_ms": 1668121186000}}, {"type": "Feature", "geometry": {"type": "Point", "coordinates": [-71.13427136001334, 42.28816432048704]}, "properties": {"street": null, "location_type": "Intersection", "dispatch_ts": "2023-07-19T21:59:27+00:00", "timestamp_ms": 1689803967000}}, {"type": "Feature", "geometry": {"type": "Point", "coordinates": [-71.0587537689687, 42.306152823943656]}, "properties": {"street": "DORCHESTER AVE", "location_type": "Street", "dispatch_ts": "2016-03-07T17:07:37+00:00", "timestamp_ms": 1457370457000}}, {"type": "Feature", "geometry": {"type": "Point", "coordinates": [-71.12371933998844, 42.36833400288524]}, "properties": {"street": null, "location_type": "Intersection", "dispatch_ts": "2025-08-06T14:24:03+00:00", "timestamp_ms": 1754490243000}}, {"type": "Feature", "geometry": {"type": "Point", "coordinates": [-71.088641463287, 42.34915419274428]}, "properties": {"street": null, "location_type": "Intersection", "dispatch_ts": "2016-07-27T19:41:59+00:00", "timestamp_ms": 1469648519000}}, {"type": "Feature", "geometry": {"type": "Point", "coordinates": [-71.06289015150102, 42.35565209264844]}, "properties": {"street": null, "location_type": "Intersection", "dispatch_ts": "2015-07-28T22:42:15+00:00", "timestamp_ms": 1438123335000}}, {"type": "Feature", "geometry": {"type": "Point", "coordinates": [-71.07709908615614, 42.35015460164899]}, "properties": {"street": "BOYLSTON ST", "location_type": "Street", "dispatch_ts": "2022-11-16T03:02:52+00:00", "timestamp_ms": 1668567772000}}, {"type": "Feature", "geometry": {"type": "Point", "coordinates": [-71.13525314729463, 42.35447236130694]}, "properties": {"street": "CAMBRIDGE ST", "location_type": "Street", "dispatch_ts": "2016-07-22T12:22:41+00:00", "timestamp_ms": 1469190161000}}, {"type": "Feature", "geometry": {"type": "Point", "coordinates": [-71.07123825942024, 42.33192695664471]}, "properties": {"street": "MASSACHUSETTS AVE", "location_type": "Street", "dispatch_ts": "2023-07-18T17:41:11+00:00", "timestamp_ms": 1689702071000}}, {"type": "Feature", "geometry": {"type": "Point", "coordinates": [-71.04962401137853, 42.31803751949666]}, "properties": {"street": "WILLIAM T MORRISSEY BLVD", "location_type": "Street", "dispatch_ts": "2024-03-10T01:15:29+00:00", "timestamp_ms": 1710033329000}}, {"type": "Feature", "geometry": {"type": "Point", "coordinates": [-71.06874877816307, 42.30648118154433]}, "properties": {"street": "NORTON ST", "location_type": "Street", "dispatch_ts": "2016-07-16T00:44:14+00:00", "timestamp_ms": 1468629854000}}, {"type": "Feature", "geometry": {"type": "Point", "coordinates": [-71.04224600177733, 42.28617199958168]}, "properties": {"street": "WILLIAM T MORRISSEY BLVD", "location_type": "Street", "dispatch_ts": "2024-05-16T08:12:02+00:00", "timestamp_ms": 1715847122000}}, {"type": "Feature", "geometry": {"type": "Point", "coordinates": [-71.10741114351066, 42.35020137912132]}, "properties": {"street": "COMMONWEALTH AVE", "location_type": "Street", "dispatch_ts": "2016-12-08T00:07:24+00:00", "timestamp_ms": 1481155644000}}, {"type": "Feature", "geometry": {"type": "Point", "coordinates": [-71.06122539714262, 42.29663970164146]}, "properties": {"street": "DORCHESTER AVE", "location_type": "Street", "dispatch_ts": "2015-04-14T22:10:36+00:00", "timestamp_ms": 1429049436000}}, {"type": "Feature", "geometry": {"type": "Point", "coordinates": [-71.08753583400245, 42.29645327985158]}, "properties": {"street": "BLUE HILL AVE", "location_type": "Street", "dispatch_ts": "2019-05-24T21:49:42+00:00", "timestamp_ms": 1558734582000}}, {"type": "Feature", "geometry": {"type": "Point", "coordinates": [-71.08701122709405, 42.28158103626234]}, "properties": {"street": null, "location_type": "Intersection", "dispatch_ts": "2016-10-17T23:15:18+00:00", "timestamp_ms": 1476746118000}}, {"type": "Feature", "geometry": {"type": "Point", "coordinates": [-71.1519508959038, 42.33690479952035]}, "properties": {"street": "CHESTNUT HILL AVE", "location_type": "Street", "dispatch_ts": "2018-09-01T14:58:26+00:00", "timestamp_ms": 1535813906000}}, {"type": "Feature", "geometry": {"type": "Point", "coordinates": [-71.09046781779963, 42.33564513421851]}, "properties": {"street": "RUGGLES ST", "location_type": "Street", "dispatch_ts": "2015-05-05T10:47:43+00:00", "timestamp_ms": 1430822863000}}, {"type": "Feature", "geometry": {"type": "Point", "coordinates": [-71.068597703193, 42.34019142788279]}, "properties": {"street": null, "location_type": "Intersection", "dispatch_ts": "2017-05-15T16:26:42+00:00", "timestamp_ms": 1494865602000}}, {"type": "Feature", "geometry": {"type": "Point", "coordinates": [-71.06601342943937, 42.328123823924145]}, "properties": {"street": "NEWMARKET SQ", "location_type": "Street", "dispatch_ts": "2021-10-31T04:53:19+00:00", "timestamp_ms": 1635655999000}}, {"type": "Feature", "geometry": {"type": "Point", "coordinates": [-71.13661903875693, 42.35356777574584]}, "properties": {"street": null, "location_type": "Intersection", "dispatch_ts": "2023-07-08T22:23:22+00:00", "timestamp_ms": 1688855002000}}, {"type": "Feature", "geometry": {"type": "Point", "coordinates": [-71.1678013844511, 42.35797472488565]}, "properties": {"street": "NONANTUM RD", "location_type": "Street", "dispatch_ts": "2023-01-12T14:39:16+00:00", "timestamp_ms": 1673534356000}}, {"type": "Feature", "geometry": {"type": "Point", "coordinates": [-71.06366571027837, 42.30006666389525]}, "properties": {"street": "CHARLES ST", "location_type": "Street", "dispatch_ts": "2023-06-30T23:51:41+00:00", "timestamp_ms": 1688169101000}}, {"type": "Feature", "geometry": {"type": "Point", "coordinates": [-71.06916302705761, 42.30541254709199]}, "properties": {"street": null, "location_type": "Intersection", "dispatch_ts": "2015-01-01T23:23:57+00:00", "timestamp_ms": 1420154637000}}, {"type": "Feature", "geometry": {"type": "Point", "coordinates": [-71.05067118904451, 42.35703298028707]}, "properties": {"street": "ROWES WHRF", "location_type": "Street", "dispatch_ts": "2018-04-28T23:55:28+00:00", "timestamp_ms": 1524959728000}}, {"type": "Feature", "geometry": {"type": "Point", "coordinates": [-71.14659884058, 42.29247895477087]}, "properties": {"street": null, "location_type": "Intersection", "dispatch_ts": "2020-06-02T16:40:08+00:00", "timestamp_ms": 1591116008000}}, {"type": "Feature", "geometry": {"type": "Point", "coordinates": [-71.05938693286296, 42.35253378157065]}, "properties": {"street": null, "location_type": "Intersection", "dispatch_ts": "2019-06-24T01:45:29+00:00", "timestamp_ms": 1561340729000}}, {"type": "Feature", "geometry": {"type": "Point", "coordinates": [-71.04805023732521, 42.353604973710745]}, "properties": {"street": "SLEEPER ST", "location_type": "Street", "dispatch_ts": "2025-04-23T22:01:05+00:00", "timestamp_ms": 1745445665000}}, {"type": "Feature", "geometry": {"type": "Point", "coordinates": [-71.12534192959686, 42.35179971323944]}, "properties": {"street": "COMMONWEALTH AVE", "location_type": "Street", "dispatch_ts": "2023-10-27T21:29:16+00:00", "timestamp_ms": 1698442156000}}, {"type": "Feature", "geometry": {"type": "Point", "coordinates": [-71.09437514443358, 42.331421903284216]}, "properties": {"street": null, "location_type": "Intersection", "dispatch_ts": "2016-09-21T12:44:32+00:00", "timestamp_ms": 1474461872000}}, {"type": "Feature", "geometry": {"type": "Point", "coordinates": [-71.10310285038632, 42.347222790536094]}, "properties": {"street": "BEACON ST", "location_type": "Street", "dispatch_ts": "2020-07-07T04:26:16+00:00", "timestamp_ms": 1594095976000}}, {"type": "Feature", "geometry": {"type": "Point", "coordinates": [-71.08917085948174, 42.31559439558703]}, "properties": {"street": "HOLLANDER ST", "location_type": "Street", "dispatch_ts": "2024-09-14T22:15:06+00:00", "timestamp_ms": 1726352106000}}, {"type": "Feature", "geometry": {"type": "Point", "coordinates": [-71.11470514369445, 42.31063021157712]}, "properties": {"street": "CENTRE ST", "location_type": "Street", "dispatch_ts": "2025-07-14T16:02:56+00:00", "timestamp_ms": 1752508976000}}, {"type": "Feature", "geometry": {"type": "Point", "coordinates": [-71.12822701208698, 42.35308575126245]}, "properties": {"street": "CHESTER ST", "location_type": "Street", "dispatch_ts": "2022-09-12T22:47:58+00:00", "timestamp_ms": 1663022878000}}, {"type": "Feature", "geometry": {"type": "Point", "coordinates": [-71.0816969839881, 42.33196977148851]}, "properties": {"street": null, "location_type": "Intersection", "dispatch_ts": "2025-07-21T20:11:41+00:00", "timestamp_ms": 1753128701000}}, {"type": "Feature", "geometry": {"type": "Point", "coordinates": [-71.095725428098, 42.331588396898496]}, "properties": {"street": "TREMONT ST", "location_type": "Street", "dispatch_ts": "2025-09-19T21:46:20+00:00", "timestamp_ms": 1758318380000}}, {"type": "Feature", "geometry": {"type": "Point", "coordinates": [-71.07702219706704, 42.33646616628194]}, "properties": {"street": null, "location_type": "Intersection", "dispatch_ts": "2026-01-07T23:46:39+00:00", "timestamp_ms": 1767829599000}}, {"type": "Feature", "geometry": {"type": "Point", "coordinates": [-71.07302580875351, 42.357086592627496]}, "properties": {"street": "DAVID G MUGAR WAY", "location_type": "Street", "dispatch_ts": "2015-06-27T20:38:27+00:00", "timestamp_ms": 1435437507000}}, {"type": "Feature", "geometry": {"type": "Point", "coordinates": [-71.11388850837422, 42.35098401309591]}, "properties": {"street": "COMMONWEALTH AVE", "location_type": "Street", "dispatch_ts": "2015-10-20T13:32:07+00:00", "timestamp_ms": 1445347927000}}, {"type": "Feature", "geometry": {"type": "Point", "coordinates": [-71.12371933998844, 42.36833400288524]}, "properties": {"street": null, "location_type": "Intersection", "dispatch_ts": "2018-10-31T16:14:08+00:00", "timestamp_ms": 1541002448000}}, {"type": "Feature", "geometry": {"type": "Point", "coordinates": [-71.07654758103976, 42.34134812160391]}, "properties": {"street": null, "location_type": "Intersection", "dispatch_ts": "2015-04-05T00:53:00+00:00", "timestamp_ms": 1428195180000}}, {"type": "Feature", "geometry": {"type": "Point", "coordinates": [-71.06564897369833, 42.36122234805066]}, "properties": {"street": "CAMBRIDGE ST", "location_type": "Street", "dispatch_ts": "2024-07-27T19:23:09+00:00", "timestamp_ms": 1722108189000}}, {"type": "Feature", "geometry": {"type": "Point", "coordinates": [-71.04899875136246, 42.35072954845967]}, "properties": {"street": null, "location_type": "Intersection", "dispatch_ts": "2025-07-16T16:09:38+00:00", "timestamp_ms": 1752682178000}}, {"type": "Feature", "geometry": {"type": "Point", "coordinates": [-71.10834892701119, 42.33555471397972]}, "properties": {"street": "FENWOOD RD", "location_type": "Street", "dispatch_ts": "2024-09-04T00:00:01+00:00", "timestamp_ms": 1725408001000}}, {"type": "Feature", "geometry": {"type": "Point", "coordinates": [-71.07481517929324, 42.33119414860143]}, "properties": {"street": null, "location_type": "Intersection", "dispatch_ts": "2024-11-08T01:05:25+00:00", "timestamp_ms": 1731027925000}}, {"type": "Feature", "geometry": {"type": "Point", "coordinates": [-71.11931609417277, 42.364052993758435]}, "properties": {"street": "WESTERN AVE", "location_type": "Street", "dispatch_ts": "2019-07-18T11:52:17+00:00", "timestamp_ms": 1563450737000}}, {"type": "Feature", "geometry": {"type": "Point", "coordinates": [-71.11462038257726, 42.3108532272547]}, "properties": {"street": "CENTRE ST", "location_type": "Street", "dispatch_ts": "2020-08-21T23:11:36+00:00", "timestamp_ms": 1598051496000}}, {"type": "Feature", "geometry": {"type": "Point", "coordinates": [-71.06133688751926, 42.315847993721654]}, "properties": {"street": "BAKERSFIELD ST", "location_type": "Street", "dispatch_ts": "2018-08-20T17:05:03+00:00", "timestamp_ms": 1534784703000}}, {"type": "Feature", "geometry": {"type": "Point", "coordinates": [-71.05102346231399, 42.35051310995202]}, "properties": {"street": "SUMMER ST", "location_type": "Street", "dispatch_ts": "2025-08-16T15:16:45+00:00", "timestamp_ms": 1755357405000}}, {"type": "Feature", "geometry": {"type": "Point", "coordinates": [-71.06564897369833, 42.36122234805066]}, "properties": {"street": "CAMBRIDGE ST", "location_type": "Street", "dispatch_ts": "2025-09-04T17:09:41+00:00", "timestamp_ms": 1757005781000}}, {"type": "Feature", "geometry": {"type": "Point", "coordinates": [-71.12556855548752, 42.25563751552096]}, "properties": {"street": null, "location_type": "Intersection", "dispatch_ts": "2019-09-15T13:55:08+00:00", "timestamp_ms": 1568555708000}}, {"type": "Feature", "geometry": {"type": "Point", "coordinates": [-71.06528487615876, 42.361231554366455]}, "properties": {"street": "CAMBRIDGE ST", "location_type": "Street", "dispatch_ts": "2023-07-01T05:33:27+00:00", "timestamp_ms": 1688189607000}}, {"type": "Feature", "geometry": {"type": "Point", "coordinates": [-71.15342417181027, 42.3491138414849]}, "properties": {"street": null, "location_type": "Intersection", "dispatch_ts": "2023-10-25T21:19:11+00:00", "timestamp_ms": 1698268751000}}, {"type": "Feature", "geometry": {"type": "Point", "coordinates": [-71.1040742479983, 42.3468831886331]}, "properties": {"street": null, "location_type": "Intersection", "dispatch_ts": "2022-10-09T15:38:00+00:00", "timestamp_ms": 1665329880000}}, {"type": "Feature", "geometry": {"type": "Point", "coordinates": [-71.07131960294205, 42.309401156081925]}, "properties": {"street": "HAMILTON ST", "location_type": "Street", "dispatch_ts": "2024-08-08T15:50:13+00:00", "timestamp_ms": 1723132213000}}, {"type": "Feature", "geometry": {"type": "Point", "coordinates": [-71.08105018996379, 42.33288413870876]}, "properties": {"street": null, "location_type": "Intersection", "dispatch_ts": "2025-03-27T01:34:45+00:00", "timestamp_ms": 1743039285000}}, {"type": "Feature", "geometry": {"type": "Point", "coordinates": [-71.0933080450507, 42.29230914516733]}, "properties": {"street": "KINGBIRD RD", "location_type": "Street", "dispatch_ts": "2023-06-15T22:07:36+00:00", "timestamp_ms": 1686866856000}}, {"type": "Feature", "geometry": {"type": "Point", "coordinates": [-71.057448468386, 42.32958414433949]}, "properties": {"street": "SOUTHAMPTON ST", "location_type": "Street", "dispatch_ts": "2021-09-15T09:54:49+00:00", "timestamp_ms": 1631699689000}}, {"type": "Feature", "geometry": {"type": "Point", "coordinates": [-71.12229619918678, 42.291928012055045]}, "properties": {"street": "WASHINGTON ST", "location_type": "Street", "dispatch_ts": "2019-07-03T15:23:45+00:00", "timestamp_ms": 1562167425000}}, {"type": "Feature", "geometry": {"type": "Point", "coordinates": [-71.08261257158696, 42.309541208788126]}, "properties": {"street": null, "location_type": "Intersection", "dispatch_ts": "2019-07-03T17:29:28+00:00", "timestamp_ms": 1562174968000}}, {"type": "Feature", "geometry": {"type": "Point", "coordinates": [-71.07396168652528, 42.30920146224481]}, "properties": {"street": null, "location_type": "Intersection", "dispatch_ts": "2015-10-27T16:16:05+00:00", "timestamp_ms": 1445962565000}}, {"type": "Feature", "geometry": {"type": "Point", "coordinates": [-71.088823803411, 42.34531361853626]}, "properties": {"street": "NORWAY ST", "location_type": "Street", "dispatch_ts": "2023-06-18T02:44:18+00:00", "timestamp_ms": 1687056258000}}, {"type": "Feature", "geometry": {"type": "Point", "coordinates": [-71.0778296637221, 42.31828377411579]}, "properties": {"street": null, "location_type": "Intersection", "dispatch_ts": "2020-07-21T21:18:40+00:00", "timestamp_ms": 1595366320000}}, {"type": "Feature", "geometry": {"type": "Point", "coordinates": [-71.0954552496701, 42.337640162468446]}, "properties": {"street": null, "location_type": "Intersection", "dispatch_ts": "2026-05-18T19:30:14+00:00", "timestamp_ms": 1779132614000}}, {"type": "Feature", "geometry": {"type": "Point", "coordinates": [-71.1452453603343, 42.361582202765035]}, "properties": {"street": null, "location_type": "Intersection", "dispatch_ts": "2017-04-07T17:47:28+00:00", "timestamp_ms": 1491587248000}}, {"type": "Feature", "geometry": {"type": "Point", "coordinates": [-71.05296702465957, 42.35398648616362]}, "properties": {"street": "ATLANTIC AVE", "location_type": "Street", "dispatch_ts": "2016-03-17T21:01:37+00:00", "timestamp_ms": 1458248497000}}, {"type": "Feature", "geometry": {"type": "Point", "coordinates": [-71.07737072697334, 42.34408429801921]}, "properties": {"street": "COLUMBUS AVE", "location_type": "Street", "dispatch_ts": "2017-04-05T20:46:54+00:00", "timestamp_ms": 1491425214000}}, {"type": "Feature", "geometry": {"type": "Point", "coordinates": [-71.06123939361466, 42.365558802348865]}, "properties": {"street": null, "location_type": "Intersection", "dispatch_ts": "2020-11-01T04:23:38+00:00", "timestamp_ms": 1604204618000}}, {"type": "Feature", "geometry": {"type": "Point", "coordinates": [-71.07359942724368, 42.38363624088279]}, "properties": {"street": "RUTHERFORD AVE", "location_type": "Street", "dispatch_ts": "2019-11-10T16:57:54+00:00", "timestamp_ms": 1573405074000}}, {"type": "Feature", "geometry": {"type": "Point", "coordinates": [-71.08558459980878, 42.286816494482714]}, "properties": {"street": "WOODROW AVE", "location_type": "Street", "dispatch_ts": "2020-05-04T19:43:02+00:00", "timestamp_ms": 1588621382000}}, {"type": "Feature", "geometry": {"type": "Point", "coordinates": [-71.13023908905282, 42.3494143203762]}, "properties": {"street": "HARVARD AVE", "location_type": "Street", "dispatch_ts": "2018-06-04T02:33:45+00:00", "timestamp_ms": 1528079625000}}, {"type": "Feature", "geometry": {"type": "Point", "coordinates": [-71.11574637914951, 42.35122675187151]}, "properties": {"street": null, "location_type": "Intersection", "dispatch_ts": "2022-11-10T00:08:15+00:00", "timestamp_ms": 1668038895000}}, {"type": "Feature", "geometry": {"type": "Point", "coordinates": [-71.13184681142312, 42.3497001273519]}, "properties": {"street": "COMMONWEALTH AVE", "location_type": "Street", "dispatch_ts": "2025-06-03T00:48:48+00:00", "timestamp_ms": 1748911728000}}, {"type": "Feature", "geometry": {"type": "Point", "coordinates": [-71.0779941779103, 42.337406162777945]}, "properties": {"street": null, "location_type": "Intersection", "dispatch_ts": "2015-09-16T20:32:29+00:00", "timestamp_ms": 1442435549000}}, {"type": "Feature", "geometry": {"type": "Point", "coordinates": [-71.0655135152362, 42.33919193734439]}, "properties": {"street": null, "location_type": "Intersection", "dispatch_ts": "2025-07-05T14:03:39+00:00", "timestamp_ms": 1751724219000}}, {"type": "Feature", "geometry": {"type": "Point", "coordinates": [-71.06530415488552, 42.34499766172458]}, "properties": {"street": null, "location_type": "Intersection", "dispatch_ts": "2018-09-13T13:19:03+00:00", "timestamp_ms": 1536844743000}}, {"type": "Feature", "geometry": {"type": "Point", "coordinates": [-71.07536567199645, 42.28405518169957]}, "properties": {"street": "ARMANDINE ST", "location_type": "Street", "dispatch_ts": "2020-06-28T17:24:21+00:00", "timestamp_ms": 1593365061000}}, {"type": "Feature", "geometry": {"type": "Point", "coordinates": [-71.13219931350883, 42.36326938730116]}, "properties": {"street": null, "location_type": "Intersection", "dispatch_ts": "2025-06-16T19:48:56+00:00", "timestamp_ms": 1750103336000}}, {"type": "Feature", "geometry": {"type": "Point", "coordinates": [-71.05973320307133, 42.35015874861804]}, "properties": {"street": null, "location_type": "Intersection", "dispatch_ts": "2021-09-19T05:40:44+00:00", "timestamp_ms": 1632030044000}}, {"type": "Feature", "geometry": {"type": "Point", "coordinates": [-71.11410491547647, 42.31461092733042]}, "properties": {"street": null, "location_type": "Intersection", "dispatch_ts": "2021-10-28T16:43:43+00:00", "timestamp_ms": 1635439423000}}, {"type": "Feature", "geometry": {"type": "Point", "coordinates": [-71.08105018996379, 42.33288413870876]}, "properties": {"street": null, "location_type": "Intersection", "dispatch_ts": "2016-06-01T12:28:21+00:00", "timestamp_ms": 1464784101000}}, {"type": "Feature", "geometry": {"type": "Point", "coordinates": [-71.07775425538969, 42.3191047521941]}, "properties": {"street": "BLUE HILL AVE", "location_type": "Street", "dispatch_ts": "2017-09-24T17:26:55+00:00", "timestamp_ms": 1506274015000}}, {"type": "Feature", "geometry": {"type": "Point", "coordinates": [-71.1083210768145, 42.32240567270855]}, "properties": {"street": null, "location_type": "Intersection", "dispatch_ts": "2025-03-09T20:18:49+00:00", "timestamp_ms": 1741551529000}}, {"type": "Feature", "geometry": {"type": "Point", "coordinates": [-71.07516421219842, 42.38463719983115]}, "properties": {"street": null, "location_type": "Other", "dispatch_ts": "2020-08-15T08:40:08+00:00", "timestamp_ms": 1597480808000}}, {"type": "Feature", "geometry": {"type": "Point", "coordinates": [-71.05599377102207, 42.30455632917505]}, "properties": {"street": null, "location_type": "Intersection", "dispatch_ts": "2025-08-21T21:31:41+00:00", "timestamp_ms": 1755811901000}}, {"type": "Feature", "geometry": {"type": "Point", "coordinates": [-71.0752426656546, 42.31423068102662]}, "properties": {"street": "HOWARD AVE", "location_type": "Street", "dispatch_ts": "2018-10-25T19:06:14+00:00", "timestamp_ms": 1540494374000}}, {"type": "Feature", "geometry": {"type": "Point", "coordinates": [-71.12640524454477, 42.288057286633986]}, "properties": {"street": "WASHINGTON ST", "location_type": "Street", "dispatch_ts": "2016-11-07T19:48:39+00:00", "timestamp_ms": 1478548119000}}, {"type": "Feature", "geometry": {"type": "Point", "coordinates": [-71.05586214635599, 42.36072121790223]}, "properties": {"street": null, "location_type": "Intersection", "dispatch_ts": "2018-02-26T13:54:21+00:00", "timestamp_ms": 1519653261000}}, {"type": "Feature", "geometry": {"type": "Point", "coordinates": [-71.05735137098105, 42.30254164255196]}, "properties": {"street": "GRANGER ST", "location_type": "Street", "dispatch_ts": "2022-12-22T19:18:34+00:00", "timestamp_ms": 1671736714000}}, {"type": "Feature", "geometry": {"type": "Point", "coordinates": [-71.0597223618914, 42.30182920851149]}, "properties": {"street": "DORCHESTER AVE", "location_type": "Street", "dispatch_ts": "2015-01-05T17:00:18+00:00", "timestamp_ms": 1420477218000}}, {"type": "Feature", "geometry": {"type": "Point", "coordinates": [-71.13311008072122, 42.3589496594157]}, "properties": {"street": null, "location_type": "Intersection", "dispatch_ts": "2017-06-23T12:55:29+00:00", "timestamp_ms": 1498222529000}}, {"type": "Feature", "geometry": {"type": "Point", "coordinates": [-71.13039304501926, 42.36210213858508]}, "properties": {"street": null, "location_type": "Intersection", "dispatch_ts": "2016-02-24T14:12:12+00:00", "timestamp_ms": 1456323132000}}, {"type": "Feature", "geometry": {"type": "Point", "coordinates": [-71.06945410992505, 42.36107036259998]}, "properties": {"street": null, "location_type": "Intersection", "dispatch_ts": "2020-09-17T17:43:00+00:00", "timestamp_ms": 1600364580000}}, {"type": "Feature", "geometry": {"type": "Point", "coordinates": [-71.05819428049428, 42.35975394744587]}, "properties": {"street": "CITY HALL PLZ", "location_type": "Street", "dispatch_ts": "2015-09-19T13:39:13+00:00", "timestamp_ms": 1442669953000}}, {"type": "Feature", "geometry": {"type": "Point", "coordinates": [-71.0675067445976, 42.32757951313204]}, "properties": {"street": null, "location_type": "Intersection", "dispatch_ts": "2018-12-17T01:22:39+00:00", "timestamp_ms": 1545009759000}}, {"type": "Feature", "geometry": {"type": "Point", "coordinates": [-71.0821829141062, 42.34878383185842]}, "properties": {"street": "BOYLSTON ST", "location_type": "Street", "dispatch_ts": "2015-06-07T13:32:24+00:00", "timestamp_ms": 1433683944000}}, {"type": "Feature", "geometry": {"type": "Point", "coordinates": [-71.07653339531137, 42.34856394563822]}, "properties": {"street": null, "location_type": "Intersection", "dispatch_ts": "2023-12-12T18:36:16+00:00", "timestamp_ms": 1702406176000}}, {"type": "Feature", "geometry": {"type": "Point", "coordinates": [-71.08579727392235, 42.32862781278324]}, "properties": {"street": "WASHINGTON ST", "location_type": "Street", "dispatch_ts": "2021-11-04T22:21:46+00:00", "timestamp_ms": 1636064506000}}, {"type": "Feature", "geometry": {"type": "Point", "coordinates": [-71.14846627163114, 42.26917064323093]}, "properties": {"street": "WASHINGTON ST", "location_type": "Street", "dispatch_ts": "2021-06-17T21:56:59+00:00", "timestamp_ms": 1623967019000}}, {"type": "Feature", "geometry": {"type": "Point", "coordinates": [-71.06528542671953, 42.31685449860804]}, "properties": {"street": "COLUMBIA RD", "location_type": "Street", "dispatch_ts": "2019-06-15T15:50:30+00:00", "timestamp_ms": 1560613830000}}, {"type": "Feature", "geometry": {"type": "Point", "coordinates": [-71.10056780840284, 42.32283108180544]}, "properties": {"street": null, "location_type": "Intersection", "dispatch_ts": "2022-04-21T22:18:00+00:00", "timestamp_ms": 1650579480000}}, {"type": "Feature", "geometry": {"type": "Point", "coordinates": [-71.16765738946137, 42.35056220085364]}, "properties": {"street": null, "location_type": "Intersection", "dispatch_ts": "2018-12-04T13:40:08+00:00", "timestamp_ms": 1543930808000}}, {"type": "Feature", "geometry": {"type": "Point", "coordinates": [-71.16126680178785, 42.34892525885914]}, "properties": {"street": null, "location_type": "Intersection", "dispatch_ts": "2019-02-14T22:09:01+00:00", "timestamp_ms": 1550182141000}}, {"type": "Feature", "geometry": {"type": "Point", "coordinates": [-71.08579727392235, 42.32862781278324]}, "properties": {"street": "WASHINGTON ST", "location_type": "Street", "dispatch_ts": "2025-11-17T03:38:55+00:00", "timestamp_ms": 1763350735000}}, {"type": "Feature", "geometry": {"type": "Point", "coordinates": [-71.09642642302813, 42.33806221526102]}, "properties": {"street": null, "location_type": "Intersection", "dispatch_ts": "2023-07-12T19:12:12+00:00", "timestamp_ms": 1689189132000}}, {"type": "Feature", "geometry": {"type": "Point", "coordinates": [-71.08163220074947, 42.353806884796555]}, "properties": {"street": "JAMES J STORROW MEMORIAL DR", "location_type": "Street", "dispatch_ts": "2026-06-13T13:19:54+00:00", "timestamp_ms": 1781356794000}}, {"type": "Feature", "geometry": {"type": "Point", "coordinates": [-71.04395579114447, 42.33674851533022]}, "properties": {"street": null, "location_type": "Intersection", "dispatch_ts": "2020-10-16T17:14:17+00:00", "timestamp_ms": 1602868457000}}, {"type": "Feature", "geometry": {"type": "Point", "coordinates": [-71.08296875647564, 42.31218865254138]}, "properties": {"street": null, "location_type": "Intersection", "dispatch_ts": "2018-10-19T12:32:21+00:00", "timestamp_ms": 1539952341000}}, {"type": "Feature", "geometry": {"type": "Point", "coordinates": [-71.11188219678236, 42.35054722636104]}, "properties": {"street": "COMMONWEALTH AVE", "location_type": "Street", "dispatch_ts": "2016-08-11T12:52:09+00:00", "timestamp_ms": 1470919929000}}, {"type": "Feature", "geometry": {"type": "Point", "coordinates": [-71.05652197033102, 42.360426263549904]}, "properties": {"street": "NORTH ST", "location_type": "Street", "dispatch_ts": "2023-11-27T19:25:18+00:00", "timestamp_ms": 1701113118000}}, {"type": "Feature", "geometry": {"type": "Point", "coordinates": [-71.0852121034638, 42.33060844598595]}, "properties": {"street": "MADISON PARK CT", "location_type": "Street", "dispatch_ts": "2023-10-23T18:19:06+00:00", "timestamp_ms": 1698085146000}}, {"type": "Feature", "geometry": {"type": "Point", "coordinates": [-71.06876657407298, 42.341670445393184]}, "properties": {"street": null, "location_type": "Intersection", "dispatch_ts": "2025-10-31T21:32:07+00:00", "timestamp_ms": 1761946327000}}, {"type": "Feature", "geometry": {"type": "Point", "coordinates": [-71.07854567230912, 42.34322869421276]}, "properties": {"street": null, "location_type": "Intersection", "dispatch_ts": "2024-08-30T21:51:28+00:00", "timestamp_ms": 1725054688000}}, {"type": "Feature", "geometry": {"type": "Point", "coordinates": [-71.05806214949337, 42.36730021925989]}, "properties": {"street": null, "location_type": "Intersection", "dispatch_ts": "2016-05-18T12:18:33+00:00", "timestamp_ms": 1463573913000}}, {"type": "Feature", "geometry": {"type": "Point", "coordinates": [-71.05765299241108, 42.31102194886397]}, "properties": {"street": "DORCHESTER AVE", "location_type": "Street", "dispatch_ts": "2018-09-12T12:44:15+00:00", "timestamp_ms": 1536756255000}}, {"type": "Feature", "geometry": {"type": "Point", "coordinates": [-71.10078863616144, 42.3132709481624]}, "properties": {"street": "WASHINGTON ST", "location_type": "Street", "dispatch_ts": "2021-06-13T18:31:44+00:00", "timestamp_ms": 1623609104000}}, {"type": "Feature", "geometry": {"type": "Point", "coordinates": [-71.04841412141498, 42.293426079898126]}, "properties": {"street": null, "location_type": "Intersection", "dispatch_ts": "2015-07-14T12:45:17+00:00", "timestamp_ms": 1436877917000}}, {"type": "Feature", "geometry": {"type": "Point", "coordinates": [-71.06919884136626, 42.3214740485774]}, "properties": {"street": null, "location_type": "Intersection", "dispatch_ts": "2022-07-26T20:48:09+00:00", "timestamp_ms": 1658868489000}}, {"type": "Feature", "geometry": {"type": "Point", "coordinates": [-71.06826951017787, 42.30715858563367]}, "properties": {"street": "HAMILTON ST", "location_type": "Street", "dispatch_ts": "2017-04-16T22:14:55+00:00", "timestamp_ms": 1492380895000}}, {"type": "Feature", "geometry": {"type": "Point", "coordinates": [-71.04023903510864, 42.380930339832034]}, "properties": {"street": "BORDER ST", "location_type": "Street", "dispatch_ts": "2022-09-15T19:56:37+00:00", "timestamp_ms": 1663271797000}}, {"type": "Feature", "geometry": {"type": "Point", "coordinates": [-71.05178486111066, 42.362945507028925]}, "properties": {"street": "COMMERCIAL ST", "location_type": "Street", "dispatch_ts": "2024-08-30T03:34:19+00:00", "timestamp_ms": 1724988859000}}, {"type": "Feature", "geometry": {"type": "Point", "coordinates": [-71.05279315354836, 42.32928012819017]}, "properties": {"street": null, "location_type": "Intersection", "dispatch_ts": "2017-10-17T23:46:40+00:00", "timestamp_ms": 1508284000000}}, {"type": "Feature", "geometry": {"type": "Point", "coordinates": [-71.10396685914536, 42.34958861987741]}, "properties": {"street": "COMMONWEALTH AVE", "location_type": "Street", "dispatch_ts": "2015-09-25T18:02:05+00:00", "timestamp_ms": 1443204125000}}, {"type": "Feature", "geometry": {"type": "Point", "coordinates": [-71.08363949450134, 42.34195766348965]}, "properties": {"street": "MASSACHUSETTS AVE", "location_type": "Street", "dispatch_ts": "2017-09-29T21:12:50+00:00", "timestamp_ms": 1506719570000}}, {"type": "Feature", "geometry": {"type": "Point", "coordinates": [-71.13131364115519, 42.35094645791602]}, "properties": {"street": "HARVARD AVE", "location_type": "Street", "dispatch_ts": "2022-09-27T00:54:24+00:00", "timestamp_ms": 1664240064000}}, {"type": "Feature", "geometry": {"type": "Point", "coordinates": [-71.07173637039858, 42.33475530899191]}, "properties": {"street": "ALBANY ST", "location_type": "Street", "dispatch_ts": "2016-12-05T21:53:37+00:00", "timestamp_ms": 1480974817000}}, {"type": "Feature", "geometry": {"type": "Point", "coordinates": [-71.07384872493837, 42.384779170190896]}, "properties": {"street": null, "location_type": "Intersection", "dispatch_ts": "2016-06-04T02:16:35+00:00", "timestamp_ms": 1465006595000}}, {"type": "Feature", "geometry": {"type": "Point", "coordinates": [-71.11586351387592, 42.29543041381255]}, "properties": {"street": null, "location_type": "Intersection", "dispatch_ts": "2018-12-18T23:25:07+00:00", "timestamp_ms": 1545175507000}}, {"type": "Feature", "geometry": {"type": "Point", "coordinates": [-71.06285861088816, 42.36119649014411]}, "properties": {"street": null, "location_type": "Intersection", "dispatch_ts": "2018-09-14T21:35:07+00:00", "timestamp_ms": 1536960907000}}, {"type": "Feature", "geometry": {"type": "Point", "coordinates": [-71.0562350316795, 42.35893833206077]}, "properties": {"street": "STATE ST", "location_type": "Street", "dispatch_ts": "2017-04-14T11:01:17+00:00", "timestamp_ms": 1492167677000}}, {"type": "Feature", "geometry": {"type": "Point", "coordinates": [-71.11087384290468, 42.329071563959346]}, "properties": {"street": null, "location_type": "Intersection", "dispatch_ts": "2015-12-01T15:12:59+00:00", "timestamp_ms": 1448982779000}}, {"type": "Feature", "geometry": {"type": "Point", "coordinates": [-71.04681973395631, 42.31949614518432]}, "properties": {"street": "MOUNT VERNON ST", "location_type": "Street", "dispatch_ts": "2023-07-21T22:52:24+00:00", "timestamp_ms": 1689979944000}}, {"type": "Feature", "geometry": {"type": "Point", "coordinates": [-71.12383328463616, 42.31930813410081]}, "properties": {"street": null, "location_type": "Intersection", "dispatch_ts": "2021-08-25T22:42:14+00:00", "timestamp_ms": 1629931334000}}, {"type": "Feature", "geometry": {"type": "Point", "coordinates": [-71.05472681122767, 42.35228832264528]}, "properties": {"street": "SUMMER ST", "location_type": "Street", "dispatch_ts": "2015-12-09T10:48:36+00:00", "timestamp_ms": 1449658116000}}, {"type": "Feature", "geometry": {"type": "Point", "coordinates": [-71.10605232311909, 42.34005182528552]}, "properties": {"street": "BROOKLINE AVE", "location_type": "Street", "dispatch_ts": "2020-08-05T20:58:38+00:00", "timestamp_ms": 1596661118000}}, {"type": "Feature", "geometry": {"type": "Point", "coordinates": [-71.08406513204291, 42.34220375919181]}, "properties": {"street": null, "location_type": "Intersection", "dispatch_ts": "2023-02-21T01:32:51+00:00", "timestamp_ms": 1676943171000}}, {"type": "Feature", "geometry": {"type": "Point", "coordinates": [-71.02490932376638, 42.33299013120607]}, "properties": {"street": null, "location_type": "Intersection", "dispatch_ts": "2023-09-03T14:12:54+00:00", "timestamp_ms": 1693750374000}}, {"type": "Feature", "geometry": {"type": "Point", "coordinates": [-71.08364454727487, 42.31357482252931]}, "properties": {"street": null, "location_type": "Intersection", "dispatch_ts": "2022-06-07T11:25:32+00:00", "timestamp_ms": 1654601132000}}, {"type": "Feature", "geometry": {"type": "Point", "coordinates": [-71.06563775534111, 42.31725967340287]}, "properties": {"street": "DUDLEY ST", "location_type": "Street", "dispatch_ts": "2025-08-29T23:39:50+00:00", "timestamp_ms": 1756510790000}}, {"type": "Feature", "geometry": {"type": "Point", "coordinates": [-71.07040418665302, 42.36756441956377]}, "properties": {"street": "SCIENCE PARK", "location_type": "Street", "dispatch_ts": "2017-07-31T01:55:17+00:00", "timestamp_ms": 1501466117000}}, {"type": "Feature", "geometry": {"type": "Point", "coordinates": [-71.03901332976537, 42.372441221823465]}, "properties": {"street": null, "location_type": "Intersection", "dispatch_ts": "2025-07-19T03:23:03+00:00", "timestamp_ms": 1752895383000}}, {"type": "Feature", "geometry": {"type": "Point", "coordinates": [-71.12495264307695, 42.358469128765634]}, "properties": {"street": "CAMBRIDGE ST", "location_type": "Street", "dispatch_ts": "2024-03-10T02:02:19+00:00", "timestamp_ms": 1710036139000}}, {"type": "Feature", "geometry": {"type": "Point", "coordinates": [-71.08251815251514, 42.34003980967691]}, "properties": {"street": null, "location_type": "Intersection", "dispatch_ts": "2021-08-24T13:00:56+00:00", "timestamp_ms": 1629810056000}}, {"type": "Feature", "geometry": {"type": "Point", "coordinates": [-71.05593236934621, 42.374536644882745]}, "properties": {"street": "SECOND AVE", "location_type": "Street", "dispatch_ts": "2019-02-14T00:06:50+00:00", "timestamp_ms": 1550102810000}}, {"type": "Feature", "geometry": {"type": "Point", "coordinates": [-71.10434487772307, 42.315229241837095]}, "properties": {"street": "AMORY ST", "location_type": "Street", "dispatch_ts": "2018-02-03T04:52:45+00:00", "timestamp_ms": 1517633565000}}, {"type": "Feature", "geometry": {"type": "Point", "coordinates": [-71.06880927236483, 42.35504356169967]}, "properties": {"street": "CHARLES ST", "location_type": "Street", "dispatch_ts": "2021-11-13T17:38:43+00:00", "timestamp_ms": 1636825123000}}, {"type": "Feature", "geometry": {"type": "Point", "coordinates": [-71.1296047195825, 42.3633159365104]}, "properties": {"street": "HARVARD ST", "location_type": "Street", "dispatch_ts": "2018-01-22T14:21:14+00:00", "timestamp_ms": 1516630874000}}, {"type": "Feature", "geometry": {"type": "Point", "coordinates": [-71.12067329562002, 42.36394360864441]}, "properties": {"street": "WESTERN AVE", "location_type": "Street", "dispatch_ts": "2021-09-10T18:16:40+00:00", "timestamp_ms": 1631297800000}}, {"type": "Feature", "geometry": {"type": "Point", "coordinates": [-71.09009221641313, 42.35213319979134]}, "properties": {"street": null, "location_type": "Other", "dispatch_ts": "2026-04-16T10:42:59+00:00", "timestamp_ms": 1776336179000}}, {"type": "Feature", "geometry": {"type": "Point", "coordinates": [-71.0288337557704, 42.38133562880294]}, "properties": {"street": "EAGLE ST", "location_type": "Street", "dispatch_ts": "2017-08-16T19:09:10+00:00", "timestamp_ms": 1502910550000}}, {"type": "Feature", "geometry": {"type": "Point", "coordinates": [-71.16826234770029, 42.34667935394725]}, "properties": {"street": "KENRICK ST", "location_type": "Street", "dispatch_ts": "2016-07-27T21:46:52+00:00", "timestamp_ms": 1469656012000}}, {"type": "Feature", "geometry": {"type": "Point", "coordinates": [-71.07264227387566, 42.35044478611902]}, "properties": {"street": null, "location_type": "Intersection", "dispatch_ts": "2015-07-15T21:28:20+00:00", "timestamp_ms": 1436995700000}}, {"type": "Feature", "geometry": {"type": "Point", "coordinates": [-71.04718396075965, 42.35246427240544]}, "properties": {"street": "SEAPORT BLVD", "location_type": "Street", "dispatch_ts": "2019-05-23T14:38:40+00:00", "timestamp_ms": 1558622320000}}, {"type": "Feature", "geometry": {"type": "Point", "coordinates": [-71.10466423772586, 42.34681217092992]}, "properties": {"street": null, "location_type": "Intersection", "dispatch_ts": "2017-03-17T12:55:02+00:00", "timestamp_ms": 1489755302000}}, {"type": "Feature", "geometry": {"type": "Point", "coordinates": [-71.11465710988557, 42.32440287135224]}, "properties": {"street": null, "location_type": "Intersection", "dispatch_ts": "2024-09-19T12:40:14+00:00", "timestamp_ms": 1726749614000}}, {"type": "Feature", "geometry": {"type": "Point", "coordinates": [-71.03929007079122, 42.3839838035472]}, "properties": {"street": null, "location_type": "Other", "dispatch_ts": "2023-08-08T09:41:29+00:00", "timestamp_ms": 1691487689000}}]}