{"type": "FeatureCollection", "features": [{"type": "Feature", "geometry": {"type": "Point", "coordinates": [-71.08825312299996, 42.32229838000006]}, "properties": {"mode": "walk", "mode_raw": "walks", "request": "speeding", "request_other": null, "comments": null, "timestamp_ms": 1655249880000}}, {"type": "Feature", "geometry": {"type": "Point", "coordinates": [-71.06318044199998, 42.34624648600004]}, "properties": {"mode": "walk", "mode_raw": "walks", "request": "runlightssigns", "request_other": null, "comments": "During rush hour, eastbound traffic on Herald do not stop clear the intersection before the pedestrian signal allows pedestrians to cross.  Often cars will enter the intersection when there it is clear they will not make it through the intersection before the signal changes.", "timestamp_ms": 1655344980000}}, {"type": "Feature", "geometry": {"type": "Point", "coordinates": [-71.04680823899997, 42.32894579200007]}, "properties": {"mode": "walk", "mode_raw": "walks", "request": "yieldgoing", "request_other": null, "comments": "Traffic on Day Blvd does not consistently yield to pedestrians attempting to cross at a marked crosswalk.", "timestamp_ms": 1655345160000}}, {"type": "Feature", "geometry": {"type": "Point", "coordinates": [-71.05837928799997, 42.36471962200005]}, "properties": {"mode": "drive", "mode_raw": "drives", "request": "yieldgoing", "request_other": null, "comments": "Trying to turn left to the highway when leaving North End is incredibly dangerous for vehicles", "timestamp_ms": 1656009000000}}, {"type": "Feature", "geometry": {"type": "Point", "coordinates": [-71.09806883699997, 42.31568473100003]}, "properties": {"mode": "drive", "mode_raw": "drives", "request": "other", "request_other": "The traffic pattern was changed but the \u201cright lane must turn right sign\u201d was not removed. ", "comments": null, "timestamp_ms": 1656374940000}}, {"type": "Feature", "geometry": {"type": "Point", "coordinates": [-71.11427809699995, 42.301582978000056]}, "properties": {"mode": "bike", "mode_raw": "bikes", "request": "yieldturn", "request_other": null, "comments": "Drivers turning right from South Street onto Arborway have a green light while people biking travelling across Arborway also have a green bike light. Drivers do not yield to the people on bikes or people walking. I have almost been hit 3 separate times at this intersection.", "timestamp_ms": 1656447420000}}, {"type": "Feature", "geometry": {"type": "Point", "coordinates": [-71.12496234499997, 42.29060392700006]}, "properties": {"mode": "bike", "mode_raw": "bikes", "request": "speeding", "request_other": null, "comments": "Car drivers speed on this section of South Street and tailgate me when I ride my bike. Traffic calming measures are needed to prevent this neighborhood street from being used as a highway. Could speed humps or cushions be added to this stretch?", "timestamp_ms": 1656447600000}}, {"type": "Feature", "geometry": {"type": "Point", "coordinates": [-71.12773227499997, 42.28701791100008]}, "properties": {"mode": "bike", "mode_raw": "bikes", "request": "bikefacility", "request_other": null, "comments": "The painted bike lane is often partially blocked by parked cars. The risk of  being car doored and fast moving traffic make this painted bike lane insufficient and stressful. Ideally, the bike lane would be protected, especially in this stretch. ", "timestamp_ms": 1656447840000}}, {"type": "Feature", "geometry": {"type": "Point", "coordinates": [-71.09278667099994, 42.333321314000045]}, "properties": {"mode": "walk", "mode_raw": "walks", "request": "sidewalk", "request_other": null, "comments": "Car drivers do not yield at this crosswalk to people walking or biking. A raised crosswalk is needed to slow traffic so that the large volume of people crossing (on foot, bike, and scooter) are more visible to car drivers.", "timestamp_ms": 1656448080000}}, {"type": "Feature", "geometry": {"type": "Point", "coordinates": [-71.08151958999997, 42.340654751000045]}, "properties": {"mode": "bike", "mode_raw": "bikes", "request": "bikefacility", "request_other": null, "comments": "The construction company has failed to provide a temporary safe place for people to bike. People walking are directed to the former bike lane, and people biking need to compete with car traffic on Columbus. I use this intersection several times each week and feel very unsafe while doing so.", "timestamp_ms": 1656448260000}}, {"type": "Feature", "geometry": {"type": "Point", "coordinates": [-71.07988345299998, 42.342066154000065]}, "properties": {"mode": "bike", "mode_raw": "bikes", "request": "roadwaymaint", "request_other": null, "comments": "The painted bicycle lane is filled with pot holes. It is unsafe to bike here due to people in parked cars opening their doors without looking, the uneven surface, and car traffic speeding.", "timestamp_ms": 1656448500000}}, {"type": "Feature", "geometry": {"type": "Point", "coordinates": [-71.15341161199996, 42.34908604300006]}, "properties": {"mode": "walk", "mode_raw": "walks", "request": "notenoughtime", "request_other": null, "comments": "There are many walkers here and they are given only 20 seconds to cross a busy/wide intersection.", "timestamp_ms": 1656890100000}}, {"type": "Feature", "geometry": {"type": "Point", "coordinates": [-71.15350668799994, 42.35118799300005]}, "properties": {"mode": "walk", "mode_raw": "walks", "request": "speeding", "request_other": null, "comments": "People speed and use this road as a cut through, despite it being a narrow residential street with many pedestrians.", "timestamp_ms": 1656890580000}}, {"type": "Feature", "geometry": {"type": "Point", "coordinates": [-71.09814303699994, 42.31639802800004]}, "properties": {"mode": "drive", "mode_raw": "drives", "request": "other", "request_other": "Illegal cut thru", "comments": "This is a dangerous area... today while waiting at the red light 9 (yes 9) cars cut though the bus lane and cut thru the Mobile Station.", "timestamp_ms": 1657218600000}}, {"type": "Feature", "geometry": {"type": "Point", "coordinates": [-71.09585511299997, 42.33165342900003]}, "properties": {"mode": "drive", "mode_raw": "drives", "request": "visibility", "request_other": null, "comments": "Dangerous intersection.  1. the lines need to be repainted. they are completely gone. 2. cars try to make this 2 through lanes instead of a right lane must turn right lane...  after the intersection the road narrows and is not really wide enough for through traffic.", "timestamp_ms": 1657219200000}}, {"type": "Feature", "geometry": {"type": "Point", "coordinates": [-71.12867296899998, 42.28690035200003]}, "properties": {"mode": "walk", "mode_raw": "walks", "request": "yieldgoing", "request_other": null, "comments": "this intersection has been a problem for years. When my kids were little, cars would speed right by me while I had the kids in the stroller in crosswalk. ", "timestamp_ms": 1658778660000}}, {"type": "Feature", "geometry": {"type": "Point", "coordinates": [-71.12813470099996, 42.28645744800008]}, "properties": {"mode": "walk", "mode_raw": "walks", "request": "walksignal", "request_other": null, "comments": null, "timestamp_ms": 1658778840000}}, {"type": "Feature", "geometry": {"type": "Point", "coordinates": [-71.12895964099994, 42.285686431000045]}, "properties": {"mode": "drive", "mode_raw": "drives", "request": "speeding", "request_other": null, "comments": "Cars are always backed up on northbound Washington Street. Because of the way the lights work (don\u2019t work) in Roslindale village, northbound cars are so annoyed by the long wait between Metropolitan Ave. and Poplar, that once they get through this light they speed in hopes of beating the light at Cummins. ", "timestamp_ms": 1658778900000}}, {"type": "Feature", "geometry": {"type": "Point", "coordinates": [-71.12962739599993, 42.28722988100003]}, "properties": {"mode": "walk", "mode_raw": "walks", "request": "runlightssigns", "request_other": null, "comments": "Same problem all over Roslindale Village \u2014 this very walkable neighborhood is in really extremely dangerous but the cars speed through, ignoring crosswalks and lights. If the lights were replaced with stop signs, and flashing lights at the crosswalks, it might help. ", "timestamp_ms": 1658779260000}}, {"type": "Feature", "geometry": {"type": "Point", "coordinates": [-71.10680097999995, 42.287753389000045]}, "properties": {"mode": "bike", "mode_raw": "bikes", "request": "roadwaymaint", "request_other": null, "comments": "This whole intersection is full of holes and bumpy service making it very hard to turn from Walk Hill onto the American Legion bike lanes .", "timestamp_ms": 1658779500000}}, {"type": "Feature", "geometry": {"type": "Point", "coordinates": [-71.10421270099994, 42.285773679000044]}, "properties": {"mode": "walk", "mode_raw": "walks", "request": "yieldgoing", "request_other": null, "comments": "there\u2019s a crosswalk here but cars never stop. On a bike I wait here as well as when walking and I\u2019ve never had a car stop for me. This crosswalk could use a human activated blinking light to allow people to cross over to visit the Mass Audubon Boston Nature Center", "timestamp_ms": 1658779620000}}, {"type": "Feature", "geometry": {"type": "Point", "coordinates": [-71.03004139499996, 42.33822295700003]}, "properties": {"mode": "drive", "mode_raw": "drives", "request": "visibility", "request_other": null, "comments": "People ignore the \"\"no parking here to intersection\"\" sign at the corner of East 1st Street and Acadia Street. When cars park on the corner it entirely obstructs the vision of vehicles pulling out of Acadia Street onto East 1st Street. This creates very dangerous conditions and is just begging for accidents to happen. I am requesting that posts be installed at the corner of this intersection on East 1st street that will prevent cars from parking in this spot and increase the visibility of incoming traffic at this location. Thank you!", "timestamp_ms": 1658866620000}}, {"type": "Feature", "geometry": {"type": "Point", "coordinates": [-71.11196177799997, 42.33167177000007]}, "properties": {"mode": "walk", "mode_raw": "walks", "request": "runlightssigns", "request_other": null, "comments": "Drivers often do not stop when people are getting on/off the Green Line E Branch on South Huntington Ave and Huntington Ave. ", "timestamp_ms": 1658881680000}}, {"type": "Feature", "geometry": {"type": "Point", "coordinates": [-71.09181966899996, 42.30977760900004]}, "properties": {"mode": "drive", "mode_raw": "drives", "request": "other", "request_other": "Illegal U turns", "comments": "Even thought is not a place to make a left turn people make u-turns causing traffic backup", "timestamp_ms": 1659383700000}}, {"type": "Feature", "geometry": {"type": "Point", "coordinates": [-71.09811621499995, 42.31575146000006]}, "properties": {"mode": "drive", "mode_raw": "drives", "request": "other", "request_other": "signage wrong", "comments": "There are two signs that say right turn must turn right but there is not longer a turning lane... it mostly thru traffic", "timestamp_ms": 1659383820000}}, {"type": "Feature", "geometry": {"type": "Point", "coordinates": [-71.12086821999998, 42.309039883000025]}, "properties": {"mode": "drive", "mode_raw": "drives", "request": "yieldturn", "request_other": null, "comments": "There is the intersection at Arborway and Centre St. In the Fenway/Kenmore/Copley direction of Arborway there are 2 lanes: The right lane to Fenway/Kenmore and the left lane to Centre St heading to West Roxbury. When drivers on the left lane run that green light, instead of legally turning left onto Centre St, they will immediately shift to the right lane heading to Fenway WITHOUT even yielding to traffic already on the right lane. When I was on the right lane, one driver from the left lane stupidly got too close to me and was trying to cut me off! He could've caused an accident. There needs to be cameras that capture license plates for traffic violations on the Centre St-Arborway rotary.", "timestamp_ms": 1661027100000}}, {"type": "Feature", "geometry": {"type": "Point", "coordinates": [-71.09257599999995, 42.279889000000026]}, "properties": {"mode": "drive", "mode_raw": "drives", "request": "doublepark", "request_other": null, "comments": "I see lots of double parking on Blue Hill Ave from Mattapan Square to Grove Hall and it is infuriating. It happens 24/7 without any regulation. I am tired of changing lanes every 5 minutes.", "timestamp_ms": 1661027640000}}, {"type": "Feature", "geometry": {"type": "Point", "coordinates": [-71.09721230999997, 42.32770446400008]}, "properties": {"mode": "drive", "mode_raw": "drives", "request": "yieldgoing", "request_other": null, "comments": "not sure if it was intension or accidental or experimental but changing the traffic signal to not give the left turn only lane a head start was brilliant!!  cars can no longer use the left turn only lane to bypass traffic!", "timestamp_ms": 1661375760000}}, {"type": "Feature", "geometry": {"type": "Point", "coordinates": [-71.09201083999994, 42.30985251100003]}, "properties": {"mode": "drive", "mode_raw": "drives", "request": "other", "request_other": null, "comments": "far too many illegal uturns on this entire stretch of road... causes huge delays during peak hours", "timestamp_ms": 1661375880000}}, {"type": "Feature", "geometry": {"type": "Point", "coordinates": [-71.08679997499996, 42.29861051300003]}, "properties": {"mode": "drive", "mode_raw": "drives", "request": "other", "request_other": null, "comments": "far too many illegal uturns on this entire stretch of road... causes huge delays during peak hours.  many cars make illegal uturns to avoid the traffic light also.", "timestamp_ms": 1661376000000}}, {"type": "Feature", "geometry": {"type": "Point", "coordinates": [-71.09941891899996, 42.32123290800007]}, "properties": {"mode": "drive", "mode_raw": "drives", "request": "speeding", "request_other": null, "comments": "Many of the options apply to this location: people double partk; don't yield while going straight or turning, also speeding; it is hard to see due to large damaged cars being left on street, so there is low visibility; roadway surface needs maintenance; people speed coming off of Columbus Ave. and do not abide by Stop sign at turn.\r\nMy mode of transportation is both walking and driving.", "timestamp_ms": 1661796120000}}, {"type": "Feature", "geometry": {"type": "Point", "coordinates": [-71.11180425999999, 42.30538928300007]}, "properties": {"mode": "walk", "mode_raw": "walks", "request": "speeding", "request_other": null, "comments": "Drivers tend to speed when they enter to the Boynton street, but right at the corner there is a playground. We had multiple accidents and close calls at the pedestrian crossing as cars make a hard turn and speed up from McBride St going into the Boynton St. I think additional signage like 'slow' and 'playground' before getting to the corner might be helpful. Ideally a signage with light by the pedestrian crossing. \r\nThanks,\r\n\r\nArda", "timestamp_ms": 1661964600000}}, {"type": "Feature", "geometry": {"type": "Point", "coordinates": [-71.11072844599994, 42.30613770600007]}, "properties": {"mode": "drive", "mode_raw": "drives", "request": "visibility", "request_other": null, "comments": "SW corridor bike path crosses many streets. Some of these crossings can be very dangerous as past accidents and close calls show. Bikers feel deceptively safe as they are in a 'bike path' and want to keep their momentum at these crossings, but drivers often are not very aware of this. My suggestion is to have a green bike lane at the crossing running along with the pedestrian crossing and large bike signages to get drivers' attention. \r\nHere is a specific example from McBride/Call St crossing in JP, where I get very nervous while I am biking on SW or driving on McBride because of low visibility. \r\n\r\nThanks,\r\n\r\nArda\r\n", "timestamp_ms": 1661965140000}}, {"type": "Feature", "geometry": {"type": "Point", "coordinates": [-71.10550650699997, 42.31468712900005]}, "properties": {"mode": "bike", "mode_raw": "bikes", "request": "yieldgoing", "request_other": null, "comments": "SW corridor bike path crosses many streets. Some of these crossings can be very dangerous as past accidents and close calls show. Bikers feel deceptively safe as they are in a 'bike path' and want to keep their momentum at these crossings, but drivers often are not very aware of this. My suggestion is to have a green bike lane at the crossing running along with the pedestrian crossing and large bike signages to get drivers' attention.\r\nHere is a specific example from SW path crossing over New Minton St, where cars are often not yielding for bikes as there is no stop sign and limited visibility. Green bike lane would be very useful here. There is a bike signage on both ways but one is hidden under the branches of a tree. \r\n\r\nThanks,\r\n\r\nArda\r\n", "timestamp_ms": 1661981340000}}, {"type": "Feature", "geometry": {"type": "Point", "coordinates": [-71.10905995199994, 42.30740004300003]}, "properties": {"mode": "bike", "mode_raw": "bikes", "request": "visibility", "request_other": null, "comments": "I bike along the SW Corridor each day with two kids and this intersection makes me nervous.  It is a three way stop sign for cars, and they are often watching for each other rather than bikers.  In addition, many cars roll through the stop sign without stopping.", "timestamp_ms": 1662002460000}}, {"type": "Feature", "geometry": {"type": "Point", "coordinates": [-71.06260966199994, 42.29189508800005]}, "properties": {"mode": "walk", "mode_raw": "walks", "request": "yieldgoing", "request_other": null, "comments": "Feels unsafe to cross the street. Vehicles do not yield to pedestrians waiting to cross and there is a vertical curve.", "timestamp_ms": 1662574260000}}, {"type": "Feature", "geometry": {"type": "Point", "coordinates": [-71.05724467299996, 42.29312533400008]}, "properties": {"mode": "walk", "mode_raw": "walks", "request": "yieldgoing", "request_other": null, "comments": "Vehicles traveling along vertical curve do not yield to pedestrians waiting to cross the street. It is especially concerning during winter when pedestrians are walking home from MBTA station in the dark. ", "timestamp_ms": 1662574380000}}, {"type": "Feature", "geometry": {"type": "Point", "coordinates": [-71.05648637299998, 42.29450193000008]}, "properties": {"mode": "bike", "mode_raw": "bikes", "request": "bikefacility", "request_other": null, "comments": null, "timestamp_ms": 1662574500000}}, {"type": "Feature", "geometry": {"type": "Point", "coordinates": [-71.05925239699997, 42.299890477000076]}, "properties": {"mode": "walk", "mode_raw": "walks", "request": "sidewalk", "request_other": null, "comments": null, "timestamp_ms": 1662574740000}}, {"type": "Feature", "geometry": {"type": "Point", "coordinates": [-71.04922867399995, 42.28339720400004]}, "properties": {"mode": "bike", "mode_raw": "bikes", "request": "bikefacility", "request_other": null, "comments": null, "timestamp_ms": 1662574860000}}, {"type": "Feature", "geometry": {"type": "Point", "coordinates": [-71.04709326099999, 42.28285077700008]}, "properties": {"mode": "bike", "mode_raw": "bikes", "request": "bikefacility", "request_other": null, "comments": null, "timestamp_ms": 1662574860000}}, {"type": "Feature", "geometry": {"type": "Point", "coordinates": [-71.05516814799995, 42.28143719600007]}, "properties": {"mode": "bike", "mode_raw": "bikes", "request": "bikefacility", "request_other": null, "comments": null, "timestamp_ms": 1662574920000}}, {"type": "Feature", "geometry": {"type": "Point", "coordinates": [-71.05625704299996, 42.295763934000036]}, "properties": {"mode": "walk", "mode_raw": "walks", "request": "other", "request_other": "No CW at intersection", "comments": null, "timestamp_ms": 1662574980000}}, {"type": "Feature", "geometry": {"type": "Point", "coordinates": [-71.04520310399994, 42.293152201000055]}, "properties": {"mode": "walk", "mode_raw": "walks", "request": "sidewalk", "request_other": null, "comments": null, "timestamp_ms": 1662575100000}}, {"type": "Feature", "geometry": {"type": "Point", "coordinates": [-71.04653921999994, 42.292396447000044]}, "properties": {"mode": "bike", "mode_raw": "bikes", "request": "bikefacility", "request_other": null, "comments": null, "timestamp_ms": 1662575160000}}, {"type": "Feature", "geometry": {"type": "Point", "coordinates": [-71.05246146999997, 42.289033774000075]}, "properties": {"mode": "bike", "mode_raw": "bikes", "request": "bikefacility", "request_other": null, "comments": null, "timestamp_ms": 1662575220000}}, {"type": "Feature", "geometry": {"type": "Point", "coordinates": [-71.04644779699998, 42.30681157400005]}, "properties": {"mode": "drive", "mode_raw": "drives", "request": "speeding", "request_other": null, "comments": null, "timestamp_ms": 1662575280000}}, {"type": "Feature", "geometry": {"type": "Point", "coordinates": [-71.04921262999994, 42.29800064600005]}, "properties": {"mode": "walk", "mode_raw": "walks", "request": "awayfromside", "request_other": null, "comments": "There are no crossings here so people run across the street", "timestamp_ms": 1662575340000}}, {"type": "Feature", "geometry": {"type": "Point", "coordinates": [-71.15558267499995, 42.28583524600003]}, "properties": {"mode": "other", "mode_raw": "other", "request": "bikefacility", "request_other": null, "comments": "No bike facilities on Centre St at all. Drivers travel extremely fast, are aggressive to bikers (honking, yelling, close passing), and the road is not a safe environment.", "timestamp_ms": 1662957600000}}, {"type": "Feature", "geometry": {"type": "Point", "coordinates": [-71.15770372999998, 42.29582058900007]}, "properties": {"mode": "walk", "mode_raw": "walks", "request": "yieldturn", "request_other": null, "comments": "Drivers do not yield to pedestrians trying to cross while they have the walk sign. In addition, pedestrians are yelled at, despite having the right of way. Drivers also do not actively LOOK to check for pedestrians crossing.", "timestamp_ms": 1662957660000}}, {"type": "Feature", "geometry": {"type": "Point", "coordinates": [-71.11662470399995, 42.320971832000055]}, "properties": {"mode": "bike", "mode_raw": "bikes", "request": "walksignal", "request_other": null, "comments": "Very long light to wait to cross", "timestamp_ms": 1662957900000}}, {"type": "Feature", "geometry": {"type": "Point", "coordinates": [-71.05995918499997, 42.35878506300003]}, "properties": {"mode": "bike", "mode_raw": "bikes", "request": "bikefacility", "request_other": null, "comments": "People park in the bike lane here a lot.", "timestamp_ms": 1662957960000}}, {"type": "Feature", "geometry": {"type": "Point", "coordinates": [-71.07319793999994, 42.33647844200004]}, "properties": {"mode": "walk", "mode_raw": "walks", "request": "walksignal", "request_other": null, "comments": null, "timestamp_ms": 1663014240000}}, {"type": "Feature", "geometry": {"type": "Point", "coordinates": [-71.06128749099997, 42.29611263500004]}, "properties": {"mode": "walk", "mode_raw": "walks", "request": "walksignal", "request_other": null, "comments": null, "timestamp_ms": 1663023600000}}, {"type": "Feature", "geometry": {"type": "Point", "coordinates": [-71.06812091399996, 42.29603480600008]}, "properties": {"mode": "walk", "mode_raw": "walks", "request": "speeding", "request_other": null, "comments": null, "timestamp_ms": 1663023660000}}, {"type": "Feature", "geometry": {"type": "Point", "coordinates": [-71.06056470699997, 42.29868591700006]}, "properties": {"mode": "walk", "mode_raw": "walks", "request": "walksignal", "request_other": null, "comments": null, "timestamp_ms": 1663023720000}}, {"type": "Feature", "geometry": {"type": "Point", "coordinates": [-71.06466145099995, 42.29518607500006]}, "properties": {"mode": "bike", "mode_raw": "bikes", "request": "bikefacility", "request_other": null, "comments": "Needs bike lanes", "timestamp_ms": 1663023780000}}, {"type": "Feature", "geometry": {"type": "Point", "coordinates": [-71.06225484899994, 42.29887595000008]}, "properties": {"mode": "bike", "mode_raw": "bikes", "request": "bikefacility", "request_other": null, "comments": "Bike parking needed", "timestamp_ms": 1663023840000}}, {"type": "Feature", "geometry": {"type": "Point", "coordinates": [-71.06751456299997, 42.29410405400006]}, "properties": {"mode": "walk", "mode_raw": "walks", "request": "sidewalk", "request_other": null, "comments": "Sidewalk drops off at driveway instead of ramp", "timestamp_ms": 1663023960000}}, {"type": "Feature", "geometry": {"type": "Point", "coordinates": [-71.06770051699993, 42.27336406100005]}, "properties": {"mode": "bike", "mode_raw": "bikes", "request": "bikefacility", "request_other": null, "comments": "Need bike lanes and more bike parking ", "timestamp_ms": 1663024080000}}, {"type": "Feature", "geometry": {"type": "Point", "coordinates": [-71.09809207499995, 42.34441288200003]}, "properties": {"mode": "bike", "mode_raw": "bikes", "request": "other", "request_other": "Cars constantly park in the bike lanes, it would be nice to have a physical barrier (like the short concrete blocks seen in some bike lanes)", "comments": null, "timestamp_ms": 1663030320000}}, {"type": "Feature", "geometry": {"type": "Point", "coordinates": [-71.12596559099995, 42.24620711500006]}, "properties": {"mode": "walk", "mode_raw": "walks", "request": "runlightssigns", "request_other": null, "comments": "At the crosswalks between the 2 parks, drivers at morning rush hour very frequently blow off the red lights while i cross the street. they don't just do it to me, they do it to school children. it's absolutely terrible. will make separate comment about speeding", "timestamp_ms": 1663036200000}}, {"type": "Feature", "geometry": {"type": "Point", "coordinates": [-71.12625526999994, 42.24369138700007]}, "properties": {"mode": "walk", "mode_raw": "walks", "request": "speeding", "request_other": null, "comments": "drivers routinely blast down Truman \"parkway\" at 50, 60, 70+ MPH. need a road diet down to 2 total lanes and other structural design elements to significantly reduce speed and discourage suburbanites and tractor trailers from using our neighborhood road as an expressway to circumvent 93. ", "timestamp_ms": 1663036320000}}, {"type": "Feature", "geometry": {"type": "Point", "coordinates": [-71.09712647999999, 42.26945746300004]}, "properties": {"mode": "bike", "mode_raw": "bikes", "request": "bikefacility", "request_other": null, "comments": "bike lanes need to be structurally protected. in the meantime, enforcement is necessary as drivers constantly park in the bike lanes and cause bike commuters to risk their lives", "timestamp_ms": 1663036440000}}, {"type": "Feature", "geometry": {"type": "Point", "coordinates": [-71.11451372099998, 42.30533403100003]}, "properties": {"mode": "drive", "mode_raw": "drives", "request": "visibility", "request_other": null, "comments": "There is a no parking sign at the corner of South and Boynton Street but people park quickly to shop at Happy Supermarket. When taking a left hand turn onto South Street you have to literally drive into the middle of the street to see where you are driving. Please put physical blockers in this spot!! All of my neighbors are concerned.", "timestamp_ms": 1663099260000}}, {"type": "Feature", "geometry": {"type": "Point", "coordinates": [-71.06676217399996, 42.29468516800006]}, "properties": {"mode": "walk", "mode_raw": "walks", "request": "toomanylanes", "request_other": null, "comments": "There should be a crosswalk on the west side of this intersection so people coming from that side of Waldeck don\u2019t need to cross Waldeck and Melville just to cross Melville", "timestamp_ms": 1663310160000}}, {"type": "Feature", "geometry": {"type": "Point", "coordinates": [-71.06669391699995, 42.291674525000076]}, "properties": {"mode": "walk", "mode_raw": "walks", "request": "sidewalk", "request_other": null, "comments": "Need crosswalks and curb cuts", "timestamp_ms": 1663878120000}}, {"type": "Feature", "geometry": {"type": "Point", "coordinates": [-71.10240911099999, 42.32881557400003]}, "properties": {"mode": "walk", "mode_raw": "walks", "request": "speeding", "request_other": null, "comments": "This street has a field, basketball courts, and playgrounds yet I often see drivers driving at way higher speeds than they should, probably because it\u2019s the only long straight street on Mission Hill. When there\u2019s football practice or other events at the field, every available inch of parking is used making it hard for pedestrians to see traffic when crossing the street. This combined with speeding drivers and lots children using those fields creates a dangerous and uncomfortable environment for pedestrians. ", "timestamp_ms": 1663947060000}}, {"type": "Feature", "geometry": {"type": "Point", "coordinates": [-71.05688981699996, 42.32941217200005]}, "properties": {"mode": "walk", "mode_raw": "walks", "request": "walksignal", "request_other": null, "comments": "This intersection should have a Walk sign for all crosswalks across the roadways at the same time to allow for pedestrians to get from one side of the road to the other in enough time. Cars run red lights and don't yield when turning left on green lights, even though pedestrians have a walk sign, which is extremely dangerous for people trying to cross the streets (especially Southampton Street on the side of Andrew Station).", "timestamp_ms": 1664476320000}}, {"type": "Feature", "geometry": {"type": "Point", "coordinates": [-71.09046655499998, 42.33980537900004]}, "properties": {"mode": "walk", "mode_raw": "walks", "request": "notenoughtime", "request_other": null, "comments": "The pedestrian signal to cross Huntington Ave at the intersection of Huntington and Forsyth lasts 10 seconds.  This isn't enough time to cross both lanes on Huntington.  This coupled with a long cycle means that if you're following the pedestrian signal it can take up to 5 minutes just to cross the street.  This leads to low compliance and lots of conflict between drivers and pedestrians crossing after the signal turns off.  The signal needs to be lengthened to at least long enough to cross both lanes on Huntington.", "timestamp_ms": 1664673900000}}, {"type": "Feature", "geometry": {"type": "Point", "coordinates": [-71.09718280599998, 42.328198222000026]}, "properties": {"mode": "bike", "mode_raw": "bikes", "request": "yieldturn", "request_other": null, "comments": "Drivers do not check for bikes travelling down the southwest corridor when turning right off of Columbus Street onto Cedar street.  There have been multiple instances of cyclists almost being hit or running into a vehicle that has turned across the active walk signal without looking.  This is also true for the intersection with Heath St. and others along the corridor.", "timestamp_ms": 1664674080000}}, {"type": "Feature", "geometry": {"type": "Point", "coordinates": [-71.10096740299997, 42.34048540300006]}, "properties": {"mode": "bike", "mode_raw": "bikes", "request": "bikefacility", "request_other": null, "comments": "The cycle lane ends abruptly and forces cyclists out into a single lane, high-traffic roadway or up onto the sidewalk.  This causes conflict with vehicles and pedestrians from there all the way down to Columbus Avenue.  For almost that entire stretch there is already ample space for a flexpost-protected bike lane without changing the traffic pattern.", "timestamp_ms": 1664674500000}}, {"type": "Feature", "geometry": {"type": "Point", "coordinates": [-71.10319900099995, 42.342832722000026]}, "properties": {"mode": "walk", "mode_raw": "walks", "request": "awayfromside", "request_other": null, "comments": "There is no crosswalk on the muddy river side of Park Drive southbound.  To cross the street here you either need to make 3 crossings (across Fenway, across Brookline Ave, across Park Dr.) or walk up to the other side of the muddy river.", "timestamp_ms": 1664674740000}}, {"type": "Feature", "geometry": {"type": "Point", "coordinates": [-71.06929301899999, 42.356267581000054]}, "properties": {"mode": "bike", "mode_raw": "bikes", "request": "runlightssigns", "request_other": null, "comments": "At about 5:15pm, while the sun was setting, a car heading east on Beacon St (coming downhill) did not stop at the red light at the Beacon/Charles intersection. The driver continued through the first crosswalk and ended up slamming on the breaks in the intersection and stopping only a few feet from pedestrians crossing Beacon at the second intersection. I was stopped at the redlight going southbound on Charles St about to turn on Beacon when I saw this.\r\nIt seemed the driver may have been \"blinded\" by the setting sun and it was terrifying to watch.\r\nEspecially as people gain speed going downhill on Beacon, there should be some sort of extra flashing light or speedbump or something to make it easier to see the red light at this time of day or slow down while traveling on Beacon St.\r\nThank you", "timestamp_ms": 1665684360000}}, {"type": "Feature", "geometry": {"type": "Point", "coordinates": [-71.06433379199996, 42.35935174000008]}, "properties": {"mode": "bike", "mode_raw": "bikes", "request": "runlightssigns", "request_other": null, "comments": "Derne Street is wide and seems to encourage people to speed. When they come to the Hancock/Myrtle intersection, there is no limit line painted on the ground so they often do not stop while turning left onto Hancock (the only outlet).\r\nThis whole intersection should be redesigned to add neck-downs and better paint/signage so that cars don't drive so fast and crossing the street is clearer / shorter distance for pedestrians.", "timestamp_ms": 1665684780000}}, {"type": "Feature", "geometry": {"type": "Point", "coordinates": [-71.05438657899998, 42.358578297000065]}, "properties": {"mode": "walk", "mode_raw": "walks", "request": "speeding", "request_other": null, "comments": "DRIVERS SPEED UP MY STREET FROM DORCHESTER AVE MY STREET IS FULLER STREET AND I'VE HAVE ALMOST HIT BY A  CAR MIRROR OF A CAR SIDESWIP BY A CAR SPEEDING UP MY STREET OFF OF DORCHESTER AVENUE. ", "timestamp_ms": 1666130640000}}, {"type": "Feature", "geometry": {"type": "Point", "coordinates": [-71.06208048799994, 42.30052517400003]}, "properties": {"mode": "walk", "mode_raw": "walks", "request": "speeding", "request_other": null, "comments": "Literally thousands of pedestrians  cross this area of Charles St everyday to get from the busy Fields Corner subway station to the two schools across the street and to the rest of the neighborhood.  Yet there is nothing besides some pained lines to encourage speeding drivers to slow down. Too many drivers drive at unsafe speed  A raised crosswalk is badly needed at that pedestrian crossing. Thank you", "timestamp_ms": 1666670280000}}, {"type": "Feature", "geometry": {"type": "Point", "coordinates": [-71.06008113899998, 42.30120732600005]}, "properties": {"mode": "walk", "mode_raw": "walks", "request": "doublepark", "request_other": null, "comments": "The crosswalk in front of Lynne Liquor at 1447 Dot Ave is one of the busiest pedestrian crossings on Dot Ave.  A lot of drivers are parking illegally in the middle of the crosswalk while shopping for booze, making it extra inconvenient and unsafe to cross Dot Ave on foot.  A large bollard or concrete planter should be placed strategically to prevent people from parking on that crosswalk, ", "timestamp_ms": 1666670880000}}, {"type": "Feature", "geometry": {"type": "Point", "coordinates": [-71.10551809699996, 42.314680285000065]}, "properties": {"mode": "bike", "mode_raw": "bikes", "request": "yieldgoing", "request_other": null, "comments": "A raised crosswalk here would really help slow drivers down.  It is a short block so drivers should not be going that fast, anyway.  But a raised sidewalk would make it clear that pedestrians and bikers on SW Corridor are at least of equal priority.", "timestamp_ms": 1666760940000}}, {"type": "Feature", "geometry": {"type": "Point", "coordinates": [-71.09278733999997, 42.33333004700006]}, "properties": {"mode": "bike", "mode_raw": "bikes", "request": "yieldgoing", "request_other": null, "comments": "Cars go too fast here, and often are stopped blocking the bike lane while waiting for the red light.  A raised sidewalk would slow drivers, raise their awareness of the bike/walking cross, and increase safety for bikers and walkers.  \r\n\r\n", "timestamp_ms": 1667053140000}}, {"type": "Feature", "geometry": {"type": "Point", "coordinates": [-71.10916957999996, 42.30745353000003]}, "properties": {"mode": "bike", "mode_raw": "bikes", "request": "yieldturn", "request_other": null, "comments": "I have seen two bike accidents here.  The bike path north is steep down going into the intersection, and it's hard for cars to see.  Also, drivers are focusing on other cars and waiting their turn, so bikes are an afterthought.  Raised sidewalk could be helpful here.", "timestamp_ms": 1667078940000}}, {"type": "Feature", "geometry": {"type": "Point", "coordinates": [-71.06599139699995, 42.34659353400008]}, "properties": {"mode": "bike", "mode_raw": "bikes", "request": "bikefacility", "request_other": null, "comments": "Shawmut ave would be an IDEAL street for a 2-way bike-lane (like a 'fahradstrasse' in Germany) from  I 90 to at least Massachusetts Ave.   You've already got the bike lane going south on Tremont north of I-90, but then it just abruptly stops at the I-90 overpass.  It would be amazing to have .  This is not exactly a dangerous location right here, but making this a bike highway would reduce dangerous bike locations elsewhere (Washington Ave and especially Columbus Ave).\r\n\r\nThere's not much traffic on the wide Shawmut, so much so that the street could handle a road diet without disrupting traffic.  There's plenty of room for a two-way bike lane without losing parking on either side.  ", "timestamp_ms": 1667079120000}}, {"type": "Feature", "geometry": {"type": "Point", "coordinates": [-71.14024440799994, 42.34862975400006]}, "properties": {"mode": "walk", "mode_raw": "walks", "request": "yieldturn", "request_other": null, "comments": "There are several issues at this intersection; the MAIN one being that there is no safe part of the traffic light cycle for pedestrians to cross Warren street at this intersection. At each part, the right of way is given to cars, leading to pedestrians needing to rush across between cycles, hoping nobody runs a red light. There are also no walk signals to cross Warren street or Kelton street, and the signal to cross Comm Ave is far too short, and often the T runs the light, meaning most of the time given to cross is wasted because it is blocked. \r\n\r\nThis intersection is also dangerous to cars, since it is a merging/crossing of multiple lanes of traffic, all needing to yield to the Comm Ave service road cars, which does not always happen. Right of way is far from clear at this intersection when 6 lanes of traffic receive a green light at once, and each of them can choose one of 4 directions to go in. ", "timestamp_ms": 1667559420000}}, {"type": "Feature", "geometry": {"type": "Point", "coordinates": [-71.07089231299994, 42.361408468000036]}, "properties": {"mode": "bike", "mode_raw": "bikes", "request": "bikefacility", "request_other": null, "comments": null, "timestamp_ms": 1667863320000}}, {"type": "Feature", "geometry": {"type": "Point", "coordinates": [-71.10454815199995, 42.30944806200006]}, "properties": {"mode": "walk", "mode_raw": "walks", "request": "yieldturn", "request_other": null, "comments": "I cross the intersection of Forest Hill St and Glen Rd every work day while going to work and  coming from work. The traffic signal for cars on Forest Hill St does not have a left turn arrow for cars going north on Forest Hill Rd and turning left on Glen Rd. I am extremely concerned about the safety of pedestrians while crossing Glen Rd and have the right of way. The cars turning left onto Glen Rd from Forest Hill St don't yield to pedestrians when pedestrians have the right of way. \r\nWhile crossing Glen Rd this morning, car 1 decided to not yield even though I was crossing the street while staring at me. But, car 2, which was immediately behind car 1 also chose to not yield and slammed on their breaks stopping less than a foot away from me.\r\nThis is not the first time I have physically feared for my life when crossing this road. Please incorporate a left turn signal, or make Forest Hill St a one-way road, or give pedestrian signals more than one turn while traffic lights are red", "timestamp_ms": 1667945880000}}, {"type": "Feature", "geometry": {"type": "Point", "coordinates": [-71.10245341199999, 42.308905683000035]}, "properties": {"mode": "walk", "mode_raw": "walks", "request": "yieldturn", "request_other": null, "comments": "I cross the intersection of Forest Hill St and Glen Rd every work day while going to work and coming from work. The traffic signal for cars on Forest Hill St does not have a left turn arrow for cars going north on Forest Hill Rd and turning left on Glen Rd. I am extremely concerned about the safety of pedestrians while crossing Glen Rd and have the right of way. The cars turning left onto Glen Rd from Forest Hill St don't yield to pedestrians when pedestrians have the right of way.\r\nWhile crossing Glen Rd this morning, car 1 decided to not yield even though I was crossing the street while staring at me. But, car 2, which was immediately behind car 1 also chose to not yield and slammed on their breaks stopping less than a foot away from me.\r\nThis is not the first time I have physically feared for my life when crossing this road. Please incorporate a left turn signal, or make Forest Hill St a one-way road, or give pedestrian signals more than one turn while traffic lights are red", "timestamp_ms": 1667946660000}}, {"type": "Feature", "geometry": {"type": "Point", "coordinates": [-71.08129071799993, 42.338808130000075]}, "properties": {"mode": "walk", "mode_raw": "walks", "request": "yieldgoing", "request_other": null, "comments": "People do not yield for pedestrians at crosswalks on this section on Tremont street even though visibility is good. There needs to be raised crosswalks here. I and many others have to cross this street section multiple times per day to get to and from home and it is dangerous.", "timestamp_ms": 1668204660000}}, {"type": "Feature", "geometry": {"type": "Point", "coordinates": [-71.08302500599996, 42.341444987000045]}, "properties": {"mode": "bike", "mode_raw": "bikes", "request": "walksignal", "request_other": null, "comments": "The walk signal does not turn on often enough on Mass Ave in front of the Mass ave T stop especially at rush hour. Traffic is often stopped on both sides while people wait for a long time to cross the street. The walk sign should come on more frequently. There is no place to wait in the middle of the street and sometimes people get stuck there as they try to cross half way. This creates a safety issue.", "timestamp_ms": 1668464220000}}, {"type": "Feature", "geometry": {"type": "Point", "coordinates": [-71.10157894699995, 42.335265082000035]}, "properties": {"mode": "drive", "mode_raw": "drives", "request": "other", "request_other": "confusing traffic pattern", "comments": "While I applaud the efforts, the new traffic pattterns on Huntington Ave are confusing... You will need to paint the entire right lane red for continuity and improve the signage ...people either don't understand or simply don't care.  Also the Hospital and Hotel shuttles now think this is their personal fast lane.", "timestamp_ms": 1668540000000}}, {"type": "Feature", "geometry": {"type": "Point", "coordinates": [-71.07113602699997, 42.27429665500006]}, "properties": {"mode": "drive", "mode_raw": "drives", "request": "roadwaymaint", "request_other": null, "comments": "There are a couple of deep holes and dips in the right lane.", "timestamp_ms": 1668540240000}}, {"type": "Feature", "geometry": {"type": "Point", "coordinates": [-71.09349101999999, 42.31220205400007]}, "properties": {"mode": "drive", "mode_raw": "drives", "request": "other", "request_other": "Traffic light timing is off", "comments": "for some reason this traffic light now stays red on Seaver St. for a VERY long time (there are never more than 2 cars entering from Harold St.", "timestamp_ms": 1668642780000}}, {"type": "Feature", "geometry": {"type": "Point", "coordinates": [-71.09739083099998, 42.31494522400004]}, "properties": {"mode": "drive", "mode_raw": "drives", "request": "other", "request_other": "Bus lane clarification", "comments": "I see school buses, ubers, and an assortment of vehicles using the \"bus\" lane (which I assume means MBTA and emergency vehicles only).  I also see local drivers using the Red lane as a left turning lane where they shouldn't.  Perhaps better signage would help? or maybe post the penalty for illegal lane usage?", "timestamp_ms": 1668643020000}}, {"type": "Feature", "geometry": {"type": "Point", "coordinates": [-71.10953856999998, 42.322162742000046]}, "properties": {"mode": "bike", "mode_raw": "bikes", "request": "doublepark", "request_other": null, "comments": "Every evening there are double parked cars in the bike lane from Westerly st. to Day St. but worse closer to the roundabout at hyde square", "timestamp_ms": 1671741660000}}, {"type": "Feature", "geometry": {"type": "Point", "coordinates": [-71.10975997799994, 42.322726542000055]}, "properties": {"mode": "walk", "mode_raw": "walks", "request": "speeding", "request_other": null, "comments": "Constant speeding, despite very narrow two lane road ", "timestamp_ms": 1671741780000}}, {"type": "Feature", "geometry": {"type": "Point", "coordinates": [-71.10991826999998, 42.322132716000056]}, "properties": {"mode": "bike", "mode_raw": "bikes", "request": "visibility", "request_other": null, "comments": "Parking extends to far down day st so that vehicles turning right onto day st. from the round about have to swing wide often running into the oncoming lane disrupting traffic and making dangerous conditions for bicycles that have to hug the curb to avoid getting hit.", "timestamp_ms": 1671741840000}}, {"type": "Feature", "geometry": {"type": "Point", "coordinates": [-71.11162136799999, 42.31956755500005]}, "properties": {"mode": "walk", "mode_raw": "walks", "request": "notenoughtime", "request_other": null, "comments": "The timing of the walk sign and the distance needed to walk across huntington and  morraine streets makes it almost impossible to cross from the northwest to the southwest side of centre street. ", "timestamp_ms": 1671741960000}}, {"type": "Feature", "geometry": {"type": "Point", "coordinates": [-71.11161744899994, 42.319642670000064]}, "properties": {"mode": "walk", "mode_raw": "walks", "request": "walksignal", "request_other": null, "comments": "If you miss the walk sign the wait is almost 7 min to cross again.", "timestamp_ms": 1671742140000}}, {"type": "Feature", "geometry": {"type": "Point", "coordinates": [-71.10962465199998, 42.32329740200004]}, "properties": {"mode": "walk", "mode_raw": "walks", "request": "runlightssigns", "request_other": null, "comments": "Traffic frequently rolling stops through the intersection at Day st. and Bynner St. There are two documented MV crashes calling EMS at this intersection in 2022, but I have personally witnessed at least 5 accidents this year and I am almost never home, so I suspect the number is dramatically higher.", "timestamp_ms": 1671742200000}}, {"type": "Feature", "geometry": {"type": "Point", "coordinates": [-71.10825622199997, 42.32444053100005]}, "properties": {"mode": "walk", "mode_raw": "walks", "request": "speeding", "request_other": null, "comments": "Frequent speeding all the way along day st between Heath and Centre. Especially those coming down the hill. Speed bumps are worn down if the few places where they exist. There are not enough cross walks either. Most obviously there are no marked crosswalks at the intersection of Centre and Arcola which connects the residential area of Hyde Square to the urban wild, Nira Rock.", "timestamp_ms": 1671742320000}}, {"type": "Feature", "geometry": {"type": "Point", "coordinates": [-71.10946493199998, 42.323539475000075]}, "properties": {"mode": "bike", "mode_raw": "bikes", "request": "roadwaymaint", "request_other": null, "comments": "Potholes galore, particularly on the section of day st. between Bynner and Centre make it dangerous to bike and uncomfortable to drive, especially with oncoming traffic as each lane tries to dodge potholes or get jarred left/right if they don't.", "timestamp_ms": 1671742500000}}, {"type": "Feature", "geometry": {"type": "Point", "coordinates": [-71.10584835299994, 42.32255999000006]}, "properties": {"mode": "bike", "mode_raw": "bikes", "request": "bikefacility", "request_other": null, "comments": "Shared lane on the entire section of eastbound Centre Street between Huntington Ave and Jackson square, with long straight shots that cars regularly attempt to pass on despite oncoming traffic and two lanes of parking. ", "timestamp_ms": 1671742740000}}, {"type": "Feature", "geometry": {"type": "Point", "coordinates": [-71.09969050399997, 42.32274460700006]}, "properties": {"mode": "bike", "mode_raw": "bikes", "request": "bikefacility", "request_other": null, "comments": "Eastbound bike traffic in shared lane coming down hill at high speeds with traffic has designed way to turn left and access northbound Southwest Corridor ", "timestamp_ms": 1671742920000}}, {"type": "Feature", "geometry": {"type": "Point", "coordinates": [-71.10312649699995, 42.32296442400008]}, "properties": {"mode": "bike", "mode_raw": "bikes", "request": "doublepark", "request_other": null, "comments": "Double parked cars in the bike lane every evening.", "timestamp_ms": 1671743040000}}, {"type": "Feature", "geometry": {"type": "Point", "coordinates": [-71.10132279599998, 42.322928294000064]}, "properties": {"mode": "bike", "mode_raw": "bikes", "request": "doublepark", "request_other": null, "comments": "Double parked cars, and sadly the grocery shopping fire truck, obstruct bike lines on a regular basis.", "timestamp_ms": 1671743100000}}, {"type": "Feature", "geometry": {"type": "Point", "coordinates": [-71.10246621299996, 42.32291946300006]}, "properties": {"mode": "walk", "mode_raw": "walks", "request": "yieldgoing", "request_other": null, "comments": "Dangerous to cross the street with degree of traffic", "timestamp_ms": 1671743220000}}, {"type": "Feature", "geometry": {"type": "Point", "coordinates": [-71.11098729799994, 42.32186954600007]}, "properties": {"mode": "walk", "mode_raw": "walks", "request": "speeding", "request_other": null, "comments": "Narrow side walks provide uncomfortable lack of buffer with speeding traffic down perkins.", "timestamp_ms": 1671743280000}}, {"type": "Feature", "geometry": {"type": "Point", "coordinates": [-71.11342576099997, 42.32141279900003]}, "properties": {"mode": "walk", "mode_raw": "walks", "request": "sidewalk", "request_other": null, "comments": "Narrow side walks that have been broken by growing trees make it difficult to walk with children or use a stroller to access the green way from the Hyde Sq. and Jackson Sq. neighborhoods of JP.", "timestamp_ms": 1671743340000}}, {"type": "Feature", "geometry": {"type": "Point", "coordinates": [-71.11187020499995, 42.32075980500008]}, "properties": {"mode": "walk", "mode_raw": "walks", "request": "other", "request_other": "People have to go too far to find a cross walk", "comments": "There is no reasonable place to cross on Huntington Avenue at Halifax and/or Barbara Street. Going north to Perkins or south to Centre is a long distance and inconvenient. There is a significant residential area that Halifax runs through and it should be connected more directly to Whole foods, the Library, and Restaurants on Centre between Boylston and Perkins.", "timestamp_ms": 1671743460000}}, {"type": "Feature", "geometry": {"type": "Point", "coordinates": [-71.11071864899998, 42.32058839200005]}, "properties": {"mode": "bike", "mode_raw": "bikes", "request": "bikefacility", "request_other": null, "comments": "Bike lane ends prior to Boylston St. and there is very little protection or signage protecting biking traffic on the section of Centre between Perkins and Boylston. This is especially an issue for the northbound lanes which is uphill.", "timestamp_ms": 1671743700000}}, {"type": "Feature", "geometry": {"type": "Point", "coordinates": [-71.07340502299996, 42.33357775300004]}, "properties": {"mode": "bike", "mode_raw": "bikes", "request": "bikefacility", "request_other": null, "comments": "There are limited bike facilities on this part of Mass Ave and in particular, things like left turn boxes. P", "timestamp_ms": 1673485620000}}, {"type": "Feature", "geometry": {"type": "Point", "coordinates": [-71.08579414699994, 42.34337394000005]}, "properties": {"mode": "bike", "mode_raw": "bikes", "request": "bikefacility", "request_other": null, "comments": "at this slight right curve in the street on Mass Ave, cars often go into the bike/bus lane because they don't realize that it continues around the corner", "timestamp_ms": 1673486040000}}, {"type": "Feature", "geometry": {"type": "Point", "coordinates": [-71.08860778399998, 42.34913674000006]}, "properties": {"mode": "bike", "mode_raw": "bikes", "request": "yieldturn", "request_other": null, "comments": "I came across the bike-car crash that occurred in September 2022 where the driver turned left while a cyclist was coming straight down Mass Ave towards Cambridge. This is something that worries me all the time as I commute by bike daily to school in the South End. I have had the same type of incident almost occur frequently. ", "timestamp_ms": 1673486160000}}, {"type": "Feature", "geometry": {"type": "Point", "coordinates": [-71.07162092399994, 42.29024122800007]}, "properties": {"mode": "walk", "mode_raw": "walks", "request": "yieldturn", "request_other": null, "comments": "This is a dangerous intersection for pedestrians trying to cross Washington street or Talbot ave. Pedestrians are given a walk signal in one direction at a time, however vehicular traffic is allowed in the perpendicular direction. Vehicles will frequently speed up to jump across the oncoming lane to make a turn while someone is in the cross walk with the right of way. This is a recipe for an accident and potential loss of life if unaddressed. Changing the traffic signal to give pedestrians the right of way in both directions when crossing would greatly improve the safety of this intersection. Thank you.", "timestamp_ms": 1674526560000}}, {"type": "Feature", "geometry": {"type": "Point", "coordinates": [-71.09800715599994, 42.362107586000036]}, "properties": {"mode": "walk", "mode_raw": "walks", "request": "walksignal", "request_other": null, "comments": "waiting for this specific signal takes way too long", "timestamp_ms": 1676075220000}}, {"type": "Feature", "geometry": {"type": "Point", "coordinates": [-71.10553252299997, 42.347562777000064]}, "properties": {"mode": "walk", "mode_raw": "walks", "request": "yieldgoing", "request_other": null, "comments": null, "timestamp_ms": 1677536160000}}, {"type": "Feature", "geometry": {"type": "Point", "coordinates": [-71.11282276699995, 42.326475009000035]}, "properties": {"mode": "drive", "mode_raw": "drives", "request": "speeding", "request_other": null, "comments": "Drivers speed aggressively - even though we almost always end up at the same red light.", "timestamp_ms": 1677536220000}}, {"type": "Feature", "geometry": {"type": "Point", "coordinates": [-71.07347689099998, 42.333541636000064]}, "properties": {"mode": "bike", "mode_raw": "bikes", "request": "runlightssigns", "request_other": null, "comments": "Two drivers sped through the red Mass Ave N-S going 40 MPH while there was a pedestrian signal. This intersection is not safe for pedestrians, cyclists, or scooter users. Even the city\u2019s lack of consideration for the safety for vulnerable and handicapped populations who frequent this intersection is concerning.", "timestamp_ms": 1677783600000}}, {"type": "Feature", "geometry": {"type": "Point", "coordinates": [-71.08738470499998, 42.34661676500008]}, "properties": {"mode": "walk", "mode_raw": "walks", "request": "runlightssigns", "request_other": null, "comments": "Vehicles, including Boston city public buses, run the red light at the intersection of Massachusetts Ave and Haviland Street, particularly heading northbound. They block the pedestrian crosswalk. This puts thousands of college students at the Berklee College of Music in particular danger. I am a professor at Berklee and this has been a persistent problem for the 8 years I have been here. Please consider painting a new \"block the box\" on the street and raising the visibility of the single short stop light at this location on the east side of Mass Ave. I can be contacted at pagarwal@berklee.edu and (314) 443-7848; I am happy to provide more information and advocate for visibility improvements. Thank you for improving the safety of our city and our students! (Dr. Pooja K. Agarwal)", "timestamp_ms": 1678218060000}}, {"type": "Feature", "geometry": {"type": "Point", "coordinates": [-71.07144105999998, 42.36838700800007]}, "properties": {"mode": "walk", "mode_raw": "walks", "request": "notenoughtime", "request_other": null, "comments": null, "timestamp_ms": 1679254560000}}, {"type": "Feature", "geometry": {"type": "Point", "coordinates": [-71.10523592299995, 42.33783348000003]}, "properties": {"mode": "walk", "mode_raw": "walks", "request": "toomanylanes", "request_other": null, "comments": null, "timestamp_ms": 1679254620000}}, {"type": "Feature", "geometry": {"type": "Point", "coordinates": [-71.06913494599996, 42.39243697300003]}, "properties": {"mode": "bike", "mode_raw": "bikes", "request": "bikefacility", "request_other": null, "comments": "The bike lane paint is highly faded in this area, with debris accumulating on the side. Drivers frequently speed on this road as well, and there are no speed limit signs posted. This is extremely unsettling because this stretch of the bike lane is unprotected and difficult to see, especially in low light conditions.", "timestamp_ms": 1679806080000}}, {"type": "Feature", "geometry": {"type": "Point", "coordinates": [-71.13742398799997, 42.283682956000064]}, "properties": {"mode": "drive", "mode_raw": "drives", "request": "visibility", "request_other": null, "comments": "Difficult to see up Walworth St when exiting from Alder St.  Is it possible to place a mirror to see northbound traffic on Walworth.   Cars park to sign make it difficult to see traffic.", "timestamp_ms": 1680639900000}}, {"type": "Feature", "geometry": {"type": "Point", "coordinates": [-71.11280867399995, 42.32601827000008]}, "properties": {"mode": "walk", "mode_raw": "walks", "request": "speeding", "request_other": null, "comments": "Hello! I am the General Manager of 201 S Huntington Ave in Jamaica Plain, MA and I'm aware of several car accidents that have recently occurred on Jamaicaway right behind our community. In particular, a severe car accident occurred on our property last night, 4/4/23 at 1am that damaged our gate and entrance to the back yard of the community. A number of residents are concerned about the safety of the road at night, and it is not very well-lit. Please contact me for any additional info at agillette@samuelsre.com. Thank you! -Autumn", "timestamp_ms": 1680643740000}}, {"type": "Feature", "geometry": {"type": "Point", "coordinates": [-71.11288913999994, 42.32570990900007]}, "properties": {"mode": "walk", "mode_raw": "walks", "request": "speeding", "request_other": null, "comments": "We are residents, facing Jamaicaway and have witnessed several car accidents on this particular part of road (cars rolling over into the trees on 04/02 or onto residential property on 04/04).  Drivers constantly ignore the speed limits on Jamaicaway and will honk/tailgate.  Please enforce the speed limit of 25 mph on Jamaicaway by issuing speeding tickets ASAP. That is usually an effective way of making individuals comply with traffic safety. Please consider making speed cameras legal in Massachusetts in order to keep everyone safe. ", "timestamp_ms": 1680648720000}}, {"type": "Feature", "geometry": {"type": "Point", "coordinates": [-71.07211756299995, 42.35475431700007]}, "properties": {"mode": "walk", "mode_raw": "walks", "request": "walksignal", "request_other": null, "comments": "Entrance to the park for people walking and cycling should be made easy and quick. It is unfortunate that the park is surrounded by wide, high-speed roads that cut it off from surrounding communities", "timestamp_ms": 1680736500000}}, {"type": "Feature", "geometry": {"type": "Point", "coordinates": [-71.07210146999995, 42.354740442000036]}, "properties": {"mode": "walk", "mode_raw": "walks", "request": "runlightssigns", "request_other": null, "comments": "Drivers repeatedly run this red light, both at speed and creeping through when there is heavy traffic. I also think this request type would be best renamed to \"Drivers run red lights/stop signs\"", "timestamp_ms": 1680736560000}}, {"type": "Feature", "geometry": {"type": "Point", "coordinates": [-71.07327627699993, 42.35434203500006]}, "properties": {"mode": "bike", "mode_raw": "bikes", "request": "other", "request_other": "Wrong way drivers", "comments": "On several occasions drivers have gone the wrong way on this road. On two occasions I have witnessed city trash trucks driving the wrong way here. This reckless behavior is quite dangerous to those of us biking and walking", "timestamp_ms": 1680736740000}}, {"type": "Feature", "geometry": {"type": "Point", "coordinates": [-71.08454155499999, 42.349893973000064]}, "properties": {"mode": "walk", "mode_raw": "walks", "request": "other", "request_other": "Pedestrians not visible to drivers", "comments": "Drivers turning right from Comm to Gloucester often get close to hitting pedestrians crossing Gloucester, especially those coming from the West. Combining the high speeds on Comm with the parking all the way to the corner, drivers cannot see crossing pedestrians until they are right at the crosswalk. Solutions would include eliminating a parking spot or two leading into the corner, lowering the speed limit on Comm, and using curb extensions to slow turning speeds and limit crossing distance. This same issue is present at most turns off of Comm Ave.", "timestamp_ms": 1680736920000}}, {"type": "Feature", "geometry": {"type": "Point", "coordinates": [-71.06851803799998, 42.35451051600006]}, "properties": {"mode": "walk", "mode_raw": "walks", "request": "other", "request_other": "Drivers too fast, run red light", "comments": "Drivers approach this crosswalk too fast. It is hard to tell if they are going to stop for you. A few times I've seen them run the red light with people in the crosswalk. This intersection should be made as safe as possible as it connects two great parks. Really, there shouldn't be a road separating the Garden and Common.", "timestamp_ms": 1680737760000}}, {"type": "Feature", "geometry": {"type": "Point", "coordinates": [-71.07438134699998, 42.35396542800004]}, "properties": {"mode": "walk", "mode_raw": "walks", "request": "other", "request_other": "Walk signalling", "comments": "Walkers crossing Berkeley on the South side should be given the Walk signal when cars coming from Arlington have the right turn North onto Berkeley. There is no reason the Walk signal should not be given then.", "timestamp_ms": 1680737940000}}, {"type": "Feature", "geometry": {"type": "Point", "coordinates": [-71.11179412899997, 42.32590065200003]}, "properties": {"mode": "drive", "mode_raw": "drives", "request": "visibility", "request_other": null, "comments": "Hello! I'm the General Manager of 201 and 221 S Huntington Ave, The Brynx in Jamaica Plain. There was some recent road work that has created a very dangerous blind turn for anyone pulling out of our driveway, with cars coming up from the left too quickly to allow for enough time to back up. A number of my residents have voiced safety concerns and I share those concerns. Specifically, residents with children and babies are afraid for the safety of their families when leaving the premises. I would love to connect with someone about this. My cell is 978-578-4628. Thank you -Autumn Gillette", "timestamp_ms": 1683158160000}}, {"type": "Feature", "geometry": {"type": "Point", "coordinates": [-71.11645311799998, 42.254176545000064]}, "properties": {"mode": "walk", "mode_raw": "walks", "request": "speeding", "request_other": null, "comments": null, "timestamp_ms": 1683691080000}}, {"type": "Feature", "geometry": {"type": "Point", "coordinates": [-71.15342068199993, 42.349115066000024]}, "properties": {"mode": "bike", "mode_raw": "bikes", "request": "bikefacility", "request_other": null, "comments": "The bike lanes just vanish as you approach the brighton center intersection, throwing you into car traffic with very little warning to you or drivers. There are technically \"bike lane ends\" signage, but they are small, high up, and basically impossible to notice while attempting to monitor a busy area with turn lanes, street parking, and many pedestrians.", "timestamp_ms": 1683761940000}}, {"type": "Feature", "geometry": {"type": "Point", "coordinates": [-71.16319194199997, 42.35241457200004]}, "properties": {"mode": "walk", "mode_raw": "walks", "request": "yieldturn", "request_other": null, "comments": "Drivers turning from Brooks St right onto Faneuil street look left for oncoming traffic and then turn and enter Faneuil Street without ever looking for pedestrians using the crosswalk.", "timestamp_ms": 1683762060000}}, {"type": "Feature", "geometry": {"type": "Point", "coordinates": [-71.16290094999994, 42.35243471500007]}, "properties": {"mode": "drive", "mode_raw": "drives", "request": "visibility", "request_other": null, "comments": "Cars part on Faneuil Street right up to the corners of Fairbanks St making it very hard to see oncoming traffic when exiting Fairbanks St. Drivers tend to lurch out of Fairbanks St quickly, creating risky situations especially when interacting with slowed, start/stop, and unpredictable driving behavior from the nearby Faneuil St /Brooks St intersection. Primarily during rush hours.", "timestamp_ms": 1683762180000}}, {"type": "Feature", "geometry": {"type": "Point", "coordinates": [-71.16193401399994, 42.357903957000076]}, "properties": {"mode": "bike", "mode_raw": "bikes", "request": "bikefacility", "request_other": null, "comments": "Sidewalk on right hand side along Brooks St approaching Nonantum Rd is too narrow to enter as a cyclist. There is not enough space at the sidewalk at the corner of Brooks St and Nonantum Rd to enter as a cyclist and turn the bike around to wait to cross Brooks St to where the crosswalk to the Dudley White Path is. The sidewalk on the left hand side along Brooks St approaching Nonantum Rd is not wide enough to allow 2 way passing traffic for bikes or scooters. ", "timestamp_ms": 1683762360000}}, {"type": "Feature", "geometry": {"type": "Point", "coordinates": [-71.06772427199996, 42.352797846000044]}, "properties": {"mode": "walk", "mode_raw": "walks", "request": "other", "request_other": "Bikers come fast against the traffic.", "comments": "Bikers at this intersection come super fast against the traffic. They never pay attention to the traffic light. ", "timestamp_ms": 1683879840000}}, {"type": "Feature", "geometry": {"type": "Point", "coordinates": [-71.07977920699994, 42.313215272000036]}, "properties": {"mode": "drive", "mode_raw": "drives", "request": "visibility", "request_other": null, "comments": "making left hand turn from Gaston to Blue Hill Ave. looking right for on-coming traffic, when someone is parked  in southbound street parking at corner, cannot see on coming traffic northbound", "timestamp_ms": 1684981260000}}, {"type": "Feature", "geometry": {"type": "Point", "coordinates": [-71.08354163999996, 42.30814307600008]}, "properties": {"mode": "drive", "mode_raw": "drives", "request": "doublepark", "request_other": null, "comments": null, "timestamp_ms": 1684981440000}}, {"type": "Feature", "geometry": {"type": "Point", "coordinates": [-71.11006341599995, 42.336323692000065]}, "properties": {"mode": "drive", "mode_raw": "drives", "request": "other", "request_other": "People go Left in straight lane every single day", "comments": "People go left in the straight lane every day. brookline Ave was recently painted and when you are driving in that intersection towards Longwood, after you pass the first light the new lanes don\u2019t match up at all and people are too dumb to realize which lane to go in,  causing near accidents every single day. It wouldn\u2019t be that hard to paint lines directing people to their lane.", "timestamp_ms": 1685557500000}}, {"type": "Feature", "geometry": {"type": "Point", "coordinates": [-71.12203684899998, 42.30926436500005]}, "properties": {"mode": "drive", "mode_raw": "drives", "request": "other", "request_other": "There is NO signage telling people which lane to go for which exit", "comments": "This roundabout is so insanely dangerous I can\u2019t believe this city is so negligent. Why is there NO signage telling people to only go straight if they are taking the first exit? People go on the road that is meant for the first exit, then try to enter the roundabout, which is insanely dangerous and drives people behind them to go around to exit without yielding to oncoming traffic. This is ridiculous that this has not been addressed. I have witnessed multiple accidents here and nothing has been done.", "timestamp_ms": 1685557920000}}, {"type": "Feature", "geometry": {"type": "Point", "coordinates": [-71.06932206099998, 42.290103670000065]}, "properties": {"mode": "drive", "mode_raw": "drives", "request": "visibility", "request_other": null, "comments": "It\u2019s very difficult to take a right turn from Talbot Ave to Lithgow St., your visibility is very low when cars park at the round corner of Lithgow St. at the top of Talbot Ave. Cars parking at the corner have been an on going issue and it has made it difficult for drivers to see. I have seen a lot of close accidents due to low visibility and not seeing cars coming from the opposite direction, It would be great to have barriers there where vehicle cannot park. It\u2019s very close to a crosswalk which also makes it dangerous to pedestrians who cannot see vehicles coming. Cars coming up Lithgow st always are driving at a fast speed and it is dangerous for people crossing. Thank you. ", "timestamp_ms": 1686027240000}}, {"type": "Feature", "geometry": {"type": "Point", "coordinates": [-71.06482342599998, 42.37814376600005]}, "properties": {"mode": "walk", "mode_raw": "walks", "request": "speeding", "request_other": null, "comments": "This street has schools on both sides of it and is supposed to be off limits during the school day, but as a student at the school nearby, this rule is not enforced or followed. There have been several times where a driver speeds as it drives down the street. Since there are instances where students cross this street to get the opposite school building several times throughout the day, a speed feedback sign is due here.", "timestamp_ms": 1686083880000}}, {"type": "Feature", "geometry": {"type": "Point", "coordinates": [-71.11223366899998, 42.32390688000004]}, "properties": {"mode": "walk", "mode_raw": "walks", "request": "other", "request_other": "Car accident, the car crashed into the traffic light post onto the sidewalk", "comments": "Please encore speed limits. Drivers often run red lights and disregard speed limit most of the time.", "timestamp_ms": 1686361260000}}, {"type": "Feature", "geometry": {"type": "Point", "coordinates": [-71.06647996699996, 42.319349997000074]}, "properties": {"mode": "other", "mode_raw": "other", "request": "speeding", "request_other": null, "comments": "Interested in speed bumps for Humphrey and Wendover Street people speed down sometimes doing excess of 60 MPH we have children that live in the neighborhood and we want them to be safe", "timestamp_ms": 1687461540000}}, {"type": "Feature", "geometry": {"type": "Point", "coordinates": [-71.12707551199998, 42.300789045000045]}, "properties": {"mode": "walk", "mode_raw": "walks", "request": "toomanylanes", "request_other": null, "comments": "This important crosswalk links Faulkner Hospital with the bus stop.  Vehicles travel at a 40-50 MPH and do not stop for pedestrians.  Moreover, it is a double lane road, so even if one lane stops, others may not.  There have been some extremely close calls here. This is an extremely dangerous location.  Please work with DCR to make this a single lane road with one turn lane in the middle between VFW Parkway and Murray Circle.  ", "timestamp_ms": 1688151300000}}, {"type": "Feature", "geometry": {"type": "Point", "coordinates": [-71.05712937899995, 42.29356032100003]}, "properties": {"mode": "drive", "mode_raw": "drives", "request": "speeding", "request_other": null, "comments": "Some drivers on Adams Street drive at unsafe speeds. There are parks on the road and many pedestrians -- the speed of the cars can make walking on the sidewalk feel unpleasant and make crossing the street to the parks feel unsafe. Poor visibility for drivers coming out of side streets, because of cars parked close to corners or property-line fences erected, make turning onto Adams Street scary when drivers are going too fast. Gateway treatments at park locations may help slow drivers on Adams Street.", "timestamp_ms": 1689052560000}}, {"type": "Feature", "geometry": {"type": "Point", "coordinates": [-71.13726182899995, 42.281672048000075]}, "properties": {"mode": "walk", "mode_raw": "walks", "request": "yieldturn", "request_other": null, "comments": "This intersection has multiple streets meeting at the bottom of a hill.  Turns are sharp and cars drive way too fast for the road.   Streets are used at cut through by GPS apps. Area is 100% residential and drivers pay no regard for people walking or getting in and out of their cars. Dangerous", "timestamp_ms": 1689886800000}}, {"type": "Feature", "geometry": {"type": "Point", "coordinates": [-71.07221412199993, 42.33267359600006]}, "properties": {"mode": "bike", "mode_raw": "bikes", "request": "runlightssigns", "request_other": null, "comments": "Every day I see multiple cars FLYING through red (not yellow) lights in ALL areas of Boston, and I've never once seen anyone pulled over. This combined with in-car \"legal\" pot smoking is a deadly combination. Why won't our police force do their job? It is illegal to smoke pot and drive. The police at Mass & Cass area already allow drug dealers to deal and junkies to shoot up in plain sight, so they're not busy with that. I see them sitting in their cars, looking at their phones most of the time.", "timestamp_ms": 1690476780000}}, {"type": "Feature", "geometry": {"type": "Point", "coordinates": [-71.08712720399996, 42.346147366000025]}, "properties": {"mode": "bike", "mode_raw": "bikes", "request": "other", "request_other": "People constantly block this bike lane", "comments": "This unprotected stretch of the bike lane is constantly full of idling cars.", "timestamp_ms": 1690511280000}}, {"type": "Feature", "geometry": {"type": "Point", "coordinates": [-71.09963702699997, 42.34399048800003]}, "properties": {"mode": "bike", "mode_raw": "bikes", "request": "other", "request_other": "Cars parked in bike lane", "comments": "Cars constantly park in these bike lanes. They need physical separation.", "timestamp_ms": 1690511640000}}, {"type": "Feature", "geometry": {"type": "Point", "coordinates": [-71.09692192599994, 42.34876877000005]}, "properties": {"mode": "bike", "mode_raw": "bikes", "request": "bikefacility", "request_other": null, "comments": "There are OK (unprotected) bike lanes coming from BU/Comm Ave, but once one enters the Kenmore intersection, it's the wild west. If there are bike lanes along Comm Ave here, they are not only completely unprotected, but are *always* occupied by cars, both single- and double-parked. That said, I don't believe there even are bike lanes here; I've certainly never seen them. So cyclists have to ride in the street with not only lots of compact traffic, but also people moving into/out of parking spaces and getting into/out of their cars. It's truly a horrendous stretch for cyclists. And forget it when there's a Red Sox game... Traffic becomes horrendous making things even more hazardous for cyclists.\r\n\r\nAnd while it's currently under construction (so I kind of understand), the other side is just as bad: no real bike lanes with lots of traffic. It screams dangerous. ", "timestamp_ms": 1690995240000}}, {"type": "Feature", "geometry": {"type": "Point", "coordinates": [-71.09705647099997, 42.34877380100005]}, "properties": {"mode": "bike", "mode_raw": "bikes", "request": "doublepark", "request_other": null, "comments": "Every single time I pass by here (1-2x per week), the entire stretch of road is double parked. From the intersection at Comm Ave & Brookline St all the way to Charlesgate West. This is a nightmare for cyclists, not only forcing us further into the road, but causing concern with the likelihood for opening car doors.\r\n\r\nThere's even a BlueBikes stand at this corner, but the infrastructure is laughable. \r\n\r\nAnd I've just taken a look at the map, and there are actually bike lanes along this stretch. That's genuinely news to me. I don't think I've ever used/noticed them thanks to the abundance of double-parkers here.", "timestamp_ms": 1690995780000}}, {"type": "Feature", "geometry": {"type": "Point", "coordinates": [-71.09173820599995, 42.348838415000046]}, "properties": {"mode": "bike", "mode_raw": "bikes", "request": "bikefacility", "request_other": null, "comments": "Between Charlesgate West and Charlesgate East, there is a poorly painted bike lane (not great but at least it's something). But once cyclists cross Charlesgate East along Comm Ave, things become very tricky. \r\n\r\nThe bike lane abruptly ends, turning into a \"sharrow\". This is awful. The streets are tight with aggressive drivers to the left and tons of parked cars that could open their doors at any moment on the right. This a large road with lots of traffic, including pedestrians, cyclists, and cars. There's no reason to have parking along Comm Ave at this part.\r\n\r\nPerhaps even more confusing is that once you cross Charlesgate East, a painted bike lane suddenly appears along the left side of the road. I cannot for the life of me understand how someone this was a good idea. Cyclists would need to cross two lanes of traffic to get to this bike lane. Sure, one could get into position at the red light, but that's not only unreasonable to expect, but a cyclist may not get a red light to do so,", "timestamp_ms": 1690996200000}}, {"type": "Feature", "geometry": {"type": "Point", "coordinates": [-71.08734178099996, 42.34673018600006]}, "properties": {"mode": "bike", "mode_raw": "bikes", "request": "bikefacility", "request_other": null, "comments": "This bike lane is unprotected and perpetually encroached by cars.", "timestamp_ms": 1691430000000}}, {"type": "Feature", "geometry": {"type": "Point", "coordinates": [-71.08692335699999, 42.347429960000056]}, "properties": {"mode": "walk", "mode_raw": "walks", "request": "sidewalk", "request_other": null, "comments": "There Is an island here with a Blue bikes station, however it lacks any curb cuts or crossings to it. How are people supposed to safely access this station? There also used to be a bus stop here and it seems like adding curb cuts and crossings would have been a better solution to the accessibility issues than removing it as the city has done. \r\n\r\nThis is also the most direct route for pedestrians heading East on the south side of Boylston but the current infrastructure requires a detour or a potentially dangerous and inaccessible crossing. ", "timestamp_ms": 1691431560000}}, {"type": "Feature", "geometry": {"type": "Point", "coordinates": [-71.09892892399995, 42.34421252300007]}, "properties": {"mode": "bike", "mode_raw": "bikes", "request": "bikefacility", "request_other": null, "comments": "This is probably the most encroach bike lane in the whole city. It needs physical separation, including hard vertical elements, to prevent cars from parking in the bike lane. If cars are physically able to do so they will block the bike lane on this stretch so it is crucial to make sure they are physically incapable of doing so. ", "timestamp_ms": 1691432160000}}, {"type": "Feature", "geometry": {"type": "Point", "coordinates": [-71.10554861599996, 42.314694822000035]}, "properties": {"mode": "drive", "mode_raw": "drives", "request": "visibility", "request_other": null, "comments": "I regularly pass through this intersection on a bike, as a pedestrian, and in a car. This is a genuinely dangerous intersection as Cars heading west on New Minton genuinely cannot see bikes/pedestrians headed south on the path until they are basically in the street. This should be a raised crossing for the path and have a stop sign for cars. I do not want to hit someone or be hit by someone here. ", "timestamp_ms": 1691432400000}}, {"type": "Feature", "geometry": {"type": "Point", "coordinates": [-71.10562371799995, 42.31256066700007]}, "properties": {"mode": "walk", "mode_raw": "walks", "request": "awayfromside", "request_other": null, "comments": "The curb cut and crosswalk here do not align with break in the half wall and connection to the path. People already regularly cross on the south side of Cornwall because it more directly aligns with that path. The existing configuration requires those walking on the south side of Cornwall, or trying to get there from the path to do 3 sides of a square to legally cross rather than taking that more direct route. This is even more of a problem for people on bikes because the turns are very tight, so most people just try to hop the curb instead (creating risks of falling into traffic).\r\n\r\nThere should be a curb cut and crossing aligned with the break in the half wall here. There should also be a stop sign at these crossings because cars frequently speed through this intersection to beat the lights on either side. The daylighting on the southern side of Cornwall should also be extended one space further back because the sight lines are still inadequate. ", "timestamp_ms": 1691432640000}}, {"type": "Feature", "geometry": {"type": "Point", "coordinates": [-71.09015273599994, 42.35230833400004]}, "properties": {"mode": "bike", "mode_raw": "bikes", "request": "other", "request_other": "Lack of crossing", "comments": "The only bike/pedestrian ramp up to mass ave is on the northbound side of the street and there is no clear way for people on bikes to get to the southbound bike lanes on Mass ave. from the Dudley White path (or vice versa). Because of this, people do a variety of weird and potentially dangerous things to get there. Please add a crossing here to ensure that people on bikes can head safely in both directions on Mass ave. from these ramps. ", "timestamp_ms": 1691433360000}}, {"type": "Feature", "geometry": {"type": "Point", "coordinates": [-71.14911305499999, 42.35617257300004]}, "properties": {"mode": "walk", "mode_raw": "walks", "request": "notenoughtime", "request_other": null, "comments": "Pedestrians are only given TEN seconds to cross this. I walk this to go to work every week and it is NEVER enough time. ", "timestamp_ms": 1692849120000}}, {"type": "Feature", "geometry": {"type": "Point", "coordinates": [-71.14599632799997, 42.36154284100007]}, "properties": {"mode": "drive", "mode_raw": "drives", "request": "bikefacility", "request_other": null, "comments": "Observed bikers on these streets and I was terrified for them. You could tell they were concerned about their safety as well as they are always covered with safety/visibility gear.", "timestamp_ms": 1692849240000}}, {"type": "Feature", "geometry": {"type": "Point", "coordinates": [-71.05840074599996, 42.36546378500003]}, "properties": {"mode": "bike", "mode_raw": "bikes", "request": "yieldturn", "request_other": null, "comments": "People going north on Washington Street turning left on Medford Street often cross the double line early and make unpredictable, fast, and wide-angle turns. I and more than one of my other coworkers who commute by bike into downtown Boston have almost been hit here while we had the right of way in the bus/bike lane. Could the centerline hardening at the Washington/thatcher intersection be continued north a bit?", "timestamp_ms": 1693422840000}}, {"type": "Feature", "geometry": {"type": "Point", "coordinates": [-71.05822640199995, 42.356753748000074]}, "properties": {"mode": "bike", "mode_raw": "bikes", "request": "yieldturn", "request_other": null, "comments": "There is a dangerous combination of different conditions/bad driver behavior on this short stretch of Milk St. The westbound side of the street from Washington to Sewall is CONSTANTLY blocked in the morning by delivery and trade vehicles. And Hawley and Arch street are both blind corners where drivers rarely come to a complete stop before turning onto Milk. As a result, coming east downhill on my bike on Milk, I've almost been hit head on many times on my daily commute by drivers turning left out of those streets into the oncoming traffic lane. People turning out of Hawley and Arch also more generally just don't completely stop unless there are pedestrians directly in front of them in the crosswalk, so I have to stop or dodge to avoid getting hit here at least once a month.", "timestamp_ms": 1693423140000}}, {"type": "Feature", "geometry": {"type": "Point", "coordinates": [-71.09899329699994, 42.319641183000044]}, "properties": {"mode": "bike", "mode_raw": "bikes", "request": "bikefacility", "request_other": null, "comments": "This bike lane has a car in it every time I pass through here.  Please add barriers to block illegal parking, clearly the signs and paint are not enough. ", "timestamp_ms": 1693530840000}}, {"type": "Feature", "geometry": {"type": "Point", "coordinates": [-71.08738737899995, 42.34676686000006]}, "properties": {"mode": "bike", "mode_raw": "bikes", "request": "bikefacility", "request_other": null, "comments": "I bike through here regularly and rarely am I able to bike through the whole bike lane without having to merge into traffic because a car is blocking it. This bike lane needs physical barriers to keep the cars out. ", "timestamp_ms": 1693614780000}}, {"type": "Feature", "geometry": {"type": "Point", "coordinates": [-71.07113497699999, 42.36138884500008]}, "properties": {"mode": "drive", "mode_raw": "drives", "request": "runlightssigns", "request_other": null, "comments": "The intersection of Charles St and Cambridge St right next to the Charles MGH station is horrendous every single morning. The stoplight schedule needs to be better timed and there should be police directing traffic. People are constantly running red lights, blocking the flow of traffic and in turn causing more traffic. Also the off ramp from Storrow drive into this intersection needs better signage or police presence. People are constantly blocking off the right lane which is meant for going straight onto Charles St. They always stay in the right lane and try to get into the left lane at the last second at the intersection of the off ramp and longfellow bridge. It causes unnecessary built up traffic and impedes pedestrians from safely crossing. Something needs to be done. ", "timestamp_ms": 1693988520000}}, {"type": "Feature", "geometry": {"type": "Point", "coordinates": [-71.06981455399995, 42.35712101400003]}, "properties": {"mode": "bike", "mode_raw": "bikes", "request": "sidewalk", "request_other": null, "comments": "This road needs a diet. Folks swerve around idling delivery trucks and try to make the next light. The sidewalks could be bumped out 50% or a protected bike lane could be easily added. Both would do wonders.", "timestamp_ms": 1694585760000}}, {"type": "Feature", "geometry": {"type": "Point", "coordinates": [-71.07377293299999, 42.34282809500007]}, "properties": {"mode": "walk", "mode_raw": "walks", "request": "speeding", "request_other": null, "comments": "The intersection is narrow for the amount of traffic, including of large trucks, it handles. It is exacerbated by the awkward angles at which Tremont, Dartmouth, and West Dedham streets intersect; and by the lack of street markings to help straight versus turning traffic in all directions. At certain times of the day, local school traffic (to the south) and commuter traffic (north-south) ensure that drivers are frustrated by the time they reach this intersection.\r\n\r\nThe result is frustration by drivers (lack of clear sight, lack of clarity of which cars are going straight versus not), which often leads to speeding and ignoring of yellow and red lights. The \"no-turn on red\" sign is too often ignored even by local D-4 police. It also leads to far too many near-crashes with pedestrians who are confused or ignorant to the dangerous features of this intersection. The recent Tremont upgrades did little to alleviate issues with this intersection. ", "timestamp_ms": 1695330780000}}, {"type": "Feature", "geometry": {"type": "Point", "coordinates": [-71.06831821399999, 42.36688718400006]}, "properties": {"mode": "other", "mode_raw": "other", "request": "other", "request_other": "Slip lane", "comments": "While walking or biking from the PDW path to the dam this slip lane is really awful. While walking it makes you have to cross twice, after potentially already waiting quite a while for the light. But on a bike it's genuinely dangerous as there is no clear way you are supposed to get to the bike lane on the dam. You have a walk signal so assume a safe crossing but drivers are coming at you in this slip lane, and they often do not yield. ", "timestamp_ms": 1695886140000}}, {"type": "Feature", "geometry": {"type": "Point", "coordinates": [-71.13212394299995, 42.353339068000025]}, "properties": {"mode": "bike", "mode_raw": "bikes", "request": "bikefacility", "request_other": null, "comments": "I ride a bike, on this street as part of my commute sometimes. This bike lane is horrible. It is in the door zone on a very busy road and there are almost always cars in it. This is even worse at night when it is more dangerous to have to merge into traffic. ", "timestamp_ms": 1695886440000}}, {"type": "Feature", "geometry": {"type": "Point", "coordinates": [-71.08835029199997, 42.336044292000054]}, "properties": {"mode": "other", "mode_raw": "other", "request": "yieldturn", "request_other": null, "comments": "Cars entering and exiting the garage do not yield to path users far too often. The garage has terrible visibility while exiting and drivers often pull completely into the path before stopping. Drivers entering the garage also often do not yield when turning right into it, specifically to south bound path users. This is worsened by the blue bikes ad stand (keep the station remove the ads) which obscures visibility. ", "timestamp_ms": 1695886620000}}, {"type": "Feature", "geometry": {"type": "Point", "coordinates": [-71.09158428499995, 42.34881581800005]}, "properties": {"mode": "bike", "mode_raw": "bikes", "request": "bikefacility", "request_other": null, "comments": "The switch from right side bike lanes to left side bike lanes going East and from left side bike lanes to right side bike lanes going West is awful. If you are really going to make bikes cross two lanes of traffic at a busy intersection on a major street you need to provide both a clear path to do so and signal time as well. The current set up is hostile and dangerous. ", "timestamp_ms": 1695887040000}}, {"type": "Feature", "geometry": {"type": "Point", "coordinates": [-71.08324336599998, 42.341579772000046]}, "properties": {"mode": "other", "mode_raw": "other", "request": "other", "request_other": "Median gap too small", "comments": "The median gap is too small here creating conflicts between pedestrians and people on bikes. either widen the gap or eliminate the median completely and use the freed up space to improve physical separation of the bike lanes. ", "timestamp_ms": 1695887280000}}, {"type": "Feature", "geometry": {"type": "Point", "coordinates": [-71.08681945699993, 42.345739939000055]}, "properties": {"mode": "bike", "mode_raw": "bikes", "request": "bikefacility", "request_other": null, "comments": "Cars in the bike lane every time. ", "timestamp_ms": 1695887460000}}, {"type": "Feature", "geometry": {"type": "Point", "coordinates": [-71.14694314799993, 42.34180330300006]}, "properties": {"mode": "bike", "mode_raw": "bikes", "request": "runlightssigns", "request_other": null, "comments": "Cars routinely blaze right through this stop sign. It's generally not a big deal, as most cyclists are on the left while pedestrians are on the right with little need to cross the street. But sometimes cyclists need to turn right and occasionally I will come from the right side and cross the street on my bike. The Stop sign here is on the right between drivers and parked cars. An additional stop sign (or just moving this one) on the left side of the street would help drivers who simply don't see the stop sign. Though I would guess most drivers simply don't care...", "timestamp_ms": 1696023900000}}, {"type": "Feature", "geometry": {"type": "Point", "coordinates": [-71.14583048299994, 42.341668182000035]}, "properties": {"mode": "walk", "mode_raw": "walks", "request": "notenoughtime", "request_other": null, "comments": "The walk signal is far too short. I'm a fast walker, but it is 100% impossible to get from one side of Commonwealth Ave to the other before the walk signal starts blinking red. For those with a handicap, they would surely have to wait for a second cycle, which can be quite long here. ", "timestamp_ms": 1696024140000}}, {"type": "Feature", "geometry": {"type": "Point", "coordinates": [-71.06755110199998, 42.35267181800003]}, "properties": {"mode": "bike", "mode_raw": "bikes", "request": "awayfromside", "request_other": null, "comments": "This intersection is utter chaos for cyclists. To cross Charles Street we have to traverse down Charles Street a bit, then cross, then go backwards and finally back up Boylston Street. 90% I completely forget about the \"proper\" crossing and simply cross via the pedestrian island. Sure, it's a chaotic intersection but it is unnecessarily chaotic for bikes, especially considering a lot of bikes around here are Blue Bikes.", "timestamp_ms": 1696024440000}}, {"type": "Feature", "geometry": {"type": "Point", "coordinates": [-71.06822701899995, 42.366894615000035]}, "properties": {"mode": "bike", "mode_raw": "bikes", "request": "yieldturn", "request_other": null, "comments": "The movement to get onto the bike lane at the Museum of Science dam (Route 28) is way too dangerous. Near misses from drivers who do not acknowledge the pedestrian crossing lights. The flex posts are mostly gone - probably because they were hit by turning vehicular traffic.\r\n\r\nThis stretch of roadway is essential for connecting the Paul Dudley White Path to the Somerville Community Path. It is used by commuters and recreational users alike, and Rte 28 imposes unsafe conditions.\r\n\r\nPlease consider removing this slip lane.", "timestamp_ms": 1698181380000}}, {"type": "Feature", "geometry": {"type": "Point", "coordinates": [-71.06100248899997, 42.28415324700006]}, "properties": {"mode": "walk", "mode_raw": "walks", "request": "speeding", "request_other": null, "comments": null, "timestamp_ms": 1699386420000}}, {"type": "Feature", "geometry": {"type": "Point", "coordinates": [-71.08501720099997, 42.34290144700003]}, "properties": {"mode": "walk", "mode_raw": "walks", "request": "yieldturn", "request_other": null, "comments": "Many, many people turning right, traveling west, from Huntington onto Mass Ave disregard the \"no right on red\", or don't notice it exists. Oftentimes, cars won't even stop and then turn right, they'll treat it like a slip lane. I run/walk this intersection nearly every day, and have seen many near-misses and twice I've seen pedestrians get hit (thankfully not seriously). Moving the \"no right on red\" sign from the far side of the intersection (the Symphony Hall side) to the approach side (the Horticultural Society side) could increase visibility. ", "timestamp_ms": 1699989840000}}, {"type": "Feature", "geometry": {"type": "Point", "coordinates": [-71.12860001199994, 42.26541001900006]}, "properties": {"mode": "drive", "mode_raw": "drives", "request": "visibility", "request_other": null, "comments": "This intersection is very dangerous. Cars turning from Deforest onto West Street have poor visibility and cars traveling on West Street are often going over the speed limit. Several accidents have occurred at this intersection over the last few years. It is also very hard for pedestrians to cross West Street to access the bus stops on either side of the street with cars going over the speed limit.", "timestamp_ms": 1700856480000}}, {"type": "Feature", "geometry": {"type": "Point", "coordinates": [-71.08837455599996, 42.348938979000025]}, "properties": {"mode": "walk", "mode_raw": "walks", "request": "yieldturn", "request_other": null, "comments": "Cars going South down Mass Ave turning left onto Commonwealth Ave are pressured to turn even when there are pedestrians or bikers going down Mass Ave. This is because it\u2019s so busy that they have no other opportunity to turn. It\u2019s horribly dangerous, and could really benefit from a protected left or a do-not-turn sign entirely. If anyone spends 5 min observing the intersection at rush hour, they will know exactly what I mean. ", "timestamp_ms": 1701043560000}}, {"type": "Feature", "geometry": {"type": "Point", "coordinates": [-71.08851684499996, 42.34936784700005]}, "properties": {"mode": "walk", "mode_raw": "walks", "request": "yieldturn", "request_other": null, "comments": "When crossing Mass Ave in front of Deuxave, cars turning right are often speeding without yielding to pedestrians. I have had many close calls as someone who uses that intersection every day. Ideally, there should be an all-direction Walk signal so that cars are at a red light the entire time. The entire intersection of Mass Ave and Comm Ave really needs to be re-evaluated. ", "timestamp_ms": 1701043800000}}, {"type": "Feature", "geometry": {"type": "Point", "coordinates": [-71.06454300499996, 42.35239555100003]}, "properties": {"mode": "walk", "mode_raw": "walks", "request": "yieldturn", "request_other": null, "comments": "Drivers turning left often do not yield to pedestrians", "timestamp_ms": 1701129900000}}, {"type": "Feature", "geometry": {"type": "Point", "coordinates": [-71.05453467499996, 42.33779745100003]}, "properties": {"mode": "other", "mode_raw": "other", "request": "runlightssigns", "request_other": null, "comments": "There were crosswalks and speed bumps on every street within the West Broadway development. A few years back some of the speed bumps were taken down without any notice to the residents. The streets within the development have been poorly maintained. The crosswalks indicators have faded away over the years and they are in need of repair. The West Broadway development is in need of speed bumps. Due to heavy high speed traffic using the development streets as a cut through from D.st, C & West Seventh, Orton Marotta and Joyce Heyes Way. The housing development is within a school zone, a neighborhood park and community church. The West Broadway Housing development is also apart of a state owned residential home for the severely handicapped and disabled. It has been increasingly dangerous for the children, elderly and disabled residents to cross the streets within the community. There is a desperate need for these concerns to be addressed for the safety and well being for the residents. ", "timestamp_ms": 1701282660000}}, {"type": "Feature", "geometry": {"type": "Point", "coordinates": [-71.08751773699998, 42.34689749800003]}, "properties": {"mode": "bike", "mode_raw": "bikes", "request": "bikefacility", "request_other": null, "comments": "This segment is heavily trafficked by bikers and is extremely dangerous as drivers will double park and block the end of the protected bike lane and park all along the curb.", "timestamp_ms": 1701670200000}}, {"type": "Feature", "geometry": {"type": "Point", "coordinates": [-71.08248591299997, 42.33995248700006]}, "properties": {"mode": "walk", "mode_raw": "walks", "request": "yieldgoing", "request_other": null, "comments": "People do not yield to pedestrians. It is a shame that the safety improvements by northeastern that narrow the road are not implemented here. I have been honked at and yelled at by drivers speeding down while I am in the crosswalk getting across the street to my home. ", "timestamp_ms": 1701670320000}}, {"type": "Feature", "geometry": {"type": "Point", "coordinates": [-71.08121562199995, 42.338886639000066]}, "properties": {"mode": "walk", "mode_raw": "walks", "request": "yieldgoing", "request_other": null, "comments": "People do not yield here and speed. Why weren't the safety implementations done on the South End portion of Tremont St done here? It is night and day walking here vs in the more narrow area.", "timestamp_ms": 1701670440000}}, {"type": "Feature", "geometry": {"type": "Point", "coordinates": [-71.04242658199996, 42.317941930000075]}, "properties": {"mode": "bike", "mode_raw": "bikes", "request": "bikefacility", "request_other": null, "comments": "Biking to UMass is extremely unsafe on Mt Vernon. People block the bike lane and illegally park even though there are massive parking lots and street parking on the other side for drop off. This is one of the only ways to get to UMass and a lot of staff and students use this route. The bike path needs to be sidewalk level or have concrete barriers. I have almost been hit several times and get cut off by drivers stopping right in front of my and parking.", "timestamp_ms": 1701670560000}}, {"type": "Feature", "geometry": {"type": "Point", "coordinates": [-71.11202190599994, 42.32556640400003]}, "properties": {"mode": "drive", "mode_raw": "drives", "request": "visibility", "request_other": null, "comments": "Very hard to see anything with the curved road and parked cars. Very likely to have car accidents here.", "timestamp_ms": 1701907740000}}, {"type": "Feature", "geometry": {"type": "Point", "coordinates": [-71.08460950799997, 42.34245472500004]}, "properties": {"mode": "other", "mode_raw": "other", "request": "bikefacility", "request_other": null, "comments": "Large number of cars picking up symphony hall goers on mass ave and blocking bike lane causing dangerous conditions and traffic. Symphony hall has a loading/drop-off/pick-up area on the Huntington side that is not used. This is a tragedy waiting to happen and a 72 year old biker was already killed at this intersection last year. please install barriers and prevent another tragedy from happening and advise Symphony Hall to better communicate the area where people can be dropped off and picked up on Huntington Ave. I have almost been hit countless times trying to go around large vehicles causing low visibility situations and I have been attacked by drivers that were angry that I went around a vehicle in the bike lane.", "timestamp_ms": 1702112160000}}, {"type": "Feature", "geometry": {"type": "Point", "coordinates": [-71.08732728799998, 42.346491505000074]}, "properties": {"mode": "walk", "mode_raw": "walks", "request": "runlightssigns", "request_other": null, "comments": "Boston city public buses and local cars run the red light at the intersection of Massachusetts Avenue and Belvidere Street heading northbound, at 150 Massachusetts Ave. The cars accumulate due to traffic and they block the entire pedestrian intersection. \r\n\r\nThis puts thousands of college students in danger of head on accidents and pedestrians must walk between cars to cross the blocked intersection.\r\n\r\nPlease consider painting a \"block the box\" on the pavement and raising the height of the northbound stop light at this intersection. The intersection is blocked by cars multiple times a day, every day, and it has continued for more than 10 years. Thank you.", "timestamp_ms": 1702238940000}}, {"type": "Feature", "geometry": {"type": "Point", "coordinates": [-71.08726952599994, 42.346380252000074]}, "properties": {"mode": "walk", "mode_raw": "walks", "request": "runlightssigns", "request_other": null, "comments": "The pedestrian intersection at Belvidere Street and Mass Ave is always blocked by cars and buses running the red light. Please increase visibility with a \"don't block the box\" paint on the pavement, in addition to evaluating the placement of the hard-to-see stoplight. Thank you!", "timestamp_ms": 1702422900000}}, {"type": "Feature", "geometry": {"type": "Point", "coordinates": [-71.12438845199995, 42.283851758000026]}, "properties": {"mode": "walk", "mode_raw": "walks", "request": "speeding", "request_other": null, "comments": "This is a cross walk to the Washington Irving School, which currently serves as upper school (5th & 6th grade) for Sumner but is under renovation and will soon house the fully merged Sumner and Philbrook school, putting much more emphasis on this cross walk. Drivers travel at high speeds along this stretch and additional cross walk signalization and/or traffic calming is needed to make the crossing safe and also protect cyclists in the bike lane here. A teacher was struck a few weeks ago helping kids cross the street and my son is now afraid to cross here. ", "timestamp_ms": 1702540140000}}, {"type": "Feature", "geometry": {"type": "Point", "coordinates": [-71.12259137199999, 42.287603001000036]}, "properties": {"mode": "walk", "mode_raw": "walks", "request": "speeding", "request_other": null, "comments": "This neighborhood street is used as a cut-through between Hyde Park Ave and Washington Street and with no signals or stop signs between Blakemore and Firth, this street becomes busy with drivers reaching high speeds. Because of the curve of the street at the entrance to Flaherty Pool and playground, sight lines are decreased for both drivers and pedestrians, making it dangerous for all ages to cross. Traffic calming and speed humps / crossing tables would be appropriate here and at the entrance of Dale Village further east/south on Florence. Lots of kids and elders make use of the pool and playground so the crossing here is the obvious place. My 10 yo son is fully independent to go to the pool for swim practice but is afraid to cross Florence generally. ", "timestamp_ms": 1702540500000}}, {"type": "Feature", "geometry": {"type": "Point", "coordinates": [-71.08728842399995, 42.34639479200007]}, "properties": {"mode": "walk", "mode_raw": "walks", "request": "runlightssigns", "request_other": null, "comments": null, "timestamp_ms": 1702540920000}}, {"type": "Feature", "geometry": {"type": "Point", "coordinates": [-71.12394856999998, 42.282958792000045]}, "properties": {"mode": "walk", "mode_raw": "walks", "request": "notenoughtime", "request_other": null, "comments": "This is a bus stop for the 30 and 15 buses. It is the only bus stop between Rozzie Square and Hyde Park Ave that does NOT have a cross walk. It is the most convenient bus stop for anyone wanting to access the neighborhood on the north side of the street and frequently would have taken the bus up from Rozzie Square to avoid carrying packages or groceries etc up the hills. Meanwhile, drivers typically come down the hill VERY fast here and give the curve of the road neither driver, nor pedestrian has great sight lines given higher car speeds. A cross walk and signage would help call out that this is a place for crossing. ", "timestamp_ms": 1702540920000}}, {"type": "Feature", "geometry": {"type": "Point", "coordinates": [-71.08699165799999, 42.34630280300007]}, "properties": {"mode": "walk", "mode_raw": "walks", "request": "visibility", "request_other": null, "comments": null, "timestamp_ms": 1702589160000}}, {"type": "Feature", "geometry": {"type": "Point", "coordinates": [-71.12138080999995, 42.351621170000044]}, "properties": {"mode": "bike", "mode_raw": "bikes", "request": "yieldturn", "request_other": null, "comments": "The cars have a green light at the same time that bikes/ walkers have a walk sign.  I saw a biker just barely avoid getting hit. ", "timestamp_ms": 1702665240000}}, {"type": "Feature", "geometry": {"type": "Point", "coordinates": [-71.08699165799999, 42.34630280300007]}, "properties": {"mode": "walk", "mode_raw": "walks", "request": "yieldturn", "request_other": null, "comments": null, "timestamp_ms": 1702842300000}}, {"type": "Feature", "geometry": {"type": "Point", "coordinates": [-71.08699165799999, 42.34630280300007]}, "properties": {"mode": "walk", "mode_raw": "walks", "request": "yieldturn", "request_other": null, "comments": null, "timestamp_ms": 1703457720000}}, {"type": "Feature", "geometry": {"type": "Point", "coordinates": [-71.08699165799999, 42.34630280300007]}, "properties": {"mode": "walk", "mode_raw": "walks", "request": "notenoughtime", "request_other": null, "comments": null, "timestamp_ms": 1704176220000}}, {"type": "Feature", "geometry": {"type": "Point", "coordinates": [-71.08699165799999, 42.34630280300007]}, "properties": {"mode": "walk", "mode_raw": "walks", "request": "yieldgoing", "request_other": null, "comments": null, "timestamp_ms": 1704319200000}}, {"type": "Feature", "geometry": {"type": "Point", "coordinates": [-71.08699165799999, 42.34630280300007]}, "properties": {"mode": "bike", "mode_raw": "bikes", "request": "runlightssigns", "request_other": null, "comments": null, "timestamp_ms": 1704423180000}}, {"type": "Feature", "geometry": {"type": "Point", "coordinates": [-71.10595631199993, 42.34005518400005]}, "properties": {"mode": "walk", "mode_raw": "walks", "request": "speeding", "request_other": null, "comments": null, "timestamp_ms": 1704484020000}}, {"type": "Feature", "geometry": {"type": "Point", "coordinates": [-71.06676923799995, 42.326854755000056]}, "properties": {"mode": "walk", "mode_raw": "walks", "request": "yieldturn", "request_other": null, "comments": "Those turning left and right in vehicles do not yield to pedestrians while turning onto Newmarket even though pedestrians have the walk sign and right of way. Very dangerous and stressful for those trying to cross safely.", "timestamp_ms": 1704484200000}}, {"type": "Feature", "geometry": {"type": "Point", "coordinates": [-71.08699165799999, 42.34630280300007]}, "properties": {"mode": "walk", "mode_raw": "walks", "request": "runlightssigns", "request_other": null, "comments": "Please please address the issues at the intersection of Massachusetts Ave. and Belvidere Street (160 Mass Ave). It is very dangerous for pedestrians and bikers due to traffic buildup and drivers running the northbound stoplight.", "timestamp_ms": 1704739260000}}, {"type": "Feature", "geometry": {"type": "Point", "coordinates": [-71.06560158399998, 42.34388211400005]}, "properties": {"mode": "bike", "mode_raw": "bikes", "request": "bikefacility", "request_other": null, "comments": "This is an extremely wide street and is a major corridor for people coming from South Boston (as I do commute every day from there). At some points it is 3 lanes wide and it is never congested. A parking protected bike lane would be extremely beneficial. I have almost been hit multiple times here to get to the Tremont St bike lanes.\r\n", "timestamp_ms": 1704781560000}}, {"type": "Feature", "geometry": {"type": "Point", "coordinates": [-71.13100291399996, 42.35293004400006]}, "properties": {"mode": "bike", "mode_raw": "bikes", "request": "doublepark", "request_other": null, "comments": "Lots of ride share/food delivery drivers park their cars in the bus/bike lane, making cycling dangerous (blocks visibility and increases risk of dooring) and impedes bus traffic.", "timestamp_ms": 1704957660000}}, {"type": "Feature", "geometry": {"type": "Point", "coordinates": [-71.08699165799999, 42.34630280300007]}, "properties": {"mode": "walk", "mode_raw": "walks", "request": "awayfromside", "request_other": null, "comments": null, "timestamp_ms": 1705958160000}}, {"type": "Feature", "geometry": {"type": "Point", "coordinates": [-71.08744638699994, 42.34665287400003]}, "properties": {"mode": "walk", "mode_raw": "walks", "request": "runlightssigns", "request_other": null, "comments": "As a cyclist, I very much appreciate the drastic improvements to bike infrastructure in the city. Also, I see cyclists speeding through this intersection, running red lights, especially when heading south on Mass Ave. The area is densely populated, largely with members of the Berklee community heading toward the various buildings that comprise the school's campus in that area. I believe that if a bicycle light were added to the traffic lights, cyclists would be more likely to stop on red. I know that when I see a bicycle traffic light, I feel seen and respected, and I am therefore encouraged to cooperate with the rules of the system. I believe other cyclists have a similar experience. A colleague of mine was severely injured by a cyclist who ran the red light as he headed south on Mass Ave. I'd like to do everything possible to prevent another incident like this one.", "timestamp_ms": 1705959480000}}, {"type": "Feature", "geometry": {"type": "Point", "coordinates": [-71.08736875699998, 42.34655939700008]}, "properties": {"mode": "walk", "mode_raw": "walks", "request": "runlightssigns", "request_other": null, "comments": "This intersection serves hundreds of pedestrians trying to cross the street all day long. The bike and scooter traffic on Mass Ave has increased tremendously in recent years. Many cyclists think of themselves as pedestrians, and do not stop when the light is red for cars. But the intersection is a 4-way \"go\" for pedestrians, meaning the bikes and scooters often ride full-speed into crowds of pedestrians crossing their path. Tourists frequent this area, and aren't conditioned to check for bikes before stepping into the street. We have had multiple accidents and near-misses at this intersection.\r\n\r\nBikes need to follow the rules for cars at this intersection. A bike-specific traffic light, timed to match the lights for cars, would send that message.", "timestamp_ms": 1705960740000}}, {"type": "Feature", "geometry": {"type": "Point", "coordinates": [-71.09976562599996, 42.34411544200003]}, "properties": {"mode": "bike", "mode_raw": "bikes", "request": "doublepark", "request_other": null, "comments": "As a regular bicycle commuter, I greatly appreciate the new bike lanes and use them as often as I can. But double-parked cars make the ride through the Fenway difficult. There are a few \"loading zones\" available, but I regularly encounter cars in the bike lane in front of take-out spots such as Tatte and Pavement. Cars driving through this area generally will not yield to a bicyclist trying to go around these cars, so the bicyclist ends up trapped until the traffic clears. It is a dangerous situation for the bicyclists.", "timestamp_ms": 1705961220000}}, {"type": "Feature", "geometry": {"type": "Point", "coordinates": [-71.08921811999994, 42.346356263000075]}, "properties": {"mode": "walk", "mode_raw": "walks", "request": "roadwaymaint", "request_other": null, "comments": null, "timestamp_ms": 1706121180000}}, {"type": "Feature", "geometry": {"type": "Point", "coordinates": [-71.05939184499994, 42.31105123200007]}, "properties": {"mode": "walk", "mode_raw": "walks", "request": "speeding", "request_other": null, "comments": "No exaggeration - I have never had a single driver yield to me while trying to use this crosswalk. I gave up trying to cross here because of people speeding and not yielding. It's an absolute joke. No visibility for pedestrians. Why can't Dot Block fund an improvement here?", "timestamp_ms": 1706235660000}}, {"type": "Feature", "geometry": {"type": "Point", "coordinates": [-71.06001394699996, 42.30836664000003]}, "properties": {"mode": "walk", "mode_raw": "walks", "request": "speeding", "request_other": null, "comments": "Despite the narrow street, amazingly people absolutely FLY down Church Street, and there is barely a sidewalk on either side. Impossible to walk down the street without walking in the middle of the street with cars zooming by. It is a fatality waiting to happen!!!", "timestamp_ms": 1706235780000}}, {"type": "Feature", "geometry": {"type": "Point", "coordinates": [-71.08718133999997, 42.346699812000054]}, "properties": {"mode": "walk", "mode_raw": "walks", "request": "runlightssigns", "request_other": null, "comments": null, "timestamp_ms": 1706561340000}}, {"type": "Feature", "geometry": {"type": "Point", "coordinates": [-71.06790303299994, 42.374099225000066]}, "properties": {"mode": "drive", "mode_raw": "drives", "request": "roadwaymaint", "request_other": null, "comments": "Massive pothole, can swallow whole tire, reported to Charlestown police twice, been there for a month and getting bigger, completely invisible when coming from Cambridge, car constantly swerve, stop, prone to accidents. ", "timestamp_ms": 1706598660000}}, {"type": "Feature", "geometry": {"type": "Point", "coordinates": [-71.01948522699996, 42.38600573800005]}, "properties": {"mode": "walk", "mode_raw": "walks", "request": "other", "request_other": "Dangerous crossing", "comments": "A pedestrian was killed here. Despite the bus stops on both sides this is a dangerous crossing. The cross walk is a double double threat crosswalk, with a safety island too small to really work for multiple people or for bikes, and no light. There is a pedestrian beacon but there is a much brighter electronic billboard to distract drivers from it. The nearest crossings are about half a mile away as the crow flies, and further on foot. Multiple improvements are needed.", "timestamp_ms": 1706804100000}}, {"type": "Feature", "geometry": {"type": "Point", "coordinates": [-71.07346295599996, 42.33352063900003]}, "properties": {"mode": "bike", "mode_raw": "bikes", "request": "bikefacility", "request_other": null, "comments": "A pedestrian was killed here. The city had made improvements to protect the bike lane because they knew this location was dangerous with crossover speeds and aggressive driving behavior. However drivers kept crashing into the barriers and raised a fuss about it. The city seemed to have decided that it would prefer the cars hit people instead of the barriers and now someone is dead. \r\n\r\nYou knew this location was dangerous, so you put in protected bike lanes. Then you got more confirmation it was dangerous (the people crashing into the barriers) and rather than make further improvements to enhance safety you undid the improvements and left it in its originally dangerous state. There are consequences to such decisions. Please do not make them again. ", "timestamp_ms": 1706804520000}}, {"type": "Feature", "geometry": {"type": "Point", "coordinates": [-71.05762826999995, 42.349667993000025]}, "properties": {"mode": "walk", "mode_raw": "walks", "request": "runlightssigns", "request_other": null, "comments": "Drivers coming off the highway and turning onto Kneeland street don't yield for pedestrians. There have been too many near misses of cars zooming past families walking within the crosswalk. Cars also often drive the wrong way and have multiple times in the past month crossed over the median and knocked over street signs. Street signs of the pedestrian walkway have not been sufficient to prevent accidents and near misses.", "timestamp_ms": 1706852460000}}, {"type": "Feature", "geometry": {"type": "Point", "coordinates": [-71.05895864499996, 42.349890008000045]}, "properties": {"mode": "walk", "mode_raw": "walks", "request": "yieldturn", "request_other": null, "comments": "Cars don't yield to pedestrians while pedestrians are crossing and often time run red lights as well trying to beat the light adding to the dangerous crossings.", "timestamp_ms": 1706852700000}}, {"type": "Feature", "geometry": {"type": "Point", "coordinates": [-71.05859922899998, 42.35087320800005]}, "properties": {"mode": "walk", "mode_raw": "walks", "request": "runlightssigns", "request_other": null, "comments": "Drivers constantly drive excessively fast and speed down Lincoln St. as if it was an extension of the highway. They fail to yield for pedestrians crossing the street.", "timestamp_ms": 1706852880000}}, {"type": "Feature", "geometry": {"type": "Point", "coordinates": [-71.05778383799998, 42.349679887000036]}, "properties": {"mode": "walk", "mode_raw": "walks", "request": "yieldgoing", "request_other": null, "comments": "People speed down this street and don't yield for pedestrians at this crosswalk. The crosswalk is also a bit faded and is darker so when it's dark out, it's harder to see a pedestrian waiting to cross or even in the middle of the crosswalk.", "timestamp_ms": 1706853060000}}, {"type": "Feature", "geometry": {"type": "Point", "coordinates": [-71.10252063299998, 42.31151217100006]}, "properties": {"mode": "drive", "mode_raw": "drives", "request": "visibility", "request_other": null, "comments": "My wife and I have filed several 311 reports here, and there has been several accidents here prior. \r\n\r\nCrossing from Cornwall onto Peter Parley is very dangerous as a consequence. This is worsened by the reverse happening on the opposite side of the street from Peter Parley Rd to Cornwall as well. \r\n\r\nThe very easy solution here is to at make it impossible to park here (which is already a restriction from signage that people ignore) with cones like they have on the parallel street (which is far less risky), Amory Street.", "timestamp_ms": 1707086760000}}, {"type": "Feature", "geometry": {"type": "Point", "coordinates": [-71.10260019499998, 42.31141595400004]}, "properties": {"mode": "drive", "mode_raw": "drives", "request": "visibility", "request_other": null, "comments": "My wife and I have filed several 311 reports here, and there has been several accidents here prior. \r\n\r\nCrossing from Peter Parley onto Washington or Cornwall is very dangerous as a consequence. This is worsened by the reverse happening on the opposite side of the street from Cornwall to Peter Parley Rd as well. \r\n\r\nThe very easy solution here is to at make it impossible to park here (which is already a restriction from signage that people ignore) with cones like they have on the parallel street (which is far less risky), Amory Street.", "timestamp_ms": 1707086940000}}, {"type": "Feature", "geometry": {"type": "Point", "coordinates": [-71.10195732099999, 42.31108200300008]}, "properties": {"mode": "other", "mode_raw": "other", "request": "runlightssigns", "request_other": null, "comments": "The crash map data is missing several accidents. We have photos of likely 6-8 accidents that have happened here over the last 2 years. At times they are collisions between two driving vehicles. Folks have missed recognizing the stop sign. Others are simply speeding. Many times we've seen accidents where someone simply smacks into a parked car. This is simply a dangerous intersection which so happens to be near a neighborhood school just up the street. I hate speed bumps, but a speed bump would help the safety of this whole neighborhood tremendously here.", "timestamp_ms": 1707087060000}}, {"type": "Feature", "geometry": {"type": "Point", "coordinates": [-71.10195845299995, 42.31107512700004]}, "properties": {"mode": "walk", "mode_raw": "walks", "request": "speeding", "request_other": null, "comments": "People speed through this area. ", "timestamp_ms": 1707087360000}}, {"type": "Feature", "geometry": {"type": "Point", "coordinates": [-71.10260196999997, 42.311422778000065]}, "properties": {"mode": "walk", "mode_raw": "walks", "request": "visibility", "request_other": null, "comments": "Almost got hit today while crossing the pedestrian walkway due to a car being illegally parked blocking the driver's vision. ", "timestamp_ms": 1707087420000}}, {"type": "Feature", "geometry": {"type": "Point", "coordinates": [-71.10254071199995, 42.31149461900003]}, "properties": {"mode": "walk", "mode_raw": "walks", "request": "speeding", "request_other": null, "comments": "Cars speed on this. As a pedestrian, despite being in the crosswalk, folks do not stop to yield to the pedestrian unless they were already being considerate enough to drive the speed limit. \r\n\r\nThis is exacerbated by the illegally parked car blocking the  blocking this intersection so oncoming traffic has a harder chance seeing pedestrians soon enough to stop comfortably so they're incentivized to blitz on by. \r\n\r\nIt's only a matter of time before either another car accident happens or a pedestrian gets hit at this intersection : ( ", "timestamp_ms": 1707087540000}}, {"type": "Feature", "geometry": {"type": "Point", "coordinates": [-71.10260329099998, 42.31140176000008]}, "properties": {"mode": "walk", "mode_raw": "walks", "request": "visibility", "request_other": null, "comments": "Another instance of an illegally parked car, this time in emergency parking. Makes it dangerous for pedestrians and vehicles entering intersection", "timestamp_ms": 1707346200000}}, {"type": "Feature", "geometry": {"type": "Point", "coordinates": [-71.10259460999998, 42.31143294200007]}, "properties": {"mode": "drive", "mode_raw": "drives", "request": "other", "request_other": "Illegally parked cars make this intersection extremely dangerous for both pedestrians and drivers", "comments": "Illegally parked cars make this intersection extremely dangerous for both pedestrians and drivers.\r\n\r\nDaily occurrences of illegally parked cars here make this an extremely dangerous intersection for both pedestrians and drivers. It obscures visibility for cross traffic from Peter Parley <--> Cornwall and makes it very difficult for pedestrians to cross safely across washington, or even to continue on washington as intersecting washington traffic (turning off of washington) has low visibility into pedestrians. ", "timestamp_ms": 1707346440000}}, {"type": "Feature", "geometry": {"type": "Point", "coordinates": [-71.08925996899995, 42.346340018000035]}, "properties": {"mode": "walk", "mode_raw": "walks", "request": "roadwaymaint", "request_other": null, "comments": "The crosswalk at this intersection is so faded that cars do not see it, and do not stop. Pedestrian traffic at this intersection is very heavy due to students at Berklee crossing to access campus buildings on Hemenway Street.", "timestamp_ms": 1707356760000}}, {"type": "Feature", "geometry": {"type": "Point", "coordinates": [-71.08740999899999, 42.34664998100004]}, "properties": {"mode": "bike", "mode_raw": "bikes", "request": "bikefacility", "request_other": null, "comments": "Bikes need their own traffic light at this intersection. We have near-misses with pedestrians on a daily basis. ", "timestamp_ms": 1707357000000}}, {"type": "Feature", "geometry": {"type": "Point", "coordinates": [-71.10247793899998, 42.311344261000045]}, "properties": {"mode": "drive", "mode_raw": "drives", "request": "visibility", "request_other": null, "comments": "Illegally parked car to the left makes it impossible to see to take a left without risking being t-boned. ", "timestamp_ms": 1707358560000}}, {"type": "Feature", "geometry": {"type": "Point", "coordinates": [-71.01953553699997, 42.38624428000003]}, "properties": {"mode": "walk", "mode_raw": "walks", "request": "other", "request_other": "Remove Electronic Billboard", "comments": "Electronic billboards are proven through several studies to distract divers and make crashes near them more deadly and dangerous. A pedestrian was recently killed in this intersection below such a billboard. There is no stop light for the pedestrian crossing, which is only marked by a sign and flashing lights. \r\n\r\nIt is very likely that this bright billboard reduces the visibility of this crossing, and draws drivers attention away from any pedestrians in it. Please remove it in addition to improving the crossing.", "timestamp_ms": 1707417240000}}, {"type": "Feature", "geometry": {"type": "Point", "coordinates": [-71.07050823699996, 42.373193248000064]}, "properties": {"mode": "drive", "mode_raw": "drives", "request": "other", "request_other": "Electronic billboard", "comments": "Digital advertising has been proven in several studies to increase the rate of crashes in their proximity and to make crashes that do happen more likely to result in injuries or deaths. It is unacceptable that a vision zero community maintains digital advertising along roadways. Please remove this digital billboard and consider adopting an outdoor ad free zone in Boston, as Lexington, Lincoln, and Concord already have. ", "timestamp_ms": 1707418440000}}, {"type": "Feature", "geometry": {"type": "Point", "coordinates": [-71.07766437099997, 42.381166449000034]}, "properties": {"mode": "drive", "mode_raw": "drives", "request": "other", "request_other": "Electronic Billboard", "comments": "Digital advertising has been proven in several studies to increase the rate of crashes in their proximity and to make crashes that do happen more likely to result in injuries or deaths. It is unacceptable that a vision zero community maintains digital advertising along roadways. Please remove this digital billboard and consider adopting an outdoor ad free zone in Boston, as Lexington, Lincoln, and Concord already have. ", "timestamp_ms": 1707418800000}}, {"type": "Feature", "geometry": {"type": "Point", "coordinates": [-71.07636618199996, 42.38489115600004]}, "properties": {"mode": "walk", "mode_raw": "walks", "request": "other", "request_other": "Electronic Billboard", "comments": "Digital advertising has been proven in several studies to increase the rate of crashes in their proximity and to make crashes that do happen more likely to result in injuries or deaths. It is unacceptable that a vision zero community maintains digital advertising along roadways. Please remove this digital billboard and consider adopting an outdoor ad free zone in Boston, as Lexington, Lincoln, and Concord already have. ", "timestamp_ms": 1707418920000}}, {"type": "Feature", "geometry": {"type": "Point", "coordinates": [-71.01378488099994, 42.39026781700005]}, "properties": {"mode": "drive", "mode_raw": "drives", "request": "other", "request_other": "Electronic Billboard", "comments": "Digital advertising has been proven in several studies to increase the rate of crashes in their proximity and to make crashes that do happen more likely to result in injuries or deaths. It is unacceptable that a vision zero community maintains digital advertising along roadways. Please remove this digital billboard and consider adopting an outdoor ad free zone in Boston, as Lexington, Lincoln, and Concord already have. ", "timestamp_ms": 1707419160000}}, {"type": "Feature", "geometry": {"type": "Point", "coordinates": [-71.15404295499997, 42.357267594000064]}, "properties": {"mode": "drive", "mode_raw": "drives", "request": "other", "request_other": "Electronic Billboard", "comments": "Digital advertising has been proven in several studies to increase the rate of crashes in their proximity and to make crashes that do happen more likely to result in injuries or deaths. It is unacceptable that a vision zero community maintains digital advertising along roadways. Please remove this digital billboard and consider adopting an outdoor ad free zone in Boston, as Lexington, Lincoln, and Concord already have. ", "timestamp_ms": 1707419400000}}, {"type": "Feature", "geometry": {"type": "Point", "coordinates": [-71.13328265699994, 42.356264674000045]}, "properties": {"mode": "drive", "mode_raw": "drives", "request": "other", "request_other": "Electronic Billboards ", "comments": "Digital advertising has been proven in several studies to increase the rate of crashes in their proximity and to make crashes that do happen more likely to result in injuries or deaths. It is unacceptable that a vision zero community maintains digital advertising along roadways. Please remove this digital billboard and consider adopting an outdoor ad free zone in Boston, as Lexington, Lincoln, and Concord already have. ", "timestamp_ms": 1707419460000}}, {"type": "Feature", "geometry": {"type": "Point", "coordinates": [-71.06204318599998, 42.36696496700006]}, "properties": {"mode": "drive", "mode_raw": "drives", "request": "other", "request_other": "Electronic Billboard", "comments": "Digital advertising has been proven in several studies to increase the rate of crashes in their proximity and to make crashes that do happen more likely to result in injuries or deaths. It is unacceptable that a vision zero community maintains digital advertising along roadways. Please remove this digital billboard and consider adopting an outdoor ad free zone in Boston, as Lexington, Lincoln, and Concord already have. ", "timestamp_ms": 1707419640000}}, {"type": "Feature", "geometry": {"type": "Point", "coordinates": [-71.09725522599996, 42.34750132400006]}, "properties": {"mode": "walk", "mode_raw": "walks", "request": "other", "request_other": "Electronic Billboard", "comments": "Digital advertising has been proven in several studies to increase the rate of crashes in their proximity and to make crashes that do happen more likely to result in injuries or deaths. It is unacceptable that a vision zero community maintains digital advertising along roadways. Please remove this digital billboard and consider adopting an outdoor ad free zone in Boston, as Lexington, Lincoln, and Concord already have. ", "timestamp_ms": 1707419700000}}, {"type": "Feature", "geometry": {"type": "Point", "coordinates": [-71.09445499999998, 42.34720595400006]}, "properties": {"mode": "walk", "mode_raw": "walks", "request": "other", "request_other": "Electronic Billboard", "comments": "Digital advertising has been proven in several studies to increase the rate of crashes in their proximity and to make crashes that do happen more likely to result in injuries or deaths. It is unacceptable that a vision zero community maintains digital advertising along roadways. Please remove this digital billboard and consider adopting an outdoor ad free zone in Boston, as Lexington, Lincoln, and Concord already have. ", "timestamp_ms": 1707419880000}}, {"type": "Feature", "geometry": {"type": "Point", "coordinates": [-71.06277274699994, 42.352474838000035]}, "properties": {"mode": "walk", "mode_raw": "walks", "request": "other", "request_other": "Electronic Billboard", "comments": "Digital advertising has been proven in several studies to increase the rate of crashes in their proximity and to make crashes that do happen more likely to result in injuries or deaths. It is unacceptable that a vision zero community maintains digital advertising along roadways. Please remove this digital billboard and consider adopting an outdoor ad free zone in Boston, as Lexington, Lincoln, and Concord already have. ", "timestamp_ms": 1707420000000}}, {"type": "Feature", "geometry": {"type": "Point", "coordinates": [-71.06509017499997, 42.35101989300006]}, "properties": {"mode": "walk", "mode_raw": "walks", "request": "other", "request_other": "Electronic Billboard", "comments": "Digital advertising has been proven in several studies to increase the rate of crashes in their proximity and to make crashes that do happen more likely to result in injuries or deaths. It is unacceptable that a vision zero community maintains digital advertising along roadways. Please remove this digital billboard and consider adopting an outdoor ad free zone in Boston, as Lexington, Lincoln, and Concord already have. ", "timestamp_ms": 1707420120000}}, {"type": "Feature", "geometry": {"type": "Point", "coordinates": [-71.06489705599995, 42.35101592900003]}, "properties": {"mode": "walk", "mode_raw": "walks", "request": "other", "request_other": "Electronic Billboard", "comments": "Digital advertising has been proven in several studies to increase the rate of crashes in their proximity and to make crashes that do happen more likely to result in injuries or deaths. It is unacceptable that a vision zero community maintains digital advertising along roadways. Please remove this digital billboard and consider adopting an outdoor ad free zone in Boston, as Lexington, Lincoln, and Concord already have. ", "timestamp_ms": 1707420120000}}, {"type": "Feature", "geometry": {"type": "Point", "coordinates": [-71.04561733799994, 42.352169580000066]}, "properties": {"mode": "walk", "mode_raw": "walks", "request": "other", "request_other": "Electronic Billboard", "comments": "Digital advertising has been proven in several studies to increase the rate of crashes in their proximity and to make crashes that do happen more likely to result in injuries or deaths. It is unacceptable that a vision zero community maintains digital advertising along roadways. Please remove this digital billboard and consider adopting an outdoor ad free zone in Boston, as Lexington, Lincoln, and Concord already have. ", "timestamp_ms": 1707420240000}}, {"type": "Feature", "geometry": {"type": "Point", "coordinates": [-71.04373979099995, 42.34680948100004]}, "properties": {"mode": "walk", "mode_raw": "walks", "request": "other", "request_other": "Electronic Billboard", "comments": "Digital advertising has been proven in several studies to increase the rate of crashes in their proximity and to make crashes that do happen more likely to result in injuries or deaths. It is unacceptable that a vision zero community maintains digital advertising along roadways. Please remove this digital billboard and consider adopting an outdoor ad free zone in Boston, as Lexington, Lincoln, and Concord already have. ", "timestamp_ms": 1707420300000}}, {"type": "Feature", "geometry": {"type": "Point", "coordinates": [-71.06157111699997, 42.34579846400004]}, "properties": {"mode": "drive", "mode_raw": "drives", "request": "other", "request_other": "Electronic Billboard", "comments": "Digital advertising has been proven in several studies to increase the rate of crashes in their proximity and to make crashes that do happen more likely to result in injuries or deaths. It is unacceptable that a vision zero community maintains digital advertising along roadways. Please remove this digital billboard and consider adopting an outdoor ad free zone in Boston, as Lexington, Lincoln, and Concord already have. ", "timestamp_ms": 1707420360000}}, {"type": "Feature", "geometry": {"type": "Point", "coordinates": [-71.06412457999994, 42.34046954300004]}, "properties": {"mode": "drive", "mode_raw": "drives", "request": "other", "request_other": "Electronic Billboard", "comments": "Digital advertising has been proven in several studies to increase the rate of crashes in their proximity and to make crashes that do happen more likely to result in injuries or deaths. It is unacceptable that a vision zero community maintains digital advertising along roadways. Please remove this digital billboard and consider adopting an outdoor ad free zone in Boston, as Lexington, Lincoln, and Concord already have. ", "timestamp_ms": 1707420480000}}, {"type": "Feature", "geometry": {"type": "Point", "coordinates": [-71.06553099399997, 42.33469190400007]}, "properties": {"mode": "drive", "mode_raw": "drives", "request": "other", "request_other": "Electronic Billboard", "comments": "Digital advertising has been proven in several studies to increase the rate of crashes in their proximity and to make crashes that do happen more likely to result in injuries or deaths. It is unacceptable that a vision zero community maintains digital advertising along roadways. Please remove this digital billboard and consider adopting an outdoor ad free zone in Boston, as Lexington, Lincoln, and Concord already have. ", "timestamp_ms": 1707420600000}}, {"type": "Feature", "geometry": {"type": "Point", "coordinates": [-71.06300878099995, 42.33177735700008]}, "properties": {"mode": "drive", "mode_raw": "drives", "request": "other", "request_other": "Electronic Billboard", "comments": "Digital advertising has been proven in several studies to increase the rate of crashes in their proximity and to make crashes that do happen more likely to result in injuries or deaths. It is unacceptable that a vision zero community maintains digital advertising along roadways. Please remove this digital billboard and consider adopting an outdoor ad free zone in Boston, as Lexington, Lincoln, and Concord already have. ", "timestamp_ms": 1707420720000}}, {"type": "Feature", "geometry": {"type": "Point", "coordinates": [-71.06358813799994, 42.33088110500006]}, "properties": {"mode": "drive", "mode_raw": "drives", "request": "other", "request_other": "Electronic Billboard", "comments": "Digital advertising has been proven in several studies to increase the rate of crashes in their proximity and to make crashes that do happen more likely to result in injuries or deaths. It is unacceptable that a vision zero community maintains digital advertising along roadways. Please remove this digital billboard and consider adopting an outdoor ad free zone in Boston, as Lexington, Lincoln, and Concord already have. ", "timestamp_ms": 1707420780000}}, {"type": "Feature", "geometry": {"type": "Point", "coordinates": [-71.05335107999997, 42.32221509800007]}, "properties": {"mode": "drive", "mode_raw": "drives", "request": "other", "request_other": "Electronic Billboard", "comments": "Digital advertising has been proven in several studies to increase the rate of crashes in their proximity and to make crashes that do happen more likely to result in injuries or deaths. It is unacceptable that a vision zero community maintains digital advertising along roadways. Please remove this digital billboard and consider adopting an outdoor ad free zone in Boston, as Lexington, Lincoln, and Concord already have. ", "timestamp_ms": 1707420840000}}, {"type": "Feature", "geometry": {"type": "Point", "coordinates": [-71.16750687599995, 42.35119111500006]}, "properties": {"mode": "walk", "mode_raw": "walks", "request": "other", "request_other": "Drivers do not stop for pedestrians at crosswalk", "comments": "Always have to wait until streets are completely clear to walk since drivers rarely stop for pedestrians at this crosswalk. This is a common occurrence. However, just had my first incident where a driver was inches away from hitting me and my dog as I started to cross the crosswalk, where I\u2019d once again had just been waiting at for the cars to clear since no one stopped. I had to stop mid-crossing so that the driver had enough time to hard brake for us", "timestamp_ms": 1708136640000}}, {"type": "Feature", "geometry": {"type": "Point", "coordinates": [-71.10047166999993, 42.313590367000074]}, "properties": {"mode": "walk", "mode_raw": "walks", "request": "other", "request_other": "People don't stop for pedestrians", "comments": "Busy area. Car was speeding from and could have hit us walking across the street. There needs to be lights or something to make this a safer place for pedestrians. ", "timestamp_ms": 1708229400000}}, {"type": "Feature", "geometry": {"type": "Point", "coordinates": [-71.10200377199999, 42.31106481900008]}, "properties": {"mode": "walk", "mode_raw": "walks", "request": "runlightssigns", "request_other": null, "comments": "Cars are constantly speeding, running stop signs and never respecting pedestrians . There\u2019s a school on Peter parley and they use this intersection to go to the park. Please take our requests seriously and make this intersection safer for our neighborhood. Add lights and speed bumps. ", "timestamp_ms": 1708229820000}}, {"type": "Feature", "geometry": {"type": "Point", "coordinates": [-71.10051810299996, 42.31355961000003]}, "properties": {"mode": "walk", "mode_raw": "walks", "request": "speeding", "request_other": null, "comments": "Drivers speed and do not stop for pedestrians. Add lights or speed bumps to ensure this is a safe crosswalk.", "timestamp_ms": 1708230480000}}, {"type": "Feature", "geometry": {"type": "Point", "coordinates": [-71.10252948499993, 42.311461517000055]}, "properties": {"mode": "walk", "mode_raw": "walks", "request": "runlightssigns", "request_other": null, "comments": "Cars do not stop for pedestrians ", "timestamp_ms": 1708231020000}}, {"type": "Feature", "geometry": {"type": "Point", "coordinates": [-71.05589479699995, 42.28296553700005]}, "properties": {"mode": "walk", "mode_raw": "walks", "request": "visibility", "request_other": null, "comments": "residents and patrons of the area feel that it's unsafe to cross in the crosswalk due to cars not stopping for pedestrians. suggestions include: better lighting, raised crosswalks.", "timestamp_ms": 1708370160000}}, {"type": "Feature", "geometry": {"type": "Point", "coordinates": [-71.08524092999994, 42.30320411200006]}, "properties": {"mode": "drive", "mode_raw": "drives", "request": "awayfromside", "request_other": null, "comments": "bus stop across the street from 612 blue - pedestrians get off the bus and immediately cross the street outside of the crosswalk while cars are going too fast. better signage or design to funnel pedestrians to the crosswalk is needed.", "timestamp_ms": 1708370280000}}, {"type": "Feature", "geometry": {"type": "Point", "coordinates": [-71.07177121099994, 42.27763733000006]}, "properties": {"mode": "walk", "mode_raw": "walks", "request": "speeding", "request_other": null, "comments": "clancy road is a cut through from gallivan to washington and vice versa. cars reach up to 50 miles per hour on this street to avoid the red light. speed humps would make cars slow down. this street abuts a public playground where many families are crossing the street to use the playground.", "timestamp_ms": 1708370400000}}, {"type": "Feature", "geometry": {"type": "Point", "coordinates": [-71.51415633699997, 42.491984821000074]}, "properties": {"mode": "walk", "mode_raw": "walks", "request": "notenoughtime", "request_other": null, "comments": null, "timestamp_ms": 1708652100000}}, {"type": "Feature", "geometry": {"type": "Point", "coordinates": [-71.10106041199998, 42.34470581800008]}, "properties": {"mode": "walk", "mode_raw": "walks", "request": "other", "request_other": "Drivers miss crosswalk", "comments": "The painting on the crosswalk is so faded it is very hard for drivers to see. Also there are no signs warning of the upcoming crosswalk. As a result cars frequently drive through the crosswalk and don't stop for pedestrians. Finally, cars frequently park in the crosswalk outside Starbucks blocking access to the ramp", "timestamp_ms": 1709064660000}}, {"type": "Feature", "geometry": {"type": "Point", "coordinates": [-71.14017141299996, 42.34856922700004]}, "properties": {"mode": "walk", "mode_raw": "walks", "request": "other", "request_other": "Lack of pedestrian signals ", "comments": "This intersection is missing pedestrian signals for some of the crossings.", "timestamp_ms": 1709079840000}}, {"type": "Feature", "geometry": {"type": "Point", "coordinates": [-71.08484917099997, 42.34298856400005]}, "properties": {"mode": "drive", "mode_raw": "drives", "request": "roadwaymaint", "request_other": null, "comments": null, "timestamp_ms": 1709175180000}}, {"type": "Feature", "geometry": {"type": "Point", "coordinates": [-71.10785674499994, 42.31288297300006]}, "properties": {"mode": "walk", "mode_raw": "walks", "request": "speeding", "request_other": null, "comments": "Excessive speed on this stretch of Lamartine Street where many families live and walk to school, nearby playgrounds, and the train.  There are not enough crosswalks and no calming measures.  Cars travel upwards of 50 mph.  There is also no marked center lane and it is two way traffic at high speeds.  Dangerous for drivers and pedestrians", "timestamp_ms": 1710306780000}}, {"type": "Feature", "geometry": {"type": "Point", "coordinates": [-71.04984220399996, 42.35129642600003]}, "properties": {"mode": "walk", "mode_raw": "walks", "request": "yieldturn", "request_other": null, "comments": "Drivers turning on and off of Congress St at Sleeper St can be very aggressive and impatient. Whenever I am walking along Congress St there, it is very common for drivers to not yield to me.", "timestamp_ms": 1711395060000}}, {"type": "Feature", "geometry": {"type": "Point", "coordinates": [-71.04979027099995, 42.351319466000064]}, "properties": {"mode": "walk", "mode_raw": "walks", "request": "yieldturn", "request_other": null, "comments": "it's very common for cars to drive into the crosswalk before proceeding onto Congress St. I frequently have to wave down cars to make them aware that I'm there when I'm walking east on Congress St.\"\"", "timestamp_ms": 1711395180000}}, {"type": "Feature", "geometry": {"type": "Point", "coordinates": [-71.04983376999996, 42.35134894400005]}, "properties": {"mode": "walk", "mode_raw": "walks", "request": "other", "request_other": "Child death.", "comments": "A child was killed here. directly in front of the children's museum. This should never be allowed to happen again. You can prevent it forever by blocking this block to through traffic. Create a pocket park and name it in honor of the girl who died. Maintain loading access by maintaining the street connections to the alley and maintain pedestrian and accessible rolling connections only through the block abutting congress. ", "timestamp_ms": 1711395240000}}, {"type": "Feature", "geometry": {"type": "Point", "coordinates": [-71.07314753099996, 42.33353611500007]}, "properties": {"mode": "walk", "mode_raw": "walks", "request": "sidewalk", "request_other": null, "comments": "The sidewalks here are too narrow. When people are waiting outside here for help and treatment the sidewalk gets too full spilling into the street. This gives reckless drivers opportunity to exercise social stigma through reckless, threatening, and potentially violent driving. Expand the side walks.", "timestamp_ms": 1711395960000}}, {"type": "Feature", "geometry": {"type": "Point", "coordinates": [-71.07213086199994, 42.332708936000074]}, "properties": {"mode": "walk", "mode_raw": "walks", "request": "toomanylanes", "request_other": null, "comments": "There are people crossing here whether or not the city recognizes their humanity. This is a crazy dangerous intersection right next to such a concentration of services. People cross here all the time. It is nowhere near safe enough and people drive aggressively here often. Bike paths also lead into here now and there is even more non vehicular movement through this incredibly automobile oriented intersection.", "timestamp_ms": 1711396080000}}, {"type": "Feature", "geometry": {"type": "Point", "coordinates": [-71.11401366799998, 42.31239802400006]}, "properties": {"mode": "bike", "mode_raw": "bikes", "request": "bikefacility", "request_other": null, "comments": "Bike lanes in JP centre are door zone and the paint is extremely faded. They need refreshing and at that point they should be more generally improved. ", "timestamp_ms": 1711396800000}}, {"type": "Feature", "geometry": {"type": "Point", "coordinates": [-71.13095181799997, 42.35031223100003]}, "properties": {"mode": "walk", "mode_raw": "walks", "request": "notenoughtime", "request_other": null, "comments": "this intersection is too big to cross in one cycle, only lasts about 15 seconds\r\n\r\n", "timestamp_ms": 1711652580000}}, {"type": "Feature", "geometry": {"type": "Point", "coordinates": [-71.13768416199997, 42.34848852600004]}, "properties": {"mode": "drive", "mode_raw": "drives", "request": "roadwaymaint", "request_other": null, "comments": "the train tracks are incredibly uneven and make it very difficult to drive across in one light cycle, backing up traffic down narrow Allston Street", "timestamp_ms": 1711652700000}}, {"type": "Feature", "geometry": {"type": "Point", "coordinates": [-71.13143193299999, 42.351168561000065]}, "properties": {"mode": "drive", "mode_raw": "drives", "request": "doublepark", "request_other": null, "comments": "Harvard Ave from Comm Ave to Cambridge street is always backed up because delivery drivers are constantly double parking their cars on both sides of the street, meaning cars are always crossing into the other direction's traffic, bike lanes are constantly blocked so they have to go into the street, and it's very difficult to see pedestrians in the crosswalks", "timestamp_ms": 1711652880000}}, {"type": "Feature", "geometry": {"type": "Point", "coordinates": [-71.13343006199995, 42.353106481000054]}, "properties": {"mode": "other", "mode_raw": "other", "request": "doublepark", "request_other": null, "comments": "delivery drivers are constantly double parking their cars in the BUS/BIKE only lane (which is very clearly marked the entire length of the street but cars driving thru also don't follow the rules), constantly causing traffic because the busses and the bikes have to merge into the thru traffic lane to get around. this happens on both sides of street all the time", "timestamp_ms": 1711653300000}}, {"type": "Feature", "geometry": {"type": "Point", "coordinates": [-71.15013497599995, 42.354581377000045]}, "properties": {"mode": "bike", "mode_raw": "bikes", "request": "bikefacility", "request_other": null, "comments": "bike lane visibility is low - drivers have trouble telling that bike lane exists, Please restripe and/or add green paint to delineate better", "timestamp_ms": 1714693080000}}, {"type": "Feature", "geometry": {"type": "Point", "coordinates": [-71.07071208499997, 42.36093426100007]}, "properties": {"mode": "bike", "mode_raw": "bikes", "request": "bikefacility", "request_other": null, "comments": "This intersection is super dangerous. A bicyclist was hit and run by a truck driver in it yesterday. This intersection needs protected intersection treatments and both Charles and Cambridge need protected bike lanes. ", "timestamp_ms": 1715812680000}}, {"type": "Feature", "geometry": {"type": "Point", "coordinates": [-71.09000246099998, 42.35203697000003]}, "properties": {"mode": "bike", "mode_raw": "bikes", "request": "bikefacility", "request_other": null, "comments": "There is no official way to get from the ramps to the south/east bound bike lane so people do all kinds of crazy things to get there. ", "timestamp_ms": 1715812740000}}, {"type": "Feature", "geometry": {"type": "Point", "coordinates": [-71.08802842699998, 42.34765396500006]}, "properties": {"mode": "bike", "mode_raw": "bikes", "request": "bikefacility", "request_other": null, "comments": "While this project will, once completed, massively improve the bike paths along mass ave the current set up during construction is terrible forcing bikes to merge into traffic with no leading interval from far to drivers right side. The road surface there is also terrible making  this worse. There need to be provisions for bike paths during construction like there are for streets and sidewalks. ", "timestamp_ms": 1715812860000}}, {"type": "Feature", "geometry": {"type": "Point", "coordinates": [-71.09298514899996, 42.33353809700003]}, "properties": {"mode": "bike", "mode_raw": "bikes", "request": "yieldgoing", "request_other": null, "comments": "This is a blind crossing for bikes headed northeast and cars headed east. Cars frequently do not yield in the crosswalk.", "timestamp_ms": 1715814420000}}, {"type": "Feature", "geometry": {"type": "Point", "coordinates": [-71.10763537499997, 42.310111059000064]}, "properties": {"mode": "walk", "mode_raw": "walks", "request": "other", "request_other": "Wrong way driving ", "comments": "People regularly drive the wrong way down this one way and Google maps directs people to do so. ", "timestamp_ms": 1715814540000}}, {"type": "Feature", "geometry": {"type": "Point", "coordinates": [-71.11839103299997, 42.32114048400007]}, "properties": {"mode": "bike", "mode_raw": "bikes", "request": "bikefacility", "request_other": null, "comments": "I bike this way to avoid biking around the pond like I am supposed to (bikes should be allowed around the pond as long as they yield to pedestrians) but the city does not encourage this behavior. This bike lane is narrow and unmarked. Drivers seem to think it is a shoulder and regularly drive in it. It needs marking and physical protection. ", "timestamp_ms": 1715814600000}}, {"type": "Feature", "geometry": {"type": "Point", "coordinates": [-71.12036513899994, 42.320997695000074]}, "properties": {"mode": "bike", "mode_raw": "bikes", "request": "bikefacility", "request_other": null, "comments": "Bikes should be allowed around the pond it is much safer than the current alternatives. ", "timestamp_ms": 1715814720000}}, {"type": "Feature", "geometry": {"type": "Point", "coordinates": [-71.10301471399998, 42.33700923500004]}, "properties": {"mode": "bike", "mode_raw": "bikes", "request": "yieldturn", "request_other": null, "comments": "A white service van turned right from Longwood Ave onto Avenue Louis Pasteur and did not see me on my bike in spite of my fluoro yellow reflector vest and bike lights. Luckily I was biking slowly enough that I was able to turn with the van and not get hit. Cars often don't yield to pedestrians in this area of Longwood Ave either.", "timestamp_ms": 1715977500000}}, {"type": "Feature", "geometry": {"type": "Point", "coordinates": [-71.10728033799995, 42.338911239000026]}, "properties": {"mode": "bike", "mode_raw": "bikes", "request": "yieldturn", "request_other": null, "comments": "I was going straight on Longwood Ave at Brookline Ave towards Riverway when two SUVs in a row tried to turn left from Longwood Ave onto Brookline Ave. They tried to turn right after a car went straight just in front of me and failed to yield to me continuing straight. They didn't see me in spite of my fluoro yellow reflector vest and front and rear bike lights that were on. It was about 5 pm on Tuesday, May 14, 2024 and cloudy but still daylight. I had to yell out to the SUVs to get them to stop turning. There needs to be bike-specific infrastructure here. Paint and sharrows are not enough. Cars need to have a left turn signal separate from oncoming traffic because drivers get so impatient when tryin to make a left turn that they barely look when they think they see an opening to turn. This is the most stressful and scary part of my commute to work biking from Porter Square in Cambridge.", "timestamp_ms": 1715977680000}}, {"type": "Feature", "geometry": {"type": "Point", "coordinates": [-71.10993061199997, 42.340314152000076]}, "properties": {"mode": "bike", "mode_raw": "bikes", "request": "bikefacility", "request_other": null, "comments": "It's very difficult to cross Riverway on Longwood Ave by bike especially going towards the Longwood Medical Area as there is no protected bike lane so to go straight across, you need to cross traffic into the left lane because the right lane is a right only car lane.", "timestamp_ms": 1715978040000}}, {"type": "Feature", "geometry": {"type": "Point", "coordinates": [-71.10782648199995, 42.339251800000056]}, "properties": {"mode": "bike", "mode_raw": "bikes", "request": "doublepark", "request_other": null, "comments": "Vehicles are blocking the bike lane in front of the restaurants here every time I bike commute to work at the Harvard T.H. Chan School of Public Health, forcing cyclists into the traffic lane.", "timestamp_ms": 1715978160000}}, {"type": "Feature", "geometry": {"type": "Point", "coordinates": [-71.10613369399994, 42.33827978800008]}, "properties": {"mode": "bike", "mode_raw": "bikes", "request": "yieldturn", "request_other": null, "comments": "another scary intersection on Longwood Ave to travel through on a bike because cars and vehicles turning left don't always yield or even look for bicycle traffic.", "timestamp_ms": 1715978340000}}, {"type": "Feature", "geometry": {"type": "Point", "coordinates": [-71.10727222899999, 42.33889635400004]}, "properties": {"mode": "bike", "mode_raw": "bikes", "request": "bikefacility", "request_other": null, "comments": "Paint is not protection. There's a partial painted bike lane, but otherwise zero bike infrastructure and it's extremely harrowing to bike through. Cyclists often bike through the intersection during the 4-way walk signal to get ahead of traffic, and they yield to pedestrians, but this is problematic because of the number of pedestrians crossing in all directions.", "timestamp_ms": 1715978460000}}, {"type": "Feature", "geometry": {"type": "Point", "coordinates": [-71.10805245799997, 42.33934758400005]}, "properties": {"mode": "bike", "mode_raw": "bikes", "request": "bikefacility", "request_other": null, "comments": "need protected bike lanes on Longwood Ave because cars block them or pass through the partial painted lane all the time.", "timestamp_ms": 1715978640000}}, {"type": "Feature", "geometry": {"type": "Point", "coordinates": [-71.10612327899997, 42.33824865400004]}, "properties": {"mode": "bike", "mode_raw": "bikes", "request": "bikefacility", "request_other": null, "comments": "need bike-specific infrastructure and protection approaching the intersection of Longwood Ave and Binney St. Sharrows are ignored and don't help visibility of cyclists.", "timestamp_ms": 1715978700000}}, {"type": "Feature", "geometry": {"type": "Point", "coordinates": [-71.10511812099998, 42.33779137500005]}, "properties": {"mode": "bike", "mode_raw": "bikes", "request": "bikefacility", "request_other": null, "comments": "Need bike-specific infrastructure and protection at Longwood Ave and Blackfan. Busy intersection with cars turning into Children's Hospital.", "timestamp_ms": 1715978940000}}, {"type": "Feature", "geometry": {"type": "Point", "coordinates": [-71.10194609999996, 42.336540530000036]}, "properties": {"mode": "bike", "mode_raw": "bikes", "request": "bikefacility", "request_other": null, "comments": "Bike lane disappears at this end of Longwood Ave and is very much needed for protection and visibility of cyclists on this very busy stretch of road.", "timestamp_ms": 1715979060000}}, {"type": "Feature", "geometry": {"type": "Point", "coordinates": [-71.07079305399998, 42.36143460200003]}, "properties": {"mode": "bike", "mode_raw": "bikes", "request": "runlightssigns", "request_other": null, "comments": "Cars are consistently running the red light when traveling north, posing a hazard to peds and cyclists who have a green light. Cars traveling south do not stop at the stop sign, posing a double threat to peds and cyclists. There should be increased enforcement until permanent changes can be made.", "timestamp_ms": 1716157740000}}, {"type": "Feature", "geometry": {"type": "Point", "coordinates": [-71.07599855199999, 42.34748953900004]}, "properties": {"mode": "bike", "mode_raw": "bikes", "request": "bikefacility", "request_other": null, "comments": "There is no bike lane here and fast-moving cars make for a very scary ride. Given its connection to SW Corridor, it sees heavy bicycle traffic but is not built for it.", "timestamp_ms": 1716157980000}}, {"type": "Feature", "geometry": {"type": "Point", "coordinates": [-71.07667972799999, 42.34881247900006]}, "properties": {"mode": "bike", "mode_raw": "bikes", "request": "speeding", "request_other": null, "comments": null, "timestamp_ms": 1716158100000}}, {"type": "Feature", "geometry": {"type": "Point", "coordinates": [-71.10430921399995, 42.34409365300007]}, "properties": {"mode": "walk", "mode_raw": "walks", "request": "toomanylanes", "request_other": null, "comments": "The light timing and multiple crossings all along this connection between the Fens and the Greenway are ridiculous. Pedestrians get stranded in high speed traffic islands if and when the lights ever change. All of these intersections should be scramble crossings.", "timestamp_ms": 1717183680000}}, {"type": "Feature", "geometry": {"type": "Point", "coordinates": [-71.08178215099997, 42.340707130000055]}, "properties": {"mode": "bike", "mode_raw": "bikes", "request": "bikefacility", "request_other": null, "comments": "The unprotected bike lane always has double parked cars or delivery trucks in it. There are dozens of motorcycles that also use this bike lane, which is frightening as a cyclist. The entirety of Mass Ave is unpleasant and scary for biking.", "timestamp_ms": 1717183800000}}, {"type": "Feature", "geometry": {"type": "Point", "coordinates": [-71.08953425299995, 42.350871021000046]}, "properties": {"mode": "drive", "mode_raw": "drives", "request": "runlightssigns", "request_other": null, "comments": "I am a resident who lives on this corner (504 Beacon St). There is a right turn lane to get off of the Mass Ave bridge onto beacon street with a no right turn on red sign and a traffic signal for the right turn lane. I frequently notice people who honk at cars in front of them and then speed around the cars to make an illegal right turn on red. This happens all of the time. ", "timestamp_ms": 1717542840000}}, {"type": "Feature", "geometry": {"type": "Point", "coordinates": [-71.13288977399998, 42.356959173000064]}, "properties": {"mode": "walk", "mode_raw": "walks", "request": "speeding", "request_other": null, "comments": "Could speed humps/ other traffic calming measures be put on Lincoln Street? This street is super straight and encourages speeding, so some sort of traffic calming measure would be really appreciated ", "timestamp_ms": 1718065080000}}, {"type": "Feature", "geometry": {"type": "Point", "coordinates": [-71.13426742099995, 42.35327502500007]}, "properties": {"mode": "walk", "mode_raw": "walks", "request": "awayfromside", "request_other": null, "comments": "The eastern side of the intersection of Allston St and Brighton Ave needs a crosswalk. I see people dashing across the street, away from the crosswalk, to avoid having to wait for the whole light cycle to get the walk signal again", "timestamp_ms": 1718065440000}}, {"type": "Feature", "geometry": {"type": "Point", "coordinates": [-71.12387346799994, 42.35861933000007]}, "properties": {"mode": "walk", "mode_raw": "walks", "request": "speeding", "request_other": null, "comments": "Even with the recent redesign, I don't feel safe crossing the crosswalk here. Cars rarely yield to me, and I've even see a rear-end crash occur because I tried to cross. One of the RRFB signals was destroyed at this location as well", "timestamp_ms": 1718065560000}}, {"type": "Feature", "geometry": {"type": "Point", "coordinates": [-71.15313100399999, 42.33793180300006]}, "properties": {"mode": "walk", "mode_raw": "walks", "request": "roadwaymaint", "request_other": null, "comments": "The sidewalks over the MBTA rails are in terrible shape, it all feels like a big tripping hazard ", "timestamp_ms": 1718065740000}}, {"type": "Feature", "geometry": {"type": "Point", "coordinates": [-71.16223204399995, 42.33407363600003]}, "properties": {"mode": "walk", "mode_raw": "walks", "request": "yieldturn", "request_other": null, "comments": "Vehicles do not yield to pedestrians in the crosswalk", "timestamp_ms": 1718065800000}}, {"type": "Feature", "geometry": {"type": "Point", "coordinates": [-71.13654422299999, 42.35015959700007]}, "properties": {"mode": "walk", "mode_raw": "walks", "request": "speeding", "request_other": null, "comments": "Speeding vehicles, near the boys and girls club, are a concern to me. Are speed cushions an option here?", "timestamp_ms": 1718065920000}}, {"type": "Feature", "geometry": {"type": "Point", "coordinates": [-71.10192619799994, 42.311060791000045]}, "properties": {"mode": "walk", "mode_raw": "walks", "request": "visibility", "request_other": null, "comments": "This crosswalk to cross Peter Parley is exceptionally long because of the way the sidewalks curve away. Because of parked cars, as a pedestrian you can't see cars driving down the hill until you're out in the street. In addition, since PP Rd is only wide enough for one lane of traffic (but it's a 2 way street), Cars are often focused on each other (rather than looking for pedestrians) and they often swerve into the crosswalk space in order to make way for a car going the other direction. They can't see you (pedestrian) and you can't see them. \r\n\r\nThis is the crossing that stresses me out as a parent (when walking with my kids or when thinking about allowing them to walk on their own). \r\n\r\nPossible solutions: \r\nBumping the sidewalks out\r\nmaking Peter Parley one way\r\ncreating a parking-free zone around the crosswalk    ", "timestamp_ms": 1718137260000}}, {"type": "Feature", "geometry": {"type": "Point", "coordinates": [-71.09833428599995, 42.31583394300003]}, "properties": {"mode": "walk", "mode_raw": "walks", "request": "toomanylanes", "request_other": null, "comments": null, "timestamp_ms": 1718137980000}}, {"type": "Feature", "geometry": {"type": "Point", "coordinates": [-71.10059806999993, 42.313394380000034]}, "properties": {"mode": "walk", "mode_raw": "walks", "request": "sidewalk", "request_other": null, "comments": "This sidewalk is terrible! Mud and ice are bad, and it's really hard to navigate with a stroller or scooter. Also, cars entering the garage add a hazard (could the entrance/exit be made smaller?)", "timestamp_ms": 1718138040000}}, {"type": "Feature", "geometry": {"type": "Point", "coordinates": [-71.10676054399994, 42.349945167000044]}, "properties": {"mode": "walk", "mode_raw": "walks", "request": "walksignal", "request_other": null, "comments": "The wait for the walk signal is ridiculously long and it encourages pedestrians to walk without waiting for it. Sometimes cars have a red light but the walk still doesn't go. ", "timestamp_ms": 1718138160000}}, {"type": "Feature", "geometry": {"type": "Point", "coordinates": [-71.10167419599998, 42.31231468100003]}, "properties": {"mode": "walk", "mode_raw": "walks", "request": "runlightssigns", "request_other": null, "comments": "Cars illegally turn right on red. One of these days they will get hit by a car coming down Montebello. ", "timestamp_ms": 1718138280000}}, {"type": "Feature", "geometry": {"type": "Point", "coordinates": [-71.09876353799996, 42.314058628000055]}, "properties": {"mode": "walk", "mode_raw": "walks", "request": "sidewalk", "request_other": null, "comments": "no curb cuts", "timestamp_ms": 1718138460000}}, {"type": "Feature", "geometry": {"type": "Point", "coordinates": [-71.09516451699994, 42.30500531500007]}, "properties": {"mode": "walk", "mode_raw": "walks", "request": "speeding", "request_other": null, "comments": "It is absurd to have nothing but a crosswalk here. We need a light!! This road feels like a highway to the cars, and yet it's a common crossing where kids and families cross to access their park!! We have been asking for this for years!!", "timestamp_ms": 1718139000000}}, {"type": "Feature", "geometry": {"type": "Point", "coordinates": [-71.10431818999996, 42.34375859100004]}, "properties": {"mode": "bike", "mode_raw": "bikes", "request": "bikefacility", "request_other": null, "comments": "This is such a miss! The bike path just ends here with no easy way to navigate the intersections, no way to connect to the SW Corridor, etc. ", "timestamp_ms": 1718224140000}}, {"type": "Feature", "geometry": {"type": "Point", "coordinates": [-71.13472836799997, 42.349529233000055]}, "properties": {"mode": "walk", "mode_raw": "walks", "request": "speeding", "request_other": null, "comments": "Crossing from Price Road onto Glenville Ave as a pedestrian can be tricky. Could a curb extension be put in so the crossing has improved visibility? If not, could speed humps be installed to slow down oncoming cars", "timestamp_ms": 1718409240000}}, {"type": "Feature", "geometry": {"type": "Point", "coordinates": [-71.16489616699994, 42.35702516900005]}, "properties": {"mode": "walk", "mode_raw": "walks", "request": "speeding", "request_other": null, "comments": "We live at that location and cars go too fast (over speed limit) up and down street. There is also limited visibility because of curve. There have been several vehicle accidents and last year a pedestrian was struck and injured by speeding car. First responders came.\r\nIf they put a speed hub just before the curve at 42 Newton St. call and after the curve at 60 Newton st it would slow the rate of speeds safely. \r\nMany cars race through the neighborhood to cut through to avoid tragic and have hit vehicles, a pedestrian was struck, and people\u2019s animals have been hit ", "timestamp_ms": 1719102540000}}, {"type": "Feature", "geometry": {"type": "Point", "coordinates": [-71.06385367699994, 42.39815975100004]}, "properties": {"mode": "bike", "mode_raw": "bikes", "request": "bikefacility", "request_other": null, "comments": "Exiting this intersection going south, as the road shifts left, cars & trucks regularly cut through the bike lane, causing cyclists to be \"squeezed\" as the cars drive by.  This can be especially dangerous with large trucks, as there is a real risk of being run over.  \r\n\r\nThere were once white pylons here which I found were effective at keeping cyclists and automobiles separated at this squeeze, however they were removed some time ago.  \r\n\r\nAs a personal anecdote, I've seen 3 near misses at this intersection over the past year.  It's only a matter of time before a serious incident occurs here.  ", "timestamp_ms": 1719339960000}}, {"type": "Feature", "geometry": {"type": "Point", "coordinates": [-71.06747734099997, 42.394223285000066]}, "properties": {"mode": "bike", "mode_raw": "bikes", "request": "bikefacility", "request_other": null, "comments": "NOTE: I accidentally posted this comment on the wrong intersection.  This should be the correct location now, where Alford Street meets Dexter St. \r\n\r\nExiting this intersection going south, as the road shifts left, cars & trucks regularly cut through the bike lane, causing cyclists to be \"squeezed\" as the cars drive by. This can be especially dangerous with large trucks, as there is a real risk of being run over.\r\n\r\nThere were once white pylons here which I found were effective at keeping cyclists and automobiles separated at this squeeze, however they were removed some time ago.\r\n\r\nAs a personal anecdote, I've seen 3 near misses at this intersection over the past year. It's only a matter of time before a serious incident occurs here. ", "timestamp_ms": 1719340980000}}, {"type": "Feature", "geometry": {"type": "Point", "coordinates": [-71.10956412299998, 42.32337751000006]}, "properties": {"mode": "walk", "mode_raw": "walks", "request": "runlightssigns", "request_other": null, "comments": "Drivers constantly run this 4-way stop. It's so dangerous - I routinely almost get hit by cars when I'm in the crosswalk here, because they're impatient, they try to beat the pedestrian across the street, or they are looking down at their phones. I would guess 98% of drivers don't come to a full stop here or yield to pedestrians. The crosswalk paint and stop line paint on the north crossing is totally worn off, too.", "timestamp_ms": 1720476480000}}, {"type": "Feature", "geometry": {"type": "Point", "coordinates": [-71.10978650599998, 42.322727007000026]}, "properties": {"mode": "bike", "mode_raw": "bikes", "request": "roadwaymaint", "request_other": null, "comments": "Bad stretch of potholes on Day Street next to the MSPCA. I am always bracing for a flat tire when I bike.", "timestamp_ms": 1720476600000}}, {"type": "Feature", "geometry": {"type": "Point", "coordinates": [-71.11088861999997, 42.32361787900004]}, "properties": {"mode": "walk", "mode_raw": "walks", "request": "speeding", "request_other": null, "comments": "People absolutely gun it up and down Bynner St, only to come to a screeching halt at the red light or run the stop sign at Bynner & Day. There were just two car accidents at Bynner & Day within the span of 10 days. I live on Bynner and hear cars tearing down the street at 40+ mph all day long.", "timestamp_ms": 1720476660000}}, {"type": "Feature", "geometry": {"type": "Point", "coordinates": [-71.03981303699999, 42.376432978000025]}, "properties": {"mode": "walk", "mode_raw": "walks", "request": "awayfromside", "request_other": null, "comments": "This is a popular place to cross for pedestrians accessing the staircase outside the Cultural Center for trips between Shaw's and the bus stop on Meridian and Lexington or further into Eagle Hill. There is no crosswalk, and parked cars severely limit visibility. Please look into adding a crosswalk here and daylighting either side of the street.", "timestamp_ms": 1721102160000}}, {"type": "Feature", "geometry": {"type": "Point", "coordinates": [-71.03828149599997, 42.369876067000064]}, "properties": {"mode": "bike", "mode_raw": "bikes", "request": "bikefacility", "request_other": null, "comments": "The bike lane is incredibly faded on this stretch of Maverick Street. Cars often drive or park in the bike lane, likely because they cannot see there is one there", "timestamp_ms": 1721102520000}}, {"type": "Feature", "geometry": {"type": "Point", "coordinates": [-71.03426086499996, 42.37287818300007]}, "properties": {"mode": "bike", "mode_raw": "bikes", "request": "yieldgoing", "request_other": null, "comments": "Cars often do not yield at this intersection, and sometimes are going above the speed limit. Many pedestrians use this crosswalk to access the EB Greenway, and especially the adjacent dog park. Please consider installing a stop sign here.", "timestamp_ms": 1721105760000}}, {"type": "Feature", "geometry": {"type": "Point", "coordinates": [-71.03599357199994, 42.37374411300004]}, "properties": {"mode": "drive", "mode_raw": "drives", "request": "visibility", "request_other": null, "comments": null, "timestamp_ms": 1721255040000}}, {"type": "Feature", "geometry": {"type": "Point", "coordinates": [-71.11903123099995, 42.30449730600003]}, "properties": {"mode": "bike", "mode_raw": "bikes", "request": "speeding", "request_other": null, "comments": "This carriageway runs beside the Arborway. People flagrantly break the speed limit to beat the traffic on the actual Arborway. ", "timestamp_ms": 1723059600000}}, {"type": "Feature", "geometry": {"type": "Point", "coordinates": [-71.13040211199996, 42.29484469700003]}, "properties": {"mode": "walk", "mode_raw": "walks", "request": "awayfromside", "request_other": null, "comments": "a crosswalk or street here would be great!", "timestamp_ms": 1723786140000}}, {"type": "Feature", "geometry": {"type": "Point", "coordinates": [-71.11465203299997, 42.30164281400005]}, "properties": {"mode": "bike", "mode_raw": "bikes", "request": "other", "request_other": "Signal Timing Safety", "comments": "Bikers going toward Forest Hills Station across the slip lane turning onto South Street from Arborway have a green light at the same time as Drivers using the slip lane. Effectively, both have the right of way. It's only a matter of time before someone gets killed here.", "timestamp_ms": 1724218500000}}, {"type": "Feature", "geometry": {"type": "Point", "coordinates": [-71.06370615499998, 42.34335213300005]}, "properties": {"mode": "bike", "mode_raw": "bikes", "request": "bikefacility", "request_other": null, "comments": "This is a critical biking corridor from Dorchester/Southie into the city. People drive very fast here, and there are often cars parked in the right lane.", "timestamp_ms": 1724635320000}}, {"type": "Feature", "geometry": {"type": "Point", "coordinates": [-71.06673168699996, 42.34708304700007]}, "properties": {"mode": "bike", "mode_raw": "bikes", "request": "bikefacility", "request_other": null, "comments": "There's no bike lane from Arlington to Southie. Maps suggests following Herald St and Washington St, but people drive very aggressively on Herald St and it's hard to make a left turn on Washington St.", "timestamp_ms": 1724635560000}}, {"type": "Feature", "geometry": {"type": "Point", "coordinates": [-71.06081259099994, 42.32264247000006]}, "properties": {"mode": "walk", "mode_raw": "walks", "request": "toomanylanes", "request_other": null, "comments": "Lots of people cross to Enterprise St here where there is no crosswalk. The road is wide and drivers go fast. Narrowing street and providing a crosswalk would really improve safety.", "timestamp_ms": 1724635860000}}, {"type": "Feature", "geometry": {"type": "Point", "coordinates": [-71.06448399599998, 42.32503136100007]}, "properties": {"mode": "walk", "mode_raw": "walks", "request": "toomanylanes", "request_other": null, "comments": "Please put a crosswalk from the corner of Willow Court across Allstate Road directly to where the sidewalk goes through the parking lot. A speed hump/table would be even better, since drivers routinely speed along this straight section. The parking lot here is in general very unfriendly to pedestrians and it would be great if the city could make it safer and more convenient to walk through.", "timestamp_ms": 1724636220000}}, {"type": "Feature", "geometry": {"type": "Point", "coordinates": [-71.07267117599997, 42.35094734100005]}, "properties": {"mode": "bike", "mode_raw": "bikes", "request": "bikefacility", "request_other": null, "comments": "I hope the bike lane will be extended further up Berkeley. At the light, bikers going straight who were in the right lane are suddenly in the way of traffic turning right on the green arrow. The surface is also super rough here which makes it hard to steer with one hand to give turn signals.", "timestamp_ms": 1724636640000}}, {"type": "Feature", "geometry": {"type": "Point", "coordinates": [-71.16393124299998, 42.271927326000025]}, "properties": {"mode": "walk", "mode_raw": "walks", "request": "speeding", "request_other": null, "comments": "   Baker Street from Catholic Memorial across Spring Street (when the light is Green) to its intersection with Centre Street has become the \u201cwork-around\u201d to bypass the \u201ccongestion\u201d caused by Boston\u2019s safety initiative to reduce the traffic lanes in West Roxbury Centre for traffic in both directions between South Brookline and Dedham.\r\n    Speed Humps-not bumps-should installed from adjacent to the school crossing at Catholic Memorial down Baker Street (at least 2) to Ansonia Road. Two stop signs should installed on Baker Street on either side of its intersection with Ansonia Road adjacent to the crosswalk along with one speed hump on the slope on Baker Street adjacent to the Kilmer School.\r\n", "timestamp_ms": 1724703480000}}, {"type": "Feature", "geometry": {"type": "Point", "coordinates": [-71.11579035899996, 42.35114273000005]}, "properties": {"mode": "walk", "mode_raw": "walks", "request": "notenoughtime", "request_other": null, "comments": "The combined green walk signal and flashing hand countdown only provides enough time for pedestrians to cross half the street before turning to the solid red hand. Drivers will NOT yield for pedestrians already in the crosswalk, especially after seeing the red hand for pedestrians. The green walk pedestrian interval should last just as long as the green signal for vehicles. ", "timestamp_ms": 1724782920000}}, {"type": "Feature", "geometry": {"type": "Point", "coordinates": [-71.09467494099994, 42.34451993400006]}, "properties": {"mode": "walk", "mode_raw": "walks", "request": "yieldgoing", "request_other": null, "comments": "Most drivers do not yield for pedestrians at this crosswalk", "timestamp_ms": 1724990400000}}, {"type": "Feature", "geometry": {"type": "Point", "coordinates": [-71.07648593399995, 42.341404658000044]}, "properties": {"mode": "bike", "mode_raw": "bikes", "request": "bikefacility", "request_other": null, "comments": null, "timestamp_ms": 1726198980000}}, {"type": "Feature", "geometry": {"type": "Point", "coordinates": [-71.07338620099995, 42.333561090000046]}, "properties": {"mode": "walk", "mode_raw": "walks", "request": "yieldturn", "request_other": null, "comments": "This intersection feels chronically dangerous as a pedestrian. Right- and left-turning drivers (especially turning from Albany onto Mass Ave) routinely choose not to yield to pedestrians who have the walk light and are already in the middle of the crosswalk. ", "timestamp_ms": 1726332960000}}, {"type": "Feature", "geometry": {"type": "Point", "coordinates": [-71.10998342799996, 42.34033118800005]}, "properties": {"mode": "bike", "mode_raw": "bikes", "request": "yieldturn", "request_other": null, "comments": "There is no bike infrastructure on Longwood Ave and this intersection with Riverway is particularly bad. Bikes typically go through the intersection with the 4-way pedestrian signal to avoid being invisible when vehicles are turning, especially with large vans and trucks that further block visibility. This is not ideal, even if cyclists yield to pedestrians. During morning rush hour, when cars on Riverway have a green arrow to turn left onto Longwood, they are not yielding to pedestrians/cyclists crossing because they are only concerned with the fact that they have a green arrow and there is traffic stopped around the intersection that they want to get through.", "timestamp_ms": 1726593840000}}, {"type": "Feature", "geometry": {"type": "Point", "coordinates": [-71.10989939899997, 42.34034652100007]}, "properties": {"mode": "bike", "mode_raw": "bikes", "request": "speeding", "request_other": null, "comments": "Vehicle drivers speed through the intersection trying to make the light. This is especially problematic when drivers are trying to turn left. They will accelerate hard to try and make the turn before the light changes.", "timestamp_ms": 1726594140000}}, {"type": "Feature", "geometry": {"type": "Point", "coordinates": [-71.10989223299998, 42.340306406000025]}, "properties": {"mode": "bike", "mode_raw": "bikes", "request": "runlightssigns", "request_other": null, "comments": "Vehicle drivers go through the red light from all directions because they get tired of waiting for the light and are impatient.", "timestamp_ms": 1726594260000}}, {"type": "Feature", "geometry": {"type": "Point", "coordinates": [-71.10994587699997, 42.340282615000035]}, "properties": {"mode": "bike", "mode_raw": "bikes", "request": "roadwaymaint", "request_other": null, "comments": "the roadway surface has potholes and uneven pavement in areas. This is a nuisance for vehicle drivers, but dangerous for cyclists whose wheels can get caught in uneven pavement and cause a crash.", "timestamp_ms": 1726594320000}}, {"type": "Feature", "geometry": {"type": "Point", "coordinates": [-71.10992441899998, 42.340318301000025]}, "properties": {"mode": "bike", "mode_raw": "bikes", "request": "notenoughtime", "request_other": null, "comments": "The crosswalk time is relatively short considering it's a 4-way walk signal and there are multiple lanes to cross.", "timestamp_ms": 1726594380000}}, {"type": "Feature", "geometry": {"type": "Point", "coordinates": [-71.10989223299998, 42.340298475000054]}, "properties": {"mode": "bike", "mode_raw": "bikes", "request": "toomanylanes", "request_other": null, "comments": "This is a large area for pedestrians to cross with multiple lanes in all directions. Adding bike infrastructure and shorter crosswalks would make a huge difference for cyclists' and pedestrians' safety and their visibility to drivers.", "timestamp_ms": 1726594500000}}, {"type": "Feature", "geometry": {"type": "Point", "coordinates": [-71.06664173799999, 42.35151760400004]}, "properties": {"mode": "walk", "mode_raw": "walks", "request": "notenoughtime", "request_other": null, "comments": null, "timestamp_ms": 1726856040000}}, {"type": "Feature", "geometry": {"type": "Point", "coordinates": [-71.12477249999995, 42.30439860900003]}, "properties": {"mode": "walk", "mode_raw": "walks", "request": "toomanylanes", "request_other": null, "comments": null, "timestamp_ms": 1727569140000}}, {"type": "Feature", "geometry": {"type": "Point", "coordinates": [-71.12539527499996, 42.302899799000045]}, "properties": {"mode": "walk", "mode_raw": "walks", "request": "toomanylanes", "request_other": null, "comments": null, "timestamp_ms": 1727569200000}}, {"type": "Feature", "geometry": {"type": "Point", "coordinates": [-71.12623472299998, 42.301809020000064]}, "properties": {"mode": "walk", "mode_raw": "walks", "request": "toomanylanes", "request_other": null, "comments": null, "timestamp_ms": 1727569260000}}, {"type": "Feature", "geometry": {"type": "Point", "coordinates": [-71.12539527499996, 42.302899799000045]}, "properties": {"mode": "walk", "mode_raw": "walks", "request": "speeding", "request_other": null, "comments": null, "timestamp_ms": 1727569320000}}, {"type": "Feature", "geometry": {"type": "Point", "coordinates": [-71.12477249999995, 42.30439860900003]}, "properties": {"mode": "walk", "mode_raw": "walks", "request": "yieldgoing", "request_other": null, "comments": null, "timestamp_ms": 1727569440000}}, {"type": "Feature", "geometry": {"type": "Point", "coordinates": [-71.12477249999995, 42.30439860900003]}, "properties": {"mode": "walk", "mode_raw": "walks", "request": "speeding", "request_other": null, "comments": null, "timestamp_ms": 1727569500000}}, {"type": "Feature", "geometry": {"type": "Point", "coordinates": [-71.12623472299998, 42.301809020000064]}, "properties": {"mode": "walk", "mode_raw": "walks", "request": "speeding", "request_other": null, "comments": null, "timestamp_ms": 1727569560000}}, {"type": "Feature", "geometry": {"type": "Point", "coordinates": [-71.12623472299998, 42.301809020000064]}, "properties": {"mode": "walk", "mode_raw": "walks", "request": "yieldgoing", "request_other": null, "comments": null, "timestamp_ms": 1727569620000}}, {"type": "Feature", "geometry": {"type": "Point", "coordinates": [-71.12539527499996, 42.302899799000045]}, "properties": {"mode": "walk", "mode_raw": "walks", "request": "yieldgoing", "request_other": null, "comments": "Most cars do not stop when the flashing lights on the RRFBs are activated.  \r\n\r\nEven more dangerous, if one lane of traffic does stop and a pedestrian begins to cross the road, they may be blocked from the view of a second lane of traffic, leading to the potential for a fatal accident \u2013 a \u201cdouble threat\u201d that the Boston Transportation Department calls a fundamentally dangerous design. \r\n\r\nOne of our neighbors was an eye-witness to a crash that occurred for this reason several years ago. And in 2018, another neighbor was walking while pushing her child in a stroller in the crosswalk of the Westchester/Centre Street intersection when a speeding vehicle in the second lane of traffic approached and nicked the stroller.  Fortunately, no one was physically hurt in these cases, but these accidents and near-accidents are incredibly traumatizing on an emotional level, and those involved may not be so fortunate next time. \r\n", "timestamp_ms": 1727569680000}}, {"type": "Feature", "geometry": {"type": "Point", "coordinates": [-71.11649017399998, 42.31539588100003]}, "properties": {"mode": "walk", "mode_raw": "walks", "request": "speeding", "request_other": null, "comments": "People often speed down this street at night. Sometimes going upwards up 50 miles an hour. Maybe a speed trap or camera to capture license plates (for tickets) would help cut down on this problem.", "timestamp_ms": 1727569620000}}, {"type": "Feature", "geometry": {"type": "Point", "coordinates": [-71.11424784699994, 42.314662026000065]}, "properties": {"mode": "walk", "mode_raw": "walks", "request": "other", "request_other": null, "comments": "Trying to cross  at this intersection is very dangerous. There is no light, or any kind of walk signal, that would alert cars to actually stop for pedestrians. It is a very frequented place where people, dogs, kids cross the street and cars do not stop when you are in the walkway. There are a lot of \"near misses\" and people have been hit in this intersection. Pedestrians need to worry about cars turning onto center street, along with cars going in either direction of center street. I am advocating for a blinking \"walk light\" that can be pushed, similar to how the arboretum has, on the way to Faulkner Hospital. \r\n", "timestamp_ms": 1727569980000}}, {"type": "Feature", "geometry": {"type": "Point", "coordinates": [-71.12123953899999, 42.30874743600003]}, "properties": {"mode": "bike", "mode_raw": "bikes", "request": "yieldturn", "request_other": null, "comments": "The bike lane that exists here is incredibly dangerous as cars will continue right towards Forest Hills regardless of if you are needing to head straight toward Soldier's Monument / the Loring-Greenough House. This is also dangerous in a car, but far worse on a bicycle.", "timestamp_ms": 1727681640000}}, {"type": "Feature", "geometry": {"type": "Point", "coordinates": [-71.12545134999993, 42.30448803000007]}, "properties": {"mode": "walk", "mode_raw": "walks", "request": "sidewalk", "request_other": null, "comments": "The sidewalk in front of 8 Rambler Rd has been broken for multiple years now and is a serious tripping hazard. ", "timestamp_ms": 1727681880000}}, {"type": "Feature", "geometry": {"type": "Point", "coordinates": [-71.11641016799996, 42.31539291200005]}, "properties": {"mode": "walk", "mode_raw": "walks", "request": "speeding", "request_other": null, "comments": "This is a street that people speed on, particularly at night. Either coming from Center or coming from the Jamaica way. High speeds are noted.", "timestamp_ms": 1728494580000}}, {"type": "Feature", "geometry": {"type": "Point", "coordinates": [-71.11411021599997, 42.31462520000008]}, "properties": {"mode": "walk", "mode_raw": "walks", "request": "other", "request_other": "This intersection needs a Walk light that pedestrians can push", "comments": "This is a very dangerous intersection for pedestrians/bikers, etc trying to cross the street. It is a very frequented cross walk in this neighborhood. Cars often times do not stop for pedestrians in the cross walk or if one side does, the other side just flies by while you are in the middle of the street. If a bus is stopped, cars go around the bus, so it is also hard to cross as a pedestrian with children or dogs. There really needs to be a light that can be pushed to alert people to STOP. Flashing lights and/or a pedestrian signal would be ideal. \r\nI have witnessed many people almost getting hit.", "timestamp_ms": 1728494700000}}, {"type": "Feature", "geometry": {"type": "Point", "coordinates": [-71.11639729499996, 42.30919649300006]}, "properties": {"mode": "walk", "mode_raw": "walks", "request": "toomanylanes", "request_other": null, "comments": "This is technically an unmarked intersection where Holbrook St meets Centre St. For all residents who live on Holbrook, Dunster, and Dane in this neighborhood, the only way to walk south towards many community landmarks (Curtis Hall, Loring Greenough, JP library, businesses on South St, Forest Hills T), the fastest way to cross is here. The only other routes that use a traffic lights to cross, are to go out of the way 2 blocks in the opposite direction, west, or a block north to the Eliot St intersection. This is not only an issue for people with mobility issues, it\u2019s not good city planning design. Many residents end up just crossing here at this intersection to head to South St, but the street width is about 4 lanes wide, there is no painted crosswalk, and vehicles commonly gas it here because it\u2019s so wide. Residents who come from these 3 streets and beyond need traffic lights and a painted crosswalk here. ", "timestamp_ms": 1728506760000}}, {"type": "Feature", "geometry": {"type": "Point", "coordinates": [-71.10653196999993, 42.35008199300006]}, "properties": {"mode": "walk", "mode_raw": "walks", "request": "speeding", "request_other": null, "comments": "I regularly see drivers honk and speed up when BU students are walking here. It's not just that they speed, it's that they try to intimidate pedestrians by endangering them. Speed tables would be appropriate here. ", "timestamp_ms": 1728671040000}}, {"type": "Feature", "geometry": {"type": "Point", "coordinates": [-71.06654124999994, 42.34961262100006]}, "properties": {"mode": "walk", "mode_raw": "walks", "request": "yieldgoing", "request_other": null, "comments": "It's a wide crosswalk, and cars always speed, don't yield, and it's right by several parks. It's a dangerous crosswalk, as evidenced by several past pedestrian crashes, and my own personal experience walking there every day. ", "timestamp_ms": 1728693480000}}, {"type": "Feature", "geometry": {"type": "Point", "coordinates": [-71.08513432299998, 42.34799406700006]}, "properties": {"mode": "walk", "mode_raw": "walks", "request": "other", "request_other": "Traffic is not stopped for peds", "comments": "There is a walk signal here, that has no immediately associated traffic light and this causes close calls with cars that don't realize they should stop and pedestrians that have a walk signal frequently.", "timestamp_ms": 1728694140000}}, {"type": "Feature", "geometry": {"type": "Point", "coordinates": [-71.05195807999996, 42.35914257600007]}, "properties": {"mode": "bike", "mode_raw": "bikes", "request": "bikefacility", "request_other": null, "comments": "The Greenway bans bikes and other forms of micro mobility devices, with no exception for use as a mobility aid, however the surrounding streets are not safe to bike on. This policy needs to be reversed. ", "timestamp_ms": 1729271520000}}, {"type": "Feature", "geometry": {"type": "Point", "coordinates": [-71.07019710099996, 42.35746183300006]}, "properties": {"mode": "bike", "mode_raw": "bikes", "request": "bikefacility", "request_other": null, "comments": "Charles street is a huge gap in the bike network. Fix it. ", "timestamp_ms": 1729271640000}}, {"type": "Feature", "geometry": {"type": "Point", "coordinates": [-71.05849194099994, 42.36239994300007]}, "properties": {"mode": "walk", "mode_raw": "walks", "request": "runlightssigns", "request_other": null, "comments": "Driver behavior is insane on this intersection. There is a separate signal for cars making right turns from Sudbury into Congress so pedestrians can cross safely, yet almost *every* *singe* *time* drivers either try to aggressively cut off pedestrians or if the car at the front of the lane actually obeys the red arrow, the cars behind them will honk incessantly and try to go around them almost crashing into pedestrians despite the red signal. With the city's and police departments apparent zero enforcement policy, safety improvements like protected turns are completely meaningless.", "timestamp_ms": 1729276320000}}, {"type": "Feature", "geometry": {"type": "Point", "coordinates": [-71.05839954399994, 42.365239630000076]}, "properties": {"mode": "walk", "mode_raw": "walks", "request": "runlightssigns", "request_other": null, "comments": "This is a key route that connects residents of the North End to North Station as well as many tourists/concertgoers going to Regina's. The driver behavior at this intersection and nearby intersections is completely unhinged with extremely aggressive speeding, driving in the bus lane, double parking, driving on the wrong side of the road, running red lights and making illegal turns. I think a strict 1 hour enforcement session on this block would probably net about 200 tickets. \r\nA big issue is people turning into Thacher make the turn without checking for pedestrians (who don't have a signal at all) and aggressively try to cut people off. Just past Thacher is the left turn into Medford St where drivers will block the whole road to make a turn that they could do further up at the light.\r\nFinally, despite the huge ped volume, the light has a beg button and I see confused tourists wondering why they don't get a green light.", "timestamp_ms": 1729298880000}}, {"type": "Feature", "geometry": {"type": "Point", "coordinates": [-71.06385635899994, 42.36225328300003]}, "properties": {"mode": "walk", "mode_raw": "walks", "request": "walksignal", "request_other": null, "comments": "There is probably something wrong with this light because it will sometimes skip the pedestrian 'green' cycle even if I pushed the button and a full cycle for traffic in each direction has passed.", "timestamp_ms": 1729299600000}}, {"type": "Feature", "geometry": {"type": "Point", "coordinates": [-71.06489169199995, 42.28360265500004]}, "properties": {"mode": "walk", "mode_raw": "walks", "request": "speeding", "request_other": null, "comments": "Cars are CONSTANTLY speeding on Dorchester Ave down in the Ashmont area. There aren't even any signs on Dorchester Ave stating what the speed limit is!\r\n\r\nAdditionally, it has become almost impossible to cross the street. Cars don't stop for people who are in crosswalks. People are almost hit by cars while in crosswalks far too frequently in this area - I have witnessed people actively walking in a crosswalk and cars still won't stop. It's only a matter of time before this area adds to the statistics that Vision Zero is trying to eliminate.", "timestamp_ms": 1729624440000}}, {"type": "Feature", "geometry": {"type": "Point", "coordinates": [-71.06589483799996, 42.27993055300004]}, "properties": {"mode": "walk", "mode_raw": "walks", "request": "runlightssigns", "request_other": null, "comments": "Not only is speeding a problem in this area, but drivers constantly run red lights. While walking, I've had the walk signal turn on to cross the street, and have had multiple cars run red lights well after the light had turned red (and well after I've started walking across the street). This area of Dorchester Ave is really dangerous when it comes to how the cars drive.", "timestamp_ms": 1729624740000}}, {"type": "Feature", "geometry": {"type": "Point", "coordinates": [-71.14078927399999, 42.35801217300008]}, "properties": {"mode": "drive", "mode_raw": "drives", "request": "visibility", "request_other": null, "comments": "Cars and large trucks often park on Lincoln very close to Antwerp, blocking the view of oncoming traffic in either or both directions. Now that there's an increase in eastbound traffic it's even more dangerous to try to exit Antwerp. A light or stop signs on Lincoln would be great but at the very least blocking out the spaces for sightlines would help. ", "timestamp_ms": 1729625340000}}, {"type": "Feature", "geometry": {"type": "Point", "coordinates": [-71.06761413399994, 42.42400060400007]}, "properties": {"mode": "bike", "mode_raw": "bikes", "request": "yieldgoing", "request_other": null, "comments": null, "timestamp_ms": 1729638960000}}, {"type": "Feature", "geometry": {"type": "Point", "coordinates": [-71.08028220699998, 42.34931712900004]}, "properties": {"mode": "drive", "mode_raw": "drives", "request": "doublepark", "request_other": null, "comments": null, "timestamp_ms": 1729639080000}}, {"type": "Feature", "geometry": {"type": "Point", "coordinates": [-71.06522964999994, 42.28220075400003]}, "properties": {"mode": "walk", "mode_raw": "walks", "request": "speeding", "request_other": null, "comments": "This area has a lot of food traffic but drivers insist on treating it like a highway. Cars are constantly flying down this street with no BPD enforcement whatsoever.", "timestamp_ms": 1730396760000}}, {"type": "Feature", "geometry": {"type": "Point", "coordinates": [-71.07176351099997, 42.27815852200007]}, "properties": {"mode": "drive", "mode_raw": "drives", "request": "speeding", "request_other": null, "comments": "Speeding is a problem here. I've witnessed cars that have had to be going 70+ MPH on this road. Just last week, I witnessed 2 very serious car crashes within about a mile of each other on this same road. ", "timestamp_ms": 1730396880000}}, {"type": "Feature", "geometry": {"type": "Point", "coordinates": [-71.09451132599997, 42.33556447400008]}, "properties": {"mode": "walk", "mode_raw": "walks", "request": "sidewalk", "request_other": null, "comments": "This pedestrian crosswalk is used extremely frequently by Wentworth students walking to/from classes. The crosswalk is pedestrian-priority, and even has special markings to indicate so, but drivers don't always yield, and often drive uncomfortably fast. This location is a perfect candidate for a raised crosswalk, which would make crossing the street here much safer.", "timestamp_ms": 1730420340000}}, {"type": "Feature", "geometry": {"type": "Point", "coordinates": [-71.08896827399997, 42.34049386400005]}, "properties": {"mode": "walk", "mode_raw": "walks", "request": "notenoughtime", "request_other": null, "comments": "The lights are too short for people to cross from one side of Huntington avenue to the other without getting stuck on the Green line tracks", "timestamp_ms": 1731113820000}}, {"type": "Feature", "geometry": {"type": "Point", "coordinates": [-71.08688687999995, 42.347419785000056]}, "properties": {"mode": "walk", "mode_raw": "walks", "request": "sidewalk", "request_other": null, "comments": "No curb cuts. Makes it hard to dock bluebikes at the station", "timestamp_ms": 1731113880000}}, {"type": "Feature", "geometry": {"type": "Point", "coordinates": [-71.10591071399995, 42.34655722400004]}, "properties": {"mode": "bike", "mode_raw": "bikes", "request": "bikefacility", "request_other": null, "comments": "The SW direction on Beacon St, from Park Drive to Carlton St has a dedicated bike lane. Despite heavy bike traffic, this remains a dangerous area for cyclists. (1) Drivers pull into the bike lane at the start and end of the blocks, blocking cyclists from entering the bike lane after crossing Park Drive, or exiting the bike lane (by St. Mary's or Carlton St). (2) Drivers disregard the bike lane markings when parking and pull into the bike lane adjacent to the parking spaces. Subsequently, cars parked over the line regularly have passengers blindly swing doors open. (3) Mopeds regularly park in the bike lane. \r\n\r\nAs a cyclist who traverses this road daily, I have close encounters with almost getting doored or having to circumnavigate a car most days of the week, often several times within the same day. Today, as a pedestrian, I was witness to a cyclist getting doored by a rideshare drop-off passenger. He walked off the scrapes and bruises, but the dangers of this section remain.", "timestamp_ms": 1731642720000}}, {"type": "Feature", "geometry": {"type": "Point", "coordinates": [-71.15483685999999, 42.35810718500005]}, "properties": {"mode": "bike", "mode_raw": "bikes", "request": "bikefacility", "request_other": null, "comments": "Make-shift bike lane (paint) suddenly ends on north side of stroad and cyclists/pedestrians are not given a safe path to connect to adjacent sidewalks or the Dudley Path. The sidewalk under the I-90 bridge at North Beacon and Leo Birmingham Pkwy suddenly ends and does not connect to Parsons St. There is a track clearly walked/biked into dirt along the stroad where many people have used. This is unsafe and vehicular traffic have zero regards for pedestrian safety in this area!", "timestamp_ms": 1731710160000}}, {"type": "Feature", "geometry": {"type": "Point", "coordinates": [-71.12521993999997, 42.35196898300006]}, "properties": {"mode": "walk", "mode_raw": "walks", "request": "toomanylanes", "request_other": null, "comments": "The slip-lane on Brighton Ave east bound is a dangerous blind spot for pedestrians where right turning traffic do not slow before the turn.", "timestamp_ms": 1731710460000}}, {"type": "Feature", "geometry": {"type": "Point", "coordinates": [-71.13723945599997, 42.35364670000007]}, "properties": {"mode": "walk", "mode_raw": "walks", "request": "toomanylanes", "request_other": null, "comments": "There needs to be a refuge point here. Pedestrians must cross 4 lanes and are often disregarded from right-turning traffic in the make-shift slip lane and double parkers. A leading pedestrian interval (LPI) can help increase visibility of pedestrians intending to cross.", "timestamp_ms": 1731710580000}}, {"type": "Feature", "geometry": {"type": "Point", "coordinates": [-71.11726450799995, 42.36037297900003]}, "properties": {"mode": "walk", "mode_raw": "walks", "request": "sidewalk", "request_other": null, "comments": "The \"\"sidewalk\"\" between Storrow Dr and Charles River are incredibly narrow in this area and cannot safely accomodate two-way foot traffic. This is a common commuter path where cyclists and pedestrians collide. The sharp guard rail stanchions are a safety hazard while biking at night where people are blinded by oncoming traffic and running into them.", "timestamp_ms": 1731710760000}}, {"type": "Feature", "geometry": {"type": "Point", "coordinates": [-71.16112928199993, 42.34893815400005]}, "properties": {"mode": "bike", "mode_raw": "bikes", "request": "bikefacility", "request_other": null, "comments": "Cyclists are constantly thrown in and out of the make-shift bikes lanes (paint) which is unpredictable and unsafe when traffic is attempting to overtake.", "timestamp_ms": 1731711060000}}, {"type": "Feature", "geometry": {"type": "Point", "coordinates": [-71.05711999099998, 42.33873873600004]}, "properties": {"mode": "bike", "mode_raw": "bikes", "request": "bikefacility", "request_other": null, "comments": "bridge is narrow and pavement is rough, very scary on a bike both north and southbound", "timestamp_ms": 1731890760000}}, {"type": "Feature", "geometry": {"type": "Point", "coordinates": [-71.06998252399995, 42.352157687000044]}, "properties": {"mode": "bike", "mode_raw": "bikes", "request": "bikefacility", "request_other": null, "comments": "Please divide the bike lane into two lanes all around the garden/common. Many people bike the wrong direction and it would be safer if they were just given a designated lane", "timestamp_ms": 1731890940000}}, {"type": "Feature", "geometry": {"type": "Point", "coordinates": [-71.11737247399998, 42.361038559000065]}, "properties": {"mode": "bike", "mode_raw": "bikes", "request": "other", "request_other": "the crosswalk is usually blocked by cars when the walk sign is on", "comments": "I bike daily to work along the Charles river path. Most of the time (4/5 days per week), the crosswalk is blocked by traffic when the walk sign turns on. As a result, pedestrians and cyclists typically have to weave between several lanes of cars to get across the road. It is not uncommon for the crosswalk to be blocked by a large truck, which makes this even more scary. This is a seriously dangerous intersection for pedestrians and should be fixed ASAP before someone gets hurt.", "timestamp_ms": 1732137360000}}, {"type": "Feature", "geometry": {"type": "Point", "coordinates": [-71.08773829799998, 42.347311561000026]}, "properties": {"mode": "bike", "mode_raw": "bikes", "request": "other", "request_other": "people perpetually block the crosswalks in this intersection during rush hour", "comments": "While the recent infrastructure improvements have made an improvement to this intersection, it is still stressful and dangerous to navigate outside a car.  Northbound traffic on Mass Ave (including those turning right from Boylston to Mass Ave) regularly block the crosswalk, causing pedestrians and cyclists to dangerously weave between cars. I think regular enforcement of blocking the intersection here would be very helpful. ", "timestamp_ms": 1732137780000}}, {"type": "Feature", "geometry": {"type": "Point", "coordinates": [-71.09049019199995, 42.33961377900005]}, "properties": {"mode": "walk", "mode_raw": "walks", "request": "notenoughtime", "request_other": null, "comments": "given how busy this intersection is with Northeastern students, there absolutely needs to be more time to cross the street. I basically have to run to make it across in one go. On top of that, the light cycle time is way too long.", "timestamp_ms": 1732138140000}}, {"type": "Feature", "geometry": {"type": "Point", "coordinates": [-71.09238587199997, 42.33907828700006]}, "properties": {"mode": "walk", "mode_raw": "walks", "request": "yieldturn", "request_other": null, "comments": "Drivers frequently do not yield to pedestrians in this crossing. There is a leading pedestrian interval which helps if people are crossing from the MFA side but not from the other side as cars will already be turning by the time you reach it. \r\n\r\nI was almost hit yesterday by a driver who refused to yield to multiple people in the crosswalk, who flipped us off and screamed he had a green light. Please consider replacing the green light with a flashing yellow to encourage yielding to pedestrians or preferably fully separating the pedestrian phase. ", "timestamp_ms": 1732812720000}}, {"type": "Feature", "geometry": {"type": "Point", "coordinates": [-71.10950487599996, 42.35024879800005]}, "properties": {"mode": "bike", "mode_raw": "bikes", "request": "runlightssigns", "request_other": null, "comments": "Frequently see cars running red lights heading Eastbound on Commonwealth for the right turn onto MA 2. \r\n\r\nAlmost right hooked by a vehicle this morning during rush hour. Closest call I've had in 6 months.", "timestamp_ms": 1733168160000}}, {"type": "Feature", "geometry": {"type": "Point", "coordinates": [-71.05637030299994, 42.35614772500003]}, "properties": {"mode": "bike", "mode_raw": "bikes", "request": "bikefacility", "request_other": null, "comments": "Very rough pavement and no protection from speeding cars. People often park in the bike lane as well.", "timestamp_ms": 1733609340000}}, {"type": "Feature", "geometry": {"type": "Point", "coordinates": [-71.05444447699995, 42.35564500000004]}, "properties": {"mode": "bike", "mode_raw": "bikes", "request": "doublepark", "request_other": null, "comments": "There are always multiple double parked vehicles when I bike through here in the morning.", "timestamp_ms": 1733609400000}}, {"type": "Feature", "geometry": {"type": "Point", "coordinates": [-71.05530887599997, 42.35658740700006]}, "properties": {"mode": "bike", "mode_raw": "bikes", "request": "doublepark", "request_other": null, "comments": "Very dangerous stretch inbound", "timestamp_ms": 1733609520000}}, {"type": "Feature", "geometry": {"type": "Point", "coordinates": [-71.05697975099997, 42.32185375500006]}, "properties": {"mode": "drive", "mode_raw": "drives", "request": "visibility", "request_other": null, "comments": "The city tried to improve this intersection by having no parking zones at the end of the street, but people just park in them anyway. Please add cement blocks", "timestamp_ms": 1733609820000}}, {"type": "Feature", "geometry": {"type": "Point", "coordinates": [-71.07292288499997, 42.33270257800007]}, "properties": {"mode": "drive", "mode_raw": "drives", "request": "other", "request_other": "Signal issue", "comments": "The left-only and straight/right signals being at different times confuses drivers. People going straight stop traffic in the middle lane. People also block the buses heading southbound. This intersection plus Mass/Albany is a total clusterf***.", "timestamp_ms": 1733610120000}}, {"type": "Feature", "geometry": {"type": "Point", "coordinates": [-71.05821021399998, 42.35316435500005]}, "properties": {"mode": "walk", "mode_raw": "walks", "request": "runlightssigns", "request_other": null, "comments": "Too much commercial traffic not being overseen by law enforcement where school children are crossing to get to their bus stops.", "timestamp_ms": 1734386160000}}, {"type": "Feature", "geometry": {"type": "Point", "coordinates": [-71.10456270599997, 42.34550485400007]}, "properties": {"mode": "walk", "mode_raw": "walks", "request": "speeding", "request_other": null, "comments": "At the pedestrian crosswalk over park drive just above the Fenway T stop, even when you press the pedestrian light that flashes lights for drivers, drivers don\u2019t stop and speed so fast through the crosswalk, even as people are entering the crosswalk. I\u2019ve been almost hit by cars on numerous occasions- it\u2019s extremely unsafe. ", "timestamp_ms": 1734589260000}}, {"type": "Feature", "geometry": {"type": "Point", "coordinates": [-71.06655197899994, 42.349573967000026]}, "properties": {"mode": "walk", "mode_raw": "walks", "request": "toomanylanes", "request_other": null, "comments": "Scary to cross Charles here! ", "timestamp_ms": 1734643320000}}, {"type": "Feature", "geometry": {"type": "Point", "coordinates": [-71.06650101699995, 42.34908434100004]}, "properties": {"mode": "walk", "mode_raw": "walks", "request": "speeding", "request_other": null, "comments": "Speeding drivers next to a children's park.", "timestamp_ms": 1734643380000}}, {"type": "Feature", "geometry": {"type": "Point", "coordinates": [-71.09025331899994, 42.33544427100003]}, "properties": {"mode": "walk", "mode_raw": "walks", "request": "runlightssigns", "request_other": null, "comments": "The intersection between Ruggles Street and the Ruggles lower busway is incredibly dangerous for pedestrians.  Drivers regularly run the red lights here long into the pedestrian walk signal due to excessive speeding travelling both ways.  I have personally had multiple near-miss experiences as a pedestrian navigating this intersection and have witnessed many others as well.  ", "timestamp_ms": 1734717600000}}, {"type": "Feature", "geometry": {"type": "Point", "coordinates": [-71.08773874799994, 42.34729132700005]}, "properties": {"mode": "walk", "mode_raw": "walks", "request": "notenoughtime", "request_other": null, "comments": "This is a very busy intersection for pedestrians, largely students at Berklee. When crossing Mass. Ave, the walk light is only on for a few seconds, usually not allowing all of the pedestrians wishing to cross through. This leads to a lot of people crossing when it is unsafe to avoid a long wait for the crossing light.", "timestamp_ms": 1735353600000}}, {"type": "Feature", "geometry": {"type": "Point", "coordinates": [-71.05700011899995, 42.32948771400004]}, "properties": {"mode": "walk", "mode_raw": "walks", "request": "runlightssigns", "request_other": null, "comments": "Someone died yesterday crossing the street at 9am. These cars speed, run red lights, and don\u2019t yield when turning. It\u2019s dangerous to even drive and I don\u2019t feel safe crossing the street. Pedestrians should be able to cross at the same time and have all cars be stopped at a red. I\u2019ve almost been hit bc a car didn\u2019t yield. It\u2019s near a t station, shops, resident living. So many people walk here. ", "timestamp_ms": 1736796540000}}, {"type": "Feature", "geometry": {"type": "Point", "coordinates": [-71.05699705399996, 42.32954069900006]}, "properties": {"mode": "drive", "mode_raw": "drives", "request": "yieldturn", "request_other": null, "comments": "It\u2019s 6 way intersection absolutely insane. Every year someone die and every month there is car crash.", "timestamp_ms": 1736803620000}}, {"type": "Feature", "geometry": {"type": "Point", "coordinates": [-71.10820496899998, 42.33623727100007]}, "properties": {"mode": "walk", "mode_raw": "walks", "request": "runlightssigns", "request_other": null, "comments": "I work at brigham and women\u2019s hospital in trauma surgery. We recently had an elderly woman walking to a cardiology appointment who was severely injured and has been in the ICU for a whole week after being struck by a vehicle at this four way stop sign. I frequently watch vehicles blow through stop signs at this intersection. When driving home, it is almost impossible to get through with people not obeying the rules of a four way stop sign, especially given the level of foot traffic at this intersection. Something has to be done about this intersection, and unfortunately I think it should be a traffic light. It is so unsafe. As a member of mission hill and a clinician at this hospital, I am concerned about the safety of patients and community members. ", "timestamp_ms": 1737162840000}}, {"type": "Feature", "geometry": {"type": "Point", "coordinates": [-71.06499897999998, 42.283441260000075]}, "properties": {"mode": "walk", "mode_raw": "walks", "request": "yieldturn", "request_other": null, "comments": "It is almost impossible to cross the street in this area. Cars NEVER stop for people, creating an unnecessarily unsafe environment. Pedestrians will be in the middle of the crosswalk and almost get hit by some jerk in their car.", "timestamp_ms": 1737183300000}}, {"type": "Feature", "geometry": {"type": "Point", "coordinates": [-71.05649666899996, 42.330172539000046]}, "properties": {"mode": "drive", "mode_raw": "drives", "request": "speeding", "request_other": null, "comments": "Pedestrian bridge would be safest for this six way intersection ", "timestamp_ms": 1737257640000}}, {"type": "Feature", "geometry": {"type": "Point", "coordinates": [-71.06215047399996, 42.32104132500007]}, "properties": {"mode": "bike", "mode_raw": "bikes", "request": "bikefacility", "request_other": null, "comments": "Almost daily I encounter cars driving inside the dual direction, separated bike lane in order to short cut traffic on this section of Mass Ave. This put bikes in a very dangerous position, being boxed out of the protected bike lane by a car taking up the full lane", "timestamp_ms": 1737492360000}}, {"type": "Feature", "geometry": {"type": "Point", "coordinates": [-71.06446790299998, 42.285016695000024]}, "properties": {"mode": "drive", "mode_raw": "drives", "request": "other", "request_other": "Speed Humps", "comments": "I have read prior communication where speed humps will be installed throughout the city, except on main streets. I am asking that the City of Boston re-think this approach. Cities like Somerville and Cambridge have successfully installed speed humps on main streets, including ones that are frequently traveled by MBTA buses. Dorchester Ave is in dire need of traffic calming, and the MBTA bus drivers are a main culprit of a lot of the issues and should not be given a free pass, as these drivers could very much need calming measures themselves.", "timestamp_ms": 1737594180000}}, {"type": "Feature", "geometry": {"type": "Point", "coordinates": [-71.06497215799999, 42.28328026200006]}, "properties": {"mode": "other", "mode_raw": "other", "request": "doublepark", "request_other": null, "comments": "This area really needs some attention when it comes to double parking, as it has become an issue with cars just stopped right in the middle of the street (which is one lane only, causing safety concerns).", "timestamp_ms": 1737594360000}}, {"type": "Feature", "geometry": {"type": "Point", "coordinates": [-71.05119633299995, 42.32166999000003]}, "properties": {"mode": "other", "mode_raw": "other", "request": "other", "request_other": "unsafe rotary conditions", "comments": "There are no lines anywhere which makes driving in the area a free for all. During high traffic hours, it's very dangerous with everyone trying to go a different way, and trying to get there fast. This leads to a lot risky maneuvers and a lot of people cutting each other off. When the rotary isn't as busy, people are speeding to get through, making it difficult for pedestrians trying to cross one of many intersections. I have almost been hit by a car multiple times when walking around the rotary and have seen multiple near-crashes while driving around the rotary. This is a very dangerous area and something needs to change! ", "timestamp_ms": 1737759000000}}, {"type": "Feature", "geometry": {"type": "Point", "coordinates": [-71.05999158899994, 42.35787991700005]}, "properties": {"mode": "walk", "mode_raw": "walks", "request": "sidewalk", "request_other": null, "comments": "This section of sidewalk is incredibly undersized for how many pedestrians use it. Even though it is part of the Freedom Trail and used by tens of thousands daily (especially in the summer), there is hardly space to walk two abreast. This diverts people into the road where left-turning cars are distracted by the valet service at the hotel. This street should be entirely, or at least mostly, pedestrianized. In my ideal world, Washington is pedestrianized all the way to the Old State House and School Street is added to the zone. This will much better accommodate the crush of tourists during peak season.", "timestamp_ms": 1738284180000}}, {"type": "Feature", "geometry": {"type": "Point", "coordinates": [-71.06010675899995, 42.35579896400003]}, "properties": {"mode": "walk", "mode_raw": "walks", "request": "runlightssigns", "request_other": null, "comments": "There is essentially zero enforcement of the pedestrian zone here. Cars and scooters ignore the pedestrian signage and drive through constantly; many all the way from Temple Place, and others illegally turning right from Franklin Street. Because of the constant traffic, most pedestrians here still use the raised sidewalks. The city needs to add access bollards and enforce fines on people driving here.", "timestamp_ms": 1738284780000}}, {"type": "Feature", "geometry": {"type": "Point", "coordinates": [-71.05570931699998, 42.36252968900004]}, "properties": {"mode": "walk", "mode_raw": "walks", "request": "runlightssigns", "request_other": null, "comments": "Traffic backs up here so people race to get through the light, which means they run the red light while pedestrians are trying to cross. And drivers make a right on red even when\r\nthe WALK sign is on.", "timestamp_ms": 1738905840000}}, {"type": "Feature", "geometry": {"type": "Point", "coordinates": [-71.05104202199993, 42.36297142900003]}, "properties": {"mode": "walk", "mode_raw": "walks", "request": "speeding", "request_other": null, "comments": "This stretch of Atlantic Ave is a straight-away for cars leaving the light in front of Commercial Wharf and racing to get through the light at Fleet Street and at the endof North St. There's a crosswalk in the middle of this stretch of road with no crossing signal. Pedestrians are hoping drivers will stop to let them cross. Plus pedestrians are dealing with cars exiting Lewis Wharf and cars entering onto Atlantic form the Commercial St extension.", "timestamp_ms": 1738906800000}}, {"type": "Feature", "geometry": {"type": "Point", "coordinates": [-71.05838995299996, 42.36490827100005]}, "properties": {"mode": "walk", "mode_raw": "walks", "request": "roadwaymaint", "request_other": null, "comments": "This section of N. Washington street is like a mine field of uneven pavement making crossing the street a challenge - even for an able bodied person. And it's a wide street that needs a longer light to get across. Plus drivers regularly run the light to beat the traffic coming in from the right.", "timestamp_ms": 1738907460000}}, {"type": "Feature", "geometry": {"type": "Point", "coordinates": [-71.14262089099998, 42.288877177000074]}, "properties": {"mode": "walk", "mode_raw": "walks", "request": "speeding", "request_other": null, "comments": "Hello, I'm reaching out about a sharp bend on Centre Street in West Roxbury that has seen at least two accidents each year for the past decade. Speeding around this curve is a serious public safety concern. Although I\u2019ve been informed that speed humps are not permitted here due to its designation as a major roadway and MBTA bus route, I respectfully request alternative traffic-calming solutions. Examples include reconfiguring lanes, adding raised crosswalks, or installing curb bump-outs\u2014anything that physically encourages drivers to slow down. It\u2019s only a matter of time before someone is severely injured, and I hope we can work together under the Vision Zero initiative to ensure this does not happen. Thank you for your attention to this critical safety issue.", "timestamp_ms": 1739220240000}}, {"type": "Feature", "geometry": {"type": "Point", "coordinates": [-71.10456156299995, 42.33758007900008]}, "properties": {"mode": "bike", "mode_raw": "bikes", "request": "doublepark", "request_other": null, "comments": "People constantly park in the bike lane and/or double park to wait for food deliveries. At a minimum bollards are needed to prevent this behavior", "timestamp_ms": 1739311260000}}, {"type": "Feature", "geometry": {"type": "Point", "coordinates": [-71.11093449199996, 42.35063348800003]}, "properties": {"mode": "bike", "mode_raw": "bikes", "request": "toomanylanes", "request_other": null, "comments": "Extremely wide intersection means the most vulnerable road users are in the streets for too long. Traffic coming off the bridge cuts across the bike lane to turn right onto common wealth, westbound drivers on commonwealth cut the corner in the bike lane making the right onto the bridge. There is no bike access to the river path on the boston side of the bridge. ", "timestamp_ms": 1739311380000}}, {"type": "Feature", "geometry": {"type": "Point", "coordinates": [-71.11125099199995, 42.349503595000044]}, "properties": {"mode": "bike", "mode_raw": "bikes", "request": "yieldturn", "request_other": null, "comments": "Extremely unclear infrastructure here. Bike lane goes from separate+protected to in the street at an intersection with no stop or yield for traffic or bikes in the direction of travel. Unclear where cyclists should ride northbound as road goes from oneway to two-ways.", "timestamp_ms": 1739311560000}}, {"type": "Feature", "geometry": {"type": "Point", "coordinates": [-71.10955583599997, 42.350419404000036]}, "properties": {"mode": "bike", "mode_raw": "bikes", "request": "yieldturn", "request_other": null, "comments": "Vehicles consistently make the left turn onto westbound Commonwealth from the right hand lane, either running the red light in the process, or forcing their way across the bike lane during the left turn light cycle. ", "timestamp_ms": 1739311920000}}, {"type": "Feature", "geometry": {"type": "Point", "coordinates": [-71.16010474699993, 42.35850067400003]}, "properties": {"mode": "bike", "mode_raw": "bikes", "request": "bikefacility", "request_other": null, "comments": "Bike infrastructure needed to safely access Paul Dudley White Bike Path", "timestamp_ms": 1739312280000}}, {"type": "Feature", "geometry": {"type": "Point", "coordinates": [-71.14613580299994, 42.36158644200003]}, "properties": {"mode": "bike", "mode_raw": "bikes", "request": "bikefacility", "request_other": null, "comments": "Protected Bike infrastructure needed to safely access the Paul Dudley White Bike Path", "timestamp_ms": 1739312340000}}, {"type": "Feature", "geometry": {"type": "Point", "coordinates": [-71.13542842399994, 42.36471777200006]}, "properties": {"mode": "bike", "mode_raw": "bikes", "request": "bikefacility", "request_other": null, "comments": "Protected Bike infrastructure needed to safely access Paul Dudley White Bike Path", "timestamp_ms": 1739312400000}}, {"type": "Feature", "geometry": {"type": "Point", "coordinates": [-71.13152312799997, 42.36662820300006]}, "properties": {"mode": "bike", "mode_raw": "bikes", "request": "bikefacility", "request_other": null, "comments": "Bike Infrastructure needed to connect bike facilities/infrastucture to Paul Dudley White Bike Path", "timestamp_ms": 1739312520000}}, {"type": "Feature", "geometry": {"type": "Point", "coordinates": [-71.10067772399998, 42.35089910800008]}, "properties": {"mode": "bike", "mode_raw": "bikes", "request": "sidewalk", "request_other": null, "comments": "No bike/handicap accessible way to cross storrow dr to access Paul Dudley Bike Path", "timestamp_ms": 1739312640000}}, {"type": "Feature", "geometry": {"type": "Point", "coordinates": [-71.06114941199996, 42.37331702100005]}, "properties": {"mode": "bike", "mode_raw": "bikes", "request": "bikefacility", "request_other": null, "comments": "I ride this route (and the south-bound branch of main st) on my daily commute. On both roads there are barely marked, small \"bike lanes\" that are too close to parked cars. At first, I tried to stay in the bike lane and let cars pass but found it extremely unsafe as cars pass far too close. Especially now with cars parked further into the road due to snow. \r\n\r\nTonight, as I was riding home from my commute, a driver \"laid on their horn\" and physically threatened me by driving immediately behind my rear tire. Obviously the driver is problematic here, but I believe most cars are mislead by the existence of the bike lane that it is safe to pass bikers when it is not.\r\n\r\nAs this is essentially a quiet residential road with many crosswalks, the speed limit should be 20 mph here, and there is no need to pass a biker if they are going a reasonable speed. Clear, \"share the road\" markings would match actual safety conditions with driver expectations on both these roads, along with 20 or 15 mph signs.", "timestamp_ms": 1740027000000}}, {"type": "Feature", "geometry": {"type": "Point", "coordinates": [-71.07188741999994, 42.38149225300003]}, "properties": {"mode": "walk", "mode_raw": "walks", "request": "walksignal", "request_other": null, "comments": "This crossing features a beg button on both directions of Rutherford Ave. After pushing, pedestrians have to wait for at least a minute (I have not timed this, it may be 2 minutes) for the signal to change. During this time, cars pass loudly pass at high speeds making it very uncomfortable to wait. This is then repeated on the other side of Rutherford Ave, meaning the total crossing time is in the range of several minutes.", "timestamp_ms": 1740027420000}}, {"type": "Feature", "geometry": {"type": "Point", "coordinates": [-71.09973461399994, 42.34077850400007]}, "properties": {"mode": "walk", "mode_raw": "walks", "request": "speeding", "request_other": null, "comments": "Drivers slingshot around the Park Drive curve near Clemente Field at 20+ mph above the posted speed limit. The curve makes it impossible for them to see the pedestrian crossing ahead and so they create a life-threatening situation for pedestrians and fail to yield consistently. DCR has not lowered the speed limit or installed flashing pedestrian crossing signs. Someone is going to get hit here. ", "timestamp_ms": 1740673740000}}, {"type": "Feature", "geometry": {"type": "Point", "coordinates": [-71.08734580499998, 42.341063691000045]}, "properties": {"mode": "walk", "mode_raw": "walks", "request": "yieldgoing", "request_other": null, "comments": "I believe the sign that it is a crosswalk is out of the typical sightline of drivers on both sides. Because of that people do not stop as the law permits them to. ", "timestamp_ms": 1740709260000}}, {"type": "Feature", "geometry": {"type": "Point", "coordinates": [-71.11935299899994, 42.30695170100006]}, "properties": {"mode": "bike", "mode_raw": "bikes", "request": "bikefacility", "request_other": null, "comments": "This section of arborway northbound is a death trap for cyclists. I mean that quite literally in the sense that you are trapped and in serious physical danger if you don't know it's coming. On arborway southbound, there is a bike/parking lane with ample room, so when I was going on an out-and-back trip, I assumed there will be a decent bike lane in the other direction. I was dead wrong. Not only is the bike lane northbound much narrower, it thins down to nothing in this section, leaving bikes fully exposed in a lane where cars are typically driving 40+ mph (lethal speed) in both lanes. There is ample evidence of crashes in this stretch of road (check the fence on google street view, or 311 history), and traffic calming is desperately needed for cyclist and driver safety. Having a bi-directional bike route through this corridor will help extend bike connections to forest hills, and keep high-speed bikes out of the pedestrian-speed arboretum paths.", "timestamp_ms": 1743012540000}}, {"type": "Feature", "geometry": {"type": "Point", "coordinates": [-71.05783748199997, 42.35346790800003]}, "properties": {"mode": "walk", "mode_raw": "walks", "request": "notenoughtime", "request_other": null, "comments": "There needs to be proactive safety measures in place due to the amount of commercial vehicle traffic and pedestrian traffic in this location. It is also the location of a BPS pick up and drop off location so child safety is a risk and a concern. The solution is simple, have a BPS person there to oversee and monitor the traffic activity.", "timestamp_ms": 1743437220000}}, {"type": "Feature", "geometry": {"type": "Point", "coordinates": [-71.11273432699994, 42.32403248600008]}, "properties": {"mode": "walk", "mode_raw": "walks", "request": "speeding", "request_other": null, "comments": "Residential street with young children, cars speed down this street with no regard to people getting in and out of parked cars", "timestamp_ms": 1745709960000}}, {"type": "Feature", "geometry": {"type": "Point", "coordinates": [-71.11997000499997, 42.272513540000034]}, "properties": {"mode": "walk", "mode_raw": "walks", "request": "yieldturn", "request_other": null, "comments": "Most drivers this intersection ignore traffic signals and signs, even in areas with clear visibility\u2014not blind corners\u2014where pedestrians are plainly visible. Despite this, drivers routinely speed up instead of stopping for crosswalks, cutting off pedestrians mid-crossing. This dangerous behavior is rampant. Tragically, a few years ago, a young girl was killed near the intersection of Hyde Park Ave and American Legion Highway by drivers accelerating through the crosswalk. If an officer stand there to ticket violators, they could easily issue 100 of dozens of citations daily due to the sheer volume of infractions. even some #14 bus cutting off pedestrians from forest hills station. I feel its not good idea allowing cars turn left from hyde park ave.\r\nInstalling speed bumps on Hyde Park Ave would be a practical solution. The road\u2019s long, straight stretches encourage speeding despite its low speed limit. Speed bumps would physically enforce slower driving and protect pedestrians.", "timestamp_ms": 1745880660000}}, {"type": "Feature", "geometry": {"type": "Point", "coordinates": [-71.05265910499998, 42.310971832000064]}, "properties": {"mode": "walk", "mode_raw": "walks", "request": "other", "request_other": "Cars  do not yield to pedestrians attempting to cross at crosswalk", "comments": "Unreasonable speed of cars in Savin Hill in general and do not respect crosswalks when pedestrians are present.  I have nearly been hit numerous times by cars not paying attention or yielding when I am in the crosswalk.", "timestamp_ms": 1746202980000}}, {"type": "Feature", "geometry": {"type": "Point", "coordinates": [-71.15831336699995, 42.36970422100006]}, "properties": {"mode": "walk", "mode_raw": "walks", "request": "other", "request_other": "wrong way driving on one-way road", "comments": null, "timestamp_ms": 1747674540000}}, {"type": "Feature", "geometry": {"type": "Point", "coordinates": [-71.15782108799993, 42.37134381300007]}, "properties": {"mode": "drive", "mode_raw": "drives", "request": "runlightssigns", "request_other": null, "comments": null, "timestamp_ms": 1747674600000}}, {"type": "Feature", "geometry": {"type": "Point", "coordinates": [-71.03335226799999, 42.33811199000007]}, "properties": {"mode": "drive", "mode_raw": "drives", "request": "visibility", "request_other": null, "comments": "Difficulty to see oncoming traffic when taking a left turn", "timestamp_ms": 1747710180000}}, {"type": "Feature", "geometry": {"type": "Point", "coordinates": [-71.03523387099995, 42.33395154600004]}, "properties": {"mode": "drive", "mode_raw": "drives", "request": "awayfromside", "request_other": null, "comments": "Pedestrians do not pay attention to the cross signal at the four way intersection. They are walking into the street not paying attention to the street light and cross signal. Multiple times I\u2019ve had to stop short when turning onto E 5th from L street due to a pedestrian Jay walking ", "timestamp_ms": 1747710300000}}, {"type": "Feature", "geometry": {"type": "Point", "coordinates": [-71.01462340699999, 42.33814146700007]}, "properties": {"mode": "bike", "mode_raw": "bikes", "request": "notenoughtime", "request_other": null, "comments": "Too fast ", "timestamp_ms": 1748557080000}}, {"type": "Feature", "geometry": {"type": "Point", "coordinates": [-71.06446153199994, 42.37555059400006]}, "properties": {"mode": "walk", "mode_raw": "walks", "request": "walksignal", "request_other": null, "comments": "The intersection of Austin and Main Street is overly car centric. The length of the traffic light cycle is far too long  not consistent with the actual volume of traffic in this pedestrian zone and most people cross illegally due to the excessive wait. The walk signal only activates once per light cycle (after both traffic directions have received very long green) and often does not activate at all (MULTIPLE light cycle occurs before walk signal). Length of green to each direction should be shortened.  Consider giving walk signals with a delayed green to allow pedestrians to get a head start and twice per cycle -- similar to many intersections on Main street in Cambridge-Kendall Square. Walk signal should be given regardless of if button is depressed. Excessively long green lights are provided even when no traffic or little traffic is present which should be corrected with a modern signaling system.", "timestamp_ms": 1749364140000}}, {"type": "Feature", "geometry": {"type": "Point", "coordinates": [-71.06774287999997, 42.37427119500006]}, "properties": {"mode": "walk", "mode_raw": "walks", "request": "walksignal", "request_other": null, "comments": "This is the primary pedestrian artery to/from the Orange Line and Charlestown.  This intersection is severely oversized for the volume of traffic. The intersection size should be greatly reduced since the traffic bottleneck is at Charles river Dam and mostly not at this location. The southbound slip lane towards Cambridge should be eliminated- car traffic takes this slip lane at very high speed and it is a great danger to pedestrians. A traditional right turn should be provided instead to clam traffic. The wait time for the walk signal is EXCESSIVELY LONG and it takes SEVERAL MINUTES to cross legally. EVERYONE crosses illegally in an area with high speed traffic. This intersection is due for redesign however several immediate steps can be taken to improve prior to redesign. The walk signals should be improved to allow crossing when there are no traffic conflicts. The slip lane should be blocked off. Austin street leading into Charlestown should be narrowed and more crosswalks provided.", "timestamp_ms": 1749364740000}}, {"type": "Feature", "geometry": {"type": "Point", "coordinates": [-71.05234965799997, 42.339662030000056]}, "properties": {"mode": "walk", "mode_raw": "walks", "request": "runlightssigns", "request_other": null, "comments": "I was struck while in a cross walk with a walk sign by a Boston City Inspector f150 who ran a red light on December 5th, 2024 (a police report was filed and LP# MB2.504). I sustained serious injury - including getting surgery on my left chest artery and nerves as a direct result. I noticed there have been other accidents on the site map - I do not see my accident as a pedestrian reflected. ", "timestamp_ms": 1749493980000}}, {"type": "Feature", "geometry": {"type": "Point", "coordinates": [-71.14029201299996, 42.34863699500005]}, "properties": {"mode": "walk", "mode_raw": "walks", "request": "notenoughtime", "request_other": null, "comments": "At the intersection of warren/commonwealth there is not enough time to cross the street(commonwealth)", "timestamp_ms": 1749596220000}}, {"type": "Feature", "geometry": {"type": "Point", "coordinates": [-71.12867711599995, 42.284967893000044]}, "properties": {"mode": "bike", "mode_raw": "bikes", "request": "other", "request_other": "Bike Lane Signage", "comments": "Poplar is a one way street going south.It also has a counterflow bike lane going North. Cars from Florence turn left across the bike lane. Because Poplar is a one way, cars turning from Florence onto Poplar don't look for bikes coming from the opposite direction - they only look North for incoming cars and forget to look South for incoming bikes. I cross this intersection on a bike daily and see/experieence car-and-bike near misses often. I don't know what the correct approach would be to make this intersection safer, but I do think that the current signage to cars to let them know they are turning across a bike lane could be investigated. Thanks!", "timestamp_ms": 1749783480000}}, {"type": "Feature", "geometry": {"type": "Point", "coordinates": [-71.07369042699997, 42.38378243500006]}, "properties": {"mode": "walk", "mode_raw": "walks", "request": "yieldgoing", "request_other": null, "comments": "The rotary near Rutherford ave is extremely dangerous for pedestrians. The walk signals imply that it is safe to walk or that drivers will yield for pedestrians, however, there is no light for cars so they just drive through the walk signal all the time. It is nearly impossible to cross safely here without running across between traffic lights", "timestamp_ms": 1750138200000}}, {"type": "Feature", "geometry": {"type": "Point", "coordinates": [-71.07322275899998, 42.383763087000034]}, "properties": {"mode": "walk", "mode_raw": "walks", "request": "yieldturn", "request_other": null, "comments": "Drivers frequently pull right into the crosswalk extremely quickly while looking to their left for oncoming traffic. This means that they almost never look to their right if there are pedestrians cross.ing. I have almost been hit crossing multiple times due to thinking a driver will not go only for them to try and accelerate right in front of me. It is also extremely risky for cyclists as the cars pull into the bike lane to look for oncoming traffic", "timestamp_ms": 1750138380000}}, {"type": "Feature", "geometry": {"type": "Point", "coordinates": [-71.14144193699997, 42.34918728900004]}, "properties": {"mode": "walk", "mode_raw": "walks", "request": "visibility", "request_other": null, "comments": "At this end of Warren St it is difficult for pedestrians to see cars coming around the corner. Compounded with the prevalence of speeding along Warren St, this makes for a dangerous situation, evident by the pedestrian accidents at either side of the curve that can be seen on the Vision Zero Crash Map. ", "timestamp_ms": 1750291980000}}, {"type": "Feature", "geometry": {"type": "Point", "coordinates": [-71.14522385199996, 42.349856309000074]}, "properties": {"mode": "walk", "mode_raw": "walks", "request": "speeding", "request_other": null, "comments": "Vehicles often speed the length of Warren St between Cambridge St and Comm Ave. There are no speed limit or warning signs visible. Given the locations of Brighton High, Boston Green Academy, and Kennedy Day School, can part of this street be designated and signed as a School Zone? \r\nBased on the other buildings and their occupants along this stretch of road - Franciscan Children's taking care of kids, Brighton Marine serving the veteran community - additional signage on Warren Street is needed. ", "timestamp_ms": 1750292460000}}, {"type": "Feature", "geometry": {"type": "Point", "coordinates": [-71.05178451199998, 42.34978024000003]}, "properties": {"mode": "walk", "mode_raw": "walks", "request": "other", "request_other": "Drivers do not respect No U-Turn sign", "comments": "\r\n\r\n\r\nI thank the City for responding to my earlier report regarding the visibility of the \u201cNo U-Turn\u201d sign at Castlegate Road and Blue Hill Avenue in Dorchester. I appreciate the city's effort in pruning the tree that had been obstructing the sign.\r\n\r\nHowever, since the initial corrective action, I\u2019ve continued to observe frequent illegal turns at the intersection. \r\n\r\nTo address this \r\n\r\n1. **Full Removal of the Tree** \u2013 This would eliminate partial obstruction.\r\n2. **Enhanced Pavement Markings** \u2013 Add \u201cNO U-TURN\u201d or directional arrows on the road surface to reinforce the sign.\r\n3. **Supplemental Signage** \u2013 Consider adding an overhead or mirrored \u201cNo U- Turn\u201d sign.\r\n4. **Targeted Enforcement or Data Collection** \u2013 A short monitoring period could provide clarity on violation frequency.\r\n5. **Design Modification** \u2013 Consider low-cost channelization (e.g., flexible bollards or curb extensions) to physically discourage the turn.\r\n\r\n\r\n", "timestamp_ms": 1750423260000}}, {"type": "Feature", "geometry": {"type": "Point", "coordinates": [-71.06288792599997, 42.36122542100003]}, "properties": {"mode": "walk", "mode_raw": "walks", "request": "notenoughtime", "request_other": null, "comments": "Hello, I've been walking from North Station to Beacon Hill for 3 years, and previously walked from Charles Street Station to Beacon Hill for several years. To get to work, I have to cross both Bowdoin St and Cambridge St at that intersection. There is only about 10 seconds allotted for pedestrians during the walk signal, which applies to all of the crosswalks at the same time. That is barely enough time to cross one street, let alone both. As a result, pedestrians often get caught in the middle of the street as the light is changing, or take the risk to cross the street when traffic is moving in that direction but when there is a break in cars turning. Given how many people commute by foot in this area, I think it would be great if the City considered adding 10 more seconds to the signal so pedestrians can safely get across the street without running or taking any unnecessary risks, which is more in line with other signals on Cambridge St.", "timestamp_ms": 1751388720000}}, {"type": "Feature", "geometry": {"type": "Point", "coordinates": [-71.15332412299995, 42.33813707300004]}, "properties": {"mode": "walk", "mode_raw": "walks", "request": "notenoughtime", "request_other": null, "comments": "Intersection of Commonwealth Ave & Chestnut Hill Ave.  Walk signal is not nearly long enough to cross all 6 lanes + train tracks.  Frequently have to jog to make it in time.", "timestamp_ms": 1751853600000}}, {"type": "Feature", "geometry": {"type": "Point", "coordinates": [-71.15335503999995, 42.344508449000045]}, "properties": {"mode": "walk", "mode_raw": "walks", "request": "yieldgoing", "request_other": null, "comments": "Despite new blinking signage, drivers frequently do not yield to pedestrians.  Also, drivers frequently drive at speed into the bike lane to go around cars waiting to turn, endangering anyone riding in the bike and also those waiting to cross.", "timestamp_ms": 1751853720000}}, {"type": "Feature", "geometry": {"type": "Point", "coordinates": [-71.15164774199997, 42.34590703400005]}, "properties": {"mode": "walk", "mode_raw": "walks", "request": "speeding", "request_other": null, "comments": "Union St is next to a playground.  Cars frequently speed downhill.  This has already been flagged by the city as a street with frequent speeding, but nothing has been done about it.", "timestamp_ms": 1751853900000}}, {"type": "Feature", "geometry": {"type": "Point", "coordinates": [-71.06183933799997, 42.37120375300003]}, "properties": {"mode": "walk", "mode_raw": "walks", "request": "walksignal", "request_other": null, "comments": "This intersection was just re-worked for the new Bill Russel Bridge.  The timing of the signals at this intersection results in excessively long wait times for walk signals (several minutes).  As a result, nearly everyone crosses illegally. Often there are few cars present (high traffic volume is only doing peak commuting hours) yet the long light cycle continues with few cars present. The city is overly focused on maximizing car throughput which is is at odds with vision zero and desire to increase use of public transportation. There is no reason why bike and walk signals cannot be given additional priority at this and many other similar intersections except that there is concern over inconveniencing drivers. Please reevaluate the model for these intersections.", "timestamp_ms": 1752432900000}}, {"type": "Feature", "geometry": {"type": "Point", "coordinates": [-71.06592211599997, 42.37484148000004]}, "properties": {"mode": "walk", "mode_raw": "walks", "request": "other", "request_other": "Crosswalks/Road Design", "comments": "Crosswalk infrastructure and road design needs improvement. People are generally forced to cross and the very busy Rutherford Ave/Austin Street intersection however there are ample opportunities to provide crossings further down on Austin street, heading towards Charlestown.  Austin street is overly wide for the volume of traffic resulting in excessive speeds and longer than necessary crossings at locations with no crosswalks. Narrower roads and traffic calming measures coupled with bike infrastructure and crosswalks should be implemented in this corridor, which is part of the otherwise walkable heart of Charlestown.", "timestamp_ms": 1752433500000}}, {"type": "Feature", "geometry": {"type": "Point", "coordinates": [-71.11255356299995, 42.301324512000065]}, "properties": {"mode": "drive", "mode_raw": "drives", "request": "other", "request_other": "People ignore road signage", "comments": "At the intersection of Arborway and Washington going eastbound, there is a right-turn only lane that many, many people ignore and either zoom straight and cut in to the middle lane.  This is obviously dangerous.  Either you need to police this area or change the physical roads as they are just ignoring the red arrow signal as well as the right-turn symbol in the road.", "timestamp_ms": 1754495100000}}, {"type": "Feature", "geometry": {"type": "Point", "coordinates": [-71.10668995099996, 42.30048809800007]}, "properties": {"mode": "drive", "mode_raw": "drives", "request": "runlightssigns", "request_other": null, "comments": "The light at the intersection of Arborway and Morton Street many times stays red while the next light over at Morton/Arborway and Forest Hills Ave changes 3 times.  This makes people run the light (especially those turning left toward the zoo).  Is there a sensor at this light?  If so, it may not be working properly or the sunlight affects it.  The rotary that used to be at this place worked so much better.", "timestamp_ms": 1754495400000}}, {"type": "Feature", "geometry": {"type": "Point", "coordinates": [-71.12218397499998, 42.309025819000055]}, "properties": {"mode": "drive", "mode_raw": "drives", "request": "other", "request_other": "hard to see pedestrians", "comments": "Pedestrian walkways and lights anywhere near this rotary is dangerous.  Who puts a pedestrian walkway where the pedestrian is in a blind spot while turning?  And the traffic lights near the rotary cause the traffic to bunch up.  Combined with that other concern from 2023 which obviously hasn't been addressed, does it mean that this site is useless?  Anybody actually have any vision?  Who designs these roads anyway?", "timestamp_ms": 1754495700000}}, {"type": "Feature", "geometry": {"type": "Point", "coordinates": [-71.06680456399994, 42.32676502700008]}, "properties": {"mode": "walk", "mode_raw": "walks", "request": "yieldturn", "request_other": null, "comments": "I cross this street 4 days a week and cars almost hit me or others almost every time. The walk sign used to come on first and we had a few second of lead time. Now it's the opposite. Cars turn very fast  and are coming close to hitting pedestrians so often ", "timestamp_ms": 1754517060000}}, {"type": "Feature", "geometry": {"type": "Point", "coordinates": [-71.10455949799996, 42.34537460400003]}, "properties": {"mode": "walk", "mode_raw": "walks", "request": "runlightssigns", "request_other": null, "comments": "At the pedestrian crossing on Park Drive by the Fenway MBTA station, cars often fail to yield to pedestrians crossing, despite the lights signaling to cross. Additionally, and perhaps more concerning, when one vehicle (often a large car or bus) yields and signals for pedestrians to cross, the vehicle behind the stopped car changes to the empty lane and speeds across the pedestrian crossing. The pedestrian has poor visibility of the second lane due to the yielded car. This crossing is extremely dangerous, and I have almost been hit by cars on numerous occasions. Please address this before a serious accident occurs!", "timestamp_ms": 1755113460000}}, {"type": "Feature", "geometry": {"type": "Point", "coordinates": [-71.13767898199995, 42.34847718700007]}, "properties": {"mode": "walk", "mode_raw": "walks", "request": "notenoughtime", "request_other": null, "comments": "it is a major train stop, the walk sign is not long enough for pedestrians and people end up crossing dangerously because there is no room to stand and wait. I have observed this while walking, biking, and as a passenger on the green line. ", "timestamp_ms": 1756705740000}}, {"type": "Feature", "geometry": {"type": "Point", "coordinates": [-71.13773754399995, 42.348446213000045]}, "properties": {"mode": "walk", "mode_raw": "walks", "request": "yieldturn", "request_other": null, "comments": "People don't yield to the train or other vehicles when turning from Commonwealth onto Allston. The Vision Zero crash map has 9+ crashes at this intersection and I have personally observed seven crashes at this intersection in the last thirteen months. I am extremely concerned about safety at this intersection. ", "timestamp_ms": 1756705860000}}, {"type": "Feature", "geometry": {"type": "Point", "coordinates": [-71.07323000899999, 42.333515179000074]}, "properties": {"mode": "bike", "mode_raw": "bikes", "request": "bikefacility", "request_other": null, "comments": "There is a bike lane here but the markings are ambiguous. Turning vehicles yell at cyclists and try to force them out of the bike line (because they cannot see them clearly and deny that there is a bike lane, because green paint is not used to clearly mark it)", "timestamp_ms": 1756770960000}}, {"type": "Feature", "geometry": {"type": "Point", "coordinates": [-71.13422821699999, 42.34880709500004]}, "properties": {"mode": "walk", "mode_raw": "walks", "request": "runlightssigns", "request_other": null, "comments": "The walk light is very responsive at this intersection. However, from either direction, 2-3 cars will run the red light which makes it dangerous to cross. ", "timestamp_ms": 1756793700000}}, {"type": "Feature", "geometry": {"type": "Point", "coordinates": [-71.13100725099997, 42.35036988400003]}, "properties": {"mode": "walk", "mode_raw": "walks", "request": "notenoughtime", "request_other": null, "comments": "This intersection is incredibly dangerous. There is a major train station, a major bus station, many restaurants and businesses, and a major intersection. There is not enough time for the pedestrians to cross and clear the train platform. Cars overshoot the lights and end up blocking the intersection during the pedestrian light. The entire intersection needs an overhaul. See Coolidge Corner for an example. ", "timestamp_ms": 1756793880000}}, {"type": "Feature", "geometry": {"type": "Point", "coordinates": [-71.13142299799995, 42.35115204500005]}, "properties": {"mode": "bike", "mode_raw": "bikes", "request": "doublepark", "request_other": null, "comments": "Food delivery vehicles block an already narrow pathway for cars, cyclists, and pedestrians", "timestamp_ms": 1756794060000}}, {"type": "Feature", "geometry": {"type": "Point", "coordinates": [-71.16497998599993, 42.28872998300005]}, "properties": {"mode": "other", "mode_raw": "other", "request": "other", "request_other": "Cars run stop sign all the time and at excessive speeds. We have had close calls -- a woman pushing a stroller crossing just beyond stop sign -- kids on bicycles heading straight for that curve where the stop sign sits... this happens regularly. ", "comments": "1) Drivers do not stop at stop sign and often pick up speed as they approach the sign because of the curve of the road-psychological effect? 2) Excessive speed 3) Has been major cut through for decades after being discovered as VFW Parkway curb replacement was taking place. The increase in cars traveling down our street has increased significantly since then. It is now a thoroughfare--a regular route for too many drivers. Drivers can start their drive on Baker and travel all the ways to Forest Hills via Dwinell, Weld, etc. In summary, Cars failing to stop, excessive speeds, excessive number of cars for our residential neighborhood. ", "timestamp_ms": 1758578220000}}, {"type": "Feature", "geometry": {"type": "Point", "coordinates": [-71.05850266999994, 42.352474838000035]}, "properties": {"mode": "bike", "mode_raw": "bikes", "request": "bikefacility", "request_other": null, "comments": "Navigating down Essex Street from the wonderful bike lanes of back bay towards South Station is a nightmare for cyclists. Fast-moving vehicles make erratic lane changes on this portion of the road, and the bike/bus shared lane is not sufficient for cyclist safety. Additionally, connecting through the intersection of Essex and JFK surface road offers no connectivity, so no matter the route the cyclist chooses, cars are frustrated and aggressive.", "timestamp_ms": 1758590700000}}, {"type": "Feature", "geometry": {"type": "Point", "coordinates": [-71.09392660399993, 42.28764361200007]}, "properties": {"mode": "walk", "mode_raw": "walks", "request": "notenoughtime", "request_other": null, "comments": "People are not given enough time to cross, the wait for the walk sign is too long. In one direction (towards Forest Hills) the walk sign is only 5 seconds, drivers run the light and try to turn while pedestrians are crossing because the walk countdown is so short. ", "timestamp_ms": 1758673500000}}, {"type": "Feature", "geometry": {"type": "Point", "coordinates": [-71.09391118199994, 42.28776713000008]}, "properties": {"mode": "walk", "mode_raw": "walks", "request": "runlightssigns", "request_other": null, "comments": "The walk sign is only 5 seconds crossing Morton St to get to the bus stop at Morton St and Harvard St (in the Forest Hills direction). I worry that someone will get hit here because cars run the light while people are trying to cross. ", "timestamp_ms": 1758673680000}}, {"type": "Feature", "geometry": {"type": "Point", "coordinates": [-71.13777267799998, 42.34852123700006]}, "properties": {"mode": "walk", "mode_raw": "walks", "request": "yieldturn", "request_other": null, "comments": "this is an incredibly dangerous intersection with two major streets (Commonwealth and Allston) and the MBTA green line station. The cars do not yield to the train when turning onto Allston Street resulting in many dangerous close calls", "timestamp_ms": 1758735480000}}, {"type": "Feature", "geometry": {"type": "Point", "coordinates": [-71.13471898099993, 42.346814187000064]}, "properties": {"mode": "bike", "mode_raw": "bikes", "request": "other", "request_other": "road becomes one-way at this intersection, people ignore it and drive uphill on a one-way street", "comments": "Brainerd street becomes one-way at Walbridge street. There are two DO NOT ENTER signs but people routinely ignore them. In the last two weeks I have personally observed three vehicles blowing straight through resulting in an incredibly dangerous situation.", "timestamp_ms": 1758735780000}}, {"type": "Feature", "geometry": {"type": "Point", "coordinates": [-71.11442806899998, 42.30166339600004]}, "properties": {"mode": "bike", "mode_raw": "bikes", "request": "yieldturn", "request_other": null, "comments": "Northbound cars on South St turning right onto the Arborway don't yield to pedestrians or bikes and frequently block the crosswalks.", "timestamp_ms": 1758816480000}}, {"type": "Feature", "geometry": {"type": "Point", "coordinates": [-71.12911986899996, 42.26688907000005]}, "properties": {"mode": "drive", "mode_raw": "drives", "request": "speeding", "request_other": null, "comments": "Speeding cars along Deforest St caused a multi-car accident in the last couple of years. It feels very risky to cross Deforest St as a pedestrian.", "timestamp_ms": 1758816600000}}, {"type": "Feature", "geometry": {"type": "Point", "coordinates": [-71.08578727699995, 42.34346184000003]}, "properties": {"mode": "bike", "mode_raw": "bikes", "request": "other", "request_other": "Dangerous driving", "comments": "Vehicles speed very close to cyclists in the bike lane. Drivers cut into the slight curve of the road and take up part of the unprotected bike lane.", "timestamp_ms": 1758816660000}}, {"type": "Feature", "geometry": {"type": "Point", "coordinates": [-71.08743834099994, 42.34687688200006]}, "properties": {"mode": "bike", "mode_raw": "bikes", "request": "doublepark", "request_other": null, "comments": "Double parked vehicles block the bike lanes and force cyclists into speeding traffic.", "timestamp_ms": 1758816780000}}, {"type": "Feature", "geometry": {"type": "Point", "coordinates": [-71.04119000499998, 42.37300000300007]}, "properties": {"mode": "walk", "mode_raw": "walks", "request": "speeding", "request_other": null, "comments": "I feel unsafe crossing the intersection at Border and Decatur. Although there are crosswalk signs, many cars still speed. Some cars will speed and then barely break before getting to the crosswalk. Sometimes the cars do not see me as I am crossing because there are cars parks on both sides of the street (parked cars block sight of pedestrians). I am wondering if there could be speed bumps. I think that an additional crosswalk can be added at the intersection because pedestrians will sometimes cross on the other side of Decatur street, too.", "timestamp_ms": 1758911100000}}, {"type": "Feature", "geometry": {"type": "Point", "coordinates": [-71.06260346899995, 42.37900114300004]}, "properties": {"mode": "walk", "mode_raw": "walks", "request": "speeding", "request_other": null, "comments": "This is an incredibly dangerous intersection. There is no mechanism to manage the speed of cars on Bunker Hill, so people do not yield for pedestrians because they\u2019re traveling at such high speeds. I have several near misses PER WEEK because of the complete disregard for pedestrians in cross walks.", "timestamp_ms": 1759906920000}}, {"type": "Feature", "geometry": {"type": "Point", "coordinates": [-71.02818834399994, 42.37800225600006]}, "properties": {"mode": "bike", "mode_raw": "bikes", "request": "bikefacility", "request_other": null, "comments": "I respectfully request the consideration of installing a Bluebikes station at the East Boston Public Library. This addition would provide equitable access, promote sustainable mobility, and strengthen the library\u2019s role as a central and inclusive hub for learning and community engagement.\r\nI am writing to express my concern about the lack of accessible transportation options to the East Boston Public Library, a key community space for residents, families, and youth. Currently, there is no direct public transportation route serving this location, making it difficult for many community members to reach the library safely and efficiently.", "timestamp_ms": 1760430120000}}, {"type": "Feature", "geometry": {"type": "Point", "coordinates": [-71.15085919499995, 42.335981401000026]}, "properties": {"mode": "walk", "mode_raw": "walks", "request": "other", "request_other": "Roadway, tracks dangerous for bikes, people and cars.", "comments": "The entire intersection and station area needs repaving, safer rubberized transitions between track and street.", "timestamp_ms": 1762628640000}}, {"type": "Feature", "geometry": {"type": "Point", "coordinates": [-71.03367081599998, 42.37684089600003]}, "properties": {"mode": "walk", "mode_raw": "walks", "request": "runlightssigns", "request_other": null, "comments": "This intersection needs to have the traffic light fully functioning with red/yellow/green. The current situation is dangerous for all users because it is confusing and there is no visibility. ", "timestamp_ms": 1762841520000}}, {"type": "Feature", "geometry": {"type": "Point", "coordinates": [-71.03987689599995, 42.37713170100005]}, "properties": {"mode": "other", "mode_raw": "other", "request": "runlightssigns", "request_other": null, "comments": "The intersection of Lexington and Border in East Boston needs more traffic control devices. Currently there is one stop sign on the Lexington side and that is not enough. Please, look at the traffic records and you will see the amount of accidents that occur at this intersection regularly. There needs to be either a stop light installed or\r\nmore stop signs added in the other directions. This intersection is near a grocery store and school. It is heavily trafficked by both pedestrians and vehicles. I have emailed the office of Gabriela Colletta and they & BTD did not think more traffic devices were needed which is short sighted and ignores the needs of the East Boston community. ", "timestamp_ms": 1763933400000}}, {"type": "Feature", "geometry": {"type": "Point", "coordinates": [-71.13581895599998, 42.36204254300003]}, "properties": {"mode": "walk", "mode_raw": "walks", "request": "yieldgoing", "request_other": null, "comments": "cars constantly speed on Everett street and do not yield, even when pedestrians are in the crosswalk. this is a serious issue because pedestrians are often crossing Everett to enter the Star Market shopping plaza, and there are two schools within a block (German International School and the Gardner Pilot Academy). some sort of speed mitigation is needed on this road", "timestamp_ms": 1764619920000}}, {"type": "Feature", "geometry": {"type": "Point", "coordinates": [-71.09988429299995, 42.340807307000034]}, "properties": {"mode": "drive", "mode_raw": "drives", "request": "yieldturn", "request_other": null, "comments": "This crossing is exremely dangerous. People crossing into Park Drive barely ever yield or stop. It's likely that the bike line paint is confusing drivers. Every time I drive through here I see a near collision. ", "timestamp_ms": 1765576620000}}, {"type": "Feature", "geometry": {"type": "Point", "coordinates": [-71.10627761899997, 42.304179730000044]}, "properties": {"mode": "walk", "mode_raw": "walks", "request": "runlightssigns", "request_other": null, "comments": null, "timestamp_ms": 1765612260000}}, {"type": "Feature", "geometry": {"type": "Point", "coordinates": [-71.10661133699995, 42.30442933000006]}, "properties": {"mode": "walk", "mode_raw": "walks", "request": "speeding", "request_other": null, "comments": null, "timestamp_ms": 1765612380000}}, {"type": "Feature", "geometry": {"type": "Point", "coordinates": [-71.07441889799998, 42.35402662700005]}, "properties": {"mode": "walk", "mode_raw": "walks", "request": "notenoughtime", "request_other": null, "comments": "There is no pedestrian phase for the Berkeley St SB approach crosswalk.  ", "timestamp_ms": 1766786460000}}, {"type": "Feature", "geometry": {"type": "Point", "coordinates": [-71.07003258799995, 42.367520511000066]}, "properties": {"mode": "bike", "mode_raw": "bikes", "request": "bikefacility", "request_other": null, "comments": "Bike lanes are too narrow entering Boston and cars do not respect them", "timestamp_ms": 1769714520000}}, {"type": "Feature", "geometry": {"type": "Point", "coordinates": [-71.05440961899996, 42.36388098200007]}, "properties": {"mode": "bike", "mode_raw": "bikes", "request": "doublepark", "request_other": null, "comments": "Double parking is rife in the evening and weekends. ", "timestamp_ms": 1769714640000}}, {"type": "Feature", "geometry": {"type": "Point", "coordinates": [-71.05345922199996, 42.36135062900007]}, "properties": {"mode": "bike", "mode_raw": "bikes", "request": "bikefacility", "request_other": null, "comments": "Bike lane is narrow and cars do not respect it as they drive fast along this stretch of Cross Street. ", "timestamp_ms": 1769716260000}}, {"type": "Feature", "geometry": {"type": "Point", "coordinates": [-71.06262522499998, 42.352531826000074]}, "properties": {"mode": "bike", "mode_raw": "bikes", "request": "awayfromside", "request_other": null, "comments": "Pedestrians walk in the bike lane and stand in the bike lane while waiting to cross. Perhaps a wider sidewalk would help? ", "timestamp_ms": 1769716500000}}, {"type": "Feature", "geometry": {"type": "Point", "coordinates": [-71.05843740299997, 42.36515050000003]}, "properties": {"mode": "walk", "mode_raw": "walks", "request": "other", "request_other": null, "comments": "Cars block the intersection regularly and do not respect pedestrians crossing with a walk sign. Gridlock is common during the evening rush hour. ", "timestamp_ms": 1769716680000}}, {"type": "Feature", "geometry": {"type": "Point", "coordinates": [-71.05865555499997, 42.36692351600004]}, "properties": {"mode": "bike", "mode_raw": "bikes", "request": "runlightssigns", "request_other": null, "comments": "Cars from Charlestown turning right onto Causeway St run the red turn arrow endangering pedestrians crossing Causeway St and bikes going straight. ", "timestamp_ms": 1769716920000}}, {"type": "Feature", "geometry": {"type": "Point", "coordinates": [-71.06836425799997, 42.366676624000036]}, "properties": {"mode": "bike", "mode_raw": "bikes", "request": "runlightssigns", "request_other": null, "comments": "Cars from Cambridge turning right onto Storrow run the red turn arrow. They endanger both bikes going straight and pedestrians crossing Storrow. ", "timestamp_ms": 1769717220000}}, {"type": "Feature", "geometry": {"type": "Point", "coordinates": [-71.12451613399998, 42.35221483300006]}, "properties": {"mode": "bike", "mode_raw": "bikes", "request": "bikefacility", "request_other": null, "comments": "The Comm Ave/Packards corner is dangerous as a bike. Coming from Comm Ave traveling west, there is no good way to turn/follow Comm Ave westward. ", "timestamp_ms": 1769717280000}}, {"type": "Feature", "geometry": {"type": "Point", "coordinates": [-71.05538951599993, 42.36508592600006]}, "properties": {"mode": "walk", "mode_raw": "walks", "request": "visibility", "request_other": null, "comments": "Cars park illegally on the south corner in the striped lines outside Dino's and the crosswalk. This makes it difficult for pedestrians to see and for cars to turn from Salem right onto Prince.  ", "timestamp_ms": 1769718000000}}, {"type": "Feature", "geometry": {"type": "Point", "coordinates": [-71.06978046499995, 42.35681469600007]}, "properties": {"mode": "bike", "mode_raw": "bikes", "request": "bikefacility", "request_other": null, "comments": "There are many lanes for cars/parking, we need a two-way bike lane here. As is, we share the lanes with cars and they act unpredictably as they look for parking on either side. ", "timestamp_ms": 1769718480000}}, {"type": "Feature", "geometry": {"type": "Point", "coordinates": [-71.11442494499994, 42.31136727200004]}, "properties": {"mode": "bike", "mode_raw": "bikes", "request": "bikefacility", "request_other": null, "comments": "This business district in JP could use a proper protected bike lane. As is, we are cheek by jowl with cars. ", "timestamp_ms": 1769719020000}}, {"type": "Feature", "geometry": {"type": "Point", "coordinates": [-71.09212789999998, 42.349682306000034]}, "properties": {"mode": "bike", "mode_raw": "bikes", "request": "bikefacility", "request_other": null, "comments": "We need a proper connection for bikes between the esplanade and the emerald necklace.", "timestamp_ms": 1769719200000}}, {"type": "Feature", "geometry": {"type": "Point", "coordinates": [-71.06003331999995, 42.300760652000065]}, "properties": {"mode": "bike", "mode_raw": "bikes", "request": "speeding", "request_other": null, "comments": "Cars often speed when turning onto Charles Street, creating unsafe conditions for pedestrians. More visible signage is needed to remind drivers to slow down and yield. Someone tragically lost their life at this exact location last year, yet no meaningful safety improvements have been made.\r\n\r\nThe area between the liquor store and barbershop is frequently chaotic. Illegal parking forces cyclists onto sidewalks, which are already narrowed by business activities and parked mopeds. This pushes pedestrians into the street just to pass through.\r\n\r\nSpeeding vehicles, blocked sidewalks, and poor enforcement create a serious safety hazard. Traffic calming measures, clearer signage, better parking enforcement, and improved pedestrian and bike infrastructure are urgently needed.", "timestamp_ms": 1769734920000}}, {"type": "Feature", "geometry": {"type": "Point", "coordinates": [-71.07398261299994, 42.34010694600005]}, "properties": {"mode": "drive", "mode_raw": "drives", "request": "doublepark", "request_other": null, "comments": "Double parking gets really bad on the weekends and holiday's and the nearby connecting streets. ", "timestamp_ms": 1770189780000}}, {"type": "Feature", "geometry": {"type": "Point", "coordinates": [-71.05837392399997, 42.36702574000003]}, "properties": {"mode": "walk", "mode_raw": "walks", "request": "runlightssigns", "request_other": null, "comments": "The following things happen on a daily basis:\r\n- After the left turn light has turned red, multiple cars are still turning left from the bridge onto Commercial St., even as the walk sign is on and pedestrians are waiting to cross Commercial. \r\n- Cars from both Endicott St. and N. Washington St. are turning right while they have a red light and there is a walk sign for pedestrians crossing Commercial, and they are not yielding to pedestrians or trying to speed through, only to slam on the brakes / almost hit pedestrians\r\n- Cars on Commercial St. turning right onto the bridge will not yield to pedestrians when there is a red light for them and a walk signal for pedestrians crossing Commercial.", "timestamp_ms": 1770405660000}}, {"type": "Feature", "geometry": {"type": "Point", "coordinates": [-71.03998329499996, 42.33807044800005]}, "properties": {"mode": "walk", "mode_raw": "walks", "request": "visibility", "request_other": null, "comments": "It's very difficult for pedestrians to cross the street because of a)  low visibility due to parked cars and b) excess speeding in the area. I Street has become a major cut through with backups regularly occurring during afternoon commuting hours. Often, traffic is backed up onto 1st Street, which further adds to visibility issues for pedestrians.  ", "timestamp_ms": 1770840420000}}, {"type": "Feature", "geometry": {"type": "Point", "coordinates": [-71.13005231399995, 42.35432098800004]}, "properties": {"mode": "walk", "mode_raw": "walks", "request": "speeding", "request_other": null, "comments": "This road Linden Street is a cut through to the highway and people use it as such. Families are walking with their kids while people are speeding up to Cambridge street. We need more crosswalks with those nice blinking lights and speed bumps ", "timestamp_ms": 1771092240000}}, {"type": "Feature", "geometry": {"type": "Point", "coordinates": [-71.12809454199999, 42.35732173200006]}, "properties": {"mode": "walk", "mode_raw": "walks", "request": "yieldturn", "request_other": null, "comments": "This intersection is crazy! I have almost been hit crossing cambridge street from the highway sign so many times. It is like a five lane road and no one expects pedestrians. So people turning from where the 525 Line building is, left onto Cambridge street blow right through the crosswalk without care.", "timestamp_ms": 1771092420000}}, {"type": "Feature", "geometry": {"type": "Point", "coordinates": [-71.13023232199998, 42.35277635500006]}, "properties": {"mode": "walk", "mode_raw": "walks", "request": "walksignal", "request_other": null, "comments": "It needs to be made clearer that you HAVE to push the button or you won\u2019t get the walk. And then once you do push the button it takes so long for the light to change.", "timestamp_ms": 1771092540000}}, {"type": "Feature", "geometry": {"type": "Point", "coordinates": [-71.13019041099994, 42.35287998200005]}, "properties": {"mode": "walk", "mode_raw": "walks", "request": "runlightssigns", "request_other": null, "comments": "Coming from packages corner direction down comm ave this is no turn on red but the sign is barely visible from the linden sup\u00e9rette and no one cares. So you can fully have the walk and cars fully have the red and then they just drive into you to turn right on red onto linden street  ", "timestamp_ms": 1771092600000}}, {"type": "Feature", "geometry": {"type": "Point", "coordinates": [-71.13187090899999, 42.355909420000046]}, "properties": {"mode": "walk", "mode_raw": "walks", "request": "awayfromside", "request_other": null, "comments": "Makes nooo sense that you have to walk down Cambridge street to the light, cross, and then go back up Cambridge street to access the foot bridge that connects Allston to so many essential resources in lower Allston. Literally no one does that they play frogged across the street even with children. This city needs to work for pedestrians the cars can honestly wait. You should be able to get cross right over to meet the footbridge. If you\u2019re in a wheelchair going down the hill just to go back up it is heinous or if you have a stroller or groceries or grocery cart. It needs to change.", "timestamp_ms": 1771092660000}}, {"type": "Feature", "geometry": {"type": "Point", "coordinates": [-71.07349085399994, 42.35206650600003]}, "properties": {"mode": "assistive_device", "mode_raw": "uses an assistive device", "request": "runlightssigns", "request_other": null, "comments": "People have sped through this particular intersection even when they have a red light indicating for them to completely stop. ", "timestamp_ms": 1771490820000}}, {"type": "Feature", "geometry": {"type": "Point", "coordinates": [-71.11573028099997, 42.30933179300007]}, "properties": {"mode": "drive", "mode_raw": "drives", "request": "visibility", "request_other": null, "comments": "intersection at Soldier Monument on Centre Street & South Street needs a traffic light to allow vehicles to turn left or right. And Parking around The Monument inhibits drivers from seeing oncoming traffic. ", "timestamp_ms": 1771866600000}}, {"type": "Feature", "geometry": {"type": "Point", "coordinates": [-71.09371493999998, 42.34077889300005]}, "properties": {"mode": "walk", "mode_raw": "walks", "request": "speeding", "request_other": null, "comments": "People speed and don't yield to pedestrians at the pedestrian crossing", "timestamp_ms": 1772337600000}}, {"type": "Feature", "geometry": {"type": "Point", "coordinates": [-71.09212278699994, 42.34142692000006]}, "properties": {"mode": "walk", "mode_raw": "walks", "request": "speeding", "request_other": null, "comments": "People speed and don't yield to pedestrians in the crosswalk", "timestamp_ms": 1772337840000}}, {"type": "Feature", "geometry": {"type": "Point", "coordinates": [-71.05489241699996, 42.35919311600003]}, "properties": {"mode": "walk", "mode_raw": "walks", "request": "bikefacility", "request_other": null, "comments": "Bike lanes need new flex posts - drivers blocking lanes", "timestamp_ms": 1773867240000}}, {"type": "Feature", "geometry": {"type": "Point", "coordinates": [-71.16081501899998, 42.28260000300003]}, "properties": {"mode": "walk", "mode_raw": "walks", "request": "speeding", "request_other": null, "comments": "The crosswalk at LaGrange St and Westmount Ave in West Roxbury is an accident waiting to happen for a pedestrian. Cars speed through and do not stop. The city is well aware of this issue.", "timestamp_ms": 1773870960000}}, {"type": "Feature", "geometry": {"type": "Point", "coordinates": [-71.07625751099994, 42.35038605400007]}, "properties": {"mode": "bike", "mode_raw": "bikes", "request": "other", "request_other": "Gas powered mopeds riding in bike lane", "comments": "This is an issue all over the city, not just on Boylston street. ", "timestamp_ms": 1774215060000}}, {"type": "Feature", "geometry": {"type": "Point", "coordinates": [-71.12806420999993, 42.35733475100005]}, "properties": {"mode": "walk", "mode_raw": "walks", "request": "yieldturn", "request_other": null, "comments": "just such a dangerous intersection. cars race in front of pedestrians trying to get the bus stop, trader joes, the library, etc. this intersection needs to change and slow down cars.", "timestamp_ms": 1775158320000}}, {"type": "Feature", "geometry": {"type": "Point", "coordinates": [-71.11429127599996, 42.30159396300007]}, "properties": {"mode": "bike", "mode_raw": "bikes", "request": "yieldturn", "request_other": null, "comments": "I have been yelled at by drivers when crossing Arborway N/S with a \"\"walk\"\" sign. Drivers will not yield to pedestrians and cyclists using the crosswalk.", "timestamp_ms": 1775588520000}}, {"type": "Feature", "geometry": {"type": "Point", "coordinates": [-71.07335872899995, 42.28559445800005]}, "properties": {"mode": "walk", "mode_raw": "walks", "request": "speeding", "request_other": null, "comments": "So many people driving bike in the parks and toddlers are walking around. The park rule written that there are no bikes or vehicles allowed wheel. And police stood and then do nothing. I walk and almost a bike hit me and my dog , it was next to me 3 feet when the teen riding the gas scooter at 40 miles/ hours", "timestamp_ms": 1777343400000}}, {"type": "Feature", "geometry": {"type": "Point", "coordinates": [-71.13651903899995, 42.34559133500005]}, "properties": {"mode": "walk", "mode_raw": "walks", "request": "visibility", "request_other": null, "comments": "It is very hard for cars to see when they are turning onto Corey Road from Bellvista Road, particularly from the north but also from the south if a vehicle is pulled over on the eastbound side of Corey. Cars also often drive far too fast on Corey, particularly downhill on either side of Summit St. I live at this corner and there are accidents all the time, and just now there was a serious one - a car flipped over onto a parked car after being clipped by a turning car whose driver had an obstructed view. It\u2019s a danger not just to drivers but to residents, and this neighborhood has many small children. I think this should be a 4-way stop.", "timestamp_ms": 1778181360000}}, {"type": "Feature", "geometry": {"type": "Point", "coordinates": [-71.03847864899996, 42.367374159000065]}, "properties": {"mode": "walk", "mode_raw": "walks", "request": "runlightssigns", "request_other": null, "comments": "Almost all drivers coming down Webster St approaching Orleans St take a right turn onto Orleans. The traffic on Orleans has no stop sign, and many drivers coming down Webster get fixated looking left and roll into the intersection as they turn right without looking for pedestrians or coming to a stop.\r\n\r\nI\u2019ve watched a couple dozen close calls and have had quite a for myself and my dogs as a pedestrian. What\u2019s particularly frightening is that the drivers rolling through the stop sign often don\u2019t even seem to realize they came just a couple feet from hitting a pedestrian and continue their turn without every looking to the right.\r\n\r\nI don\u2019t know if a four-way stop would help here, or if something else would be a better solution, but it\u2019s hard to imagine someone won\u2019t get hit at some point if something doesn\u2019t change, especially as ride-share traffic picks up from the Tall Ship", "timestamp_ms": 1778466240000}}, {"type": "Feature", "geometry": {"type": "Point", "coordinates": [-71.11224981699996, 42.323926768000035]}, "properties": {"mode": "drive", "mode_raw": "drives", "request": "visibility", "request_other": null, "comments": "Nearly impossible to see cyclists in the bike lane while I\u2019m taking a right turn at a green light. The cars parked on the side of the road lead to little or no visibility of who or what is in the bike lane. ", "timestamp_ms": 1779140100000}}, {"type": "Feature", "geometry": {"type": "Point", "coordinates": [-71.16755771099997, 42.35117934200008]}, "properties": {"mode": "walk", "mode_raw": "walks", "request": "runlightssigns", "request_other": null, "comments": "People turn right from Oak Square onto Faneuil without stopping, slowing down, or looking for pedestrians. \r\n", "timestamp_ms": 1779475200000}}, {"type": "Feature", "geometry": {"type": "Point", "coordinates": [-71.17221117599996, 42.34998330800005]}, "properties": {"mode": "walk", "mode_raw": "walks", "request": "speeding", "request_other": null, "comments": "Cars use Nonantum St as a cut through to get to Oak Square from Waverly St. Many go WAY too fast down the street. This is especially dangerous with pedestrians crossing the street to get to and from the Rev. James J Murphy path that leads to the 57/501/503 bus stops.", "timestamp_ms": 1779476220000}}, {"type": "Feature", "geometry": {"type": "Point", "coordinates": [-71.16275978199997, 42.352438893000055]}, "properties": {"mode": "drive", "mode_raw": "drives", "request": "speeding", "request_other": null, "comments": "Cars come flying down Faneuil Street between Parsons St & Oak Square way above the speed limit, ignoring the cross walks and the low-visibility turns from side streets.  Mitigated during rush hour by traffic volumes, but especially dangerous during business hours, evenings, and weekends. ", "timestamp_ms": 1779476520000}}, {"type": "Feature", "geometry": {"type": "Point", "coordinates": [-71.12445466899999, 42.306074515000034]}, "properties": {"mode": "drive", "mode_raw": "drives", "request": "runlightssigns", "request_other": null, "comments": "With a blinking yellow and periodic red light at this intersection, I and my neighbors continually witness:\r\n\u2022 Vehicles proceeding through red lights on Centre Street\r\n\u2022 Confusion regarding left-turn procedures from Louders Lane\r\n\u2022 Drivers unsure who has the legal right of way\r\n\u2022 Vehicles ignoring flashing pedestrian signals nearby\r\n\u2022 Delayed or inconsistent signal changes, especially on weekends\r\n\u2022 Concerns involving pedestrians, cyclists, families, and school children\r\n\r\nMy concerns have increased with a recent incident in which my neighbor's vehicle was struck by another going through the red light, while he had the right of way exiting Louders Lane onto Centre Street. His car was totaled, but thankfully did not experience serious injuries. ", "timestamp_ms": 1779482940000}}, {"type": "Feature", "geometry": {"type": "Point", "coordinates": [-71.03902983199998, 42.37213608900004]}, "properties": {"mode": "drive", "mode_raw": "drives", "request": "visibility", "request_other": null, "comments": "This intersection, and many others along Meridian St., and specially those organized along  acute and/or obtuse angles and geometries (`triangle intersections') are hard for drivers to navigate and require strained head turning and bad visibility. Maybe some type of geometry changes, corner parking elimination, curb extensions, might help and also create new public spaces there (increase the ROW real-estate for pedestrians and adjacent businesses), whilst helping drivers in navigating safer intersection for crossing and merging traffic. e.g., perpendicular intersections there and/or off-sets\r\n\r\n", "timestamp_ms": 1780610040000}}, {"type": "Feature", "geometry": {"type": "Point", "coordinates": [-71.04118364599998, 42.37301193700006]}, "properties": {"mode": "walk", "mode_raw": "walks", "request": "speeding", "request_other": null, "comments": "people often drive at high speeds along this street, Border st., and feels unsafe for pedestrians and bicyclists. The street seems to wide for its purpose and might benefit form some dieting, and perhaps new bike lane, buffered or on sidewalk, linking Central Square with the highly used Lopresti park. Also, mid-block crossings might be very effective in elongated blocks in East Boston, like those found along Border and other streets there. Start with improving conditions for pedestrians, midblock crossings, then worry about bicycle facilities (that seems to be a political hot topic here).", "timestamp_ms": 1780611360000}}, {"type": "Feature", "geometry": {"type": "Point", "coordinates": [-71.03898691699999, 42.37020105500005]}, "properties": {"mode": "bike", "mode_raw": "bikes", "request": "other", "request_other": "very confusing intersection and access/egress to/from Maverick Square  for pedestrians and bicyclists.", "comments": "Unclear pathways into and out from the Square. The entire Square should be redesigned with pedestrians in mind so as to function as a real 'Square', and realign re-accommodate bus feeder routes to be less disruptive of communal space and of pedestrians and bicyclists flow; whilst still functioning as a key transit hub for the city. This is essentially an urban design problem, and thinking 'outside the box' is needed, including repositioning bus access routes and stops along perpendicular local roads to the West of the Square....among other changes that will require coordination and dialogue with MBTA. The city needs to adopt a modal hierarchy policy: pedestrians --> transit --> automobiles. The changes in bus feeder routes and stop locations will not necessarily change current route nor dwell times if well designed and coordinated with MBTA; the city needs to assist in evolving this transit hub into a more dignified Square/Plaza for residents, visitors, and those transferring ", "timestamp_ms": 1780694460000}}, {"type": "Feature", "geometry": {"type": "Point", "coordinates": [-71.06462504299998, 42.27473833100004]}, "properties": {"mode": "drive", "mode_raw": "drives", "request": "speeding", "request_other": null, "comments": "Hello,\r\nI have lived on Richmond Street for 8 years now and am increasingly alarmed about the drivers who speed on the street despite stop signs at the three-way intersection with Butler Street. Several neighbors and I have discussed this and want to understand what action(s) can be taken. Suggestions include trimming the trees on the south side of Richmond Steet before Butler to improve visibility of the stop sign; painting STOP on the road before the stop lines in all three locations at the intersection; and, adding a speed bump.\r\nToday, June 9, I spoke with Liam in City Councilor John FitzGerald's office and he promised to mention it to the Councilman. Also, Liam gave me the address for the Boston Transportation Department and I will mail a letter tomorrow with the message above.\r\nI appreciate your attention.\r\nDeborah Kane\r\n100 Richmond St\r\nBoston, MA 02124\r\nM 617.716.9619", "timestamp_ms": 1781051940000}}, {"type": "Feature", "geometry": {"type": "Point", "coordinates": [-71.03962430199994, 42.37542507200004]}, "properties": {"mode": "walk", "mode_raw": "walks", "request": "other", "request_other": "Daily near-miss pedestrian hazard at Border St & Central Sq. Drivers often roll stop sign and enter crosswalk while people are crossing. Frequent unsafe conditions needing Vision Zero review.", "comments": "I am submitting a serious pedestrian safety concern for Border Street and Central Square in East Boston.\r\n\r\nI cross this intersection multiple times per day and regularly experience near-miss incidents where vehicles fail to fully stop at the stop sign and enter or encroach into the marked crosswalk while pedestrians are actively crossing. This is a consistent daily pattern of unsafe driver behavior and failure to yield.\r\n\r\nThis creates a high-risk pedestrian environment at a residential crossing with frequent foot traffic.\r\n\r\nThere has also been a confirmed fatal pedestrian crash at the nearby intersection of Meridian Street and Central Square within the past year, indicating elevated risk in this corridor.\r\n\r\nGiven repeated near-misses, stop-sign noncompliance, and proximity to a recent fatality, I request urgent Vision Zero review as a connected safety corridor, including enforcement and engineering interventions such as daylighting, curb extensions, or raised crosswalks.", "timestamp_ms": 1781067540000}}, {"type": "Feature", "geometry": {"type": "Point", "coordinates": [-71.06487559799996, 42.27467729000006]}, "properties": {"mode": "other", "mode_raw": "other", "request": "runlightssigns", "request_other": null, "comments": "I'm a longtime resident at this corner, and I have concerns about the constant speeding on Richmond Street. People do not stop at the stop signs between dusk and dawn. Late night racing is a problem. ", "timestamp_ms": 1781276400000}}, {"type": "Feature", "geometry": {"type": "Point", "coordinates": [-71.06486487099994, 42.274619708000046]}, "properties": {"mode": "walk", "mode_raw": "walks", "request": "runlightssigns", "request_other": null, "comments": "Drivers routinely run the stop signs at the intersection of Richmond and Butler Streets. Drivers speed down these streets every day, all day. Drivers have hit telephone poles, trees, and parked cars along these streets. Our own car was smashed into by an out of control driver a couple of years ago when it was parked on Richmond. Walking in the crosswalk feels dangerous since drivers don't even slow down at the stop signs. At one point these streets were on the list for speed bump installation but then we were removed from the list. No idea why since it would help the situation here. There is a school at the corner of Richmond and Dorchester, there are children and elderly in the neighborhood. People just want to feel safe walking and living here.", "timestamp_ms": 1781303040000}}, {"type": "Feature", "geometry": {"type": "Point", "coordinates": [-71.11260412899998, 42.33292497300005]}, "properties": {"mode": "walk", "mode_raw": "walks", "request": "speeding", "request_other": null, "comments": "I was nearly hit by a cyclist speeding down the sidewalk, going at least 20 mph. She then proceeded to flip me off for not getting out of her way and then nearly plowed through a crowd of pedestrians behind me, as well as another cyclist. She also looked like she was wearing scrubs so I assume she works at one of the hospitals nearby. I'm sorry - how is this behavior ok? ", "timestamp_ms": 1781747340000}}, {"type": "Feature", "geometry": {"type": "Point", "coordinates": [-71.01990215099994, 42.38122950200005]}, "properties": {"mode": "walk", "mode_raw": "walks", "request": "speeding", "request_other": null, "comments": "I live on Horace and countless people are bypassing Bennington St by taking Horace St (between Harmony St and Moore St).  They are driving well above the speed limit and there are children on this road.  We need some drive slow signage.  Would be nice to have someone monitor the speed people are driving on this road.\r\n\r\n", "timestamp_ms": 1782753840000}}, {"type": "Feature", "geometry": {"type": "Point", "coordinates": [-71.06528543899998, 42.36129721700007]}, "properties": {"mode": "bike", "mode_raw": "bikes", "request": "bikefacility", "request_other": null, "comments": "The entire bike lane along Cambridge St. near MGH is essentially serving as a pick-up and drop-off area for drivers (including Ubers, taxis, also private vehicles) who collect or drop off patients at MGH or are just getting their takeout. Every. Single. Time that I walk or bike down this street, the lanes are completely blocked with multiple drivers stopped. I often ask them to move/remind them that it's a bike lane and just get the same response: that it's none of my business. I've reported this to Boston 311 many times and have still never seen anyone ticketed. This bike lane is a joke.", "timestamp_ms": 1783650720000}}, {"type": "Feature", "geometry": {"type": "Point", "coordinates": [-71.06377481999994, 42.36130990100003]}, "properties": {"mode": "walk", "mode_raw": "walks", "request": "runlightssigns", "request_other": null, "comments": "Delivery drivers often shoot through this intersection at red lights or weave in and out of bike lanes on this street. I feel very unsafe walking here.", "timestamp_ms": 1783651140000}}, {"type": "Feature", "geometry": {"type": "Point", "coordinates": [-71.07718157299996, 42.34417882100007]}, "properties": {"mode": "bike", "mode_raw": "bikes", "request": "bikefacility", "request_other": null, "comments": "The bike lane is so potholed that you need a mountain bike to navigate it. Or else bike in the middle of the road in front of cars.", "timestamp_ms": 1783700940000}}, {"type": "Feature", "geometry": {"type": "Point", "coordinates": [-71.10193479999998, 42.31767120000006]}, "properties": {"mode": "walk", "mode_raw": "walks", "request": "visibility", "request_other": null, "comments": "at the corner of Amory Street and School Street in Jamaica Plain, the crosswalk is not very visible to people coming up the hill from the south. it's a very dangerous pedestrian crossing with a lot of school-age kids. we really need a push button flasher to warn people in cars that someone is crossing the street. It's only a matter of time before there is a pedestrian fatality. at the very least it needs daylighting", "timestamp_ms": 1783703820000}}, {"type": "Feature", "geometry": {"type": "Point", "coordinates": [-71.09924363099998, 42.314853491000065]}, "properties": {"mode": "bike", "mode_raw": "bikes", "request": "bikefacility", "request_other": null, "comments": "The whole stretch of Washington Street around the Egleston Square area (particularly from Columbus Ave to Forest Hills St) is very dangerous for bikes - there's no bike lane, the street is narrow and there is heavy traffic at nearly all hours. \r\n\r\nAfter getting doored on this stretch a few years back (despite riding at 10mph, using lights and being aware of my surroundings) and getting a concussion, I've avoided riding on this street despite the convenience it would offer. I hope that someday it will be safe to ride once again. ", "timestamp_ms": 1783730940000}}, {"type": "Feature", "geometry": {"type": "Point", "coordinates": [-71.09049427799994, 42.32088961200003]}, "properties": {"mode": "walk", "mode_raw": "walks", "request": "speeding", "request_other": null, "comments": "Drivers and motorcycles/mopeds speed constantly on MLK Jr Blvd, throughout the day but also at night - I live near the street so I hear them racing past again and again throughout the night. I wish there were some speed bumps or other traffic calming measures to slow people down in the stretches between the traffic lights. ", "timestamp_ms": 1783732620000}}, {"type": "Feature", "geometry": {"type": "Point", "coordinates": [-71.07095338899995, 42.32688279200005]}, "properties": {"mode": "bike", "mode_raw": "bikes", "request": "roadwaymaint", "request_other": null, "comments": "Most of Magazine Street, but especially the part between Cedric Street and Mass Ave, has so many potholes (and old sewer drains that rise up instead of laying flat) that it's difficult and unsafe to bike - bikers are forced to veer into the center of the lane because the potholes take up the usual biking space. There are so many potholes I don't even know where to start with a 311 pothole request- the whole stretch of street just needs to be repaved. For anyone working or visiting 1010, improving this stretch would mean a safer way to commute. ", "timestamp_ms": 1783732920000}}, {"type": "Feature", "geometry": {"type": "Point", "coordinates": [-71.07425272699999, 42.34667145800006]}, "properties": {"mode": "bike", "mode_raw": "bikes", "request": "bikefacility", "request_other": null, "comments": "Columbus Ave after Ruggles needs substantial improvement. The roadway needs to be paved and maintenanced. The bike lanes are not usable due to the conditions and bikes are at risk of being doored. This requires cyclists to ride in the middle of the lane in front of cars which is not safe. ", "timestamp_ms": 1783969020000}}, {"type": "Feature", "geometry": {"type": "Point", "coordinates": [-71.07582035199994, 42.34710968500008]}, "properties": {"mode": "bike", "mode_raw": "bikes", "request": "bikefacility", "request_other": null, "comments": "Being at the end of the SW corridor, Dartmouth St NEEDS appropriate bike travel lanes in both directions to either Stuart St or Columbus. ", "timestamp_ms": 1783969200000}}, {"type": "Feature", "geometry": {"type": "Point", "coordinates": [-71.10567752999998, 42.32808036000006]}, "properties": {"mode": "walk", "mode_raw": "walks", "request": "speeding", "request_other": null, "comments": "People speed much faster than posted limits in a very residential and pedestrian heavy roadway. There should be a limit of 25 mph and speed humps. ", "timestamp_ms": 1783969380000}}, {"type": "Feature", "geometry": {"type": "Point", "coordinates": [-71.06788592499998, 42.32804040900004]}, "properties": {"mode": "walk", "mode_raw": "walks", "request": "runlightssigns", "request_other": null, "comments": "I work at 1010 so I go through this intersection about twice a day. When the light switches to red and the pedestrian crossing light turns on, at least one and sometimes two cars run the red light, especially at the morning and evening rush hours. Pedestrians are constantly at risk crossing here. I wish someday there could be cameras that would catch license plates every time someone runs the light.", "timestamp_ms": 1783733280000}}, {"type": "Feature", "geometry": {"type": "Point", "coordinates": [-71.11799972399996, 42.30262373900007]}, "properties": {"mode": "bike", "mode_raw": "bikes", "request": "bikefacility", "request_other": null, "comments": "Bikes need protection approaching the curb cut to the sidewalk for the Arborway. Vehicles will drive over the buffer and the bike lane in advance of the roadway widening from one lane to two. I was nearly hit when a vehicle sped past me just as I was approaching the curb cut. Putting some sort of barrier (flexpost or a raised curb) in the buffer would prevent vehicles from entering the second lane too soon and endangering bicyclists.", "timestamp_ms": 1784071980000}}, {"type": "Feature", "geometry": {"type": "Point", "coordinates": [-71.12011925799999, 42.309059423000065]}, "properties": {"mode": "bike", "mode_raw": "bikes", "request": "sidewalk", "request_other": null, "comments": "I avoid the rotary by traveling between the Arborway carriage road and Orchard St. Admittedly, I bike the wrong way on Orchard St, but this is safer than biking on the Arborway north of Center St. But having a crosswalk and RRFB across Center St at Orchard St would make things safer for me. It would also put a crosswalk where there are bus stops. The nearest crosswalk is ~500' at Ballard St.", "timestamp_ms": 1784072520000}}, {"type": "Feature", "geometry": {"type": "Point", "coordinates": [-71.11212552599994, 42.32821190100003]}, "properties": {"mode": "bike", "mode_raw": "bikes", "request": "bikefacility", "request_other": null, "comments": "The Emerald Necklace pathway is halfway covered by overgrown bushes. It reduces the path to a single lane, which is unsafe because it is around a corner (so sight lines are limited) and on a hill, so bicyclists going downhill are going fast and may not see a bicyclist coming up the hill.", "timestamp_ms": 1784073000000}}, {"type": "Feature", "geometry": {"type": "Point", "coordinates": [-71.05980118699995, 42.363022845000046]}, "properties": {"mode": "walk", "mode_raw": "walks", "request": "notenoughtime", "request_other": null, "comments": "Drivers turning right are not respecting the crosswalk signals. Crossing needs to be divided up to allow for shorter walking segments for pedestrians who aren\u2019t as fast. ", "timestamp_ms": 1784163180000}}, {"type": "Feature", "geometry": {"type": "Point", "coordinates": [-71.13300907199994, 42.35774229100008]}, "properties": {"mode": "drive", "mode_raw": "drives", "request": "visibility", "request_other": null, "comments": "I live on Alcott Street and it is always very difficult to see if cars/bikes are coming down Franklin street in either direction because cars are parked too close to the intersection. This seems like a perfect spot for some curb extensions to improve visibility and safety", "timestamp_ms": 1784320140000}}, {"type": "Feature", "geometry": {"type": "Point", "coordinates": [-71.01707996399995, 42.380890014000045]}, "properties": {"mode": "walk", "mode_raw": "walks", "request": "speeding", "request_other": null, "comments": "This turn is dangerous and people speed up and down during rush hour ", "timestamp_ms": 1784349360000}}]}