globalid,CreationDate,Creator,EditDate,Editor,date_and_time,your_mode_of_transportation,mode_other,request,request_other,additional_comments,shape_wkt,POINT_X,POINT_Y
{FE01DDF7-7F54-48D5-BB3D-2336BCF4AC2E},6/14/2022 19:39:23.797,,6/14/2022 19:39:23.797,,6/14/2022 19:38:00.000,walks,,speeding,,,POINT (-71.088253122999959 42.322298380000063),-71.088253122999959,42.322298380000063
{B6C24352-3D02-4632-BEB8-71723BB9FD63},6/15/2022 22:05:31.837,,6/15/2022 22:05:31.837,,6/15/2022 22:03:00.000,walks,,runlightssigns,,"During rush hour, eastbound traffic on Herald do not stop clear the intersection before the pedestrian signal allows pedestrians to cross.  Often cars will enter the intersection when there it is clear they will not make it through the intersection before the signal changes.",POINT (-71.063180441999975 42.346246486000041),-71.063180441999975,42.346246486000041
{5D780D29-9DDE-46B4-8D59-42861AA4533B},6/15/2022 22:07:40.199,,6/15/2022 22:07:40.199,,6/15/2022 22:06:00.000,walks,,yieldgoing,,Traffic on Day Blvd does not consistently yield to pedestrians attempting to cross at a marked crosswalk.,POINT (-71.046808238999972 42.32894579200007),-71.046808238999972,42.328945792000070
{18655C33-07F9-4F27-8CD5-4A2B142215D3},6/23/2022 14:31:12.307,168240_boston,6/23/2022 14:31:12.307,168240_boston,6/23/2022 14:30:00.000,drives,,yieldgoing,,Trying to turn left to the highway when leaving North End is incredibly dangerous for vehicles,POINT (-71.058379287999969 42.364719622000052),-71.058379287999969,42.364719622000052
{2176DD81-CE33-4FBA-AADF-3466D2A7834D},6/27/2022 20:11:07.529,,6/27/2022 20:11:07.529,,6/27/2022 20:09:00.000,drives,,other,The traffic pattern was changed but the “right lane must turn right sign” was not removed. ,,POINT (-71.098068836999971 42.315684731000033),-71.098068836999971,42.315684731000033
{5E464DB7-6E31-414B-9EF8-177E19F439B4},6/28/2022 16:20:32.216,,6/28/2022 16:20:32.216,,6/28/2022 16:17:00.000,bikes,,yieldturn,,Drivers turning right from South Street onto Arborway have a green light while people biking travelling across Arborway also have a green bike light. Drivers do not yield to the people on bikes or people walking. I have almost been hit 3 separate times at this intersection.,POINT (-71.114278096999954 42.301582978000056),-71.114278096999954,42.301582978000056
{23CFFDE5-4286-4EAF-AD12-19CAB837EF80},6/28/2022 16:24:11.515,,6/28/2022 16:24:11.515,,6/28/2022 16:20:00.000,bikes,,speeding,,Car drivers speed on this section of South Street and tailgate me when I ride my bike. Traffic calming measures are needed to prevent this neighborhood street from being used as a highway. Could speed humps or cushions be added to this stretch?,POINT (-71.124962344999972 42.290603927000063),-71.124962344999972,42.290603927000063
{D589E0F3-9B8D-4081-9C91-FA9E423378E4},6/28/2022 16:27:02.804,,6/28/2022 16:27:02.804,,6/28/2022 16:24:00.000,bikes,,bikefacility,,"The painted bike lane is often partially blocked by parked cars. The risk of  being car doored and fast moving traffic make this painted bike lane insufficient and stressful. Ideally, the bike lane would be protected, especially in this stretch. ",POINT (-71.127732274999971 42.287017911000078),-71.127732274999971,42.287017911000078
{9D0D4FD7-B6FB-48EC-89A6-E3076915F23E},6/28/2022 16:30:51.452,,6/28/2022 16:30:51.452,,6/28/2022 16:28:00.000,walks,,sidewalk,,"Car drivers do not yield at this crosswalk to people walking or biking. A raised crosswalk is needed to slow traffic so that the large volume of people crossing (on foot, bike, and scooter) are more visible to car drivers.",POINT (-71.092786670999942 42.333321314000045),-71.092786670999942,42.333321314000045
{5E7C69AD-AF5A-4745-948C-76F0D57A75DE},6/28/2022 16:35:09.813,,6/28/2022 16:35:09.813,,6/28/2022 16:31:00.000,bikes,,bikefacility,,"The construction company has failed to provide a temporary safe place for people to bike. People walking are directed to the former bike lane, and people biking need to compete with car traffic on Columbus. I use this intersection several times each week and feel very unsafe while doing so.",POINT (-71.081519589999971 42.340654751000045),-71.081519589999971,42.340654751000045
{9C94ACEF-5E12-4B46-B5D8-2C91B9114442},6/28/2022 16:37:29.833,,6/28/2022 16:37:29.833,,6/28/2022 16:35:00.000,bikes,,roadwaymaint,,"The painted bicycle lane is filled with pot holes. It is unsafe to bike here due to people in parked cars opening their doors without looking, the uneven surface, and car traffic speeding.",POINT (-71.079883452999979 42.342066154000065),-71.079883452999979,42.342066154000065
{03AE8357-A922-4711-809D-C561A6A41C7F},7/3/2022 19:17:23.665,,7/3/2022 19:17:23.665,,7/3/2022 19:15:00.000,walks,,notenoughtime,,There are many walkers here and they are given only 20 seconds to cross a busy/wide intersection.,POINT (-71.153411611999957 42.349086043000057),-71.153411611999957,42.349086043000057
{050DEFCD-CA58-4DF6-BBE8-CA308B33B979},7/3/2022 19:25:24.692,,7/3/2022 19:25:24.692,,7/3/2022 19:23:00.000,walks,,speeding,,"People speed and use this road as a cut through, despite it being a narrow residential street with many pedestrians.",POINT (-71.153506687999936 42.351187993000053),-71.153506687999936,42.351187993000053
{EB25185D-C385-4E34-8A98-2A6E3E0521CF},7/7/2022 14:32:50.931,,7/7/2022 14:32:50.931,,7/7/2022 14:30:00.000,drives,,other,Illegal cut thru,This is a dangerous area... today while waiting at the red light 9 (yes 9) cars cut though the bus lane and cut thru the Mobile Station.,POINT (-71.098143036999943 42.316398028000037),-71.098143036999943,42.316398028000037
{FB49BAFD-123D-4896-BA20-2C2F82662463},7/7/2022 14:42:57.994,,7/7/2022 14:42:57.994,,7/7/2022 14:40:00.000,drives,,visibility,,Dangerous intersection.  1. the lines need to be repainted. they are completely gone. 2. cars try to make this 2 through lanes instead of a right lane must turn right lane...  after the intersection the road narrows and is not really wide enough for through traffic.,POINT (-71.095855112999971 42.331653429000028),-71.095855112999971,42.331653429000028
{1CE894FB-AF07-45E9-868D-95C74A978A65},7/25/2022 15:53:49.993,,7/25/2022 15:53:49.993,,7/25/2022 15:51:00.000,walks,,yieldgoing,,"this intersection has been a problem for years. When my kids were little, cars would speed right by me while I had the kids in the stroller in crosswalk. ",POINT (-71.128672968999979 42.286900352000032),-71.128672968999979,42.286900352000032
{F2BADAC2-DF20-407A-AE8B-E53C8985EFE9},7/25/2022 15:54:53.221,,7/25/2022 15:54:53.221,,7/25/2022 15:54:00.000,walks,,walksignal,,,POINT (-71.128134700999965 42.286457448000078),-71.128134700999965,42.286457448000078
{D6545E3D-AAE7-46D8-8E22-103353A9BDA5},7/25/2022 16:00:48.415,,7/25/2022 16:00:48.415,,7/25/2022 15:55:00.000,drives,,speeding,,"Cars are always backed up on northbound Washington Street. Because of the way the lights work (don’t work) in Roslindale village, northbound cars are so annoyed by the long wait between Metropolitan Ave. and Poplar, that once they get through this light they speed in hopes of beating the light at Cummins. ",POINT (-71.128959640999938 42.285686431000045),-71.128959640999938,42.285686431000045
{E9552C0E-9C2B-44CA-9058-D0F5735582CA},7/25/2022 16:04:16.495,,7/25/2022 16:04:16.495,,7/25/2022 16:01:00.000,walks,,runlightssigns,,"Same problem all over Roslindale Village — this very walkable neighborhood is in really extremely dangerous but the cars speed through, ignoring crosswalks and lights. If the lights were replaced with stop signs, and flashing lights at the crosswalks, it might help. ",POINT (-71.129627395999933 42.28722988100003),-71.129627395999933,42.287229881000030
{A1C0374E-B5A7-42A6-9DD1-1A0F80C9CE0B},7/25/2022 16:07:11.697,,7/25/2022 16:07:11.697,,7/25/2022 16:05:00.000,bikes,,roadwaymaint,,This whole intersection is full of holes and bumpy service making it very hard to turn from Walk Hill onto the American Legion bike lanes .,POINT (-71.106800979999946 42.287753389000045),-71.106800979999946,42.287753389000045
{023E2B72-45DC-48E7-B696-45D687BBAD96},7/25/2022 16:09:28.075,,7/25/2022 16:09:28.075,,7/25/2022 16:07:00.000,walks,,yieldgoing,,there’s a crosswalk here but cars never stop. On a bike I wait here as well as when walking and I’ve never had a car stop for me. This crosswalk could use a human activated blinking light to allow people to cross over to visit the Mass Audubon Boston Nature Center,POINT (-71.104212700999938 42.285773679000044),-71.104212700999938,42.285773679000044
{FA6490FC-1E99-4C0A-8B81-BF101DFBCC50},7/26/2022 16:21:09.201,,7/26/2022 16:21:09.201,,7/26/2022 16:17:00.000,drives,,visibility,,People ignore the ""no parking here to intersection"" sign at the corner of East 1st Street and Acadia Street. When cars park on the corner it entirely obstructs the vision of vehicles pulling out of Acadia Street onto East 1st Street. This creates very dangerous conditions and is just begging for accidents to happen. I am requesting that posts be installed at the corner of this intersection on East 1st street that will prevent cars from parking in this spot and increase the visibility of incoming traffic at this location. Thank you!,POINT (-71.030041394999955 42.338222957000028),-71.030041394999955,42.338222957000028
{142546B7-480D-48D4-A8D6-44A19335D887},7/26/2022 20:30:58.034,,7/26/2022 20:30:58.034,,7/26/2022 20:28:00.000,walks,,runlightssigns,,Drivers often do not stop when people are getting on/off the Green Line E Branch on South Huntington Ave and Huntington Ave. ,POINT (-71.111961777999966 42.331671770000071),-71.111961777999966,42.331671770000071
{B1B1FA8E-5E7C-4FF7-9601-338E4D4B586F},8/1/2022 15:57:39.710,,8/1/2022 15:57:39.710,,8/1/2022 15:55:00.000,drives,,other,Illegal U turns,Even thought is not a place to make a left turn people make u-turns causing traffic backup,POINT (-71.09181966899996 42.309777609000037),-71.091819668999960,42.309777609000037
{A6113A94-A671-4E93-B608-E127AB56C37C},8/1/2022 15:59:14.357,,8/1/2022 15:59:14.357,,8/1/2022 15:57:00.000,drives,,other,signage wrong,There are two signs that say right turn must turn right but there is not longer a turning lane... it mostly thru traffic,POINT (-71.098116214999948 42.315751460000058),-71.098116214999948,42.315751460000058
{A75272A0-4C9B-450E-9AAF-EFE0D6154774},8/20/2022 16:32:49.827,,8/20/2022 16:32:49.827,,8/20/2022 16:25:00.000,drives,,yieldturn,,"There is the intersection at Arborway and Centre St. In the Fenway/Kenmore/Copley direction of Arborway there are 2 lanes: The right lane to Fenway/Kenmore and the left lane to Centre St heading to West Roxbury. When drivers on the left lane run that green light, instead of legally turning left onto Centre St, they will immediately shift to the right lane heading to Fenway WITHOUT even yielding to traffic already on the right lane. When I was on the right lane, one driver from the left lane stupidly got too close to me and was trying to cut me off! He could've caused an accident. There needs to be cameras that capture license plates for traffic violations on the Centre St-Arborway rotary.",POINT (-71.120868219999977 42.309039883000025),-71.120868219999977,42.309039883000025
{95134591-6DF6-4AE8-A730-D2DED8076512},8/20/2022 16:39:04.204,,8/20/2022 16:39:04.204,,8/20/2022 16:34:00.000,drives,,doublepark,,I see lots of double parking on Blue Hill Ave from Mattapan Square to Grove Hall and it is infuriating. It happens 24/7 without any regulation. I am tired of changing lanes every 5 minutes.,POINT (-71.092575999999951 42.279889000000026),-71.092575999999951,42.279889000000026
{FABF7A75-6E30-425C-9652-85D77702C89C},8/24/2022 17:18:40.556,,8/24/2022 17:18:40.556,,8/24/2022 17:16:00.000,drives,,yieldgoing,,not sure if it was intension or accidental or experimental but changing the traffic signal to not give the left turn only lane a head start was brilliant!!  cars can no longer use the left turn only lane to bypass traffic!,POINT (-71.097212309999975 42.327704464000078),-71.097212309999975,42.327704464000078
{F5921318-DDC3-4024-A090-00EB637A4FA5},8/24/2022 17:20:26.440,,8/24/2022 17:20:26.440,,8/24/2022 17:18:00.000,drives,,other,,far too many illegal uturns on this entire stretch of road... causes huge delays during peak hours,POINT (-71.092010839999944 42.309852511000031),-71.092010839999944,42.309852511000031
{F3744B9F-BF9F-4D66-8431-F02869B73547},8/24/2022 17:21:43.934,,8/24/2022 17:21:43.934,,8/24/2022 17:20:00.000,drives,,other,,far too many illegal uturns on this entire stretch of road... causes huge delays during peak hours.  many cars make illegal uturns to avoid the traffic light also.,POINT (-71.086799974999963 42.298610513000028),-71.086799974999963,42.298610513000028
{D041F045-DF63-49E6-BA32-0279D3C95556},8/29/2022 14:07:11.891,,8/29/2022 14:07:11.891,,8/29/2022 14:02:00.000,drives,,speeding,,"Many of the options apply to this location: people double partk; don't yield while going straight or turning, also speeding; it is hard to see due to large damaged cars being left on street, so there is low visibility; roadway surface needs maintenance; people speed coming off of Columbus Ave. and do not abide by Stop sign at turn.
My mode of transportation is both walking and driving.",POINT (-71.099418918999959 42.32123290800007),-71.099418918999959,42.321232908000070
{CD1EB0E0-B9B8-419B-928E-E8166018D02E},8/31/2022 12:58:59.713,,8/31/2022 12:58:59.713,,8/31/2022 12:50:00.000,walks,,speeding,,"Drivers tend to speed when they enter to the Boynton street, but right at the corner there is a playground. We had multiple accidents and close calls at the pedestrian crossing as cars make a hard turn and speed up from McBride St going into the Boynton St. I think additional signage like 'slow' and 'playground' before getting to the corner might be helpful. Ideally a signage with light by the pedestrian crossing. 
Thanks,

Arda",POINT (-71.111804259999985 42.305389283000068),-71.111804259999985,42.305389283000068
{BC7C97CE-9338-494D-A0D2-F4CA5FCCC3BD},8/31/2022 13:16:48.874,,8/31/2022 13:16:48.874,,8/31/2022 12:59:00.000,drives,,visibility,,"SW corridor bike path crosses many streets. Some of these crossings can be very dangerous as past accidents and close calls show. Bikers feel deceptively safe as they are in a 'bike path' and want to keep their momentum at these crossings, but drivers often are not very aware of this. My suggestion is to have a green bike lane at the crossing running along with the pedestrian crossing and large bike signages to get drivers' attention. 
Here is a specific example from McBride/Call St crossing in JP, where I get very nervous while I am biking on SW or driving on McBride because of low visibility. 

Thanks,

Arda
",POINT (-71.110728445999939 42.306137706000072),-71.110728445999939,42.306137706000072
{7F6CA1CB-BBE9-470E-A100-04B92F54E525},8/31/2022 17:37:28.773,,8/31/2022 17:37:28.773,,8/31/2022 17:29:00.000,bikes,,yieldgoing,,"SW corridor bike path crosses many streets. Some of these crossings can be very dangerous as past accidents and close calls show. Bikers feel deceptively safe as they are in a 'bike path' and want to keep their momentum at these crossings, but drivers often are not very aware of this. My suggestion is to have a green bike lane at the crossing running along with the pedestrian crossing and large bike signages to get drivers' attention.
Here is a specific example from SW path crossing over New Minton St, where cars are often not yielding for bikes as there is no stop sign and limited visibility. Green bike lane would be very useful here. There is a bike signage on both ways but one is hidden under the branches of a tree. 

Thanks,

Arda
",POINT (-71.105506506999973 42.314687129000049),-71.105506506999973,42.314687129000049
{4F8F6CBA-26D5-40FA-8BAD-2ACEECF9ACED},8/31/2022 23:23:31.145,,8/31/2022 23:23:31.145,,8/31/2022 23:21:00.000,bikes,,visibility,,"I bike along the SW Corridor each day with two kids and this intersection makes me nervous.  It is a three way stop sign for cars, and they are often watching for each other rather than bikers.  In addition, many cars roll through the stop sign without stopping.",POINT (-71.109059951999939 42.30740004300003),-71.109059951999939,42.307400043000030
{0EFE203B-A5C0-44BB-8DE5-3D78A6F87AE0},9/7/2022 14:12:13.317,,9/7/2022 14:12:13.317,,9/7/2022 14:11:00.000,walks,,yieldgoing,,Feels unsafe to cross the street. Vehicles do not yield to pedestrians waiting to cross and there is a vertical curve.,POINT (-71.062609661999943 42.291895088000047),-71.062609661999943,42.291895088000047
{F4EDF077-52E6-4094-A9B2-B28A1C95D5ED},9/7/2022 14:13:53.724,,9/7/2022 14:13:53.724,,9/7/2022 14:13:00.000,walks,,yieldgoing,,Vehicles traveling along vertical curve do not yield to pedestrians waiting to cross the street. It is especially concerning during winter when pedestrians are walking home from MBTA station in the dark. ,POINT (-71.057244672999957 42.293125334000081),-71.057244672999957,42.293125334000081
{C49219BD-03D7-4234-BBDF-F538054BBD4E},9/7/2022 14:16:08.709,,9/7/2022 14:16:08.709,,9/7/2022 14:15:00.000,bikes,,bikefacility,,,POINT (-71.056486372999984 42.294501930000081),-71.056486372999984,42.294501930000081
{88A764DB-2309-4922-9833-1FF1CE051CA2},9/7/2022 14:19:53.756,,9/7/2022 14:19:53.756,,9/7/2022 14:19:00.000,walks,,sidewalk,,,POINT (-71.059252396999966 42.299890477000076),-71.059252396999966,42.299890477000076
{253A75B7-ECDB-4FAB-92FB-342D7D48B778},9/7/2022 14:21:06.990,,9/7/2022 14:21:06.990,,9/7/2022 14:21:00.000,bikes,,bikefacility,,,POINT (-71.049228673999949 42.283397204000039),-71.049228673999949,42.283397204000039
{1558ECD1-A4B1-43DC-A125-B5BBC93D9EA5},9/7/2022 14:22:05.331,,9/7/2022 14:22:05.331,,9/7/2022 14:21:00.000,bikes,,bikefacility,,,POINT (-71.047093260999986 42.282850777000078),-71.047093260999986,42.282850777000078
{76726189-2DA0-41EF-BC83-F1F59F495378},9/7/2022 14:23:13.815,,9/7/2022 14:23:13.815,,9/7/2022 14:22:00.000,bikes,,bikefacility,,,POINT (-71.05516814799995 42.28143719600007),-71.055168147999950,42.281437196000070
{10B51E03-8BD7-4ED0-A02C-29FA5C488E12},9/7/2022 14:24:22.614,,9/7/2022 14:24:22.614,,9/7/2022 14:23:00.000,walks,,other,No CW at intersection,,POINT (-71.05625704299996 42.295763934000036),-71.056257042999960,42.295763934000036
{56717C0E-AD8A-42E1-B775-4A1BD2FA2ED7},9/7/2022 14:26:15.781,,9/7/2022 14:26:15.781,,9/7/2022 14:25:00.000,walks,,sidewalk,,,POINT (-71.045203103999938 42.293152201000055),-71.045203103999938,42.293152201000055
{D306D452-19F8-40B5-B8F7-D228AD29927A},9/7/2022 14:26:44.860,,9/7/2022 14:26:44.860,,9/7/2022 14:26:00.000,bikes,,bikefacility,,,POINT (-71.046539219999943 42.292396447000044),-71.046539219999943,42.292396447000044
{F6CAD841-B70C-4231-A94E-2FBF52BCD004},9/7/2022 14:27:43.708,,9/7/2022 14:27:43.708,,9/7/2022 14:27:00.000,bikes,,bikefacility,,,POINT (-71.052461469999969 42.289033774000075),-71.052461469999969,42.289033774000075
{9D4C45D0-C138-4831-A54F-769EE54CD868},9/7/2022 14:28:39.723,,9/7/2022 14:28:39.723,,9/7/2022 14:28:00.000,drives,,speeding,,,POINT (-71.046447796999985 42.306811574000051),-71.046447796999985,42.306811574000051
{F765BD44-21BD-4528-A1DB-946BD66242A7},9/7/2022 14:30:24.766,,9/7/2022 14:30:24.766,,9/7/2022 14:29:00.000,walks,,awayfromside,,There are no crossings here so people run across the street,POINT (-71.049212629999943 42.298000646000048),-71.049212629999943,42.298000646000048
{F4368140-3581-4D13-8FCB-ECD502FEE4CC},9/12/2022 0:41:42.984,,9/12/2022 0:41:42.984,,9/12/2022 0:40:00.000,other,Have experienced this St on multiple modes since I was little,bikefacility,,"No bike facilities on Centre St at all. Drivers travel extremely fast, are aggressive to bikers (honking, yelling, close passing), and the road is not a safe environment.",POINT (-71.155582674999948 42.285835246000033),-71.155582674999948,42.285835246000033
{2666FEF9-93C6-4911-B01D-CFCE4117923E},9/12/2022 0:42:52.698,,9/12/2022 0:42:52.698,,9/12/2022 0:41:00.000,walks,,yieldturn,,"Drivers do not yield to pedestrians trying to cross while they have the walk sign. In addition, pedestrians are yelled at, despite having the right of way. Drivers also do not actively LOOK to check for pedestrians crossing.",POINT (-71.15770372999998 42.295820589000073),-71.157703729999980,42.295820589000073
{BEAA7BE9-518A-4F83-89BF-D768100C49FE},9/12/2022 0:45:46.000,,9/12/2022 0:45:46.000,,9/12/2022 0:45:00.000,bikes,,walksignal,,Very long light to wait to cross,POINT (-71.116624703999946 42.320971832000055),-71.116624703999946,42.320971832000055
{9CFD62FA-D071-4954-853C-4F53423C6611},9/12/2022 0:47:07.691,,9/12/2022 0:47:07.691,,9/12/2022 0:46:00.000,bikes,,bikefacility,,People park in the bike lane here a lot.,POINT (-71.059959184999968 42.358785063000028),-71.059959184999968,42.358785063000028
{6A3799F4-5DC2-441B-A31C-632F33D61904},9/12/2022 16:25:59.979,,9/12/2022 16:25:59.979,,9/12/2022 16:24:00.000,walks,,walksignal,,,POINT (-71.073197939999943 42.336478442000043),-71.073197939999943,42.336478442000043
{B80656B0-4BD9-48F4-A8AF-3CCF45C75C4E},9/12/2022 19:01:21.633,,9/12/2022 19:01:21.633,,9/12/2022 19:00:00.000,walks,,walksignal,,,POINT (-71.061287490999973 42.296112635000043),-71.061287490999973,42.296112635000043
{D08DFDA8-A7DE-451F-9C26-ADA6E95AF876},9/12/2022 19:02:17.833,,9/12/2022 19:02:17.833,,9/12/2022 19:01:00.000,walks,,speeding,,,POINT (-71.068120913999962 42.29603480600008),-71.068120913999962,42.296034806000080
{C8D12E44-C600-4FD5-BA4F-660E527D6354},9/12/2022 19:03:28.094,,9/12/2022 19:03:28.094,,9/12/2022 19:02:00.000,walks,,walksignal,,,POINT (-71.060564706999969 42.298685917000057),-71.060564706999969,42.298685917000057
{6201E00E-3FF3-4EAC-BAEC-B929D68FC9B0},9/12/2022 19:04:29.853,,9/12/2022 19:04:29.853,,9/12/2022 19:03:00.000,bikes,,bikefacility,,Needs bike lanes,POINT (-71.064661450999949 42.295186075000061),-71.064661450999949,42.295186075000061
{18109350-C2A0-4198-B13B-10FA70BA29A5},9/12/2022 19:05:21.946,,9/12/2022 19:05:21.946,,9/12/2022 19:04:00.000,bikes,,bikefacility,,Bike parking needed,POINT (-71.062254848999942 42.298875950000081),-71.062254848999942,42.298875950000081
{EAEB2084-7A40-450B-BB26-B261471E9921},9/12/2022 19:07:49.792,,9/12/2022 19:07:49.792,,9/12/2022 19:06:00.000,walks,,sidewalk,,Sidewalk drops off at driveway instead of ramp,POINT (-71.067514562999975 42.294104054000059),-71.067514562999975,42.294104054000059
{C9612D91-6D65-471D-A8F8-DD3E4E6D591E},9/12/2022 19:09:21.502,,9/12/2022 19:09:21.502,,9/12/2022 19:08:00.000,bikes,,bikefacility,,Need bike lanes and more bike parking ,POINT (-71.067700516999935 42.273364061000052),-71.067700516999935,42.273364061000052
{C5EE53FF-DA31-4CA2-987E-F3E36849FA26},9/12/2022 20:53:06.947,,9/12/2022 20:53:06.947,,9/12/2022 20:52:00.000,bikes,,other,"Cars constantly park in the bike lanes, it would be nice to have a physical barrier (like the short concrete blocks seen in some bike lanes)",,POINT (-71.098092074999954 42.344412882000029),-71.098092074999954,42.344412882000029
{03ADC759-C4FA-41C6-865D-61015E8749C5},9/12/2022 22:31:57.263,,9/12/2022 22:31:57.263,,9/12/2022 22:30:00.000,walks,,runlightssigns,,"At the crosswalks between the 2 parks, drivers at morning rush hour very frequently blow off the red lights while i cross the street. they don't just do it to me, they do it to school children. it's absolutely terrible. will make separate comment about speeding",POINT (-71.125965590999954 42.246207115000061),-71.125965590999954,42.246207115000061
{3C2349B2-9313-4001-8FD6-BF66A13DE2FD},9/12/2022 22:33:40.218,,9/12/2022 22:33:40.218,,9/12/2022 22:32:00.000,walks,,speeding,,"drivers routinely blast down Truman ""parkway"" at 50, 60, 70+ MPH. need a road diet down to 2 total lanes and other structural design elements to significantly reduce speed and discourage suburbanites and tractor trailers from using our neighborhood road as an expressway to circumvent 93. ",POINT (-71.126255269999945 42.243691387000069),-71.126255269999945,42.243691387000069
{3D48A611-3B9A-4974-B4E4-E3075BEB572C},9/12/2022 22:35:21.459,,9/12/2022 22:35:21.459,,9/12/2022 22:34:00.000,bikes,,bikefacility,,"bike lanes need to be structurally protected. in the meantime, enforcement is necessary as drivers constantly park in the bike lanes and cause bike commuters to risk their lives",POINT (-71.097126479999986 42.269457463000037),-71.097126479999986,42.269457463000037
{9B764CDA-C621-4670-8A96-B33966FDACE3},9/13/2022 16:06:28.502,,9/13/2022 16:06:28.502,,9/13/2022 16:01:00.000,drives,,visibility,,There is a no parking sign at the corner of South and Boynton Street but people park quickly to shop at Happy Supermarket. When taking a left hand turn onto South Street you have to literally drive into the middle of the street to see where you are driving. Please put physical blockers in this spot!! All of my neighbors are concerned.,POINT (-71.11451372099998 42.305334031000029),-71.114513720999980,42.305334031000029
{C42AA944-8B96-46AF-837B-962EC39D8F56},9/16/2022 2:38:32.942,,9/16/2022 2:38:32.942,,9/16/2022 2:36:00.000,walks,,toomanylanes,,There should be a crosswalk on the west side of this intersection so people coming from that side of Waldeck don’t need to cross Waldeck and Melville just to cross Melville,POINT (-71.066762173999962 42.294685168000058),-71.066762173999962,42.294685168000058
{BA00DF49-EF50-4348-9198-D9B409F509C5},9/22/2022 16:23:07.315,,9/22/2022 16:23:07.315,,9/22/2022 16:22:00.000,walks,,sidewalk,,Need crosswalks and curb cuts,POINT (-71.066693916999952 42.291674525000076),-71.066693916999952,42.291674525000076
{CF5FF98D-354B-4321-ADD3-C7F44FBD1C4E},9/23/2022 11:39:18.370,,9/23/2022 11:39:18.370,,9/23/2022 11:31:00.000,walks,,speeding,,"This street has a field, basketball courts, and playgrounds yet I often see drivers driving at way higher speeds than they should, probably because it’s the only long straight street on Mission Hill. When there’s football practice or other events at the field, every available inch of parking is used making it hard for pedestrians to see traffic when crossing the street. This combined with speeding drivers and lots children using those fields creates a dangerous and uncomfortable environment for pedestrians. ",POINT (-71.102409110999986 42.328815574000032),-71.102409110999986,42.328815574000032
{ADA663D7-6E46-4A8A-97CB-CBE83BAA6AFB},9/29/2022 14:35:11.515,,9/29/2022 14:35:11.515,,9/29/2022 14:32:00.000,walks,,walksignal,,"This intersection should have a Walk sign for all crosswalks across the roadways at the same time to allow for pedestrians to get from one side of the road to the other in enough time. Cars run red lights and don't yield when turning left on green lights, even though pedestrians have a walk sign, which is extremely dangerous for people trying to cross the streets (especially Southampton Street on the side of Andrew Station).",POINT (-71.056889816999956 42.329412172000048),-71.056889816999956,42.329412172000048
{6DCF3B74-4197-4B93-9954-54976789F4D1},10/1/2022 21:28:11.874,,10/1/2022 21:28:11.874,,10/1/2022 21:25:00.000,walks,,notenoughtime,,The pedestrian signal to cross Huntington Ave at the intersection of Huntington and Forsyth lasts 10 seconds.  This isn't enough time to cross both lanes on Huntington.  This coupled with a long cycle means that if you're following the pedestrian signal it can take up to 5 minutes just to cross the street.  This leads to low compliance and lots of conflict between drivers and pedestrians crossing after the signal turns off.  The signal needs to be lengthened to at least long enough to cross both lanes on Huntington.,POINT (-71.090466554999978 42.33980537900004),-71.090466554999978,42.339805379000040
{B2E9A85B-B9C6-49C6-9DD5-98D401DE80E5},10/1/2022 21:31:14.956,,10/1/2022 21:31:14.956,,10/1/2022 21:28:00.000,bikes,,yieldturn,,Drivers do not check for bikes travelling down the southwest corridor when turning right off of Columbus Street onto Cedar street.  There have been multiple instances of cyclists almost being hit or running into a vehicle that has turned across the active walk signal without looking.  This is also true for the intersection with Heath St. and others along the corridor.,POINT (-71.097182805999978 42.328198222000026),-71.097182805999978,42.328198222000026
{8E4E8FB2-AC27-48F7-A209-EA3B5B65185F},10/1/2022 21:38:27.725,,10/1/2022 21:38:27.725,,10/1/2022 21:35:00.000,bikes,,bikefacility,,"The cycle lane ends abruptly and forces cyclists out into a single lane, high-traffic roadway or up onto the sidewalk.  This causes conflict with vehicles and pedestrians from there all the way down to Columbus Avenue.  For almost that entire stretch there is already ample space for a flexpost-protected bike lane without changing the traffic pattern.",POINT (-71.10096740299997 42.340485403000059),-71.100967402999970,42.340485403000059
{9888C4C1-2800-49BE-BBFC-661418CC8636},10/1/2022 21:40:50.953,,10/1/2022 21:40:50.953,,10/1/2022 21:39:00.000,walks,,awayfromside,,"There is no crosswalk on the muddy river side of Park Drive southbound.  To cross the street here you either need to make 3 crossings (across Fenway, across Brookline Ave, across Park Dr.) or walk up to the other side of the muddy river.",POINT (-71.10319900099995 42.342832722000026),-71.103199000999950,42.342832722000026
{FAB58674-89B4-406D-B219-B316878C8A95},10/13/2022 14:12:35.107,,10/13/2022 14:12:35.107,,10/13/2022 14:06:00.000,bikes,,runlightssigns,,"At about 5:15pm, while the sun was setting, a car heading east on Beacon St (coming downhill) did not stop at the red light at the Beacon/Charles intersection. The driver continued through the first crosswalk and ended up slamming on the breaks in the intersection and stopping only a few feet from pedestrians crossing Beacon at the second intersection. I was stopped at the redlight going southbound on Charles St about to turn on Beacon when I saw this.
It seemed the driver may have been ""blinded"" by the setting sun and it was terrifying to watch.
Especially as people gain speed going downhill on Beacon, there should be some sort of extra flashing light or speedbump or something to make it easier to see the red light at this time of day or slow down while traveling on Beacon St.
Thank you",POINT (-71.069293018999986 42.356267581000054),-71.069293018999986,42.356267581000054
{537C444B-8736-43A3-9D81-B2C7EA55B4A2},10/13/2022 14:16:21.824,,10/13/2022 14:16:21.824,,10/13/2022 14:13:00.000,bikes,,runlightssigns,,"Derne Street is wide and seems to encourage people to speed. When they come to the Hancock/Myrtle intersection, there is no limit line painted on the ground so they often do not stop while turning left onto Hancock (the only outlet).
This whole intersection should be redesigned to add neck-downs and better paint/signage so that cars don't drive so fast and crossing the street is clearer / shorter distance for pedestrians.",POINT (-71.064333791999957 42.359351740000079),-71.064333791999957,42.359351740000079
{0D58C63E-21A9-46DB-96CA-0E4BC96815C9},10/18/2022 18:13:28.171,,10/18/2022 18:13:28.171,,10/18/2022 18:04:00.000,walks,,speeding,,DRIVERS SPEED UP MY STREET FROM DORCHESTER AVE MY STREET IS FULLER STREET AND I'VE HAVE ALMOST HIT BY A  CAR MIRROR OF A CAR SIDESWIP BY A CAR SPEEDING UP MY STREET OFF OF DORCHESTER AVENUE. ,POINT (-71.054386578999981 42.358578297000065),-71.054386578999981,42.358578297000065
{4202C744-9584-40D7-B65E-A383C32D9097},10/25/2022 0:07:40.587,,10/25/2022 0:07:40.587,,10/24/2022 23:58:00.000,walks,,speeding,,Literally thousands of pedestrians  cross this area of Charles St everyday to get from the busy Fields Corner subway station to the two schools across the street and to the rest of the neighborhood.  Yet there is nothing besides some pained lines to encourage speeding drivers to slow down. Too many drivers drive at unsafe speed  A raised crosswalk is badly needed at that pedestrian crossing. Thank you,POINT (-71.062080487999935 42.300525174000029),-71.062080487999935,42.300525174000029
{A1DAF548-EC9B-4769-AE84-5536717683A3},10/25/2022 0:20:33.407,,10/25/2022 0:20:33.407,,10/25/2022 0:08:00.000,walks,,doublepark,,"The crosswalk in front of Lynne Liquor at 1447 Dot Ave is one of the busiest pedestrian crossings on Dot Ave.  A lot of drivers are parking illegally in the middle of the crosswalk while shopping for booze, making it extra inconvenient and unsafe to cross Dot Ave on foot.  A large bollard or concrete planter should be placed strategically to prevent people from parking on that crosswalk, ",POINT (-71.060081138999976 42.301207326000053),-71.060081138999976,42.301207326000053
{27868B4E-9FEB-4000-8B33-5A1E419A546F},10/29/2022 10:18:36.227,,10/29/2022 10:18:36.227,,10/26/2022 1:09:00.000,bikes,,yieldgoing,,"A raised crosswalk here would really help slow drivers down.  It is a short block so drivers should not be going that fast, anyway.  But a raised sidewalk would make it clear that pedestrians and bikers on SW Corridor are at least of equal priority.",POINT (-71.105518096999958 42.314680285000065),-71.105518096999958,42.314680285000065
{744E754C-91DA-47C0-ADE8-CE4FE79D71B1},10/29/2022 17:25:09.051,,10/29/2022 17:25:09.051,,10/29/2022 10:19:00.000,bikes,,yieldgoing,,"Cars go too fast here, and often are stopped blocking the bike lane while waiting for the red light.  A raised sidewalk would slow drivers, raise their awareness of the bike/walking cross, and increase safety for bikers and walkers.  

",POINT (-71.092787339999973 42.333330047000061),-71.092787339999973,42.333330047000061
{E4D0B47B-349F-4E5C-B4CE-2BDEC8096E46},10/29/2022 17:31:56.888,,10/29/2022 17:31:56.888,,10/29/2022 17:29:00.000,bikes,,yieldturn,,"I have seen two bike accidents here.  The bike path north is steep down going into the intersection, and it's hard for cars to see.  Also, drivers are focusing on other cars and waiting their turn, so bikes are an afterthought.  Raised sidewalk could be helpful here.",POINT (-71.109169579999957 42.307453530000032),-71.109169579999957,42.307453530000032
{DA710AAC-3D07-4DBF-ACF9-DB12EA0EBA84},10/29/2022 17:37:16.510,,10/29/2022 17:37:16.510,,10/29/2022 17:32:00.000,bikes,,bikefacility,,"Shawmut ave would be an IDEAL street for a 2-way bike-lane (like a 'fahradstrasse' in Germany) from  I 90 to at least Massachusetts Ave.   You've already got the bike lane going south on Tremont north of I-90, but then it just abruptly stops at the I-90 overpass.  It would be amazing to have .  This is not exactly a dangerous location right here, but making this a bike highway would reduce dangerous bike locations elsewhere (Washington Ave and especially Columbus Ave).

There's not much traffic on the wide Shawmut, so much so that the street could handle a road diet without disrupting traffic.  There's plenty of room for a two-way bike lane without losing parking on either side.  ",POINT (-71.065991396999948 42.346593534000078),-71.065991396999948,42.346593534000078
{5F5A93C1-3827-429F-9E2B-1F70DEAE2F43},11/4/2022 7:07:38.785,,11/4/2022 7:07:38.785,,11/4/2022 6:57:00.000,walks,,yieldturn,,"There are several issues at this intersection; the MAIN one being that there is no safe part of the traffic light cycle for pedestrians to cross Warren street at this intersection. At each part, the right of way is given to cars, leading to pedestrians needing to rush across between cycles, hoping nobody runs a red light. There are also no walk signals to cross Warren street or Kelton street, and the signal to cross Comm Ave is far too short, and often the T runs the light, meaning most of the time given to cross is wasted because it is blocked. 

This intersection is also dangerous to cars, since it is a merging/crossing of multiple lanes of traffic, all needing to yield to the Comm Ave service road cars, which does not always happen. Right of way is far from clear at this intersection when 6 lanes of traffic receive a green light at once, and each of them can choose one of 4 directions to go in. ",POINT (-71.140244407999944 42.348629754000058),-71.140244407999944,42.348629754000058
{F51C93EB-4E80-4FA4-90A1-5FF7170771EB},11/7/2022 18:22:35.955,,11/7/2022 18:22:35.955,,11/7/2022 18:22:00.000,bikes,,bikefacility,,,POINT (-71.070892312999945 42.361408468000036),-71.070892312999945,42.361408468000036
{F2FD7F44-85AF-42A8-9387-2A2BBACCCD62},11/8/2022 17:28:50.017,,11/8/2022 17:28:50.017,,11/8/2022 17:18:00.000,walks,,yieldturn,,"I cross the intersection of Forest Hill St and Glen Rd every work day while going to work and  coming from work. The traffic signal for cars on Forest Hill St does not have a left turn arrow for cars going north on Forest Hill Rd and turning left on Glen Rd. I am extremely concerned about the safety of pedestrians while crossing Glen Rd and have the right of way. The cars turning left onto Glen Rd from Forest Hill St don't yield to pedestrians when pedestrians have the right of way. 
While crossing Glen Rd this morning, car 1 decided to not yield even though I was crossing the street while staring at me. But, car 2, which was immediately behind car 1 also chose to not yield and slammed on their breaks stopping less than a foot away from me.
This is not the first time I have physically feared for my life when crossing this road. Please incorporate a left turn signal, or make Forest Hill St a one-way road, or give pedestrian signals more than one turn while traffic lights are red",POINT (-71.10454815199995 42.309448062000058),-71.104548151999950,42.309448062000058
{079E5299-9A69-4717-A5AD-F4AFB47B358B},11/8/2022 17:31:50.725,,11/8/2022 17:31:50.725,,11/8/2022 17:31:00.000,walks,,yieldturn,,"I cross the intersection of Forest Hill St and Glen Rd every work day while going to work and coming from work. The traffic signal for cars on Forest Hill St does not have a left turn arrow for cars going north on Forest Hill Rd and turning left on Glen Rd. I am extremely concerned about the safety of pedestrians while crossing Glen Rd and have the right of way. The cars turning left onto Glen Rd from Forest Hill St don't yield to pedestrians when pedestrians have the right of way.
While crossing Glen Rd this morning, car 1 decided to not yield even though I was crossing the street while staring at me. But, car 2, which was immediately behind car 1 also chose to not yield and slammed on their breaks stopping less than a foot away from me.
This is not the first time I have physically feared for my life when crossing this road. Please incorporate a left turn signal, or make Forest Hill St a one-way road, or give pedestrian signals more than one turn while traffic lights are red",POINT (-71.102453411999988 42.308905683000035),-71.102453411999988,42.308905683000035
{DEDABA35-56B0-451B-89B3-22307FC854D4},11/11/2022 17:14:41.011,,11/11/2022 17:14:41.011,,11/11/2022 17:11:00.000,walks,,yieldgoing,,People do not yield for pedestrians at crosswalks on this section on Tremont street even though visibility is good. There needs to be raised crosswalks here. I and many others have to cross this street section multiple times per day to get to and from home and it is dangerous.,POINT (-71.081290717999934 42.338808130000075),-71.081290717999934,42.338808130000075
{C3BBA268-E799-42D1-AC38-90DD29A5B063},11/14/2022 17:21:03.039,,11/14/2022 17:21:03.039,,11/14/2022 17:17:00.000,bikes,,walksignal,,The walk signal does not turn on often enough on Mass Ave in front of the Mass ave T stop especially at rush hour. Traffic is often stopped on both sides while people wait for a long time to cross the street. The walk sign should come on more frequently. There is no place to wait in the middle of the street and sometimes people get stuck there as they try to cross half way. This creates a safety issue.,POINT (-71.083025005999957 42.341444987000045),-71.083025005999957,42.341444987000045
{578075E6-ECC2-416B-A6CD-7FAA2D073107},11/15/2022 14:24:10.530,,11/15/2022 14:24:10.530,,11/15/2022 14:20:00.000,drives,,other,confusing traffic pattern,"While I applaud the efforts, the new traffic pattterns on Huntington Ave are confusing... You will need to paint the entire right lane red for continuity and improve the signage ...people either don't understand or simply don't care.  Also the Hospital and Hotel shuttles now think this is their personal fast lane.",POINT (-71.10157894699995 42.335265082000035),-71.101578946999950,42.335265082000035
{C1F868B5-6074-4210-BB9F-86B93368D703},11/15/2022 14:26:54.212,,11/15/2022 14:26:54.212,,11/15/2022 14:24:00.000,drives,,roadwaymaint,,There are a couple of deep holes and dips in the right lane.,POINT (-71.071136026999966 42.274296655000057),-71.071136026999966,42.274296655000057
{10648B2E-53EE-4702-A086-19C02978D940},11/16/2022 18:56:56.784,,11/16/2022 18:56:56.784,,11/16/2022 18:53:00.000,drives,,other,Traffic light timing is off,for some reason this traffic light now stays red on Seaver St. for a VERY long time (there are never more than 2 cars entering from Harold St.,POINT (-71.093491019999988 42.312202054000068),-71.093491019999988,42.312202054000068
{CCF8584E-5E25-4ED0-ABD1-F66D07CBD704},11/16/2022 19:01:48.956,,11/16/2022 19:01:48.956,,11/16/2022 18:57:00.000,drives,,other,Bus lane clarification,"I see school buses, ubers, and an assortment of vehicles using the ""bus"" lane (which I assume means MBTA and emergency vehicles only).  I also see local drivers using the Red lane as a left turning lane where they shouldn't.  Perhaps better signage would help? or maybe post the penalty for illegal lane usage?",POINT (-71.097390830999984 42.314945224000041),-71.097390830999984,42.314945224000041
{D6232D97-5C24-4080-90B7-A521F3256015},12/22/2022 15:43:21.508,,12/22/2022 15:43:21.508,,12/22/2022 15:41:00.000,bikes,,doublepark,,Every evening there are double parked cars in the bike lane from Westerly st. to Day St. but worse closer to the roundabout at hyde square,POINT (-71.109538569999984 42.322162742000046),-71.109538569999984,42.322162742000046
{EE4C606F-26E2-49EA-B8F6-11DD134B178F},12/22/2022 15:44:24.199,,12/22/2022 15:44:24.199,,12/22/2022 15:43:00.000,walks,,speeding,,"Constant speeding, despite very narrow two lane road ",POINT (-71.109759977999943 42.322726542000055),-71.109759977999943,42.322726542000055
{94928D2A-B881-47D1-86A8-A672DE9CC31C},12/22/2022 15:46:46.862,,12/22/2022 15:46:46.862,,12/22/2022 15:44:00.000,bikes,,visibility,,Parking extends to far down day st so that vehicles turning right onto day st. from the round about have to swing wide often running into the oncoming lane disrupting traffic and making dangerous conditions for bicycles that have to hug the curb to avoid getting hit.,POINT (-71.10991826999998 42.322132716000056),-71.109918269999980,42.322132716000056
{AA96E5AD-A786-471F-94E5-31160BE3BBD9},12/22/2022 15:49:07.941,,12/22/2022 15:49:07.941,,12/22/2022 15:46:00.000,walks,,notenoughtime,,The timing of the walk sign and the distance needed to walk across huntington and  morraine streets makes it almost impossible to cross from the northwest to the southwest side of centre street. ,POINT (-71.111621367999987 42.319567555000049),-71.111621367999987,42.319567555000049
{47D56CB7-F93A-4704-8F7F-49A53D42A274},12/22/2022 15:50:06.198,,12/22/2022 15:50:06.198,,12/22/2022 15:49:00.000,walks,,walksignal,,If you miss the walk sign the wait is almost 7 min to cross again.,POINT (-71.111617448999937 42.319642670000064),-71.111617448999937,42.319642670000064
{0AF2B03C-6FA3-4BFF-9659-A699B714DCA0},12/22/2022 15:52:41.321,,12/22/2022 15:52:41.321,,12/22/2022 15:50:00.000,walks,,runlightssigns,,"Traffic frequently rolling stops through the intersection at Day st. and Bynner St. There are two documented MV crashes calling EMS at this intersection in 2022, but I have personally witnessed at least 5 accidents this year and I am almost never home, so I suspect the number is dramatically higher.",POINT (-71.10962465199998 42.323297402000037),-71.109624651999980,42.323297402000037
{F88F7BD1-24D2-485D-AAB6-6ECF3D4055BA},12/22/2022 15:55:41.849,,12/22/2022 15:55:41.849,,12/22/2022 15:52:00.000,walks,,speeding,,"Frequent speeding all the way along day st between Heath and Centre. Especially those coming down the hill. Speed bumps are worn down if the few places where they exist. There are not enough cross walks either. Most obviously there are no marked crosswalks at the intersection of Centre and Arcola which connects the residential area of Hyde Square to the urban wild, Nira Rock.",POINT (-71.108256221999966 42.32444053100005),-71.108256221999966,42.324440531000050
{6A735EE2-E505-46DD-AB78-DDA4272E1BCB},12/22/2022 15:58:04.184,,12/22/2022 15:58:04.184,,12/22/2022 15:55:00.000,bikes,,roadwaymaint,,"Potholes galore, particularly on the section of day st. between Bynner and Centre make it dangerous to bike and uncomfortable to drive, especially with oncoming traffic as each lane tries to dodge potholes or get jarred left/right if they don't.",POINT (-71.10946493199998 42.323539475000075),-71.109464931999980,42.323539475000075
{51C65259-892F-4A69-A7B9-8537E91B7DC6},12/22/2022 16:02:30.459,,12/22/2022 16:02:30.459,,12/22/2022 15:59:00.000,bikes,,bikefacility,,"Shared lane on the entire section of eastbound Centre Street between Huntington Ave and Jackson square, with long straight shots that cars regularly attempt to pass on despite oncoming traffic and two lanes of parking. ",POINT (-71.105848352999942 42.322559990000059),-71.105848352999942,42.322559990000059
{3B3B39B1-9D3A-4760-98D3-EA6271726D5B},12/22/2022 16:04:43.110,,12/22/2022 16:04:43.110,,12/22/2022 16:02:00.000,bikes,,bikefacility,,Eastbound bike traffic in shared lane coming down hill at high speeds with traffic has designed way to turn left and access northbound Southwest Corridor ,POINT (-71.099690503999966 42.322744607000061),-71.099690503999966,42.322744607000061
{69C232CE-7089-4B0C-9914-DF528FA8AF6A},12/22/2022 16:05:36.085,,12/22/2022 16:05:36.085,,12/22/2022 16:04:00.000,bikes,,doublepark,,Double parked cars in the bike lane every evening.,POINT (-71.103126496999948 42.322964424000077),-71.103126496999948,42.322964424000077
{A277E834-57AE-4271-B1AE-88508DE45180},12/22/2022 16:06:55.821,,12/22/2022 16:06:55.821,,12/22/2022 16:05:00.000,bikes,,doublepark,,"Double parked cars, and sadly the grocery shopping fire truck, obstruct bike lines on a regular basis.",POINT (-71.101322795999977 42.322928294000064),-71.101322795999977,42.322928294000064
{23F31F80-9114-464D-8B9C-7BE1939C4F0F},12/22/2022 16:08:26.003,,12/22/2022 16:08:26.003,,12/22/2022 16:07:00.000,walks,,yieldgoing,,Dangerous to cross the street with degree of traffic,POINT (-71.102466212999957 42.322919463000062),-71.102466212999957,42.322919463000062
{F2C32161-393A-4973-9E44-7E8490EAABDB},12/22/2022 16:09:20.526,,12/22/2022 16:09:20.526,,12/22/2022 16:08:00.000,walks,,speeding,,Narrow side walks provide uncomfortable lack of buffer with speeding traffic down perkins.,POINT (-71.110987297999941 42.321869546000073),-71.110987297999941,42.321869546000073
{231E6825-A689-42B7-8377-99B8F026305D},12/22/2022 16:11:09.513,,12/22/2022 16:11:09.513,,12/22/2022 16:09:00.000,walks,,sidewalk,,Narrow side walks that have been broken by growing trees make it difficult to walk with children or use a stroller to access the green way from the Hyde Sq. and Jackson Sq. neighborhoods of JP.,POINT (-71.113425760999974 42.321412799000029),-71.113425760999974,42.321412799000029
{D423471B-C5CC-4E10-8B1F-01CFE635F48B},12/22/2022 16:15:31.347,,12/22/2022 16:15:31.347,,12/22/2022 16:11:00.000,walks,,other,People have to go too far to find a cross walk,"There is no reasonable place to cross on Huntington Avenue at Halifax and/or Barbara Street. Going north to Perkins or south to Centre is a long distance and inconvenient. There is a significant residential area that Halifax runs through and it should be connected more directly to Whole foods, the Library, and Restaurants on Centre between Boylston and Perkins.",POINT (-71.111870204999946 42.32075980500008),-71.111870204999946,42.320759805000080
{7CB60CEF-8932-4291-8394-D478EA1E1A94},12/22/2022 16:17:34.999,,12/22/2022 16:17:34.999,,12/22/2022 16:15:00.000,bikes,,bikefacility,,Bike lane ends prior to Boylston St. and there is very little protection or signage protecting biking traffic on the section of Centre between Perkins and Boylston. This is especially an issue for the northbound lanes which is uphill.,POINT (-71.110718648999978 42.320588392000047),-71.110718648999978,42.320588392000047
{C6A3CF00-FB3D-4D64-B1F2-853F0FC6DD69},1/11/2023 20:09:10.876,,1/11/2023 20:09:10.876,,1/11/2023 20:07:00.000,bikes,,bikefacility,,"There are limited bike facilities on this part of Mass Ave and in particular, things like left turn boxes. P",POINT (-71.073405022999964 42.333577753000043),-71.073405022999964,42.333577753000043
{CEE504D9-B699-45CF-BBCA-581BE6464F65},1/11/2023 20:15:26.850,,1/11/2023 20:15:26.850,,1/11/2023 20:14:00.000,bikes,,bikefacility,,"at this slight right curve in the street on Mass Ave, cars often go into the bike/bus lane because they don't realize that it continues around the corner",POINT (-71.085794146999945 42.343373940000049),-71.085794146999945,42.343373940000049
{9FDDD50C-1C64-4370-8906-8A98B3CFC448},1/11/2023 20:20:41.743,,1/11/2023 20:20:41.743,,1/11/2023 20:16:00.000,bikes,,yieldturn,,I came across the bike-car crash that occurred in September 2022 where the driver turned left while a cyclist was coming straight down Mass Ave towards Cambridge. This is something that worries me all the time as I commute by bike daily to school in the South End. I have had the same type of incident almost occur frequently. ,POINT (-71.088607783999976 42.349136740000063),-71.088607783999976,42.349136740000063
{B2676C0B-5CBA-4001-AABE-28FD4C914264},1/23/2023 21:28:26.917,,1/23/2023 21:28:26.917,,1/23/2023 21:16:00.000,walks,,yieldturn,,"This is a dangerous intersection for pedestrians trying to cross Washington street or Talbot ave. Pedestrians are given a walk signal in one direction at a time, however vehicular traffic is allowed in the perpendicular direction. Vehicles will frequently speed up to jump across the oncoming lane to make a turn while someone is in the cross walk with the right of way. This is a recipe for an accident and potential loss of life if unaddressed. Changing the traffic signal to give pedestrians the right of way in both directions when crossing would greatly improve the safety of this intersection. Thank you.",POINT (-71.071620923999944 42.29024122800007),-71.071620923999944,42.290241228000070
{72CF3439-2126-4DC7-94A8-4CCD965EEDDD},2/10/2023 19:29:45.017,,2/10/2023 19:29:45.017,,2/10/2023 19:27:00.000,walks,,walksignal,,waiting for this specific signal takes way too long,POINT (-71.098007155999937 42.362107586000036),-71.098007155999937,42.362107586000036
{3D47D626-CABA-4383-9BFC-05C591A2EAC7},2/27/2023 17:17:01.355,,2/27/2023 17:17:01.355,,2/27/2023 17:16:00.000,walks,,yieldgoing,,,POINT (-71.105532522999965 42.347562777000064),-71.105532522999965,42.347562777000064
{18354B1D-1909-4697-A21A-4DBC7BE73834},2/27/2023 17:18:08.955,,2/27/2023 17:18:08.955,,2/27/2023 17:17:00.000,drives,,speeding,,Drivers speed aggressively - even though we almost always end up at the same red light.,POINT (-71.112822766999955 42.326475009000035),-71.112822766999955,42.326475009000035
{FB5702FA-48D2-4188-BF9E-8E9852928FAF},3/2/2023 14:03:21.410,,3/2/2023 14:03:21.410,,3/2/2023 14:00:00.000,bikes,,runlightssigns,,"Two drivers sped through the red Mass Ave N-S going 40 MPH while there was a pedestrian signal. This intersection is not safe for pedestrians, cyclists, or scooter users. Even the city’s lack of consideration for the safety for vulnerable and handicapped populations who frequent this intersection is concerning.",POINT (-71.073476890999984 42.333541636000064),-71.073476890999984,42.333541636000064
{F8235A4E-BA63-4B05-9F38-1CDFF08A1054},3/7/2023 14:47:12.563,,3/7/2023 14:47:12.563,,3/7/2023 14:41:00.000,walks,,runlightssigns,,"Vehicles, including Boston city public buses, run the red light at the intersection of Massachusetts Ave and Haviland Street, particularly heading northbound. They block the pedestrian crosswalk. This puts thousands of college students at the Berklee College of Music in particular danger. I am a professor at Berklee and this has been a persistent problem for the 8 years I have been here. Please consider painting a new ""block the box"" on the street and raising the visibility of the single short stop light at this location on the east side of Mass Ave. I can be contacted at pagarwal@berklee.edu and (314) 443-7848; I am happy to provide more information and advocate for visibility improvements. Thank you for improving the safety of our city and our students! (Dr. Pooja K. Agarwal)",POINT (-71.087384704999977 42.346616765000078),-71.087384704999977,42.346616765000078
{B7228439-D776-4CC4-9AC9-18E2BAA45119},3/19/2023 15:37:06.385,,3/19/2023 15:37:06.385,,3/19/2023 15:36:00.000,walks,,notenoughtime,,,POINT (-71.071441059999984 42.36838700800007),-71.071441059999984,42.368387008000070
{D2FFB029-2191-4A8D-9E8D-05637010249D},3/19/2023 15:38:00.395,,3/19/2023 15:38:00.395,,3/19/2023 15:37:00.000,walks,,toomanylanes,,,POINT (-71.105235922999952 42.337833480000029),-71.105235922999952,42.337833480000029
{148DE96B-2536-46A3-B84E-A100CE0C32FA},3/26/2023 0:50:33.233,,3/26/2023 0:50:33.233,,3/26/2023 0:48:00.000,bikes,,bikefacility,,"The bike lane paint is highly faded in this area, with debris accumulating on the side. Drivers frequently speed on this road as well, and there are no speed limit signs posted. This is extremely unsettling because this stretch of the bike lane is unprotected and difficult to see, especially in low light conditions.",POINT (-71.069134945999963 42.392436973000031),-71.069134945999963,42.392436973000031
{47703805-9893-43E0-9B7A-5BE81D4CF37E},4/4/2023 16:29:37.296,,4/4/2023 16:29:37.296,,4/4/2023 16:25:00.000,drives,,visibility,,Difficult to see up Walworth St when exiting from Alder St.  Is it possible to place a mirror to see northbound traffic on Walworth.   Cars park to sign make it difficult to see traffic.,POINT (-71.137423987999966 42.283682956000064),-71.137423987999966,42.283682956000064
{5FE4A6B2-EDC2-4FB1-A6FB-7042C4171F16},4/4/2023 17:32:27.633,,4/4/2023 17:32:27.633,,4/4/2023 17:29:00.000,walks,,speeding,,"Hello! I am the General Manager of 201 S Huntington Ave in Jamaica Plain, MA and I'm aware of several car accidents that have recently occurred on Jamaicaway right behind our community. In particular, a severe car accident occurred on our property last night, 4/4/23 at 1am that damaged our gate and entrance to the back yard of the community. A number of residents are concerned about the safety of the road at night, and it is not very well-lit. Please contact me for any additional info at agillette@samuelsre.com. Thank you! -Autumn",POINT (-71.11280867399995 42.326018270000077),-71.112808673999950,42.326018270000077
{89D788FD-7EAD-447B-9DC8-FCBFB4B0E400},4/4/2023 19:24:14.931,,4/4/2023 19:24:14.931,,4/4/2023 18:52:00.000,walks,,speeding,,"We are residents, facing Jamaicaway and have witnessed several car accidents on this particular part of road (cars rolling over into the trees on 04/02 or onto residential property on 04/04).  Drivers constantly ignore the speed limits on Jamaicaway and will honk/tailgate.  Please enforce the speed limit of 25 mph on Jamaicaway by issuing speeding tickets ASAP. That is usually an effective way of making individuals comply with traffic safety. Please consider making speed cameras legal in Massachusetts in order to keep everyone safe. ",POINT (-71.112889139999936 42.325709909000068),-71.112889139999936,42.325709909000068
{F4093C91-B991-414C-BDD8-5D4EC02902EC},4/5/2023 19:16:49.988,,4/5/2023 19:16:49.988,,4/5/2023 19:15:00.000,walks,,walksignal,,"Entrance to the park for people walking and cycling should be made easy and quick. It is unfortunate that the park is surrounded by wide, high-speed roads that cut it off from surrounding communities",POINT (-71.072117562999949 42.354754317000072),-71.072117562999949,42.354754317000072
{1B994812-DACC-476B-A23A-1B2DC010B439},4/5/2023 19:18:56.990,,4/5/2023 19:18:56.990,,4/5/2023 19:16:00.000,walks,,runlightssigns,,"Drivers repeatedly run this red light, both at speed and creeping through when there is heavy traffic. I also think this request type would be best renamed to ""Drivers run red lights/stop signs""",POINT (-71.07210146999995 42.354740442000036),-71.072101469999950,42.354740442000036
{C7AFC93A-421B-4030-B4CF-9EB798B4C03A},4/5/2023 19:21:05.678,,4/5/2023 19:21:05.678,,4/5/2023 19:19:00.000,bikes,,other,Wrong way drivers,On several occasions drivers have gone the wrong way on this road. On two occasions I have witnessed city trash trucks driving the wrong way here. This reckless behavior is quite dangerous to those of us biking and walking,POINT (-71.073276276999934 42.354342035000059),-71.073276276999934,42.354342035000059
{E2CEBD8C-12BD-43A2-AB87-A451E9B66BD0},4/5/2023 19:26:44.071,,4/5/2023 19:26:44.071,,4/5/2023 19:22:00.000,walks,,other,Pedestrians not visible to drivers,"Drivers turning right from Comm to Gloucester often get close to hitting pedestrians crossing Gloucester, especially those coming from the West. Combining the high speeds on Comm with the parking all the way to the corner, drivers cannot see crossing pedestrians until they are right at the crosswalk. Solutions would include eliminating a parking spot or two leading into the corner, lowering the speed limit on Comm, and using curb extensions to slow turning speeds and limit crossing distance. This same issue is present at most turns off of Comm Ave.",POINT (-71.084541554999987 42.349893973000064),-71.084541554999987,42.349893973000064
{A06DE42A-F701-4B0E-800F-147B8452CE90},4/5/2023 19:38:47.776,,4/5/2023 19:38:47.776,,4/5/2023 19:36:00.000,walks,,other,"Drivers too fast, run red light","Drivers approach this crosswalk too fast. It is hard to tell if they are going to stop for you. A few times I've seen them run the red light with people in the crosswalk. This intersection should be made as safe as possible as it connects two great parks. Really, there shouldn't be a road separating the Garden and Common.",POINT (-71.068518037999979 42.354510516000062),-71.068518037999979,42.354510516000062
{D6921FF3-FA13-41CF-9C04-527F0D21E36B},4/5/2023 19:41:49.191,,4/5/2023 19:41:49.191,,4/5/2023 19:39:00.000,walks,,other,Walk signalling,Walkers crossing Berkeley on the South side should be given the Walk signal when cars coming from Arlington have the right turn North onto Berkeley. There is no reason the Walk signal should not be given then.,POINT (-71.074381346999985 42.353965428000038),-71.074381346999985,42.353965428000038
{CBB4B47B-994F-4891-8149-55C8B1A51DD0},5/3/2023 20:01:55.863,,5/3/2023 20:01:55.863,,5/3/2023 19:56:00.000,drives,,visibility,,"Hello! I'm the General Manager of 201 and 221 S Huntington Ave, The Brynx in Jamaica Plain. There was some recent road work that has created a very dangerous blind turn for anyone pulling out of our driveway, with cars coming up from the left too quickly to allow for enough time to back up. A number of my residents have voiced safety concerns and I share those concerns. Specifically, residents with children and babies are afraid for the safety of their families when leaving the premises. I would love to connect with someone about this. My cell is 978-578-4628. Thank you -Autumn Gillette",POINT (-71.111794128999975 42.32590065200003),-71.111794128999975,42.325900652000030
{54B00262-E38C-4AF3-8F34-BE56B2939DB8},5/10/2023 0:00:39.982,,5/10/2023 0:00:39.982,,5/9/2023 23:58:00.000,walks,,speeding,,,POINT (-71.116453117999981 42.254176545000064),-71.116453117999981,42.254176545000064
{CD76A99D-BA89-4335-808E-F3D88C2EE1DB},5/10/2023 19:41:29.197,,5/10/2023 19:41:29.197,,5/10/2023 19:39:00.000,bikes,,bikefacility,,"The bike lanes just vanish as you approach the brighton center intersection, throwing you into car traffic with very little warning to you or drivers. There are technically ""bike lane ends"" signage, but they are small, high up, and basically impossible to notice while attempting to monitor a busy area with turn lanes, street parking, and many pedestrians.",POINT (-71.153420681999933 42.349115066000024),-71.153420681999933,42.349115066000024
{6A8C1452-14C4-4F30-B5E9-8FEBBA1E181F},5/10/2023 19:43:34.113,,5/10/2023 19:43:34.113,,5/10/2023 19:41:00.000,walks,,yieldturn,,Drivers turning from Brooks St right onto Faneuil street look left for oncoming traffic and then turn and enter Faneuil Street without ever looking for pedestrians using the crosswalk.,POINT (-71.163191941999969 42.352414572000043),-71.163191941999969,42.352414572000043
{E4467FA6-7F3F-4274-8872-755390C2C8E3},5/10/2023 19:46:34.562,,5/10/2023 19:46:34.562,,5/10/2023 19:43:00.000,drives,,visibility,,"Cars part on Faneuil Street right up to the corners of Fairbanks St making it very hard to see oncoming traffic when exiting Fairbanks St. Drivers tend to lurch out of Fairbanks St quickly, creating risky situations especially when interacting with slowed, start/stop, and unpredictable driving behavior from the nearby Faneuil St /Brooks St intersection. Primarily during rush hours.",POINT (-71.162900949999937 42.352434715000072),-71.162900949999937,42.352434715000072
{327F5D3F-1931-4198-9D9E-09E53F029F49},5/10/2023 19:49:58.155,,5/10/2023 19:49:58.155,,5/10/2023 19:46:00.000,bikes,,bikefacility,,Sidewalk on right hand side along Brooks St approaching Nonantum Rd is too narrow to enter as a cyclist. There is not enough space at the sidewalk at the corner of Brooks St and Nonantum Rd to enter as a cyclist and turn the bike around to wait to cross Brooks St to where the crosswalk to the Dudley White Path is. The sidewalk on the left hand side along Brooks St approaching Nonantum Rd is not wide enough to allow 2 way passing traffic for bikes or scooters. ,POINT (-71.161934013999939 42.357903957000076),-71.161934013999939,42.357903957000076
{6C022D9B-AC56-46AA-82EF-47DA183C0A1A},5/12/2023 4:25:46.173,,5/12/2023 4:25:46.173,,5/12/2023 4:24:00.000,walks,,other,Bikers come fast against the traffic.,Bikers at this intersection come super fast against the traffic. They never pay attention to the traffic light. ,POINT (-71.067724271999964 42.352797846000044),-71.067724271999964,42.352797846000044
{445FFA21-A2A1-4AA6-9D6E-9882E2B7267A},5/24/2023 22:24:31.874,,5/24/2023 22:24:31.874,,5/24/2023 22:21:00.000,drives,,visibility,,"making left hand turn from Gaston to Blue Hill Ave. looking right for on-coming traffic, when someone is parked  in southbound street parking at corner, cannot see on coming traffic northbound",POINT (-71.079779206999945 42.313215272000036),-71.079779206999945,42.313215272000036
{17A7C632-1AEA-4EF5-B639-BCB4E0D6C9F5},5/24/2023 22:25:56.014,,5/24/2023 22:25:56.014,,5/24/2023 22:24:00.000,drives,,doublepark,,,POINT (-71.083541639999964 42.308143076000079),-71.083541639999964,42.308143076000079
{3731E93D-A66E-401E-B27B-32ED8DB2A79C},5/31/2023 14:31:33.171,,5/31/2023 14:31:33.171,,5/31/2023 14:25:00.000,drives,,other,People go Left in straight lane every single day,"People go left in the straight lane every day. brookline Ave was recently painted and when you are driving in that intersection towards Longwood, after you pass the first light the new lanes don’t match up at all and people are too dumb to realize which lane to go in,  causing near accidents every single day. It wouldn’t be that hard to paint lines directing people to their lane.",POINT (-71.110063415999946 42.336323692000065),-71.110063415999946,42.336323692000065
{374D8CA1-1FAE-4140-90C8-F52A318D8AE1},5/31/2023 14:35:38.239,,5/31/2023 14:35:38.239,,5/31/2023 14:32:00.000,drives,,other,There is NO signage telling people which lane to go for which exit,"This roundabout is so insanely dangerous I can’t believe this city is so negligent. Why is there NO signage telling people to only go straight if they are taking the first exit? People go on the road that is meant for the first exit, then try to enter the roundabout, which is insanely dangerous and drives people behind them to go around to exit without yielding to oncoming traffic. This is ridiculous that this has not been addressed. I have witnessed multiple accidents here and nothing has been done.",POINT (-71.122036848999983 42.309264365000047),-71.122036848999983,42.309264365000047
{FEE50871-A088-4206-884D-E945BF9AE236},6/6/2023 1:18:22.319,,6/6/2023 1:18:22.319,,6/6/2023 0:54:00.000,drives,,visibility,,"It’s very difficult to take a right turn from Talbot Ave to Lithgow St., your visibility is very low when cars park at the round corner of Lithgow St. at the top of Talbot Ave. Cars parking at the corner have been an on going issue and it has made it difficult for drivers to see. I have seen a lot of close accidents due to low visibility and not seeing cars coming from the opposite direction, It would be great to have barriers there where vehicle cannot park. It’s very close to a crosswalk which also makes it dangerous to pedestrians who cannot see vehicles coming. Cars coming up Lithgow st always are driving at a fast speed and it is dangerous for people crossing. Thank you. ",POINT (-71.06932206099998 42.290103670000065),-71.069322060999980,42.290103670000065
{03DBB6E2-16C3-42E2-A1EF-A1C7FF6D9A30},6/6/2023 16:44:21.428,,6/6/2023 16:44:21.428,,6/6/2023 16:38:00.000,walks,,speeding,,"This street has schools on both sides of it and is supposed to be off limits during the school day, but as a student at the school nearby, this rule is not enforced or followed. There have been several times where a driver speeds as it drives down the street. Since there are instances where students cross this street to get the opposite school building several times throughout the day, a speed feedback sign is due here.",POINT (-71.064823425999975 42.378143766000051),-71.064823425999975,42.378143766000051
{8387E27B-AEDB-439F-AD67-D1414D00B848},6/9/2023 21:44:24.102,,6/9/2023 21:44:24.102,,6/9/2023 21:41:00.000,walks,,other,"Car accident, the car crashed into the traffic light post onto the sidewalk",Please encore speed limits. Drivers often run red lights and disregard speed limit most of the time.,POINT (-71.112233668999977 42.323906880000038),-71.112233668999977,42.323906880000038
{F6A771AA-4580-4770-BD0C-C7625311681B},6/22/2023 15:24:07.626,,6/22/2023 15:24:07.626,,6/22/2023 15:19:00.000,other,Sitting on my porch watching them drive by speeding,speeding,,Interested in speed bumps for Humphrey and Wendover Street people speed down sometimes doing excess of 60 MPH we have children that live in the neighborhood and we want them to be safe,POINT (-71.066479966999964 42.319349997000074),-71.066479966999964,42.319349997000074
{7FBB2DEA-6650-4E90-B836-F523768EA3E4},6/30/2023 15:00:52.740,,6/30/2023 15:00:52.740,,6/30/2023 14:55:00.000,walks,,toomanylanes,,"This important crosswalk links Faulkner Hospital with the bus stop.  Vehicles travel at a 40-50 MPH and do not stop for pedestrians.  Moreover, it is a double lane road, so even if one lane stops, others may not.  There have been some extremely close calls here. This is an extremely dangerous location.  Please work with DCR to make this a single lane road with one turn lane in the middle between VFW Parkway and Murray Circle.  ",POINT (-71.127075511999976 42.300789045000045),-71.127075511999976,42.300789045000045
{C809C696-39E2-4071-BBE5-2726719FE4F0},7/11/2023 1:21:03.439,,7/11/2023 1:21:03.439,,7/11/2023 1:16:00.000,drives,,speeding,,"Some drivers on Adams Street drive at unsafe speeds. There are parks on the road and many pedestrians -- the speed of the cars can make walking on the sidewalk feel unpleasant and make crossing the street to the parks feel unsafe. Poor visibility for drivers coming out of side streets, because of cars parked close to corners or property-line fences erected, make turning onto Adams Street scary when drivers are going too fast. Gateway treatments at park locations may help slow drivers on Adams Street.",POINT (-71.057129378999946 42.293560321000029),-71.057129378999946,42.293560321000029
{A005E225-C3BE-4608-A096-2623664C4796},7/20/2023 17:03:25.320,,7/20/2023 17:03:25.320,,7/20/2023 17:00:00.000,walks,,yieldturn,,This intersection has multiple streets meeting at the bottom of a hill.  Turns are sharp and cars drive way too fast for the road.   Streets are used at cut through by GPS apps. Area is 100% residential and drivers pay no regard for people walking or getting in and out of their cars. Dangerous,POINT (-71.137261828999954 42.281672048000075),-71.137261828999954,42.281672048000075
{C83DF532-0431-4024-805C-650C804792C1},7/27/2023 12:59:52.816,,7/27/2023 12:59:52.816,,7/27/2023 12:53:00.000,bikes,,runlightssigns,,"Every day I see multiple cars FLYING through red (not yellow) lights in ALL areas of Boston, and I've never once seen anyone pulled over. This combined with in-car ""legal"" pot smoking is a deadly combination. Why won't our police force do their job? It is illegal to smoke pot and drive. The police at Mass & Cass area already allow drug dealers to deal and junkies to shoot up in plain sight, so they're not busy with that. I see them sitting in their cars, looking at their phones most of the time.",POINT (-71.072214121999934 42.332673596000063),-71.072214121999934,42.332673596000063
{CC1A4748-69E4-498A-B039-4A70E8DCC6A9},7/27/2023 22:29:27.116,,7/27/2023 22:29:27.116,,7/27/2023 22:28:00.000,bikes,,other,People constantly block this bike lane,This unprotected stretch of the bike lane is constantly full of idling cars.,POINT (-71.087127203999955 42.346147366000025),-71.087127203999955,42.346147366000025
{52B1A2B7-7DBD-4903-8E21-8EF3A25CDB51},7/27/2023 22:34:46.120,,7/27/2023 22:34:46.120,,7/27/2023 22:34:00.000,bikes,,other,Cars parked in bike lane,Cars constantly park in these bike lanes. They need physical separation.,POINT (-71.099637026999972 42.343990488000031),-71.099637026999972,42.343990488000031
{81CA1C7C-DD1A-4B79-9400-D337D030DC21},8/2/2023 13:01:14.835,,8/2/2023 13:01:14.835,,8/2/2023 12:54:00.000,bikes,,bikefacility,,"There are OK (unprotected) bike lanes coming from BU/Comm Ave, but once one enters the Kenmore intersection, it's the wild west. If there are bike lanes along Comm Ave here, they are not only completely unprotected, but are *always* occupied by cars, both single- and double-parked. That said, I don't believe there even are bike lanes here; I've certainly never seen them. So cyclists have to ride in the street with not only lots of compact traffic, but also people moving into/out of parking spaces and getting into/out of their cars. It's truly a horrendous stretch for cyclists. And forget it when there's a Red Sox game... Traffic becomes horrendous making things even more hazardous for cyclists.

And while it's currently under construction (so I kind of understand), the other side is just as bad: no real bike lanes with lots of traffic. It screams dangerous. ",POINT (-71.096921925999936 42.348768770000049),-71.096921925999936,42.348768770000049
{59117683-18F0-4C3E-921D-9B1EBFFFDA36},8/2/2023 13:09:06.649,,8/2/2023 13:09:06.649,,8/2/2023 13:03:00.000,bikes,,doublepark,,"Every single time I pass by here (1-2x per week), the entire stretch of road is double parked. From the intersection at Comm Ave & Brookline St all the way to Charlesgate West. This is a nightmare for cyclists, not only forcing us further into the road, but causing concern with the likelihood for opening car doors.

There's even a BlueBikes stand at this corner, but the infrastructure is laughable. 

And I've just taken a look at the map, and there are actually bike lanes along this stretch. That's genuinely news to me. I don't think I've ever used/noticed them thanks to the abundance of double-parkers here.",POINT (-71.097056470999973 42.34877380100005),-71.097056470999973,42.348773801000050
{8E0B4EEB-0B9D-409F-9EC2-29422FAF5F12},8/2/2023 13:19:24.432,,8/2/2023 13:19:24.432,,8/2/2023 13:10:00.000,bikes,,bikefacility,,"Between Charlesgate West and Charlesgate East, there is a poorly painted bike lane (not great but at least it's something). But once cyclists cross Charlesgate East along Comm Ave, things become very tricky. 

The bike lane abruptly ends, turning into a ""sharrow"". This is awful. The streets are tight with aggressive drivers to the left and tons of parked cars that could open their doors at any moment on the right. This a large road with lots of traffic, including pedestrians, cyclists, and cars. There's no reason to have parking along Comm Ave at this part.

Perhaps even more confusing is that once you cross Charlesgate East, a painted bike lane suddenly appears along the left side of the road. I cannot for the life of me understand how someone this was a good idea. Cyclists would need to cross two lanes of traffic to get to this bike lane. Sure, one could get into position at the red light, but that's not only unreasonable to expect, but a cyclist may not get a red light to do so,",POINT (-71.091738205999945 42.348838415000046),-71.091738205999945,42.348838415000046
{BC35DEB3-967A-4B37-943D-DE71BE123698},8/7/2023 13:43:02.902,,8/7/2023 13:43:02.902,,8/7/2023 13:40:00.000,bikes,,bikefacility,,This bike lane is unprotected and perpetually encroached by cars.,POINT (-71.087341780999964 42.346730186000059),-71.087341780999964,42.346730186000059
{CBD47305-7751-455C-BC75-9F120C51C627},8/7/2023 14:15:47.306,,8/7/2023 14:15:47.306,,8/7/2023 14:06:00.000,walks,,sidewalk,,"There Is an island here with a Blue bikes station, however it lacks any curb cuts or crossings to it. How are people supposed to safely access this station? There also used to be a bus stop here and it seems like adding curb cuts and crossings would have been a better solution to the accessibility issues than removing it as the city has done. 

This is also the most direct route for pedestrians heading East on the south side of Boylston but the current infrastructure requires a detour or a potentially dangerous and inaccessible crossing. ",POINT (-71.086923356999989 42.347429960000056),-71.086923356999989,42.347429960000056
{554BCCDF-2349-4876-AE02-ED2433FF2E08},8/7/2023 14:18:17.780,,8/7/2023 14:18:17.780,,8/7/2023 14:16:00.000,bikes,,bikefacility,,"This is probably the most encroach bike lane in the whole city. It needs physical separation, including hard vertical elements, to prevent cars from parking in the bike lane. If cars are physically able to do so they will block the bike lane on this stretch so it is crucial to make sure they are physically incapable of doing so. ",POINT (-71.098928923999949 42.344212523000067),-71.098928923999949,42.344212523000067
{0E921125-3E1C-447D-904D-59311ABEB95B},8/7/2023 14:23:53.226,,8/7/2023 14:23:53.226,,8/7/2023 14:20:00.000,drives,,visibility,,"I regularly pass through this intersection on a bike, as a pedestrian, and in a car. This is a genuinely dangerous intersection as Cars heading west on New Minton genuinely cannot see bikes/pedestrians headed south on the path until they are basically in the street. This should be a raised crossing for the path and have a stop sign for cars. I do not want to hit someone or be hit by someone here. ",POINT (-71.105548615999965 42.314694822000035),-71.105548615999965,42.314694822000035
{07DC7AA5-C096-4A20-9321-FC4F35F9AE33},8/7/2023 14:32:33.730,,8/7/2023 14:32:33.730,,8/7/2023 14:24:00.000,walks,,awayfromside,,"The curb cut and crosswalk here do not align with break in the half wall and connection to the path. People already regularly cross on the south side of Cornwall because it more directly aligns with that path. The existing configuration requires those walking on the south side of Cornwall, or trying to get there from the path to do 3 sides of a square to legally cross rather than taking that more direct route. This is even more of a problem for people on bikes because the turns are very tight, so most people just try to hop the curb instead (creating risks of falling into traffic).

There should be a curb cut and crossing aligned with the break in the half wall here. There should also be a stop sign at these crossings because cars frequently speed through this intersection to beat the lights on either side. The daylighting on the southern side of Cornwall should also be extended one space further back because the sight lines are still inadequate. ",POINT (-71.105623717999947 42.312560667000071),-71.105623717999947,42.312560667000071
{E903EE9D-9BCC-4C1F-B1DC-31C23CC5F6C3},8/7/2023 14:40:21.521,,8/7/2023 14:40:21.521,,8/7/2023 14:36:00.000,bikes,,other,Lack of crossing,"The only bike/pedestrian ramp up to mass ave is on the northbound side of the street and there is no clear way for people on bikes to get to the southbound bike lanes on Mass ave. from the Dudley White path (or vice versa). Because of this, people do a variety of weird and potentially dangerous things to get there. Please add a crossing here to ensure that people on bikes can head safely in both directions on Mass ave. from these ramps. ",POINT (-71.090152735999936 42.352308334000043),-71.090152735999936,42.352308334000043
{9617BB98-A182-4489-8C6A-BFA80DAEE868},8/23/2023 23:53:55.837,,8/23/2023 23:53:55.837,,8/23/2023 23:52:00.000,walks,,notenoughtime,,Pedestrians are only given TEN seconds to cross this. I walk this to go to work every week and it is NEVER enough time. ,POINT (-71.149113054999987 42.356172573000038),-71.149113054999987,42.356172573000038
{5D6101E3-8502-4E37-8F6C-95F4A388B025},8/23/2023 23:56:29.201,,8/23/2023 23:56:29.201,,8/23/2023 23:54:00.000,drives,,bikefacility,,Observed bikers on these streets and I was terrified for them. You could tell they were concerned about their safety as well as they are always covered with safety/visibility gear.,POINT (-71.145996327999967 42.361542841000073),-71.145996327999967,42.361542841000073
{78AC9058-7A8F-4AB6-8332-D988B982F286},8/30/2023 15:18:23.897,,8/30/2023 15:18:23.897,,8/30/2023 15:14:00.000,bikes,,yieldturn,,"People going north on Washington Street turning left on Medford Street often cross the double line early and make unpredictable, fast, and wide-angle turns. I and more than one of my other coworkers who commute by bike into downtown Boston have almost been hit here while we had the right of way in the bus/bike lane. Could the centerline hardening at the Washington/thatcher intersection be continued north a bit?",POINT (-71.058400745999961 42.365463785000031),-71.058400745999961,42.365463785000031
{80D65788-9DE0-4494-9DE1-4A1D79E3EA90},8/30/2023 15:24:21.937,,8/30/2023 15:24:21.937,,8/30/2023 15:19:00.000,bikes,,yieldturn,,"There is a dangerous combination of different conditions/bad driver behavior on this short stretch of Milk St. The westbound side of the street from Washington to Sewall is CONSTANTLY blocked in the morning by delivery and trade vehicles. And Hawley and Arch street are both blind corners where drivers rarely come to a complete stop before turning onto Milk. As a result, coming east downhill on my bike on Milk, I've almost been hit head on many times on my daily commute by drivers turning left out of those streets into the oncoming traffic lane. People turning out of Hawley and Arch also more generally just don't completely stop unless there are pedestrians directly in front of them in the crosswalk, so I have to stop or dodge to avoid getting hit here at least once a month.",POINT (-71.058226401999946 42.356753748000074),-71.058226401999946,42.356753748000074
{A5B0E615-6BC3-4FA4-A046-BE0D3359DC8A},8/31/2023 21:16:22.530,,8/31/2023 21:16:22.530,,8/31/2023 21:14:00.000,bikes,,bikefacility,,"This bike lane has a car in it every time I pass through here.  Please add barriers to block illegal parking, clearly the signs and paint are not enough. ",POINT (-71.098993296999936 42.319641183000044),-71.098993296999936,42.319641183000044
{82062B1C-292F-4D3C-B1F5-8819CD31051F},9/1/2023 20:34:23.959,,9/1/2023 20:34:23.959,,9/1/2023 20:33:00.000,bikes,,bikefacility,,I bike through here regularly and rarely am I able to bike through the whole bike lane without having to merge into traffic because a car is blocking it. This bike lane needs physical barriers to keep the cars out. ,POINT (-71.087387378999949 42.346766860000059),-71.087387378999949,42.346766860000059
{5171FD5D-A6F7-46B8-AB07-53AD3BC51921},9/6/2023 4:34:09.714,,9/6/2023 4:34:09.714,,9/6/2023 4:22:00.000,drives,,runlightssigns,,"The intersection of Charles St and Cambridge St right next to the Charles MGH station is horrendous every single morning. The stoplight schedule needs to be better timed and there should be police directing traffic. People are constantly running red lights, blocking the flow of traffic and in turn causing more traffic. Also the off ramp from Storrow drive into this intersection needs better signage or police presence. People are constantly blocking off the right lane which is meant for going straight onto Charles St. They always stay in the right lane and try to get into the left lane at the last second at the intersection of the off ramp and longfellow bridge. It causes unnecessary built up traffic and impedes pedestrians from safely crossing. Something needs to be done. ",POINT (-71.071134976999986 42.361388845000079),-71.071134976999986,42.361388845000079
{28A31BC5-FE9E-448F-AC91-CC08138F05BC},9/13/2023 2:19:02.053,,9/13/2023 2:19:02.053,,9/13/2023 2:16:00.000,bikes,,sidewalk,,This road needs a diet. Folks swerve around idling delivery trucks and try to make the next light. The sidewalks could be bumped out 50% or a protected bike lane could be easily added. Both would do wonders.,POINT (-71.069814553999947 42.357121014000029),-71.069814553999947,42.357121014000029
{97CE4748-F197-4696-8850-DD45D7E99412},9/21/2023 17:19:15.255,,9/21/2023 17:19:15.255,,9/21/2023 17:13:00.000,walks,,speeding,,"The intersection is narrow for the amount of traffic, including of large trucks, it handles. It is exacerbated by the awkward angles at which Tremont, Dartmouth, and West Dedham streets intersect; and by the lack of street markings to help straight versus turning traffic in all directions. At certain times of the day, local school traffic (to the south) and commuter traffic (north-south) ensure that drivers are frustrated by the time they reach this intersection.

The result is frustration by drivers (lack of clear sight, lack of clarity of which cars are going straight versus not), which often leads to speeding and ignoring of yellow and red lights. The ""no-turn on red"" sign is too often ignored even by local D-4 police. It also leads to far too many near-crashes with pedestrians who are confused or ignorant to the dangerous features of this intersection. The recent Tremont upgrades did little to alleviate issues with this intersection. ",POINT (-71.073772932999987 42.342828095000073),-71.073772932999987,42.342828095000073
{962E5D3D-FAEF-4817-8CF7-1C041FA96EAB},9/28/2023 3:34:18.027,,9/28/2023 3:34:18.027,,9/28/2023 3:29:00.000,other,Walk/Bike,other,Slip lane,"While walking or biking from the PDW path to the dam this slip lane is really awful. While walking it makes you have to cross twice, after potentially already waiting quite a while for the light. But on a bike it's genuinely dangerous as there is no clear way you are supposed to get to the bike lane on the dam. You have a walk signal so assume a safe crossing but drivers are coming at you in this slip lane, and they often do not yield. ",POINT (-71.068318213999987 42.366887184000063),-71.068318213999987,42.366887184000063
{DA938AAA-2AF1-4B3C-87AF-215D86D585BB},9/28/2023 3:36:51.599,,9/28/2023 3:36:51.599,,9/28/2023 3:34:00.000,bikes,,bikefacility,,"I ride a bike, on this street as part of my commute sometimes. This bike lane is horrible. It is in the door zone on a very busy road and there are almost always cars in it. This is even worse at night when it is more dangerous to have to merge into traffic. ",POINT (-71.132123942999954 42.353339068000025),-71.132123942999954,42.353339068000025
{F2DE21E2-C744-4EE4-B744-D2583E1D6177},9/28/2023 3:40:41.867,,9/28/2023 3:40:41.867,,9/28/2023 3:37:00.000,other,walk/bike,yieldturn,,"Cars entering and exiting the garage do not yield to path users far too often. The garage has terrible visibility while exiting and drivers often pull completely into the path before stopping. Drivers entering the garage also often do not yield when turning right into it, specifically to south bound path users. This is worsened by the blue bikes ad stand (keep the station remove the ads) which obscures visibility. ",POINT (-71.088350291999973 42.336044292000054),-71.088350291999973,42.336044292000054
{7E938F15-0668-4D35-81FA-8D2F7226226D},9/28/2023 3:47:34.937,,9/28/2023 3:47:34.937,,9/28/2023 3:44:00.000,bikes,,bikefacility,,The switch from right side bike lanes to left side bike lanes going East and from left side bike lanes to right side bike lanes going West is awful. If you are really going to make bikes cross two lanes of traffic at a busy intersection on a major street you need to provide both a clear path to do so and signal time as well. The current set up is hostile and dangerous. ,POINT (-71.091584284999954 42.348815818000048),-71.091584284999954,42.348815818000048
{0FCD55F4-644E-47B9-8833-131A54904CAC},9/28/2023 3:50:30.133,,9/28/2023 3:50:30.133,,9/28/2023 3:48:00.000,other,walks/bikes,other,Median gap too small,The median gap is too small here creating conflicts between pedestrians and people on bikes. either widen the gap or eliminate the median completely and use the freed up space to improve physical separation of the bike lanes. ,POINT (-71.083243365999977 42.341579772000046),-71.083243365999977,42.341579772000046
{F80A621E-BFE5-4362-9B16-4DE714E08CD2},9/28/2023 3:52:20.208,,9/28/2023 3:52:20.208,,9/28/2023 3:51:00.000,bikes,,bikefacility,,Cars in the bike lane every time. ,POINT (-71.086819456999933 42.345739939000055),-71.086819456999933,42.345739939000055
{4690617C-E6AE-4FEC-857F-3A8518A491E2},9/29/2023 17:48:58.611,,9/29/2023 17:48:58.611,,9/29/2023 17:45:00.000,bikes,,runlightssigns,,"Cars routinely blaze right through this stop sign. It's generally not a big deal, as most cyclists are on the left while pedestrians are on the right with little need to cross the street. But sometimes cyclists need to turn right and occasionally I will come from the right side and cross the street on my bike. The Stop sign here is on the right between drivers and parked cars. An additional stop sign (or just moving this one) on the left side of the street would help drivers who simply don't see the stop sign. Though I would guess most drivers simply don't care...",POINT (-71.146943147999934 42.341803303000063),-71.146943147999934,42.341803303000063
{AEE8AA8C-9924-4533-BA4E-47F22EB653AC},9/29/2023 17:51:13.276,,9/29/2023 17:51:13.276,,9/29/2023 17:49:00.000,walks,,notenoughtime,,"The walk signal is far too short. I'm a fast walker, but it is 100% impossible to get from one side of Commonwealth Ave to the other before the walk signal starts blinking red. For those with a handicap, they would surely have to wait for a second cycle, which can be quite long here. ",POINT (-71.145830482999941 42.341668182000035),-71.145830482999941,42.341668182000035
{FB782E9B-A776-42A2-9D61-3460CCD5E76F},9/29/2023 17:57:13.544,,9/29/2023 17:57:13.544,,9/29/2023 17:54:00.000,bikes,,awayfromside,,"This intersection is utter chaos for cyclists. To cross Charles Street we have to traverse down Charles Street a bit, then cross, then go backwards and finally back up Boylston Street. 90% I completely forget about the ""proper"" crossing and simply cross via the pedestrian island. Sure, it's a chaotic intersection but it is unnecessarily chaotic for bikes, especially considering a lot of bikes around here are Blue Bikes.",POINT (-71.067551101999982 42.352671818000033),-71.067551101999982,42.352671818000033
{23D97200-6CAF-4776-9E61-81D4326E4AA3},10/24/2023 17:08:51.906,,10/24/2023 17:08:51.906,,10/24/2023 17:03:00.000,bikes,,yieldturn,,"The movement to get onto the bike lane at the Museum of Science dam (Route 28) is way too dangerous. Near misses from drivers who do not acknowledge the pedestrian crossing lights. The flex posts are mostly gone - probably because they were hit by turning vehicular traffic.

This stretch of roadway is essential for connecting the Paul Dudley White Path to the Somerville Community Path. It is used by commuters and recreational users alike, and Rte 28 imposes unsafe conditions.

Please consider removing this slip lane.",POINT (-71.068227018999949 42.366894615000035),-71.068227018999949,42.366894615000035
{679FBFDB-B76C-41D4-93B8-F960B8B34E99},11/7/2023 14:49:04.500,,11/7/2023 14:49:04.500,,11/7/2023 14:47:00.000,walks,,speeding,,,POINT (-71.061002488999975 42.284153247000063),-71.061002488999975,42.284153247000063
{BF924A9D-02FF-4B21-9F31-99E9BED11F06},11/14/2023 14:27:48.471,,11/14/2023 14:27:48.471,,11/14/2023 14:24:00.000,walks,,yieldturn,,"Many, many people turning right, traveling west, from Huntington onto Mass Ave disregard the ""no right on red"", or don't notice it exists. Oftentimes, cars won't even stop and then turn right, they'll treat it like a slip lane. I run/walk this intersection nearly every day, and have seen many near-misses and twice I've seen pedestrians get hit (thankfully not seriously). Moving the ""no right on red"" sign from the far side of the intersection (the Symphony Hall side) to the approach side (the Horticultural Society side) could increase visibility. ",POINT (-71.085017200999971 42.342901447000031),-71.085017200999971,42.342901447000031
{49E1F4C0-59EC-446A-9AA7-3144F86FE6AE},11/24/2023 15:12:23.830,,11/24/2023 15:12:23.830,,11/24/2023 15:08:00.000,drives,,visibility,,This intersection is very dangerous. Cars turning from Deforest onto West Street have poor visibility and cars traveling on West Street are often going over the speed limit. Several accidents have occurred at this intersection over the last few years. It is also very hard for pedestrians to cross West Street to access the bus stops on either side of the street with cars going over the speed limit.,POINT (-71.128600011999936 42.265410019000058),-71.128600011999936,42.265410019000058
{97CAD99B-9537-45C9-82CC-DF1527669A68},11/26/2023 19:10:36.030,,11/26/2023 19:10:36.030,,11/26/2023 19:06:00.000,walks,,yieldturn,,"Cars going South down Mass Ave turning left onto Commonwealth Ave are pressured to turn even when there are pedestrians or bikers going down Mass Ave. This is because it’s so busy that they have no other opportunity to turn. It’s horribly dangerous, and could really benefit from a protected left or a do-not-turn sign entirely. If anyone spends 5 min observing the intersection at rush hour, they will know exactly what I mean. ",POINT (-71.088374555999962 42.348938979000025),-71.088374555999962,42.348938979000025
{3C18FCFD-202D-4188-BFE5-E41313B13C6F},11/26/2023 19:14:34.187,,11/26/2023 19:14:34.187,,11/26/2023 19:10:00.000,walks,,yieldturn,,"When crossing Mass Ave in front of Deuxave, cars turning right are often speeding without yielding to pedestrians. I have had many close calls as someone who uses that intersection every day. Ideally, there should be an all-direction Walk signal so that cars are at a red light the entire time. The entire intersection of Mass Ave and Comm Ave really needs to be re-evaluated. ",POINT (-71.088516844999958 42.349367847000053),-71.088516844999958,42.349367847000053
{C50586F0-C29B-497E-937F-A16111F7A272},11/27/2023 19:07:19.340,,11/27/2023 19:07:19.340,,11/27/2023 19:05:00.000,walks,,yieldturn,,Drivers turning left often do not yield to pedestrians,POINT (-71.064543004999962 42.352395551000029),-71.064543004999962,42.352395551000029
{1513DEC4-E7B4-4A6C-95C2-F041C3B625B0},11/29/2023 14:08:01.117,,11/29/2023 14:08:01.117,,11/29/2023 13:31:00.000,other,I've seen this occur on a daily basis while walking and driving.. ,runlightssigns,,"There were crosswalks and speed bumps on every street within the West Broadway development. A few years back some of the speed bumps were taken down without any notice to the residents. The streets within the development have been poorly maintained. The crosswalks indicators have faded away over the years and they are in need of repair. The West Broadway development is in need of speed bumps. Due to heavy high speed traffic using the development streets as a cut through from D.st, C & West Seventh, Orton Marotta and Joyce Heyes Way. The housing development is within a school zone, a neighborhood park and community church. The West Broadway Housing development is also apart of a state owned residential home for the severely handicapped and disabled. It has been increasingly dangerous for the children, elderly and disabled residents to cross the streets within the community. There is a desperate need for these concerns to be addressed for the safety and well being for the residents. ",POINT (-71.054534674999957 42.337797451000029),-71.054534674999957,42.337797451000029
{869BE898-E7CC-468C-BF57-55DECC33CFEC},12/4/2023 1:12:00.765,,12/4/2023 1:12:00.765,,12/4/2023 1:10:00.000,bikes,,bikefacility,,This segment is heavily trafficked by bikers and is extremely dangerous as drivers will double park and block the end of the protected bike lane and park all along the curb.,POINT (-71.087517736999985 42.346897498000033),-71.087517736999985,42.346897498000033
{CA586D64-11E3-4428-9071-23CA1A4379EF},12/4/2023 1:14:08.061,,12/4/2023 1:14:08.061,,12/4/2023 1:12:00.000,walks,,yieldgoing,,People do not yield to pedestrians. It is a shame that the safety improvements by northeastern that narrow the road are not implemented here. I have been honked at and yelled at by drivers speeding down while I am in the crosswalk getting across the street to my home. ,POINT (-71.082485912999971 42.339952487000062),-71.082485912999971,42.339952487000062
{017F2B12-D6B8-4C11-B694-AD3B6A25ED39},12/4/2023 1:15:40.936,,12/4/2023 1:15:40.936,,12/4/2023 1:14:00.000,walks,,yieldgoing,,People do not yield here and speed. Why weren't the safety implementations done on the South End portion of Tremont St done here? It is night and day walking here vs in the more narrow area.,POINT (-71.081215621999945 42.338886639000066),-71.081215621999945,42.338886639000066
{C3509B05-577F-4DDD-A424-6B5E39E5FAEC},12/4/2023 1:19:28.460,,12/4/2023 1:19:28.460,,12/4/2023 1:16:00.000,bikes,,bikefacility,,Biking to UMass is extremely unsafe on Mt Vernon. People block the bike lane and illegally park even though there are massive parking lots and street parking on the other side for drop off. This is one of the only ways to get to UMass and a lot of staff and students use this route. The bike path needs to be sidewalk level or have concrete barriers. I have almost been hit several times and get cut off by drivers stopping right in front of my and parking.,POINT (-71.042426581999962 42.317941930000075),-71.042426581999962,42.317941930000075
{C118DE4B-FBD0-49E7-B63A-A6124B84ADD9},12/6/2023 19:12:17.915,,12/6/2023 19:12:17.915,,12/6/2023 19:09:00.000,drives,,visibility,,Very hard to see anything with the curved road and parked cars. Very likely to have car accidents here.,POINT (-71.112021905999939 42.325566404000028),-71.112021905999939,42.325566404000028
{2A7B3593-B627-4617-9B7D-0845DE347B3B},12/9/2023 4:00:16.671,,12/9/2023 4:00:16.671,,12/9/2023 3:56:00.000,other,bike/walk,bikefacility,,Large number of cars picking up symphony hall goers on mass ave and blocking bike lane causing dangerous conditions and traffic. Symphony hall has a loading/drop-off/pick-up area on the Huntington side that is not used. This is a tragedy waiting to happen and a 72 year old biker was already killed at this intersection last year. please install barriers and prevent another tragedy from happening and advise Symphony Hall to better communicate the area where people can be dropped off and picked up on Huntington Ave. I have almost been hit countless times trying to go around large vehicles causing low visibility situations and I have been attacked by drivers that were angry that I went around a vehicle in the bike lane.,POINT (-71.084609507999971 42.342454725000039),-71.084609507999971,42.342454725000039
{156F6370-AB97-402E-A23E-5D7A31E60F1F},12/10/2023 15:20:43.107,,12/10/2023 15:20:43.107,,12/10/2023 15:09:00.000,walks,,runlightssigns,,"Boston city public buses and local cars run the red light at the intersection of Massachusetts Avenue and Belvidere Street heading northbound, at 150 Massachusetts Ave. The cars accumulate due to traffic and they block the entire pedestrian intersection. 

This puts thousands of college students in danger of head on accidents and pedestrians must walk between cars to cross the blocked intersection.

Please consider painting a ""block the box"" on the pavement and raising the height of the northbound stop light at this intersection. The intersection is blocked by cars multiple times a day, every day, and it has continued for more than 10 years. Thank you.",POINT (-71.087327287999983 42.346491505000074),-71.087327287999983,42.346491505000074
{59690D04-CBDA-49D3-BD45-4A111C5DBA33},12/12/2023 18:17:44.422,,12/12/2023 18:17:44.422,,12/12/2023 18:15:00.000,walks,,runlightssigns,,"The pedestrian intersection at Belvidere Street and Mass Ave is always blocked by cars and buses running the red light. Please increase visibility with a ""don't block the box"" paint on the pavement, in addition to evaluating the placement of the hard-to-see stoplight. Thank you!",POINT (-71.087269525999943 42.346380252000074),-71.087269525999943,42.346380252000074
{BB9939D0-DC21-4D8E-8DF4-B0BC2A4F5327},12/14/2023 2:55:03.726,,12/14/2023 2:55:03.726,,12/14/2023 2:49:00.000,walks,,speeding,,"This is a cross walk to the Washington Irving School, which currently serves as upper school (5th & 6th grade) for Sumner but is under renovation and will soon house the fully merged Sumner and Philbrook school, putting much more emphasis on this cross walk. Drivers travel at high speeds along this stretch and additional cross walk signalization and/or traffic calming is needed to make the crossing safe and also protect cyclists in the bike lane here. A teacher was struck a few weeks ago helping kids cross the street and my son is now afraid to cross here. ",POINT (-71.124388451999948 42.283851758000026),-71.124388451999948,42.283851758000026
{EE7524A7-E6FD-4F83-B4F3-5F584A07CF37},12/14/2023 3:01:18.330,,12/14/2023 3:01:18.330,,12/14/2023 2:55:00.000,walks,,speeding,,"This neighborhood street is used as a cut-through between Hyde Park Ave and Washington Street and with no signals or stop signs between Blakemore and Firth, this street becomes busy with drivers reaching high speeds. Because of the curve of the street at the entrance to Flaherty Pool and playground, sight lines are decreased for both drivers and pedestrians, making it dangerous for all ages to cross. Traffic calming and speed humps / crossing tables would be appropriate here and at the entrance of Dale Village further east/south on Florence. Lots of kids and elders make use of the pool and playground so the crossing here is the obvious place. My 10 yo son is fully independent to go to the pool for swim practice but is afraid to cross Florence generally. ",POINT (-71.122591371999988 42.287603001000036),-71.122591371999988,42.287603001000036
{D14A206F-1C64-4767-9E97-FC021CFD1EBB},12/14/2023 3:03:08.606,,12/14/2023 3:03:08.606,,12/14/2023 3:02:00.000,walks,,runlightssigns,,,POINT (-71.087288423999951 42.346394792000069),-71.087288423999951,42.346394792000069
{440FD87B-C9D8-4E21-841A-8E3C004068AC},12/14/2023 3:08:54.253,,12/14/2023 3:08:54.253,,12/14/2023 3:02:00.000,walks,,notenoughtime,,"This is a bus stop for the 30 and 15 buses. It is the only bus stop between Rozzie Square and Hyde Park Ave that does NOT have a cross walk. It is the most convenient bus stop for anyone wanting to access the neighborhood on the north side of the street and frequently would have taken the bus up from Rozzie Square to avoid carrying packages or groceries etc up the hills. Meanwhile, drivers typically come down the hill VERY fast here and give the curve of the road neither driver, nor pedestrian has great sight lines given higher car speeds. A cross walk and signage would help call out that this is a place for crossing. ",POINT (-71.123948569999982 42.282958792000045),-71.123948569999982,42.282958792000045
{15B8547F-5D32-491A-8D9D-A34E27FDBF86},12/14/2023 16:27:31.838,,12/14/2023 16:27:31.838,,12/14/2023 16:26:00.000,walks,,visibility,,,POINT (-71.086991657999988 42.346302803000071),-71.086991657999988,42.346302803000071
{6A8C731F-E3CB-4365-A3EC-010D188D979A},12/15/2023 13:36:23.747,,12/15/2023 13:36:23.747,,12/15/2023 13:34:00.000,bikes,,yieldturn,,The cars have a green light at the same time that bikes/ walkers have a walk sign.  I saw a biker just barely avoid getting hit. ,POINT (-71.121380809999948 42.351621170000044),-71.121380809999948,42.351621170000044
{3030085B-D430-48BB-9F33-3342FFEC70E9},12/17/2023 14:46:08.261,,12/17/2023 14:46:08.261,,12/17/2023 14:45:00.000,walks,,yieldturn,,,POINT (-71.086991657999988 42.346302803000071),-71.086991657999988,42.346302803000071
{901555B6-5DE1-4CDC-98F9-3160E9BD6345},12/24/2023 18:10:03.301,,12/24/2023 18:10:03.301,,12/24/2023 17:42:00.000,walks,,yieldturn,,,POINT (-71.086991657999988 42.346302803000071),-71.086991657999988,42.346302803000071
{CC23BDE2-C57A-4BF3-BE3B-006EFFEF52ED},1/2/2024 1:17:32.596,,1/2/2024 1:17:32.596,,1/2/2024 1:17:00.000,walks,,notenoughtime,,,POINT (-71.086991657999988 42.346302803000071),-71.086991657999988,42.346302803000071
{BD99C756-9171-4D84-960F-D4BB8B26E2E3},1/3/2024 17:00:56.824,,1/3/2024 17:00:56.824,,1/3/2024 17:00:00.000,walks,,yieldgoing,,,POINT (-71.086991657999988 42.346302803000071),-71.086991657999988,42.346302803000071
{3AD6DB41-445B-4D20-9072-7162589A5F1E},1/4/2024 21:54:09.259,,1/4/2024 21:54:09.259,,1/4/2024 21:53:00.000,bikes,,runlightssigns,,,POINT (-71.086991657999988 42.346302803000071),-71.086991657999988,42.346302803000071
{AFC0CA11-4DCE-4ABB-9364-2D8AF409EB3C},1/5/2024 14:49:04.642,,1/5/2024 14:49:04.642,,1/5/2024 14:47:00.000,walks,,speeding,,,POINT (-71.105956311999932 42.34005518400005),-71.105956311999932,42.340055184000050
{9F0A993F-4FED-4654-821F-696B72F4B024},1/5/2024 14:54:10.665,,1/5/2024 14:54:10.665,,1/5/2024 14:50:00.000,walks,,yieldturn,,Those turning left and right in vehicles do not yield to pedestrians while turning onto Newmarket even though pedestrians have the walk sign and right of way. Very dangerous and stressful for those trying to cross safely.,POINT (-71.066769237999949 42.326854755000056),-71.066769237999949,42.326854755000056
{E1D24BC9-1CEF-47DE-A8C1-3EBFE5565E53},1/8/2024 13:42:54.693,,1/8/2024 13:42:54.693,,1/8/2024 13:41:00.000,walks,,runlightssigns,,Please please address the issues at the intersection of Massachusetts Ave. and Belvidere Street (160 Mass Ave). It is very dangerous for pedestrians and bikers due to traffic buildup and drivers running the northbound stoplight.,POINT (-71.086991657999988 42.346302803000071),-71.086991657999988,42.346302803000071
{DFA5D73D-CF1C-4273-A8B9-D798EBD78AAE},1/9/2024 1:29:12.673,,1/9/2024 1:29:12.673,,1/9/2024 1:26:00.000,bikes,,bikefacility,,"This is an extremely wide street and is a major corridor for people coming from South Boston (as I do commute every day from there). At some points it is 3 lanes wide and it is never congested. A parking protected bike lane would be extremely beneficial. I have almost been hit multiple times here to get to the Tremont St bike lanes.
",POINT (-71.065601583999978 42.343882114000053),-71.065601583999978,42.343882114000053
{4B863531-A90F-4B2C-B8E9-5A038D7C5CD7},1/11/2024 2:24:05.088,,1/11/2024 2:24:05.088,,1/11/2024 2:21:00.000,bikes,,doublepark,,"Lots of ride share/food delivery drivers park their cars in the bus/bike lane, making cycling dangerous (blocks visibility and increases risk of dooring) and impedes bus traffic.",POINT (-71.131002913999964 42.352930044000061),-71.131002913999964,42.352930044000061
{BC4DC52A-77CE-4CFA-9F30-DF6E8EB5F13E},1/22/2024 16:16:37.960,,1/22/2024 16:16:37.960,,1/22/2024 16:16:00.000,walks,,awayfromside,,,POINT (-71.086991657999988 42.346302803000071),-71.086991657999988,42.346302803000071
{DD1A6C60-9072-438C-9FD6-431D303BA131},1/22/2024 16:44:48.744,,1/22/2024 16:44:48.744,,1/22/2024 16:38:00.000,walks,,runlightssigns,,"As a cyclist, I very much appreciate the drastic improvements to bike infrastructure in the city. Also, I see cyclists speeding through this intersection, running red lights, especially when heading south on Mass Ave. The area is densely populated, largely with members of the Berklee community heading toward the various buildings that comprise the school's campus in that area. I believe that if a bicycle light were added to the traffic lights, cyclists would be more likely to stop on red. I know that when I see a bicycle traffic light, I feel seen and respected, and I am therefore encouraged to cooperate with the rules of the system. I believe other cyclists have a similar experience. A colleague of mine was severely injured by a cyclist who ran the red light as he headed south on Mass Ave. I'd like to do everything possible to prevent another incident like this one.",POINT (-71.087446386999943 42.346652874000029),-71.087446386999943,42.346652874000029
{CC5D832E-6D40-4543-BAE4-1FFFD38F2878},1/22/2024 17:07:02.656,,1/22/2024 17:07:02.656,,1/22/2024 16:59:00.000,walks,,runlightssigns,,"This intersection serves hundreds of pedestrians trying to cross the street all day long. The bike and scooter traffic on Mass Ave has increased tremendously in recent years. Many cyclists think of themselves as pedestrians, and do not stop when the light is red for cars. But the intersection is a 4-way ""go"" for pedestrians, meaning the bikes and scooters often ride full-speed into crowds of pedestrians crossing their path. Tourists frequent this area, and aren't conditioned to check for bikes before stepping into the street. We have had multiple accidents and near-misses at this intersection.

Bikes need to follow the rules for cars at this intersection. A bike-specific traffic light, timed to match the lights for cars, would send that message.",POINT (-71.087368756999979 42.346559397000078),-71.087368756999979,42.346559397000078
{F4292DD6-7860-46A7-B213-49ECCD01522A},1/22/2024 17:12:53.901,,1/22/2024 17:12:53.901,,1/22/2024 17:07:00.000,bikes,,doublepark,,"As a regular bicycle commuter, I greatly appreciate the new bike lanes and use them as often as I can. But double-parked cars make the ride through the Fenway difficult. There are a few ""loading zones"" available, but I regularly encounter cars in the bike lane in front of take-out spots such as Tatte and Pavement. Cars driving through this area generally will not yield to a bicyclist trying to go around these cars, so the bicyclist ends up trapped until the traffic clears. It is a dangerous situation for the bicyclists.",POINT (-71.099765625999964 42.344115442000032),-71.099765625999964,42.344115442000032
{B8BD9A3F-0362-449D-8C5E-69BB49A62E61},1/24/2024 13:34:58.357,,1/24/2024 13:34:58.357,,1/24/2024 13:33:00.000,walks,,roadwaymaint,,,POINT (-71.089218119999941 42.346356263000075),-71.089218119999941,42.346356263000075
{4DF430CB-3FA0-4CB0-BCC7-91713F248768},1/25/2024 21:23:01.786,dlamere_bowmanconsulting,1/25/2024 21:23:01.786,dlamere_bowmanconsulting,1/25/2024 21:21:00.000,walks,,speeding,,No exaggeration - I have never had a single driver yield to me while trying to use this crosswalk. I gave up trying to cross here because of people speeding and not yielding. It's an absolute joke. No visibility for pedestrians. Why can't Dot Block fund an improvement here?,POINT (-71.059391844999936 42.311051232000068),-71.059391844999936,42.311051232000068
{6A1D74A5-2E7A-4667-B717-FF2F873E89F9},1/25/2024 21:25:27.378,dlamere_bowmanconsulting,1/25/2024 21:25:27.378,dlamere_bowmanconsulting,1/25/2024 21:23:00.000,walks,,speeding,,"Despite the narrow street, amazingly people absolutely FLY down Church Street, and there is barely a sidewalk on either side. Impossible to walk down the street without walking in the middle of the street with cars zooming by. It is a fatality waiting to happen!!!",POINT (-71.060013946999959 42.308366640000031),-71.060013946999959,42.308366640000031
{47311BBA-78BE-49A4-A64D-A43A236D9EE2},1/29/2024 15:49:30.795,,1/29/2024 15:49:30.795,,1/29/2024 15:49:00.000,walks,,runlightssigns,,,POINT (-71.087181339999972 42.346699812000054),-71.087181339999972,42.346699812000054
{348A15D8-CBAF-4689-AE03-9C1767A3A00D},1/30/2024 2:13:28.714,,1/30/2024 2:13:28.714,,1/30/2024 2:11:00.000,drives,,roadwaymaint,,"Massive pothole, can swallow whole tire, reported to Charlestown police twice, been there for a month and getting bigger, completely invisible when coming from Cambridge, car constantly swerve, stop, prone to accidents. ",POINT (-71.067903032999936 42.374099225000066),-71.067903032999936,42.374099225000066
{E0A2BA4F-01B2-4325-8B5D-EF8C515965D3},2/1/2024 11:21:50.479,,2/1/2024 11:21:50.479,,2/1/2024 11:15:00.000,walks,,other,Dangerous crossing,"A pedestrian was killed here. Despite the bus stops on both sides this is a dangerous crossing. The cross walk is a double double threat crosswalk, with a safety island too small to really work for multiple people or for bikes, and no light. There is a pedestrian beacon but there is a much brighter electronic billboard to distract drivers from it. The nearest crossings are about half a mile away as the crow flies, and further on foot. Multiple improvements are needed.",POINT (-71.019485226999961 42.386005738000051),-71.019485226999961,42.386005738000051
{4BB593D9-9025-4CCC-ABC1-80F841D070BD},2/1/2024 11:27:07.320,,2/1/2024 11:27:07.320,,2/1/2024 11:22:00.000,bikes,,bikefacility,,"A pedestrian was killed here. The city had made improvements to protect the bike lane because they knew this location was dangerous with crossover speeds and aggressive driving behavior. However drivers kept crashing into the barriers and raised a fuss about it. The city seemed to have decided that it would prefer the cars hit people instead of the barriers and now someone is dead. 

You knew this location was dangerous, so you put in protected bike lanes. Then you got more confirmation it was dangerous (the people crashing into the barriers) and rather than make further improvements to enhance safety you undid the improvements and left it in its originally dangerous state. There are consequences to such decisions. Please do not make them again. ",POINT (-71.073462955999958 42.333520639000028),-71.073462955999958,42.333520639000028
{A86B11C7-D936-406B-B4F8-690EE19A0594},2/2/2024 0:44:41.560,,2/2/2024 0:44:41.560,,2/2/2024 0:41:00.000,walks,,runlightssigns,,Drivers coming off the highway and turning onto Kneeland street don't yield for pedestrians. There have been too many near misses of cars zooming past families walking within the crosswalk. Cars also often drive the wrong way and have multiple times in the past month crossed over the median and knocked over street signs. Street signs of the pedestrian walkway have not been sufficient to prevent accidents and near misses.,POINT (-71.057628269999952 42.349667993000025),-71.057628269999952,42.349667993000025
{E614B865-F2F2-42FF-A4C4-44754F1F2D37},2/2/2024 0:47:11.824,,2/2/2024 0:47:11.824,,2/2/2024 0:45:00.000,walks,,yieldturn,,Cars don't yield to pedestrians while pedestrians are crossing and often time run red lights as well trying to beat the light adding to the dangerous crossings.,POINT (-71.058958644999962 42.349890008000045),-71.058958644999962,42.349890008000045
{7CE03EB2-67FE-4D48-8C2D-C2E453CBC03E},2/2/2024 0:49:34.988,,2/2/2024 0:49:34.988,,2/2/2024 0:48:00.000,walks,,runlightssigns,,Drivers constantly drive excessively fast and speed down Lincoln St. as if it was an extension of the highway. They fail to yield for pedestrians crossing the street.,POINT (-71.058599228999981 42.350873208000053),-71.058599228999981,42.350873208000053
{9CFD94DE-EC3E-4CB5-84DC-DF601435F18B},2/2/2024 0:53:40.292,,2/2/2024 0:53:40.292,,2/2/2024 0:51:00.000,walks,,yieldgoing,,"People speed down this street and don't yield for pedestrians at this crosswalk. The crosswalk is also a bit faded and is darker so when it's dark out, it's harder to see a pedestrian waiting to cross or even in the middle of the crosswalk.",POINT (-71.057783837999978 42.349679887000036),-71.057783837999978,42.349679887000036
{8B689083-144A-48CF-8D18-2B93551E881D},2/4/2024 17:49:49.701,,2/4/2024 17:49:49.701,,2/4/2024 17:46:00.000,drives,,visibility,,"My wife and I have filed several 311 reports here, and there has been several accidents here prior. 

Crossing from Cornwall onto Peter Parley is very dangerous as a consequence. This is worsened by the reverse happening on the opposite side of the street from Peter Parley Rd to Cornwall as well. 

The very easy solution here is to at make it impossible to park here (which is already a restriction from signage that people ignore) with cones like they have on the parallel street (which is far less risky), Amory Street.",POINT (-71.102520632999983 42.311512171000061),-71.102520632999983,42.311512171000061
{DCE97670-66D4-435B-8017-FE3416DDF320},2/4/2024 17:50:58.968,,2/4/2024 17:50:58.968,,2/4/2024 17:49:00.000,drives,,visibility,,"My wife and I have filed several 311 reports here, and there has been several accidents here prior. 

Crossing from Peter Parley onto Washington or Cornwall is very dangerous as a consequence. This is worsened by the reverse happening on the opposite side of the street from Cornwall to Peter Parley Rd as well. 

The very easy solution here is to at make it impossible to park here (which is already a restriction from signage that people ignore) with cones like they have on the parallel street (which is far less risky), Amory Street.",POINT (-71.10260019499998 42.31141595400004),-71.102600194999980,42.311415954000040
{E4186013-8EE6-44AB-84F3-90CB7EB5CDFF},2/4/2024 17:56:09.712,,2/4/2024 17:56:09.712,,2/4/2024 17:51:00.000,other,From being a local resident,runlightssigns,,"The crash map data is missing several accidents. We have photos of likely 6-8 accidents that have happened here over the last 2 years. At times they are collisions between two driving vehicles. Folks have missed recognizing the stop sign. Others are simply speeding. Many times we've seen accidents where someone simply smacks into a parked car. This is simply a dangerous intersection which so happens to be near a neighborhood school just up the street. I hate speed bumps, but a speed bump would help the safety of this whole neighborhood tremendously here.",POINT (-71.101957320999986 42.311082003000081),-71.101957320999986,42.311082003000081
{30739013-6FB1-4C5C-8B03-F9D1D7B94C56},2/4/2024 17:57:35.242,,2/4/2024 17:57:35.242,,2/4/2024 17:56:00.000,walks,,speeding,,People speed through this area. ,POINT (-71.101958452999952 42.311075127000038),-71.101958452999952,42.311075127000038
{6EE53053-3B18-43AC-8081-34FA583C2F1A},2/4/2024 17:58:44.548,,2/4/2024 17:58:44.548,,2/4/2024 17:57:00.000,walks,,visibility,,Almost got hit today while crossing the pedestrian walkway due to a car being illegally parked blocking the driver's vision. ,POINT (-71.102601969999967 42.311422778000065),-71.102601969999967,42.311422778000065
{7186DA83-B891-4996-A5F9-B2DFD8ACEE5C},2/4/2024 18:02:07.994,,2/4/2024 18:02:07.994,,2/4/2024 17:59:00.000,walks,,speeding,,"Cars speed on this. As a pedestrian, despite being in the crosswalk, folks do not stop to yield to the pedestrian unless they were already being considerate enough to drive the speed limit. 

This is exacerbated by the illegally parked car blocking the  blocking this intersection so oncoming traffic has a harder chance seeing pedestrians soon enough to stop comfortably so they're incentivized to blitz on by. 

It's only a matter of time before either another car accident happens or a pedestrian gets hit at this intersection : ( ",POINT (-71.10254071199995 42.31149461900003),-71.102540711999950,42.311494619000030
{CA89BB0B-A3F2-4643-90D4-AC77D4C9AE14},2/7/2024 17:52:03.590,,2/7/2024 17:52:03.590,,2/7/2024 17:50:00.000,walks,,visibility,,"Another instance of an illegally parked car, this time in emergency parking. Makes it dangerous for pedestrians and vehicles entering intersection",POINT (-71.10260329099998 42.311401760000081),-71.102603290999980,42.311401760000081
{CC918119-9C9C-45A5-AB63-1D0B5D23335D},2/7/2024 17:56:34.124,,2/7/2024 17:56:34.124,,2/7/2024 17:54:00.000,drives,,other,Illegally parked cars make this intersection extremely dangerous for both pedestrians and drivers,"Illegally parked cars make this intersection extremely dangerous for both pedestrians and drivers.

Daily occurrences of illegally parked cars here make this an extremely dangerous intersection for both pedestrians and drivers. It obscures visibility for cross traffic from Peter Parley <--> Cornwall and makes it very difficult for pedestrians to cross safely across washington, or even to continue on washington as intersecting washington traffic (turning off of washington) has low visibility into pedestrians. ",POINT (-71.102594609999983 42.311432942000067),-71.102594609999983,42.311432942000067
{7F64BB51-C264-43DD-A97D-1A00F7112D64},2/7/2024 20:48:49.338,,2/7/2024 20:48:49.338,,2/7/2024 20:46:00.000,walks,,roadwaymaint,,"The crosswalk at this intersection is so faded that cars do not see it, and do not stop. Pedestrian traffic at this intersection is very heavy due to students at Berklee crossing to access campus buildings on Hemenway Street.",POINT (-71.089259968999954 42.346340018000035),-71.089259968999954,42.346340018000035
{B2FE1D4E-63D8-4443-A680-8A68989A4602},2/7/2024 20:51:48.294,,2/7/2024 20:51:48.294,,2/7/2024 20:50:00.000,bikes,,bikefacility,,Bikes need their own traffic light at this intersection. We have near-misses with pedestrians on a daily basis. ,POINT (-71.087409998999988 42.346649981000041),-71.087409998999988,42.346649981000041
{AFBFB0A2-481A-40F7-AAC9-5EA01F0E72E5},2/7/2024 21:17:09.471,,2/7/2024 21:17:09.471,,2/7/2024 21:16:00.000,drives,,visibility,,Illegally parked car to the left makes it impossible to see to take a left without risking being t-boned. ,POINT (-71.102477938999982 42.311344261000045),-71.102477938999982,42.311344261000045
{ADBF31C6-D0A2-4A3A-A14A-AE41FB979909},2/8/2024 13:35:45.378,,2/8/2024 13:35:45.378,,2/8/2024 13:34:00.000,walks,,other,Remove Electronic Billboard,"Electronic billboards are proven through several studies to distract divers and make crashes near them more deadly and dangerous. A pedestrian was recently killed in this intersection below such a billboard. There is no stop light for the pedestrian crossing, which is only marked by a sign and flashing lights. 

It is very likely that this bright billboard reduces the visibility of this crossing, and draws drivers attention away from any pedestrians in it. Please remove it in addition to improving the crossing.",POINT (-71.019535536999967 42.386244280000028),-71.019535536999967,42.386244280000028
{3F54FCE8-C39B-448D-A8F2-1BAEF14CCF97},2/8/2024 14:00:32.977,,2/8/2024 14:00:32.977,,2/8/2024 13:54:00.000,drives,,other,Electronic billboard,"Digital advertising has been proven in several studies to increase the rate of crashes in their proximity and to make crashes that do happen more likely to result in injuries or deaths. It is unacceptable that a vision zero community maintains digital advertising along roadways. Please remove this digital billboard and consider adopting an outdoor ad free zone in Boston, as Lexington, Lincoln, and Concord already have. ",POINT (-71.070508236999956 42.373193248000064),-71.070508236999956,42.373193248000064
{EDF6F148-645C-4470-B5B6-59A37ADA3DE2},2/8/2024 14:02:11.146,,2/8/2024 14:02:11.146,,2/8/2024 14:00:00.000,drives,,other,Electronic Billboard,"Digital advertising has been proven in several studies to increase the rate of crashes in their proximity and to make crashes that do happen more likely to result in injuries or deaths. It is unacceptable that a vision zero community maintains digital advertising along roadways. Please remove this digital billboard and consider adopting an outdoor ad free zone in Boston, as Lexington, Lincoln, and Concord already have. ",POINT (-71.077664370999969 42.381166449000034),-71.077664370999969,42.381166449000034
{E5C2E577-E757-4E7F-87BC-960F38BBF573},2/8/2024 14:05:17.051,,2/8/2024 14:05:17.051,,2/8/2024 14:02:00.000,walks,,other,Electronic Billboard,"Digital advertising has been proven in several studies to increase the rate of crashes in their proximity and to make crashes that do happen more likely to result in injuries or deaths. It is unacceptable that a vision zero community maintains digital advertising along roadways. Please remove this digital billboard and consider adopting an outdoor ad free zone in Boston, as Lexington, Lincoln, and Concord already have. ",POINT (-71.076366181999958 42.384891156000037),-71.076366181999958,42.384891156000037
{DA931CD2-4A94-4EE4-BC9C-C0C4D5AA28A2},2/8/2024 14:08:41.130,,2/8/2024 14:08:41.130,,2/8/2024 14:06:00.000,drives,,other,Electronic Billboard,"Digital advertising has been proven in several studies to increase the rate of crashes in their proximity and to make crashes that do happen more likely to result in injuries or deaths. It is unacceptable that a vision zero community maintains digital advertising along roadways. Please remove this digital billboard and consider adopting an outdoor ad free zone in Boston, as Lexington, Lincoln, and Concord already have. ",POINT (-71.013784880999935 42.390267817000051),-71.013784880999935,42.390267817000051
{ED400395-1370-4642-88D1-9943F6879C1C},2/8/2024 14:11:25.667,,2/8/2024 14:11:25.667,,2/8/2024 14:10:00.000,drives,,other,Electronic Billboard,"Digital advertising has been proven in several studies to increase the rate of crashes in their proximity and to make crashes that do happen more likely to result in injuries or deaths. It is unacceptable that a vision zero community maintains digital advertising along roadways. Please remove this digital billboard and consider adopting an outdoor ad free zone in Boston, as Lexington, Lincoln, and Concord already have. ",POINT (-71.154042954999966 42.357267594000064),-71.154042954999966,42.357267594000064
{989E2B23-FC3C-46BA-A202-98988A2BF5C2},2/8/2024 14:13:26.390,,2/8/2024 14:13:26.390,,2/8/2024 14:11:00.000,drives,,other,Electronic Billboards ,"Digital advertising has been proven in several studies to increase the rate of crashes in their proximity and to make crashes that do happen more likely to result in injuries or deaths. It is unacceptable that a vision zero community maintains digital advertising along roadways. Please remove this digital billboard and consider adopting an outdoor ad free zone in Boston, as Lexington, Lincoln, and Concord already have. ",POINT (-71.133282656999938 42.356264674000045),-71.133282656999938,42.356264674000045
{615FE204-1581-4139-8A17-97B6BA166388},2/8/2024 14:15:30.994,,2/8/2024 14:15:30.994,,2/8/2024 14:14:00.000,drives,,other,Electronic Billboard,"Digital advertising has been proven in several studies to increase the rate of crashes in their proximity and to make crashes that do happen more likely to result in injuries or deaths. It is unacceptable that a vision zero community maintains digital advertising along roadways. Please remove this digital billboard and consider adopting an outdoor ad free zone in Boston, as Lexington, Lincoln, and Concord already have. ",POINT (-71.062043185999983 42.366964967000058),-71.062043185999983,42.366964967000058
{179ECF8A-23A1-42CD-8FCD-BE1CD6F80173},2/8/2024 14:18:45.600,,2/8/2024 14:18:45.600,,2/8/2024 14:15:00.000,walks,,other,Electronic Billboard,"Digital advertising has been proven in several studies to increase the rate of crashes in their proximity and to make crashes that do happen more likely to result in injuries or deaths. It is unacceptable that a vision zero community maintains digital advertising along roadways. Please remove this digital billboard and consider adopting an outdoor ad free zone in Boston, as Lexington, Lincoln, and Concord already have. ",POINT (-71.097255225999959 42.347501324000064),-71.097255225999959,42.347501324000064
{A0E702B4-951E-4E1F-8576-4EEFF9E5333C},2/8/2024 14:19:17.207,,2/8/2024 14:19:17.207,,2/8/2024 14:18:00.000,walks,,other,Electronic Billboard,"Digital advertising has been proven in several studies to increase the rate of crashes in their proximity and to make crashes that do happen more likely to result in injuries or deaths. It is unacceptable that a vision zero community maintains digital advertising along roadways. Please remove this digital billboard and consider adopting an outdoor ad free zone in Boston, as Lexington, Lincoln, and Concord already have. ",POINT (-71.094454999999982 42.34720595400006),-71.094454999999982,42.347205954000060
{EEEC76C0-439A-40E2-858D-AB752BA13102},2/8/2024 14:22:05.178,,2/8/2024 14:22:05.178,,2/8/2024 14:20:00.000,walks,,other,Electronic Billboard,"Digital advertising has been proven in several studies to increase the rate of crashes in their proximity and to make crashes that do happen more likely to result in injuries or deaths. It is unacceptable that a vision zero community maintains digital advertising along roadways. Please remove this digital billboard and consider adopting an outdoor ad free zone in Boston, as Lexington, Lincoln, and Concord already have. ",POINT (-71.06277274699994 42.352474838000035),-71.062772746999940,42.352474838000035
{9B56C416-3292-4858-B49E-D2F115F2BEEF},2/8/2024 14:22:33.435,,2/8/2024 14:22:33.435,,2/8/2024 14:22:00.000,walks,,other,Electronic Billboard,"Digital advertising has been proven in several studies to increase the rate of crashes in their proximity and to make crashes that do happen more likely to result in injuries or deaths. It is unacceptable that a vision zero community maintains digital advertising along roadways. Please remove this digital billboard and consider adopting an outdoor ad free zone in Boston, as Lexington, Lincoln, and Concord already have. ",POINT (-71.065090174999966 42.351019893000057),-71.065090174999966,42.351019893000057
{20A0A260-389B-467C-AAB6-015EC56DC970},2/8/2024 14:23:06.293,,2/8/2024 14:23:06.293,,2/8/2024 14:22:00.000,walks,,other,Electronic Billboard,"Digital advertising has been proven in several studies to increase the rate of crashes in their proximity and to make crashes that do happen more likely to result in injuries or deaths. It is unacceptable that a vision zero community maintains digital advertising along roadways. Please remove this digital billboard and consider adopting an outdoor ad free zone in Boston, as Lexington, Lincoln, and Concord already have. ",POINT (-71.06489705599995 42.351015929000027),-71.064897055999950,42.351015929000027
{81124215-2B99-4A31-B88D-A3F6B71D95FD},2/8/2024 14:25:41.493,,2/8/2024 14:25:41.493,,2/8/2024 14:24:00.000,walks,,other,Electronic Billboard,"Digital advertising has been proven in several studies to increase the rate of crashes in their proximity and to make crashes that do happen more likely to result in injuries or deaths. It is unacceptable that a vision zero community maintains digital advertising along roadways. Please remove this digital billboard and consider adopting an outdoor ad free zone in Boston, as Lexington, Lincoln, and Concord already have. ",POINT (-71.045617337999943 42.352169580000066),-71.045617337999943,42.352169580000066
{E1E5983D-3FD0-4052-BC36-B5D2F812730C},2/8/2024 14:26:44.167,,2/8/2024 14:26:44.167,,2/8/2024 14:25:00.000,walks,,other,Electronic Billboard,"Digital advertising has been proven in several studies to increase the rate of crashes in their proximity and to make crashes that do happen more likely to result in injuries or deaths. It is unacceptable that a vision zero community maintains digital advertising along roadways. Please remove this digital billboard and consider adopting an outdoor ad free zone in Boston, as Lexington, Lincoln, and Concord already have. ",POINT (-71.04373979099995 42.346809481000037),-71.043739790999950,42.346809481000037
{8FACFCF7-789A-4DA5-BE9F-2157F597F8CE},2/8/2024 14:28:25.742,,2/8/2024 14:28:25.742,,2/8/2024 14:26:00.000,drives,,other,Electronic Billboard,"Digital advertising has been proven in several studies to increase the rate of crashes in their proximity and to make crashes that do happen more likely to result in injuries or deaths. It is unacceptable that a vision zero community maintains digital advertising along roadways. Please remove this digital billboard and consider adopting an outdoor ad free zone in Boston, as Lexington, Lincoln, and Concord already have. ",POINT (-71.061571116999971 42.34579846400004),-71.061571116999971,42.345798464000040
{1DEA4F67-A5D1-46F2-8D89-05499C6E3F50},2/8/2024 14:30:32.194,,2/8/2024 14:30:32.194,,2/8/2024 14:28:00.000,drives,,other,Electronic Billboard,"Digital advertising has been proven in several studies to increase the rate of crashes in their proximity and to make crashes that do happen more likely to result in injuries or deaths. It is unacceptable that a vision zero community maintains digital advertising along roadways. Please remove this digital billboard and consider adopting an outdoor ad free zone in Boston, as Lexington, Lincoln, and Concord already have. ",POINT (-71.064124579999941 42.34046954300004),-71.064124579999941,42.340469543000040
{22A1E6B6-28CE-46B2-AE48-B9D9A18E2619},2/8/2024 14:32:19.152,,2/8/2024 14:32:19.152,,2/8/2024 14:30:00.000,drives,,other,Electronic Billboard,"Digital advertising has been proven in several studies to increase the rate of crashes in their proximity and to make crashes that do happen more likely to result in injuries or deaths. It is unacceptable that a vision zero community maintains digital advertising along roadways. Please remove this digital billboard and consider adopting an outdoor ad free zone in Boston, as Lexington, Lincoln, and Concord already have. ",POINT (-71.065530993999971 42.334691904000067),-71.065530993999971,42.334691904000067
{322DFC23-8619-484F-A5A0-5CA015526BD7},2/8/2024 14:33:37.921,,2/8/2024 14:33:37.921,,2/8/2024 14:32:00.000,drives,,other,Electronic Billboard,"Digital advertising has been proven in several studies to increase the rate of crashes in their proximity and to make crashes that do happen more likely to result in injuries or deaths. It is unacceptable that a vision zero community maintains digital advertising along roadways. Please remove this digital billboard and consider adopting an outdoor ad free zone in Boston, as Lexington, Lincoln, and Concord already have. ",POINT (-71.063008780999951 42.331777357000078),-71.063008780999951,42.331777357000078
{6055EF00-7414-48CE-B1B9-7AEDA1E094D2},2/8/2024 14:34:25.440,,2/8/2024 14:34:25.440,,2/8/2024 14:33:00.000,drives,,other,Electronic Billboard,"Digital advertising has been proven in several studies to increase the rate of crashes in their proximity and to make crashes that do happen more likely to result in injuries or deaths. It is unacceptable that a vision zero community maintains digital advertising along roadways. Please remove this digital billboard and consider adopting an outdoor ad free zone in Boston, as Lexington, Lincoln, and Concord already have. ",POINT (-71.063588137999943 42.33088110500006),-71.063588137999943,42.330881105000060
{1B9C4B63-B490-4FDD-811A-E4695A084685},2/8/2024 14:37:28.912,,2/8/2024 14:37:28.912,,2/8/2024 14:34:00.000,drives,,other,Electronic Billboard,"Digital advertising has been proven in several studies to increase the rate of crashes in their proximity and to make crashes that do happen more likely to result in injuries or deaths. It is unacceptable that a vision zero community maintains digital advertising along roadways. Please remove this digital billboard and consider adopting an outdoor ad free zone in Boston, as Lexington, Lincoln, and Concord already have. ",POINT (-71.05335107999997 42.322215098000072),-71.053351079999970,42.322215098000072
{B00E00BA-F1D0-44CA-A231-3193F295B191},2/16/2024 21:32:38.207,,2/16/2024 21:32:38.207,,2/16/2024 21:24:00.000,walks,,other,Drivers do not stop for pedestrians at crosswalk,"Always have to wait until streets are completely clear to walk since drivers rarely stop for pedestrians at this crosswalk. This is a common occurrence. However, just had my first incident where a driver was inches away from hitting me and my dog as I started to cross the crosswalk, where I’d once again had just been waiting at for the cars to clear since no one stopped. I had to stop mid-crossing so that the driver had enough time to hard brake for us",POINT (-71.167506875999948 42.351191115000063),-71.167506875999948,42.351191115000063
{B6AEC05E-4EAA-4929-9B9E-F16483FE9DBD},2/17/2024 23:13:44.263,,2/17/2024 23:13:44.263,,2/17/2024 23:10:00.000,walks,,other,People don't stop for pedestrians,Busy area. Car was speeding from and could have hit us walking across the street. There needs to be lights or something to make this a safer place for pedestrians. ,POINT (-71.100471669999934 42.313590367000074),-71.100471669999934,42.313590367000074
{55AC2068-7BF7-4F39-A9AA-55B20C66CE7D},2/17/2024 23:26:01.389,,2/17/2024 23:26:01.389,,2/17/2024 23:17:00.000,walks,,runlightssigns,,"Cars are constantly speeding, running stop signs and never respecting pedestrians . There’s a school on Peter parley and they use this intersection to go to the park. Please take our requests seriously and make this intersection safer for our neighborhood. Add lights and speed bumps. ",POINT (-71.102003771999989 42.31106481900008),-71.102003771999989,42.311064819000080
{5080130D-6127-42FF-85F2-8DD0192FAE21},2/17/2024 23:35:03.158,,2/17/2024 23:35:03.158,,2/17/2024 23:28:00.000,walks,,speeding,,Drivers speed and do not stop for pedestrians. Add lights or speed bumps to ensure this is a safe crosswalk.,POINT (-71.100518102999956 42.313559610000027),-71.100518102999956,42.313559610000027
{963CDC0F-3439-484F-B6D3-DB2D440F9679},2/17/2024 23:39:06.913,,2/17/2024 23:39:06.913,,2/17/2024 23:37:00.000,walks,,runlightssigns,,Cars do not stop for pedestrians ,POINT (-71.102529484999934 42.311461517000055),-71.102529484999934,42.311461517000055
{BAF3B8A0-FE1B-431F-98E9-0C130DEA49EC},2/19/2024 14:18:33.813,,2/19/2024 14:18:33.813,,2/19/2024 14:16:00.000,walks,,visibility,,"residents and patrons of the area feel that it's unsafe to cross in the crosswalk due to cars not stopping for pedestrians. suggestions include: better lighting, raised crosswalks.",POINT (-71.055894796999951 42.282965537000052),-71.055894796999951,42.282965537000052
{BE5FC0B1-A1B4-4AF4-938F-6E28C152A9D2},2/19/2024 14:20:03.821,,2/19/2024 14:20:03.821,,2/19/2024 14:18:00.000,drives,,awayfromside,,bus stop across the street from 612 blue - pedestrians get off the bus and immediately cross the street outside of the crosswalk while cars are going too fast. better signage or design to funnel pedestrians to the crosswalk is needed.,POINT (-71.085240929999941 42.30320411200006),-71.085240929999941,42.303204112000060
{37B3CDF6-3360-47D1-97A4-8608C86B09D6},2/19/2024 14:21:30.133,,2/19/2024 14:21:30.133,,2/19/2024 14:20:00.000,walks,,speeding,,clancy road is a cut through from gallivan to washington and vice versa. cars reach up to 50 miles per hour on this street to avoid the red light. speed humps would make cars slow down. this street abuts a public playground where many families are crossing the street to use the playground.,POINT (-71.071771210999941 42.277637330000061),-71.071771210999941,42.277637330000061
{C6E001CD-6D5C-4C84-9793-1482460FD1FC},2/22/2024 20:35:32.506,,2/22/2024 20:35:32.506,,2/22/2024 20:35:00.000,walks,,notenoughtime,,,POINT (-71.514156336999974 42.491984821000074),-71.514156336999974,42.491984821000074
{79920960-090D-45AC-ABB9-0BDC128B1392},2/27/2024 15:16:15.338,,2/27/2024 15:16:15.338,,2/27/2024 15:11:00.000,walks,,other,Drivers miss crosswalk,"The painting on the crosswalk is so faded it is very hard for drivers to see. Also there are no signs warning of the upcoming crosswalk. As a result cars frequently drive through the crosswalk and don't stop for pedestrians. Finally, cars frequently park in the crosswalk outside Starbucks blocking access to the ramp",POINT (-71.101060411999981 42.344705818000079),-71.101060411999981,42.344705818000079
{46F37145-00D2-4C0A-816B-88E5C8E93A54},2/27/2024 19:24:54.741,,2/27/2024 19:24:54.741,,2/27/2024 19:24:00.000,walks,,other,Lack of pedestrian signals ,This intersection is missing pedestrian signals for some of the crossings.,POINT (-71.140171412999962 42.348569227000041),-71.140171412999962,42.348569227000041
{28C7D40A-2172-4E0C-A8F2-FDADB0055C80},2/28/2024 21:54:37.235,,2/28/2024 21:54:37.235,,2/28/2024 21:53:00.000,drives,,roadwaymaint,,,POINT (-71.084849170999973 42.342988564000052),-71.084849170999973,42.342988564000052
{07329691-5539-43CA-8957-341395AEEE3D},3/13/2024 1:15:19.223,,3/13/2024 1:15:19.223,,3/13/2024 1:13:00.000,walks,,speeding,,"Excessive speed on this stretch of Lamartine Street where many families live and walk to school, nearby playgrounds, and the train.  There are not enough crosswalks and no calming measures.  Cars travel upwards of 50 mph.  There is also no marked center lane and it is two way traffic at high speeds.  Dangerous for drivers and pedestrians",POINT (-71.107856744999935 42.312882973000058),-71.107856744999935,42.312882973000058
{505C2DE8-8BEF-403E-B112-F41AF72A0A8E},3/25/2024 15:32:52.589,,3/25/2024 15:32:52.589,,3/25/2024 15:31:00.000,walks,,yieldturn,,"Drivers turning on and off of Congress St at Sleeper St can be very aggressive and impatient. Whenever I am walking along Congress St there, it is very common for drivers to not yield to me.",POINT (-71.049842203999958 42.351296426000033),-71.049842203999958,42.351296426000033
{F4075706-FB87-409C-B2C3-F7A197AAC9AD},3/25/2024 15:34:04.017,,3/25/2024 15:34:04.017,,3/25/2024 15:33:00.000,walks,,yieldturn,,""it's very common for cars to drive into the crosswalk before proceeding onto Congress St. I frequently have to wave down cars to make them aware that I'm there when I'm walking east on Congress St."",POINT (-71.049790270999949 42.351319466000064),-71.049790270999949,42.351319466000064
{7CF11010-C49C-42AB-9B54-98A98A66BAE0},3/25/2024 15:42:58.608,,3/25/2024 15:42:58.608,,3/25/2024 15:34:00.000,walks,,other,Child death.,A child was killed here. directly in front of the children's museum. This should never be allowed to happen again. You can prevent it forever by blocking this block to through traffic. Create a pocket park and name it in honor of the girl who died. Maintain loading access by maintaining the street connections to the alley and maintain pedestrian and accessible rolling connections only through the block abutting congress. ,POINT (-71.049833769999964 42.351348944000051),-71.049833769999964,42.351348944000051
{DEC15413-DCE2-4453-871F-4469E7091B6F},3/25/2024 15:48:11.076,,3/25/2024 15:48:11.076,,3/25/2024 15:46:00.000,walks,,sidewalk,,"The sidewalks here are too narrow. When people are waiting outside here for help and treatment the sidewalk gets too full spilling into the street. This gives reckless drivers opportunity to exercise social stigma through reckless, threatening, and potentially violent driving. Expand the side walks.",POINT (-71.073147530999961 42.333536115000072),-71.073147530999961,42.333536115000072
{75953BD4-AEC1-48EF-B65E-59755C296F49},3/25/2024 15:54:04.944,,3/25/2024 15:54:04.944,,3/25/2024 15:48:00.000,walks,,toomanylanes,,There are people crossing here whether or not the city recognizes their humanity. This is a crazy dangerous intersection right next to such a concentration of services. People cross here all the time. It is nowhere near safe enough and people drive aggressively here often. Bike paths also lead into here now and there is even more non vehicular movement through this incredibly automobile oriented intersection.,POINT (-71.072130861999938 42.332708936000074),-71.072130861999938,42.332708936000074
{F3C9CDB8-7F80-49E6-A591-07E25195FE37},3/25/2024 16:01:29.308,,3/25/2024 16:01:29.308,,3/25/2024 16:00:00.000,bikes,,bikefacility,,Bike lanes in JP centre are door zone and the paint is extremely faded. They need refreshing and at that point they should be more generally improved. ,POINT (-71.114013667999984 42.312398024000061),-71.114013667999984,42.312398024000061
{AA1562ED-E43C-4A02-8A62-F68586149373},3/28/2024 15:04:47.216,,3/28/2024 15:04:47.216,,3/28/2024 15:03:00.000,walks,,notenoughtime,,"this intersection is too big to cross in one cycle, only lasts about 15 seconds

",POINT (-71.130951817999971 42.350312231000032),-71.130951817999971,42.350312231000032
{1B318C38-4DEF-4412-B5A4-6EFEEC2A193D},3/28/2024 15:06:28.276,,3/28/2024 15:06:28.276,,3/28/2024 15:05:00.000,drives,,roadwaymaint,,"the train tracks are incredibly uneven and make it very difficult to drive across in one light cycle, backing up traffic down narrow Allston Street",POINT (-71.137684161999971 42.34848852600004),-71.137684161999971,42.348488526000040
{11B4F6B2-B7DE-46BC-AFDE-457F972C19D2},3/28/2024 15:10:13.056,,3/28/2024 15:10:13.056,,3/28/2024 15:08:00.000,drives,,doublepark,,"Harvard Ave from Comm Ave to Cambridge street is always backed up because delivery drivers are constantly double parking their cars on both sides of the street, meaning cars are always crossing into the other direction's traffic, bike lanes are constantly blocked so they have to go into the street, and it's very difficult to see pedestrians in the crosswalks",POINT (-71.131431932999988 42.351168561000065),-71.131431932999988,42.351168561000065
{F0DB6921-77F3-47B2-AB1F-57E7BDC909A6},3/28/2024 15:18:47.745,,3/28/2024 15:18:47.745,,3/28/2024 15:15:00.000,other,on the 66 bus,doublepark,,"delivery drivers are constantly double parking their cars in the BUS/BIKE only lane (which is very clearly marked the entire length of the street but cars driving thru also don't follow the rules), constantly causing traffic because the busses and the bikes have to merge into the thru traffic lane to get around. this happens on both sides of street all the time",POINT (-71.133430061999945 42.353106481000054),-71.133430061999945,42.353106481000054
{84B18A46-620C-496D-B535-6411646ABE97},5/2/2024 19:40:31.494,,5/2/2024 19:40:31.494,,5/2/2024 19:38:00.000,bikes,,bikefacility,,"bike lane visibility is low - drivers have trouble telling that bike lane exists, Please restripe and/or add green paint to delineate better",POINT (-71.150134975999947 42.354581377000045),-71.150134975999947,42.354581377000045
{FD00FCD8-E59E-4E69-A8AC-230DD95C7E34},5/15/2024 18:39:31.844,,5/15/2024 18:39:31.844,,5/15/2024 18:38:00.000,bikes,,bikefacility,,This intersection is super dangerous. A bicyclist was hit and run by a truck driver in it yesterday. This intersection needs protected intersection treatments and both Charles and Cambridge need protected bike lanes. ,POINT (-71.070712084999968 42.360934261000068),-71.070712084999968,42.360934261000068
{9FE5E4DC-6CBC-46A8-A2D1-F1C2159513A4},5/15/2024 18:40:43.019,,5/15/2024 18:40:43.019,,5/15/2024 18:39:00.000,bikes,,bikefacility,,There is no official way to get from the ramps to the south/east bound bike lane so people do all kinds of crazy things to get there. ,POINT (-71.090002460999983 42.352036970000029),-71.090002460999983,42.352036970000029
{197CB842-CEC9-447A-864C-64D469F8BE9F},5/15/2024 19:07:26.325,,5/15/2024 19:07:26.325,,5/15/2024 18:41:00.000,bikes,,bikefacility,,"While this project will, once completed, massively improve the bike paths along mass ave the current set up during construction is terrible forcing bikes to merge into traffic with no leading interval from far to drivers right side. The road surface there is also terrible making  this worse. There need to be provisions for bike paths during construction like there are for streets and sidewalks. ",POINT (-71.088028426999983 42.347653965000063),-71.088028426999983,42.347653965000063
{C05A4E69-D249-442B-9DF3-6FAF8D5E36FF},5/15/2024 19:08:44.614,,5/15/2024 19:08:44.614,,5/15/2024 19:07:00.000,bikes,,yieldgoing,,This is a blind crossing for bikes headed northeast and cars headed east. Cars frequently do not yield in the crosswalk.,POINT (-71.092985148999958 42.33353809700003),-71.092985148999958,42.333538097000030
{7F0F9621-DD5C-48FD-A80D-2B3648C9DA42},5/15/2024 19:10:07.251,,5/15/2024 19:10:07.251,,5/15/2024 19:09:00.000,walks,,other,Wrong way driving ,People regularly drive the wrong way down this one way and Google maps directs people to do so. ,POINT (-71.107635374999973 42.310111059000064),-71.107635374999973,42.310111059000064
{A48E2621-5888-4376-BDF0-27A5878AA318},5/15/2024 19:12:30.568,,5/15/2024 19:12:30.568,,5/15/2024 19:10:00.000,bikes,,bikefacility,,I bike this way to avoid biking around the pond like I am supposed to (bikes should be allowed around the pond as long as they yield to pedestrians) but the city does not encourage this behavior. This bike lane is narrow and unmarked. Drivers seem to think it is a shoulder and regularly drive in it. It needs marking and physical protection. ,POINT (-71.118391032999966 42.321140484000068),-71.118391032999966,42.321140484000068
{F063EDEC-A18B-41B3-A122-DF53B4068B2E},5/15/2024 19:13:22.259,,5/15/2024 19:13:22.259,,5/15/2024 19:12:00.000,bikes,,bikefacility,,Bikes should be allowed around the pond it is much safer than the current alternatives. ,POINT (-71.120365138999944 42.320997695000074),-71.120365138999944,42.320997695000074
{6368EB4D-48C6-456E-8215-DFD11DC9D5F0},5/17/2024 16:28:35.410,,5/17/2024 16:28:35.410,,5/17/2024 16:25:00.000,bikes,,yieldturn,,A white service van turned right from Longwood Ave onto Avenue Louis Pasteur and did not see me on my bike in spite of my fluoro yellow reflector vest and bike lights. Luckily I was biking slowly enough that I was able to turn with the van and not get hit. Cars often don't yield to pedestrians in this area of Longwood Ave either.,POINT (-71.103014713999983 42.337009235000039),-71.103014713999983,42.337009235000039
{9BB7FF03-A526-4F44-A00E-EA280C2B5616},5/17/2024 16:34:08.238,,5/17/2024 16:34:08.238,,5/17/2024 16:28:00.000,bikes,,yieldturn,,"I was going straight on Longwood Ave at Brookline Ave towards Riverway when two SUVs in a row tried to turn left from Longwood Ave onto Brookline Ave. They tried to turn right after a car went straight just in front of me and failed to yield to me continuing straight. They didn't see me in spite of my fluoro yellow reflector vest and front and rear bike lights that were on. It was about 5 pm on Tuesday, May 14, 2024 and cloudy but still daylight. I had to yell out to the SUVs to get them to stop turning. There needs to be bike-specific infrastructure here. Paint and sharrows are not enough. Cars need to have a left turn signal separate from oncoming traffic because drivers get so impatient when tryin to make a left turn that they barely look when they think they see an opening to turn. This is the most stressful and scary part of my commute to work biking from Porter Square in Cambridge.",POINT (-71.107280337999953 42.338911239000026),-71.107280337999953,42.338911239000026
{68AE3E84-17F2-4B06-8CA9-99E9E67CF1DB},5/17/2024 16:36:31.758,,5/17/2024 16:36:31.758,,5/17/2024 16:34:00.000,bikes,,bikefacility,,"It's very difficult to cross Riverway on Longwood Ave by bike especially going towards the Longwood Medical Area as there is no protected bike lane so to go straight across, you need to cross traffic into the left lane because the right lane is a right only car lane.",POINT (-71.109930611999971 42.340314152000076),-71.109930611999971,42.340314152000076
{CDA05E3F-0E54-40D3-92DD-B77D24A91225},5/17/2024 16:38:26.995,,5/17/2024 16:38:26.995,,5/17/2024 16:36:00.000,bikes,,doublepark,,"Vehicles are blocking the bike lane in front of the restaurants here every time I bike commute to work at the Harvard T.H. Chan School of Public Health, forcing cyclists into the traffic lane.",POINT (-71.10782648199995 42.339251800000056),-71.107826481999950,42.339251800000056
{0C10AF66-1CC7-4D7D-A155-0D29C35FBFCE},5/17/2024 16:40:59.884,,5/17/2024 16:40:59.884,,5/17/2024 16:39:00.000,bikes,,yieldturn,,another scary intersection on Longwood Ave to travel through on a bike because cars and vehicles turning left don't always yield or even look for bicycle traffic.,POINT (-71.106133693999936 42.338279788000079),-71.106133693999936,42.338279788000079
{805C571F-97A0-4156-87EF-01F28EF6C9AC},5/17/2024 16:42:56.534,,5/17/2024 16:42:56.534,,5/17/2024 16:41:00.000,bikes,,bikefacility,,"Paint is not protection. There's a partial painted bike lane, but otherwise zero bike infrastructure and it's extremely harrowing to bike through. Cyclists often bike through the intersection during the 4-way walk signal to get ahead of traffic, and they yield to pedestrians, but this is problematic because of the number of pedestrians crossing in all directions.",POINT (-71.107272228999989 42.338896354000042),-71.107272228999989,42.338896354000042
{E8868F60-2C9D-4997-825A-6E858E697001},5/17/2024 16:45:16.545,,5/17/2024 16:45:16.545,,5/17/2024 16:44:00.000,bikes,,bikefacility,,need protected bike lanes on Longwood Ave because cars block them or pass through the partial painted lane all the time.,POINT (-71.108052457999975 42.339347584000052),-71.108052457999975,42.339347584000052
{A79F5654-097C-466C-85B1-9499815E62F0},5/17/2024 16:46:34.614,,5/17/2024 16:46:34.614,,5/17/2024 16:45:00.000,bikes,,bikefacility,,need bike-specific infrastructure and protection approaching the intersection of Longwood Ave and Binney St. Sharrows are ignored and don't help visibility of cyclists.,POINT (-71.106123278999974 42.33824865400004),-71.106123278999974,42.338248654000040
{1A97E685-E6F7-4015-B20C-8A6215FC9130},5/17/2024 16:51:34.289,,5/17/2024 16:51:34.289,,5/17/2024 16:49:00.000,bikes,,bikefacility,,Need bike-specific infrastructure and protection at Longwood Ave and Blackfan. Busy intersection with cars turning into Children's Hospital.,POINT (-71.105118120999975 42.337791375000052),-71.105118120999975,42.337791375000052
{1F0BEFC0-47DE-4AAC-B31C-9B8E7173845E},5/17/2024 16:52:47.971,,5/17/2024 16:52:47.971,,5/17/2024 16:51:00.000,bikes,,bikefacility,,Bike lane disappears at this end of Longwood Ave and is very much needed for protection and visibility of cyclists on this very busy stretch of road.,POINT (-71.101946099999964 42.336540530000036),-71.101946099999964,42.336540530000036
{7F463DCF-B44D-444B-AAA1-AD808FEFF338},5/19/2024 18:31:43.864,,5/19/2024 18:31:43.864,,5/19/2024 18:29:00.000,bikes,,runlightssigns,,"Cars are consistently running the red light when traveling north, posing a hazard to peds and cyclists who have a green light. Cars traveling south do not stop at the stop sign, posing a double threat to peds and cyclists. There should be increased enforcement until permanent changes can be made.",POINT (-71.070793053999978 42.361434602000031),-71.070793053999978,42.361434602000031
{08272810-ABE7-42DE-9F87-2D899712E5CA},5/19/2024 18:34:54.373,,5/19/2024 18:34:54.373,,5/19/2024 18:33:00.000,bikes,,bikefacility,,"There is no bike lane here and fast-moving cars make for a very scary ride. Given its connection to SW Corridor, it sees heavy bicycle traffic but is not built for it.",POINT (-71.075998551999987 42.347489539000037),-71.075998551999987,42.347489539000037
{5BBD392F-00A1-4FAA-985D-657A9ED6F043},5/19/2024 18:36:14.702,,5/19/2024 18:36:14.702,,5/19/2024 18:35:00.000,bikes,,speeding,,,POINT (-71.076679727999988 42.34881247900006),-71.076679727999988,42.348812479000060
{9518B9B2-33F5-40B9-A890-623306EF5E9C},5/31/2024 15:30:13.087,,5/31/2024 15:30:13.087,,5/31/2024 15:28:00.000,walks,,toomanylanes,,The light timing and multiple crossings all along this connection between the Fens and the Greenway are ridiculous. Pedestrians get stranded in high speed traffic islands if and when the lights ever change. All of these intersections should be scramble crossings.,POINT (-71.104309213999954 42.344093653000073),-71.104309213999954,42.344093653000073
{BA8B9F6B-B83A-4C83-B4A8-5C09380CC5EE},5/31/2024 15:32:22.828,,5/31/2024 15:32:22.828,,5/31/2024 15:30:00.000,bikes,,bikefacility,,"The unprotected bike lane always has double parked cars or delivery trucks in it. There are dozens of motorcycles that also use this bike lane, which is frightening as a cyclist. The entirety of Mass Ave is unpleasant and scary for biking.",POINT (-71.08178215099997 42.340707130000055),-71.081782150999970,42.340707130000055
{73516A9C-B10C-4747-B139-16CE6397DE1E},6/4/2024 19:16:59.813,,6/4/2024 19:16:59.813,,6/4/2024 19:14:00.000,drives,,runlightssigns,,I am a resident who lives on this corner (504 Beacon St). There is a right turn lane to get off of the Mass Ave bridge onto beacon street with a no right turn on red sign and a traffic signal for the right turn lane. I frequently notice people who honk at cars in front of them and then speed around the cars to make an illegal right turn on red. This happens all of the time. ,POINT (-71.089534252999954 42.350871021000046),-71.089534252999954,42.350871021000046
{1C45FD22-DAFA-4D8F-8B5D-607B04058217},6/10/2024 20:20:08.928,,6/10/2024 20:20:08.928,,6/10/2024 20:18:00.000,walks,,speeding,,"Could speed humps/ other traffic calming measures be put on Lincoln Street? This street is super straight and encourages speeding, so some sort of traffic calming measure would be really appreciated ",POINT (-71.132889773999977 42.356959173000064),-71.132889773999977,42.356959173000064
{FDA708AD-0599-40FE-89AA-0F907F7B28C1},6/10/2024 20:25:17.482,,6/10/2024 20:25:17.482,,6/10/2024 20:24:00.000,walks,,awayfromside,,"The eastern side of the intersection of Allston St and Brighton Ave needs a crosswalk. I see people dashing across the street, away from the crosswalk, to avoid having to wait for the whole light cycle to get the walk signal again",POINT (-71.134267420999947 42.353275025000073),-71.134267420999947,42.353275025000073
{FF4F1DAC-668B-4B09-A686-6544D7A267EA},6/10/2024 20:27:36.883,,6/10/2024 20:27:36.883,,6/10/2024 20:26:00.000,walks,,speeding,,"Even with the recent redesign, I don't feel safe crossing the crosswalk here. Cars rarely yield to me, and I've even see a rear-end crash occur because I tried to cross. One of the RRFB signals was destroyed at this location as well",POINT (-71.123873467999942 42.358619330000067),-71.123873467999942,42.358619330000067
{0843ABE2-E4BD-48B2-B2B1-EB8549553508},6/10/2024 20:29:59.389,,6/10/2024 20:29:59.389,,6/10/2024 20:29:00.000,walks,,roadwaymaint,,"The sidewalks over the MBTA rails are in terrible shape, it all feels like a big tripping hazard ",POINT (-71.153131003999988 42.33793180300006),-71.153131003999988,42.337931803000060
{ACCE940D-E7EA-44C8-B758-853EB6BB27E1},6/10/2024 20:32:09.141,,6/10/2024 20:32:09.141,,6/10/2024 20:30:00.000,walks,,yieldturn,,Vehicles do not yield to pedestrians in the crosswalk,POINT (-71.16223204399995 42.334073636000028),-71.162232043999950,42.334073636000028
{CC084A4D-4E71-4E71-921E-2CBF7FF9CDF9},6/10/2024 20:33:23.280,,6/10/2024 20:33:23.280,,6/10/2024 20:32:00.000,walks,,speeding,,"Speeding vehicles, near the boys and girls club, are a concern to me. Are speed cushions an option here?",POINT (-71.136544222999987 42.350159597000072),-71.136544222999987,42.350159597000072
{A2348BB1-1D6F-48FF-8AE1-389379EC9D0B},6/11/2024 16:31:15.149,,6/11/2024 16:31:15.149,,6/11/2024 16:21:00.000,walks,,visibility,,"This crosswalk to cross Peter Parley is exceptionally long because of the way the sidewalks curve away. Because of parked cars, as a pedestrian you can't see cars driving down the hill until you're out in the street. In addition, since PP Rd is only wide enough for one lane of traffic (but it's a 2 way street), Cars are often focused on each other (rather than looking for pedestrians) and they often swerve into the crosswalk space in order to make way for a car going the other direction. They can't see you (pedestrian) and you can't see them. 

This is the crossing that stresses me out as a parent (when walking with my kids or when thinking about allowing them to walk on their own). 

Possible solutions: 
Bumping the sidewalks out
making Peter Parley one way
creating a parking-free zone around the crosswalk    ",POINT (-71.101926197999944 42.311060791000045),-71.101926197999944,42.311060791000045
{DD7F11DC-EA55-4056-932B-BA31D93D9DB8},6/11/2024 16:33:49.276,,6/11/2024 16:33:49.276,,6/11/2024 16:33:00.000,walks,,toomanylanes,,,POINT (-71.098334285999954 42.31583394300003),-71.098334285999954,42.315833943000030
{9AAF6EA9-DE00-4DCE-BA94-40A4EDE005FF},6/11/2024 16:35:50.072,,6/11/2024 16:35:50.072,,6/11/2024 16:34:00.000,walks,,sidewalk,,"This sidewalk is terrible! Mud and ice are bad, and it's really hard to navigate with a stroller or scooter. Also, cars entering the garage add a hazard (could the entrance/exit be made smaller?)",POINT (-71.100598069999933 42.313394380000034),-71.100598069999933,42.313394380000034
{C8C20E35-67BB-46D0-9556-F3FFBCDEECCF},6/11/2024 16:37:47.298,,6/11/2024 16:37:47.298,,6/11/2024 16:36:00.000,walks,,walksignal,,The wait for the walk signal is ridiculously long and it encourages pedestrians to walk without waiting for it. Sometimes cars have a red light but the walk still doesn't go. ,POINT (-71.10676054399994 42.349945167000044),-71.106760543999940,42.349945167000044
{E98BBCCA-9AB5-4171-BB40-A89F3D8D881B},6/11/2024 16:39:52.970,,6/11/2024 16:39:52.970,,6/11/2024 16:38:00.000,walks,,runlightssigns,,Cars illegally turn right on red. One of these days they will get hit by a car coming down Montebello. ,POINT (-71.101674195999976 42.312314681000032),-71.101674195999976,42.312314681000032
{F497BAC3-69CE-4015-BC95-44DEE42A1BFC},6/11/2024 16:42:40.460,,6/11/2024 16:42:40.460,,6/11/2024 16:41:00.000,walks,,sidewalk,,no curb cuts,POINT (-71.098763537999957 42.314058628000055),-71.098763537999957,42.314058628000055
{0AE6E245-0B7D-43B6-BD20-C411177FAA6F},6/11/2024 16:52:53.673,,6/11/2024 16:52:53.673,,6/11/2024 16:50:00.000,walks,,speeding,,"It is absurd to have nothing but a crosswalk here. We need a light!! This road feels like a highway to the cars, and yet it's a common crossing where kids and families cross to access their park!! We have been asking for this for years!!",POINT (-71.095164516999944 42.305005315000074),-71.095164516999944,42.305005315000074
{31EFF3F6-B91E-4B58-A9AA-9356ED6A52BF},6/12/2024 16:30:59.500,,6/12/2024 16:30:59.500,,6/12/2024 16:29:00.000,bikes,,bikefacility,,"This is such a miss! The bike path just ends here with no easy way to navigate the intersections, no way to connect to the SW Corridor, etc. ",POINT (-71.104318189999958 42.343758591000039),-71.104318189999958,42.343758591000039
{68053CFE-C954-4158-85D1-1FBC1060A4A6},6/14/2024 19:56:15.545,,6/14/2024 19:56:15.545,,6/14/2024 19:54:00.000,walks,,speeding,,"Crossing from Price Road onto Glenville Ave as a pedestrian can be tricky. Could a curb extension be put in so the crossing has improved visibility? If not, could speed humps be installed to slow down oncoming cars",POINT (-71.134728367999969 42.349529233000055),-71.134728367999969,42.349529233000055
{BDD87687-2B14-4357-A139-2791B0B7C794},6/22/2024 20:36:21.811,,6/22/2024 20:36:21.811,,6/22/2024 20:29:00.000,walks,,speeding,,"We live at that location and cars go too fast (over speed limit) up and down street. There is also limited visibility because of curve. There have been several vehicle accidents and last year a pedestrian was struck and injured by speeding car. First responders came.
If they put a speed hub just before the curve at 42 Newton St. call and after the curve at 60 Newton st it would slow the rate of speeds safely. 
Many cars race through the neighborhood to cut through to avoid tragic and have hit vehicles, a pedestrian was struck, and people’s animals have been hit ",POINT (-71.164896166999938 42.357025169000053),-71.164896166999938,42.357025169000053
{E2321472-4FBD-45BB-B6D3-1D98DFEF7838},6/25/2024 14:41:00.149,,6/25/2024 14:41:00.149,,6/25/2024 14:26:00.000,bikes,,bikefacility,,"Exiting this intersection going south, as the road shifts left, cars & trucks regularly cut through the bike lane, causing cyclists to be ""squeezed"" as the cars drive by.  This can be especially dangerous with large trucks, as there is a real risk of being run over.  

There were once white pylons here which I found were effective at keeping cyclists and automobiles separated at this squeeze, however they were removed some time ago.  

As a personal anecdote, I've seen 3 near misses at this intersection over the past year.  It's only a matter of time before a serious incident occurs here.  ",POINT (-71.06385367699994 42.398159751000037),-71.063853676999940,42.398159751000037
{0342ABA8-B81B-4819-951C-3BC7CE28178D},6/25/2024 14:49:32.016,,6/25/2024 14:49:32.016,,6/25/2024 14:43:00.000,bikes,,bikefacility,,"NOTE: I accidentally posted this comment on the wrong intersection.  This should be the correct location now, where Alford Street meets Dexter St. 

Exiting this intersection going south, as the road shifts left, cars & trucks regularly cut through the bike lane, causing cyclists to be ""squeezed"" as the cars drive by. This can be especially dangerous with large trucks, as there is a real risk of being run over.

There were once white pylons here which I found were effective at keeping cyclists and automobiles separated at this squeeze, however they were removed some time ago.

As a personal anecdote, I've seen 3 near misses at this intersection over the past year. It's only a matter of time before a serious incident occurs here. ",POINT (-71.067477340999972 42.394223285000066),-71.067477340999972,42.394223285000066
{A037B973-7375-488E-9C39-5A67B2B8AA58},7/8/2024 18:10:16.334,,7/8/2024 18:10:16.334,,7/8/2024 18:08:00.000,walks,,runlightssigns,,"Drivers constantly run this 4-way stop. It's so dangerous - I routinely almost get hit by cars when I'm in the crosswalk here, because they're impatient, they try to beat the pedestrian across the street, or they are looking down at their phones. I would guess 98% of drivers don't come to a full stop here or yield to pedestrians. The crosswalk paint and stop line paint on the north crossing is totally worn off, too.",POINT (-71.109564122999984 42.323377510000057),-71.109564122999984,42.323377510000057
{2FC111C4-9EF0-48E7-99F0-4DD555AA89D2},7/8/2024 18:11:18.271,,7/8/2024 18:11:18.271,,7/8/2024 18:10:00.000,bikes,,roadwaymaint,,Bad stretch of potholes on Day Street next to the MSPCA. I am always bracing for a flat tire when I bike.,POINT (-71.109786505999978 42.322727007000026),-71.109786505999978,42.322727007000026
{FF9978B2-8556-4F0D-8B4A-53B3D796DA48},7/8/2024 18:13:22.772,,7/8/2024 18:13:22.772,,7/8/2024 18:11:00.000,walks,,speeding,,"People absolutely gun it up and down Bynner St, only to come to a screeching halt at the red light or run the stop sign at Bynner & Day. There were just two car accidents at Bynner & Day within the span of 10 days. I live on Bynner and hear cars tearing down the street at 40+ mph all day long.",POINT (-71.110888619999969 42.323617879000039),-71.110888619999969,42.323617879000039
{2301A669-D02B-4613-B24E-3F14FCF2C31C},7/16/2024 0:01:50.031,,7/16/2024 0:01:50.031,,7/15/2024 23:56:00.000,walks,,awayfromside,,"This is a popular place to cross for pedestrians accessing the staircase outside the Cultural Center for trips between Shaw's and the bus stop on Meridian and Lexington or further into Eagle Hill. There is no crosswalk, and parked cars severely limit visibility. Please look into adding a crosswalk here and daylighting either side of the street.",POINT (-71.039813036999988 42.376432978000025),-71.039813036999988,42.376432978000025
{3FF23D80-BBF9-45AF-8F2D-9C2DD2644DE2},7/16/2024 0:04:02.523,,7/16/2024 0:04:02.523,,7/16/2024 0:02:00.000,bikes,,bikefacility,,"The bike lane is incredibly faded on this stretch of Maverick Street. Cars often drive or park in the bike lane, likely because they cannot see there is one there",POINT (-71.038281495999968 42.369876067000064),-71.038281495999968,42.369876067000064
{8A6FA444-4F7A-4AB0-BB36-6C58C0248F00},7/16/2024 0:59:15.423,,7/16/2024 0:59:15.423,,7/16/2024 0:56:00.000,bikes,,yieldgoing,,"Cars often do not yield at this intersection, and sometimes are going above the speed limit. Many pedestrians use this crosswalk to access the EB Greenway, and especially the adjacent dog park. Please consider installing a stop sign here.",POINT (-71.034260864999965 42.372878183000068),-71.034260864999965,42.372878183000068
{7AB52B0A-26D0-4E95-93F2-F8A629131187},7/17/2024 18:24:30.680,,7/17/2024 18:24:30.680,,7/17/2024 18:24:00.000,drives,,visibility,,,POINT (-71.035993571999938 42.373744113000043),-71.035993571999938,42.373744113000043
{18A83743-044E-4FDA-9EC2-9A2F9744453A},8/7/2024 15:44:40.952,,8/7/2024 15:44:40.952,,8/7/2024 15:40:00.000,bikes,,speeding,,This carriageway runs beside the Arborway. People flagrantly break the speed limit to beat the traffic on the actual Arborway. ,POINT (-71.119031230999951 42.30449730600003),-71.119031230999951,42.304497306000030
{E72BEA0C-7B53-466A-97B7-20FA24739D36},8/16/2024 1:31:42.210,,8/16/2024 1:31:42.210,,8/16/2024 1:29:00.000,walks,,awayfromside,,a crosswalk or street here would be great!,POINT (-71.130402111999956 42.29484469700003),-71.130402111999956,42.294844697000030
{ADCDA842-ABC6-4E76-8EF4-2DCE810185CF},8/21/2024 1:37:02.315,,8/21/2024 1:37:02.315,,8/21/2024 1:35:00.000,bikes,,other,Signal Timing Safety,"Bikers going toward Forest Hills Station across the slip lane turning onto South Street from Arborway have a green light at the same time as Drivers using the slip lane. Effectively, both have the right of way. It's only a matter of time before someone gets killed here.",POINT (-71.11465203299997 42.301642814000047),-71.114652032999970,42.301642814000047
{D5BD5CF4-B5A7-48C6-9A40-916646F1E728},8/25/2024 21:26:08.556,,8/25/2024 21:26:08.556,,8/25/2024 21:22:00.000,bikes,,bikefacility,,"This is a critical biking corridor from Dorchester/Southie into the city. People drive very fast here, and there are often cars parked in the right lane.",POINT (-71.063706154999977 42.343352133000053),-71.063706154999977,42.343352133000053
{3053EA4F-8209-4481-8C84-6D092C2E25C8},8/25/2024 21:28:29.764,,8/25/2024 21:28:29.764,,8/25/2024 21:26:00.000,bikes,,bikefacility,,"There's no bike lane from Arlington to Southie. Maps suggests following Herald St and Washington St, but people drive very aggressively on Herald St and it's hard to make a left turn on Washington St.",POINT (-71.066731686999958 42.347083047000069),-71.066731686999958,42.347083047000069
{63BC23D2-E6C7-4715-824A-511638A58B3E},8/25/2024 21:37:15.309,,8/25/2024 21:37:15.309,,8/25/2024 21:31:00.000,walks,,toomanylanes,,Lots of people cross to Enterprise St here where there is no crosswalk. The road is wide and drivers go fast. Narrowing street and providing a crosswalk would really improve safety.,POINT (-71.060812590999944 42.322642470000062),-71.060812590999944,42.322642470000062
{2BBE2910-1359-48FA-990D-A37835659E22},8/25/2024 21:43:10.497,,8/25/2024 21:43:10.497,,8/25/2024 21:37:00.000,walks,,toomanylanes,,"Please put a crosswalk from the corner of Willow Court across Allstate Road directly to where the sidewalk goes through the parking lot. A speed hump/table would be even better, since drivers routinely speed along this straight section. The parking lot here is in general very unfriendly to pedestrians and it would be great if the city could make it safer and more convenient to walk through.",POINT (-71.064483995999979 42.325031361000072),-71.064483995999979,42.325031361000072
{0C95A446-1E69-438C-80D6-E3B7ACB6D8D8},8/25/2024 21:46:22.714,,8/25/2024 21:46:22.714,,8/25/2024 21:44:00.000,bikes,,bikefacility,,"I hope the bike lane will be extended further up Berkeley. At the light, bikers going straight who were in the right lane are suddenly in the way of traffic turning right on the green arrow. The surface is also super rough here which makes it hard to steer with one hand to give turn signals.",POINT (-71.072671175999972 42.350947341000051),-71.072671175999972,42.350947341000051
{71003127-35AE-4037-A345-0331E8166137},8/26/2024 16:30:48.131,,8/26/2024 16:30:48.131,,8/26/2024 16:18:00.000,walks,,speeding,,"   Baker Street from Catholic Memorial across Spring Street (when the light is Green) to its intersection with Centre Street has become the “work-around” to bypass the “congestion” caused by Boston’s safety initiative to reduce the traffic lanes in West Roxbury Centre for traffic in both directions between South Brookline and Dedham.
    Speed Humps-not bumps-should installed from adjacent to the school crossing at Catholic Memorial down Baker Street (at least 2) to Ansonia Road. Two stop signs should installed on Baker Street on either side of its intersection with Ansonia Road adjacent to the crosswalk along with one speed hump on the slope on Baker Street adjacent to the Kilmer School.
",POINT (-71.163931242999979 42.271927326000025),-71.163931242999979,42.271927326000025
{6338A887-E586-4EAC-B8D8-359CE42E3353},8/27/2024 14:25:20.287,,8/27/2024 14:25:20.287,,8/27/2024 14:22:00.000,walks,,notenoughtime,,"The combined green walk signal and flashing hand countdown only provides enough time for pedestrians to cross half the street before turning to the solid red hand. Drivers will NOT yield for pedestrians already in the crosswalk, especially after seeing the red hand for pedestrians. The green walk pedestrian interval should last just as long as the green signal for vehicles. ",POINT (-71.115790358999959 42.351142730000049),-71.115790358999959,42.351142730000049
{EEA4D360-C552-47C8-8A22-DEE295011177},8/30/2024 0:00:49.063,,8/30/2024 0:00:49.063,,8/30/2024 0:00:00.000,walks,,yieldgoing,,Most drivers do not yield for pedestrians at this crosswalk,POINT (-71.094674940999937 42.344519934000061),-71.094674940999937,42.344519934000061
{88073D03-9CDC-4322-A675-3EEF3B2D1E16},9/12/2024 23:44:05.103,,9/12/2024 23:44:05.103,,9/12/2024 23:43:00.000,bikes,,bikefacility,,,POINT (-71.076485933999948 42.341404658000044),-71.076485933999948,42.341404658000044
{33421DEE-AC37-49EC-94FC-93648798867A},9/14/2024 13:00:20.826,,9/14/2024 13:00:20.826,,9/14/2024 12:56:00.000,walks,,yieldturn,,This intersection feels chronically dangerous as a pedestrian. Right- and left-turning drivers (especially turning from Albany onto Mass Ave) routinely choose not to yield to pedestrians who have the walk light and are already in the middle of the crosswalk. ,POINT (-71.073386200999948 42.333561090000046),-71.073386200999948,42.333561090000046
{8EC29053-C724-4211-9483-1501D0D9BF07},9/17/2024 13:28:17.508,,9/17/2024 13:28:17.508,,9/17/2024 13:24:00.000,bikes,,yieldturn,,"There is no bike infrastructure on Longwood Ave and this intersection with Riverway is particularly bad. Bikes typically go through the intersection with the 4-way pedestrian signal to avoid being invisible when vehicles are turning, especially with large vans and trucks that further block visibility. This is not ideal, even if cyclists yield to pedestrians. During morning rush hour, when cars on Riverway have a green arrow to turn left onto Longwood, they are not yielding to pedestrians/cyclists crossing because they are only concerned with the fact that they have a green arrow and there is traffic stopped around the intersection that they want to get through.",POINT (-71.109983427999964 42.34033118800005),-71.109983427999964,42.340331188000050
{5DBE4FAD-F965-48A6-A24D-82C843418FD0},9/17/2024 13:30:52.427,,9/17/2024 13:30:52.427,,9/17/2024 13:29:00.000,bikes,,speeding,,Vehicle drivers speed through the intersection trying to make the light. This is especially problematic when drivers are trying to turn left. They will accelerate hard to try and make the turn before the light changes.,POINT (-71.109899398999971 42.340346521000072),-71.109899398999971,42.340346521000072
{084EB28D-C7FA-4122-967C-CF7F10F66D7F},9/17/2024 13:31:59.820,,9/17/2024 13:31:59.820,,9/17/2024 13:31:00.000,bikes,,runlightssigns,,Vehicle drivers go through the red light from all directions because they get tired of waiting for the light and are impatient.,POINT (-71.109892232999982 42.340306406000025),-71.109892232999982,42.340306406000025
{EE80B4E7-A031-41E4-B6D7-B5ACF661EB5D},9/17/2024 13:33:30.968,,9/17/2024 13:33:30.968,,9/17/2024 13:32:00.000,bikes,,roadwaymaint,,"the roadway surface has potholes and uneven pavement in areas. This is a nuisance for vehicle drivers, but dangerous for cyclists whose wheels can get caught in uneven pavement and cause a crash.",POINT (-71.109945876999973 42.340282615000035),-71.109945876999973,42.340282615000035
{EB85DAA3-37AB-4B1D-B3E6-8A7234932A10},9/17/2024 13:34:37.660,,9/17/2024 13:34:37.660,,9/17/2024 13:33:00.000,bikes,,notenoughtime,,The crosswalk time is relatively short considering it's a 4-way walk signal and there are multiple lanes to cross.,POINT (-71.109924418999981 42.340318301000025),-71.109924418999981,42.340318301000025
{04606081-BE4D-4878-B66B-46ECAEBE6589},9/17/2024 13:36:32.214,,9/17/2024 13:36:32.214,,9/17/2024 13:35:00.000,bikes,,toomanylanes,,This is a large area for pedestrians to cross with multiple lanes in all directions. Adding bike infrastructure and shorter crosswalks would make a huge difference for cyclists' and pedestrians' safety and their visibility to drivers.,POINT (-71.109892232999982 42.340298475000054),-71.109892232999982,42.340298475000054
{9C5BF9C5-A8A8-42AF-9EF6-5A1E139771F9},9/20/2024 14:14:06.153,akleyman_CTPS,9/20/2024 14:14:06.153,akleyman_CTPS,9/20/2024 14:14:00.000,walks,,notenoughtime,,,POINT (-71.066641737999987 42.351517604000037),-71.066641737999987,42.351517604000037
{7BA7E79C-2FD3-4F7C-9353-DEFFBBF11C23},9/28/2024 20:20:03.855,,9/28/2024 20:20:03.855,,9/28/2024 20:19:00.000,walks,,toomanylanes,,,POINT (-71.124772499999949 42.304398609000032),-71.124772499999949,42.304398609000032
{9273EE94-D8E5-4100-B10F-1308D4773BA3},9/28/2024 20:21:09.439,,9/28/2024 20:21:09.439,,9/28/2024 20:20:00.000,walks,,toomanylanes,,,POINT (-71.12539527499996 42.302899799000045),-71.125395274999960,42.302899799000045
{219C237E-D687-4270-A95E-175B5505F385},9/28/2024 20:21:45.774,,9/28/2024 20:21:45.774,,9/28/2024 20:21:00.000,walks,,toomanylanes,,,POINT (-71.126234722999982 42.301809020000064),-71.126234722999982,42.301809020000064
{E38B2BB7-4584-438C-BE21-85A84725839C},9/28/2024 20:23:25.721,,9/28/2024 20:23:25.721,,9/28/2024 20:22:00.000,walks,,speeding,,,POINT (-71.12539527499996 42.302899799000045),-71.125395274999960,42.302899799000045
{F135C5B1-A5EB-49D5-BBE4-E73F5654B8EE},9/28/2024 20:25:20.857,,9/28/2024 20:25:20.857,,9/28/2024 20:24:00.000,walks,,yieldgoing,,,POINT (-71.124772499999949 42.304398609000032),-71.124772499999949,42.304398609000032
{6D483B11-512F-4C45-A144-D9CF6125BBB8},9/28/2024 20:26:30.999,,9/28/2024 20:26:30.999,,9/28/2024 20:25:00.000,walks,,speeding,,,POINT (-71.124772499999949 42.304398609000032),-71.124772499999949,42.304398609000032
{EBB171F4-E602-4FD7-AAA7-A91E5350235D},9/28/2024 20:27:18.782,,9/28/2024 20:27:18.782,,9/28/2024 20:26:00.000,walks,,speeding,,,POINT (-71.126234722999982 42.301809020000064),-71.126234722999982,42.301809020000064
{240DB719-3004-436F-B0B0-DE79094C5DCB},9/28/2024 20:28:04.723,,9/28/2024 20:28:04.723,,9/28/2024 20:27:00.000,walks,,yieldgoing,,,POINT (-71.126234722999982 42.301809020000064),-71.126234722999982,42.301809020000064
{5C5192A7-F382-42EC-8B57-F1D5842391FA},9/28/2024 20:30:34.104,,9/28/2024 20:30:34.104,,9/28/2024 20:28:00.000,walks,,yieldgoing,,"Most cars do not stop when the flashing lights on the RRFBs are activated.  

Even more dangerous, if one lane of traffic does stop and a pedestrian begins to cross the road, they may be blocked from the view of a second lane of traffic, leading to the potential for a fatal accident – a “double threat” that the Boston Transportation Department calls a fundamentally dangerous design. 

One of our neighbors was an eye-witness to a crash that occurred for this reason several years ago. And in 2018, another neighbor was walking while pushing her child in a stroller in the crosswalk of the Westchester/Centre Street intersection when a speeding vehicle in the second lane of traffic approached and nicked the stroller.  Fortunately, no one was physically hurt in these cases, but these accidents and near-accidents are incredibly traumatizing on an emotional level, and those involved may not be so fortunate next time. 
",POINT (-71.12539527499996 42.302899799000045),-71.125395274999960,42.302899799000045
{DA6C301B-7AA8-41CD-9082-51109F66B99B},9/28/2024 20:33:08.169,,9/28/2024 20:33:08.169,,9/28/2024 20:27:00.000,walks,,speeding,,People often speed down this street at night. Sometimes going upwards up 50 miles an hour. Maybe a speed trap or camera to capture license plates (for tickets) would help cut down on this problem.,POINT (-71.116490173999978 42.315395881000029),-71.116490173999978,42.315395881000029
{CB1D7B6D-4511-4923-AE92-FAB7B2E96007},9/28/2024 20:39:13.083,,9/28/2024 20:39:13.083,,9/28/2024 20:33:00.000,walks,,other,,"Trying to cross  at this intersection is very dangerous. There is no light, or any kind of walk signal, that would alert cars to actually stop for pedestrians. It is a very frequented place where people, dogs, kids cross the street and cars do not stop when you are in the walkway. There are a lot of ""near misses"" and people have been hit in this intersection. Pedestrians need to worry about cars turning onto center street, along with cars going in either direction of center street. I am advocating for a blinking ""walk light"" that can be pushed, similar to how the arboretum has, on the way to Faulkner Hospital. 
",POINT (-71.114247846999945 42.314662026000065),-71.114247846999945,42.314662026000065
{DFD6C4E2-B5DE-4D94-BD04-2F49EA273EC7},9/30/2024 3:38:24.304,,9/30/2024 3:38:24.304,,9/30/2024 3:34:00.000,bikes,,yieldturn,,"The bike lane that exists here is incredibly dangerous as cars will continue right towards Forest Hills regardless of if you are needing to head straight toward Soldier's Monument / the Loring-Greenough House. This is also dangerous in a car, but far worse on a bicycle.",POINT (-71.121239538999987 42.308747436000033),-71.121239538999987,42.308747436000033
{2FABDDB1-0E7A-4A5B-B724-B5F6FD0E3873},9/30/2024 3:41:26.119,,9/30/2024 3:41:26.119,,9/30/2024 3:38:00.000,walks,,sidewalk,,The sidewalk in front of 8 Rambler Rd has been broken for multiple years now and is a serious tripping hazard. ,POINT (-71.125451349999935 42.304488030000073),-71.125451349999935,42.304488030000073
{BA210CC6-E752-494C-A986-809A941D96FE},10/9/2024 13:25:40.586,,10/9/2024 13:25:40.586,,10/9/2024 13:23:00.000,walks,,speeding,,"This is a street that people speed on, particularly at night. Either coming from Center or coming from the Jamaica way. High speeds are noted.",POINT (-71.116410167999959 42.31539291200005),-71.116410167999959,42.315392912000050
{35EBC82B-008D-4FF0-AFDF-E8604C2221B0},10/9/2024 15:47:41.611,,10/9/2024 15:47:41.611,,10/9/2024 13:25:00.000,walks,,other,This intersection needs a Walk light that pedestrians can push,"This is a very dangerous intersection for pedestrians/bikers, etc trying to cross the street. It is a very frequented cross walk in this neighborhood. Cars often times do not stop for pedestrians in the cross walk or if one side does, the other side just flies by while you are in the middle of the street. If a bus is stopped, cars go around the bus, so it is also hard to cross as a pedestrian with children or dogs. There really needs to be a light that can be pushed to alert people to STOP. Flashing lights and/or a pedestrian signal would be ideal. 
I have witnessed many people almost getting hit.",POINT (-71.114110215999972 42.31462520000008),-71.114110215999972,42.314625200000080
{BA81C719-2AC9-4B0D-B273-157CD6B6A6F2},10/9/2024 17:01:19.042,,10/9/2024 17:01:19.042,,10/9/2024 16:46:00.000,walks,,toomanylanes,,"This is technically an unmarked intersection where Holbrook St meets Centre St. For all residents who live on Holbrook, Dunster, and Dane in this neighborhood, the only way to walk south towards many community landmarks (Curtis Hall, Loring Greenough, JP library, businesses on South St, Forest Hills T), the fastest way to cross is here. The only other routes that use a traffic lights to cross, are to go out of the way 2 blocks in the opposite direction, west, or a block north to the Eliot St intersection. This is not only an issue for people with mobility issues, it’s not good city planning design. Many residents end up just crossing here at this intersection to head to South St, but the street width is about 4 lanes wide, there is no painted crosswalk, and vehicles commonly gas it here because it’s so wide. Residents who come from these 3 streets and beyond need traffic lights and a painted crosswalk here. ",POINT (-71.116397294999956 42.309196493000059),-71.116397294999956,42.309196493000059
{A8AFBFB9-08D8-4451-9B05-2569A91FC3CE},10/11/2024 14:27:51.556,,10/11/2024 14:27:51.556,,10/11/2024 14:24:00.000,walks,,speeding,,"I regularly see drivers honk and speed up when BU students are walking here. It's not just that they speed, it's that they try to intimidate pedestrians by endangering them. Speed tables would be appropriate here. ",POINT (-71.106531969999935 42.35008199300006),-71.106531969999935,42.350081993000060
{1EBD9CF2-FE6C-4088-9CFD-70B02D9FF6F5},10/11/2024 20:44:55.190,,10/11/2024 20:44:55.190,,10/11/2024 20:38:00.000,walks,,yieldgoing,,"It's a wide crosswalk, and cars always speed, don't yield, and it's right by several parks. It's a dangerous crosswalk, as evidenced by several past pedestrian crashes, and my own personal experience walking there every day. ",POINT (-71.066541249999943 42.349612621000063),-71.066541249999943,42.349612621000063
{A0C46555-91C1-49B5-9402-C66A2196E0AC},10/11/2024 20:51:14.659,,10/11/2024 20:51:14.659,,10/11/2024 20:49:00.000,walks,,other,Traffic is not stopped for peds,"There is a walk signal here, that has no immediately associated traffic light and this causes close calls with cars that don't realize they should stop and pedestrians that have a walk signal frequently.",POINT (-71.085134322999977 42.347994067000059),-71.085134322999977,42.347994067000059
{C58BC67E-BC26-4267-9E42-444C70918F94},10/18/2024 13:14:00.080,,10/18/2024 13:14:00.080,,10/18/2024 13:12:00.000,bikes,,bikefacility,,"The Greenway bans bikes and other forms of micro mobility devices, with no exception for use as a mobility aid, however the surrounding streets are not safe to bike on. This policy needs to be reversed. ",POINT (-71.051958079999963 42.359142576000067),-71.051958079999963,42.359142576000067
{0F50F103-0EB8-4C5A-9E7D-A9E7E3206EE8},10/18/2024 13:14:51.724,,10/18/2024 13:14:51.724,,10/18/2024 13:14:00.000,bikes,,bikefacility,,Charles street is a huge gap in the bike network. Fix it. ,POINT (-71.070197100999962 42.357461833000059),-71.070197100999962,42.357461833000059
{A466FE19-7FF9-4B57-B676-F0DE5AC4D033},10/18/2024 14:37:06.128,,10/18/2024 14:37:06.128,,10/18/2024 14:32:00.000,walks,,runlightssigns,,"Driver behavior is insane on this intersection. There is a separate signal for cars making right turns from Sudbury into Congress so pedestrians can cross safely, yet almost *every* *singe* *time* drivers either try to aggressively cut off pedestrians or if the car at the front of the lane actually obeys the red arrow, the cars behind them will honk incessantly and try to go around them almost crashing into pedestrians despite the red signal. With the city's and police departments apparent zero enforcement policy, safety improvements like protected turns are completely meaningless.",POINT (-71.058491940999943 42.362399943000071),-71.058491940999943,42.362399943000071
{0D2C0162-0AD9-4CB9-9864-6E6DFB8BFCE1},10/18/2024 20:58:58.899,,10/18/2024 20:58:58.899,,10/18/2024 20:48:00.000,walks,,runlightssigns,,"This is a key route that connects residents of the North End to North Station as well as many tourists/concertgoers going to Regina's. The driver behavior at this intersection and nearby intersections is completely unhinged with extremely aggressive speeding, driving in the bus lane, double parking, driving on the wrong side of the road, running red lights and making illegal turns. I think a strict 1 hour enforcement session on this block would probably net about 200 tickets. 
A big issue is people turning into Thacher make the turn without checking for pedestrians (who don't have a signal at all) and aggressively try to cut people off. Just past Thacher is the left turn into Medford St where drivers will block the whole road to make a turn that they could do further up at the light.
Finally, despite the huge ped volume, the light has a beg button and I see confused tourists wondering why they don't get a green light.",POINT (-71.05839954399994 42.365239630000076),-71.058399543999940,42.365239630000076
{00765AEC-5CF7-4E35-A421-EF5459EAB087},10/18/2024 21:01:40.729,,10/18/2024 21:01:40.729,,10/18/2024 21:00:00.000,walks,,walksignal,,There is probably something wrong with this light because it will sometimes skip the pedestrian 'green' cycle even if I pushed the button and a full cycle for traffic in each direction has passed.,POINT (-71.063856358999942 42.36225328300003),-71.063856358999942,42.362253283000030
{058A2F07-0A7C-44D4-908B-D31F241BE283},10/22/2024 15:19:29.251,,10/22/2024 15:19:29.251,,10/22/2024 15:14:00.000,walks,,speeding,,"Cars are CONSTANTLY speeding on Dorchester Ave down in the Ashmont area. There aren't even any signs on Dorchester Ave stating what the speed limit is!

Additionally, it has become almost impossible to cross the street. Cars don't stop for people who are in crosswalks. People are almost hit by cars while in crosswalks far too frequently in this area - I have witnessed people actively walking in a crosswalk and cars still won't stop. It's only a matter of time before this area adds to the statistics that Vision Zero is trying to eliminate.",POINT (-71.064891691999946 42.283602655000038),-71.064891691999946,42.283602655000038
{48151F73-19D5-4641-BDFF-53332F5751F8},10/22/2024 15:22:08.575,,10/22/2024 15:22:08.575,,10/22/2024 15:19:00.000,walks,,runlightssigns,,"Not only is speeding a problem in this area, but drivers constantly run red lights. While walking, I've had the walk signal turn on to cross the street, and have had multiple cars run red lights well after the light had turned red (and well after I've started walking across the street). This area of Dorchester Ave is really dangerous when it comes to how the cars drive.",POINT (-71.065894837999963 42.279930553000042),-71.065894837999963,42.279930553000042
{113AC92C-788E-4963-BCA3-0A619BF8805C},10/22/2024 15:38:08.199,,10/22/2024 15:38:08.199,,10/22/2024 15:29:00.000,drives,,visibility,,"Cars and large trucks often park on Lincoln very close to Antwerp, blocking the view of oncoming traffic in either or both directions. Now that there's an increase in eastbound traffic it's even more dangerous to try to exit Antwerp. A light or stop signs on Lincoln would be great but at the very least blocking out the spaces for sightlines would help. ",POINT (-71.140789273999985 42.358012173000077),-71.140789273999985,42.358012173000077
{FB536576-6562-4C1F-93DF-E184FC69D03C},10/22/2024 19:17:43.188,,10/22/2024 19:17:43.188,,10/22/2024 19:16:00.000,bikes,,yieldgoing,,,POINT (-71.067614133999939 42.424000604000071),-71.067614133999939,42.424000604000071
{AD4DF3CE-0DD4-4759-86F8-EE629ABCACE9},10/22/2024 19:19:17.727,,10/22/2024 19:19:17.727,,10/22/2024 19:18:00.000,drives,,doublepark,,,POINT (-71.080282206999982 42.349317129000042),-71.080282206999982,42.349317129000042
{24A22C8D-D0F6-4EBA-84CF-FD167377FF7C},10/31/2024 13:47:55.906,,10/31/2024 13:47:55.906,,10/31/2024 13:46:00.000,walks,,speeding,,This area has a lot of food traffic but drivers insist on treating it like a highway. Cars are constantly flying down this street with no BPD enforcement whatsoever.,POINT (-71.065229649999935 42.28220075400003),-71.065229649999935,42.282200754000030
{53C8E2F5-2484-4B51-87D4-157AA994106E},10/31/2024 13:50:06.656,,10/31/2024 13:50:06.656,,10/31/2024 13:48:00.000,drives,,speeding,,"Speeding is a problem here. I've witnessed cars that have had to be going 70+ MPH on this road. Just last week, I witnessed 2 very serious car crashes within about a mile of each other on this same road. ",POINT (-71.071763510999972 42.278158522000069),-71.071763510999972,42.278158522000069
{DB96F54E-11E6-493A-955F-8846B9670DDA},10/31/2024 20:23:23.821,,10/31/2024 20:23:23.821,,10/31/2024 20:19:00.000,walks,,sidewalk,,"This pedestrian crosswalk is used extremely frequently by Wentworth students walking to/from classes. The crosswalk is pedestrian-priority, and even has special markings to indicate so, but drivers don't always yield, and often drive uncomfortably fast. This location is a perfect candidate for a raised crosswalk, which would make crossing the street here much safer.",POINT (-71.094511325999974 42.33556447400008),-71.094511325999974,42.335564474000080
{D7E88EB4-C9E4-4E82-AC8E-C20DECFC3B0E},11/8/2024 19:58:36.123,,11/8/2024 19:58:36.123,,11/8/2024 19:57:00.000,walks,,notenoughtime,,The lights are too short for people to cross from one side of Huntington avenue to the other without getting stuck on the Green line tracks,POINT (-71.088968273999967 42.340493864000052),-71.088968273999967,42.340493864000052
{3167E5B6-BA74-4E38-A5D3-C398A69DD432},11/8/2024 19:59:57.535,,11/8/2024 19:59:57.535,,11/8/2024 19:58:00.000,walks,,sidewalk,,No curb cuts. Makes it hard to dock bluebikes at the station,POINT (-71.086886879999952 42.347419785000056),-71.086886879999952,42.347419785000056
{0BBD635B-812C-44C8-90D9-D3257FF18378},11/14/2024 23:09:32.960,,11/14/2024 23:09:32.960,,11/14/2024 22:52:00.000,bikes,,bikefacility,,"The SW direction on Beacon St, from Park Drive to Carlton St has a dedicated bike lane. Despite heavy bike traffic, this remains a dangerous area for cyclists. (1) Drivers pull into the bike lane at the start and end of the blocks, blocking cyclists from entering the bike lane after crossing Park Drive, or exiting the bike lane (by St. Mary's or Carlton St). (2) Drivers disregard the bike lane markings when parking and pull into the bike lane adjacent to the parking spaces. Subsequently, cars parked over the line regularly have passengers blindly swing doors open. (3) Mopeds regularly park in the bike lane. 

As a cyclist who traverses this road daily, I have close encounters with almost getting doored or having to circumnavigate a car most days of the week, often several times within the same day. Today, as a pedestrian, I was witness to a cyclist getting doored by a rideshare drop-off passenger. He walked off the scrapes and bruises, but the dangers of this section remain.",POINT (-71.105910713999947 42.346557224000037),-71.105910713999947,42.346557224000037
{D722D00F-78E8-4EE6-9049-7091D59012EA},11/15/2024 17:41:05.836,,11/15/2024 17:41:05.836,,11/15/2024 17:36:00.000,bikes,,bikefacility,,Make-shift bike lane (paint) suddenly ends on north side of stroad and cyclists/pedestrians are not given a safe path to connect to adjacent sidewalks or the Dudley Path. The sidewalk under the I-90 bridge at North Beacon and Leo Birmingham Pkwy suddenly ends and does not connect to Parsons St. There is a track clearly walked/biked into dirt along the stroad where many people have used. This is unsafe and vehicular traffic have zero regards for pedestrian safety in this area!,POINT (-71.154836859999989 42.358107185000051),-71.154836859999989,42.358107185000051
{1AD26044-EBA6-4D2F-A7F4-3FBD371D15AC},11/15/2024 17:42:41.889,,11/15/2024 17:42:41.889,,11/15/2024 17:41:00.000,walks,,toomanylanes,,The slip-lane on Brighton Ave east bound is a dangerous blind spot for pedestrians where right turning traffic do not slow before the turn.,POINT (-71.125219939999965 42.351968983000063),-71.125219939999965,42.351968983000063
{F646A8BC-1A98-4B26-A8A0-F7AB10E14B39},11/15/2024 17:46:18.064,,11/15/2024 17:46:18.064,,11/15/2024 17:43:00.000,walks,,toomanylanes,,There needs to be a refuge point here. Pedestrians must cross 4 lanes and are often disregarded from right-turning traffic in the make-shift slip lane and double parkers. A leading pedestrian interval (LPI) can help increase visibility of pedestrians intending to cross.,POINT (-71.137239455999975 42.35364670000007),-71.137239455999975,42.353646700000070
{FFA205D8-4B41-4C8F-9AF8-62BBEBC9EC06},11/15/2024 17:50:24.481,,11/15/2024 17:50:24.481,,11/15/2024 17:46:00.000,walks,,sidewalk,,The ""sidewalk"" between Storrow Dr and Charles River are incredibly narrow in this area and cannot safely accomodate two-way foot traffic. This is a common commuter path where cyclists and pedestrians collide. The sharp guard rail stanchions are a safety hazard while biking at night where people are blinded by oncoming traffic and running into them.,POINT (-71.117264507999948 42.360372979000033),-71.117264507999948,42.360372979000033
{7F55AECA-06EE-48C3-80B1-860204D06296},11/15/2024 17:52:56.475,,11/15/2024 17:52:56.475,,11/15/2024 17:51:00.000,bikes,,bikefacility,,Cyclists are constantly thrown in and out of the make-shift bikes lanes (paint) which is unpredictable and unsafe when traffic is attempting to overtake.,POINT (-71.161129281999933 42.348938154000052),-71.161129281999933,42.348938154000052
{845CFE66-1399-4F5F-A42D-ACC8EB97B159},11/17/2024 19:48:07.985,,11/17/2024 19:48:07.985,,11/17/2024 19:46:00.000,bikes,,bikefacility,,"bridge is narrow and pavement is rough, very scary on a bike both north and southbound",POINT (-71.057119990999979 42.338738736000039),-71.057119990999979,42.338738736000039
{D38887A5-CB4A-4EFA-BC5F-B34186B5685B},11/17/2024 19:52:18.351,,11/17/2024 19:52:18.351,,11/17/2024 19:49:00.000,bikes,,bikefacility,,Please divide the bike lane into two lanes all around the garden/common. Many people bike the wrong direction and it would be safer if they were just given a designated lane,POINT (-71.069982523999954 42.352157687000044),-71.069982523999954,42.352157687000044
{EBF289AB-98A4-4322-9225-FB356478012C},11/20/2024 16:20:11.817,,11/20/2024 16:20:11.817,,11/20/2024 16:16:00.000,bikes,,other,the crosswalk is usually blocked by cars when the walk sign is on,"I bike daily to work along the Charles river path. Most of the time (4/5 days per week), the crosswalk is blocked by traffic when the walk sign turns on. As a result, pedestrians and cyclists typically have to weave between several lanes of cars to get across the road. It is not uncommon for the crosswalk to be blocked by a large truck, which makes this even more scary. This is a seriously dangerous intersection for pedestrians and should be fixed ASAP before someone gets hurt.",POINT (-71.117372473999978 42.361038559000065),-71.117372473999978,42.361038559000065
{BB285F42-AADC-4784-8BB5-0B1615927A7C},11/20/2024 16:28:34.807,,11/20/2024 16:28:34.807,,11/20/2024 16:23:00.000,bikes,,other,people perpetually block the crosswalks in this intersection during rush hour,"While the recent infrastructure improvements have made an improvement to this intersection, it is still stressful and dangerous to navigate outside a car.  Northbound traffic on Mass Ave (including those turning right from Boylston to Mass Ave) regularly block the crosswalk, causing pedestrians and cyclists to dangerously weave between cars. I think regular enforcement of blocking the intersection here would be very helpful. ",POINT (-71.087738297999977 42.347311561000026),-71.087738297999977,42.347311561000026
{416F85C1-4D49-430C-9B75-7539FCE9695F},11/20/2024 16:30:28.307,,11/20/2024 16:30:28.307,,11/20/2024 16:29:00.000,walks,,notenoughtime,,"given how busy this intersection is with Northeastern students, there absolutely needs to be more time to cross the street. I basically have to run to make it across in one go. On top of that, the light cycle time is way too long.",POINT (-71.090490191999947 42.339613779000047),-71.090490191999947,42.339613779000047
{688433E2-A5B5-4398-AFC8-C19A3ABBCF1C},11/28/2024 11:54:49.199,,11/28/2024 11:54:49.199,,11/28/2024 11:52:00.000,walks,,yieldturn,,"Drivers frequently do not yield to pedestrians in this crossing. There is a leading pedestrian interval which helps if people are crossing from the MFA side but not from the other side as cars will already be turning by the time you reach it. 

I was almost hit yesterday by a driver who refused to yield to multiple people in the crosswalk, who flipped us off and screamed he had a green light. Please consider replacing the green light with a flashing yellow to encourage yielding to pedestrians or preferably fully separating the pedestrian phase. ",POINT (-71.092385871999966 42.339078287000063),-71.092385871999966,42.339078287000063
{27A9415D-4858-4746-A3F7-B5398C2A4C45},12/2/2024 14:40:10.188,,12/2/2024 14:40:10.188,,12/2/2024 14:36:00.000,bikes,,runlightssigns,,"Frequently see cars running red lights heading Eastbound on Commonwealth for the right turn onto MA 2. 

Almost right hooked by a vehicle this morning during rush hour. Closest call I've had in 6 months.",POINT (-71.10950487599996 42.350248798000052),-71.109504875999960,42.350248798000052
{0DE82EF3-506E-4895-AE3A-B6EDF949ABB3},12/7/2024 17:10:45.006,,12/7/2024 17:10:45.006,,12/7/2024 17:09:00.000,bikes,,bikefacility,,Very rough pavement and no protection from speeding cars. People often park in the bike lane as well.,POINT (-71.056370302999937 42.356147725000028),-71.056370302999937,42.356147725000028
{38F999F1-10D7-448C-B182-26A2C3BA0FED},12/7/2024 17:12:06.828,,12/7/2024 17:12:06.828,,12/7/2024 17:10:00.000,bikes,,doublepark,,There are always multiple double parked vehicles when I bike through here in the morning.,POINT (-71.054444476999947 42.355645000000038),-71.054444476999947,42.355645000000038
{47FF8E7E-0050-44F8-A9A7-D11E1FB85055},12/7/2024 17:13:35.094,,12/7/2024 17:13:35.094,,12/7/2024 17:12:00.000,bikes,,doublepark,,Very dangerous stretch inbound,POINT (-71.05530887599997 42.356587407000063),-71.055308875999970,42.356587407000063
{86CECDBF-9523-4641-9D8A-5A1C9E15D513},12/7/2024 17:19:51.559,,12/7/2024 17:19:51.559,,12/7/2024 17:17:00.000,drives,,visibility,,"The city tried to improve this intersection by having no parking zones at the end of the street, but people just park in them anyway. Please add cement blocks",POINT (-71.056979750999972 42.321853755000063),-71.056979750999972,42.321853755000063
{7A6E4FC1-CF6F-4811-B1DC-339269CD1C79},12/7/2024 17:27:24.335,,12/7/2024 17:27:24.335,,12/7/2024 17:22:00.000,drives,,other,Signal issue,The left-only and straight/right signals being at different times confuses drivers. People going straight stop traffic in the middle lane. People also block the buses heading southbound. This intersection plus Mass/Albany is a total clusterf***.,POINT (-71.072922884999969 42.332702578000067),-71.072922884999969,42.332702578000067
{1AE530D8-1349-4C0B-9EFC-DDEDE7A2A8D0},12/16/2024 17:00:18.205,,12/16/2024 17:00:18.205,,12/16/2024 16:56:00.000,walks,,runlightssigns,,Too much commercial traffic not being overseen by law enforcement where school children are crossing to get to their bus stops.,POINT (-71.058210213999985 42.353164355000047),-71.058210213999985,42.353164355000047
{AB79D93D-02E3-4EE0-B54A-A85081CC4453},12/19/2024 1:23:58.269,,12/19/2024 1:23:58.269,,12/19/2024 1:21:00.000,walks,,speeding,,"At the pedestrian crosswalk over park drive just above the Fenway T stop, even when you press the pedestrian light that flashes lights for drivers, drivers don’t stop and speed so fast through the crosswalk, even as people are entering the crosswalk. I’ve been almost hit by cars on numerous occasions- it’s extremely unsafe. ",POINT (-71.104562705999967 42.345504854000069),-71.104562705999967,42.345504854000069
{402F5184-3395-445A-8B8A-538EEA3F4133},12/19/2024 16:23:22.923,,12/19/2024 16:23:22.923,,12/19/2024 16:22:00.000,walks,,toomanylanes,,Scary to cross Charles here! ,POINT (-71.066551978999939 42.349573967000026),-71.066551978999939,42.349573967000026
{1ACA8F68-2D71-47C0-8685-68EFDCB490A7},12/19/2024 16:24:18.704,,12/19/2024 16:24:18.704,,12/19/2024 16:23:00.000,walks,,speeding,,Speeding drivers next to a children's park.,POINT (-71.06650101699995 42.349084341000037),-71.066501016999950,42.349084341000037
{6429E059-2B3F-4D26-9499-2C62C4F7FA8A},12/20/2024 13:04:02.881,,12/20/2024 13:04:02.881,,12/20/2024 13:00:00.000,walks,,runlightssigns,,The intersection between Ruggles Street and the Ruggles lower busway is incredibly dangerous for pedestrians.  Drivers regularly run the red lights here long into the pedestrian walk signal due to excessive speeding travelling both ways.  I have personally had multiple near-miss experiences as a pedestrian navigating this intersection and have witnessed many others as well.  ,POINT (-71.090253318999942 42.335444271000028),-71.090253318999942,42.335444271000028
{EF6EA7A2-4CE4-4246-A9DA-DBCCACFEEA9D},12/27/2024 21:42:51.653,,12/27/2024 21:42:51.653,,12/27/2024 21:40:00.000,walks,,notenoughtime,,"This is a very busy intersection for pedestrians, largely students at Berklee. When crossing Mass. Ave, the walk light is only on for a few seconds, usually not allowing all of the pedestrians wishing to cross through. This leads to a lot of people crossing when it is unsafe to avoid a long wait for the crossing light.",POINT (-71.087738747999936 42.34729132700005),-71.087738747999936,42.347291327000050
{6FD59158-5C52-45E6-9E1B-F90B8F3B7B45},1/13/2025 14:33:25.491,,1/13/2025 14:33:25.491,,1/13/2025 14:29:00.000,walks,,runlightssigns,,"Someone died yesterday crossing the street at 9am. These cars speed, run red lights, and don’t yield when turning. It’s dangerous to even drive and I don’t feel safe crossing the street. Pedestrians should be able to cross at the same time and have all cars be stopped at a red. I’ve almost been hit bc a car didn’t yield. It’s near a t station, shops, resident living. So many people walk here. ",POINT (-71.057000118999952 42.329487714000038),-71.057000118999952,42.329487714000038
{19B1FC0B-C3F8-402A-9B33-660DC2688292},1/13/2025 17:19:09.859,,1/13/2025 17:19:09.859,,1/13/2025 16:27:00.000,drives,,yieldturn,,It’s 6 way intersection absolutely insane. Every year someone die and every month there is car crash.,POINT (-71.056997053999964 42.329540699000063),-71.056997053999964,42.329540699000063
{775288C0-C5F0-4B65-BF86-DF7DB7D69251},1/17/2025 20:17:54.681,,1/17/2025 20:17:54.681,,1/17/2025 20:14:00.000,walks,,runlightssigns,,"I work at brigham and women’s hospital in trauma surgery. We recently had an elderly woman walking to a cardiology appointment who was severely injured and has been in the ICU for a whole week after being struck by a vehicle at this four way stop sign. I frequently watch vehicles blow through stop signs at this intersection. When driving home, it is almost impossible to get through with people not obeying the rules of a four way stop sign, especially given the level of foot traffic at this intersection. Something has to be done about this intersection, and unfortunately I think it should be a traffic light. It is so unsafe. As a member of mission hill and a clinician at this hospital, I am concerned about the safety of patients and community members. ",POINT (-71.108204968999985 42.336237271000073),-71.108204968999985,42.336237271000073
{6C1374A9-80DB-4549-8FAD-403C9FFCD222},1/18/2025 1:59:18.399,,1/18/2025 1:59:18.399,,1/18/2025 1:55:00.000,walks,,yieldturn,,"It is almost impossible to cross the street in this area. Cars NEVER stop for people, creating an unnecessarily unsafe environment. Pedestrians will be in the middle of the crosswalk and almost get hit by some jerk in their car.",POINT (-71.064998979999984 42.283441260000075),-71.064998979999984,42.283441260000075
{C7EC7A85-4DCB-4CBE-A783-BD51AB517539},1/18/2025 22:36:24.527,,1/18/2025 22:36:24.527,,1/18/2025 22:34:00.000,drives,,speeding,,Pedestrian bridge would be safest for this six way intersection ,POINT (-71.056496668999955 42.330172539000046),-71.056496668999955,42.330172539000046
{81521AE4-B504-403E-A0C5-10DC7D014362},1/21/2025 15:48:03.774,,1/21/2025 15:48:03.774,,1/21/2025 15:46:00.000,bikes,,bikefacility,,"Almost daily I encounter cars driving inside the dual direction, separated bike lane in order to short cut traffic on this section of Mass Ave. This put bikes in a very dangerous position, being boxed out of the protected bike lane by a car taking up the full lane",POINT (-71.062150473999964 42.321041325000067),-71.062150473999964,42.321041325000067
{BE907995-9AF3-4D4B-9A7E-E8F2BAAA40E1},1/22/2025 20:06:00.036,,1/22/2025 20:06:00.036,,1/22/2025 20:03:00.000,drives,,other,Speed Humps,"I have read prior communication where speed humps will be installed throughout the city, except on main streets. I am asking that the City of Boston re-think this approach. Cities like Somerville and Cambridge have successfully installed speed humps on main streets, including ones that are frequently traveled by MBTA buses. Dorchester Ave is in dire need of traffic calming, and the MBTA bus drivers are a main culprit of a lot of the issues and should not be given a free pass, as these drivers could very much need calming measures themselves.",POINT (-71.064467902999979 42.285016695000024),-71.064467902999979,42.285016695000024
{7FCA4F08-8171-41D0-A170-CBAF9E40799E},1/22/2025 20:08:23.723,,1/22/2025 20:08:23.723,,1/22/2025 20:06:00.000,other,At home,doublepark,,"This area really needs some attention when it comes to double parking, as it has become an issue with cars just stopped right in the middle of the street (which is one lane only, causing safety concerns).",POINT (-71.064972157999989 42.283280262000062),-71.064972157999989,42.283280262000062
{B8D27359-A744-46B7-A74C-667E7D9B1922},1/24/2025 18:09:51.238,,1/24/2025 18:09:51.238,,1/24/2025 17:50:00.000,other,walking and driving,other,unsafe rotary conditions,"There are no lines anywhere which makes driving in the area a free for all. During high traffic hours, it's very dangerous with everyone trying to go a different way, and trying to get there fast. This leads to a lot risky maneuvers and a lot of people cutting each other off. When the rotary isn't as busy, people are speeding to get through, making it difficult for pedestrians trying to cross one of many intersections. I have almost been hit by a car multiple times when walking around the rotary and have seen multiple near-crashes while driving around the rotary. This is a very dangerous area and something needs to change! ",POINT (-71.05119633299995 42.321669990000032),-71.051196332999950,42.321669990000032
{5AAEC78C-8DE3-43AC-9751-2A36EBE59D02},1/30/2025 19:47:56.137,,1/30/2025 19:47:56.137,,1/30/2025 19:43:00.000,walks,,sidewalk,,"This section of sidewalk is incredibly undersized for how many pedestrians use it. Even though it is part of the Freedom Trail and used by tens of thousands daily (especially in the summer), there is hardly space to walk two abreast. This diverts people into the road where left-turning cars are distracted by the valet service at the hotel. This street should be entirely, or at least mostly, pedestrianized. In my ideal world, Washington is pedestrianized all the way to the Old State House and School Street is added to the zone. This will much better accommodate the crush of tourists during peak season.",POINT (-71.059991588999935 42.357879917000048),-71.059991588999935,42.357879917000048
{8D29D312-64B0-4A70-B39D-EC8F31E9992B},1/30/2025 19:56:29.032,,1/30/2025 19:56:29.032,,1/30/2025 19:53:00.000,walks,,runlightssigns,,"There is essentially zero enforcement of the pedestrian zone here. Cars and scooters ignore the pedestrian signage and drive through constantly; many all the way from Temple Place, and others illegally turning right from Franklin Street. Because of the constant traffic, most pedestrians here still use the raised sidewalks. The city needs to add access bollards and enforce fines on people driving here.",POINT (-71.06010675899995 42.35579896400003),-71.060106758999950,42.355798964000030
{F5C9386D-B2C7-496E-984B-1F2357AC0239},2/7/2025 0:33:30.689,,2/7/2025 0:33:30.689,,2/7/2025 0:24:00.000,walks,,runlightssigns,,"Traffic backs up here so people race to get through the light, which means they run the red light while pedestrians are trying to cross. And drivers make a right on red even when
the WALK sign is on.",POINT (-71.05570931699998 42.362529689000041),-71.055709316999980,42.362529689000041
{F85A0570-B31A-412C-BBFA-431A5A474E04},2/7/2025 0:50:19.792,,2/7/2025 0:50:19.792,,2/7/2025 0:40:00.000,walks,,speeding,,This stretch of Atlantic Ave is a straight-away for cars leaving the light in front of Commercial Wharf and racing to get through the light at Fleet Street and at the endof North St. There's a crosswalk in the middle of this stretch of road with no crossing signal. Pedestrians are hoping drivers will stop to let them cross. Plus pedestrians are dealing with cars exiting Lewis Wharf and cars entering onto Atlantic form the Commercial St extension.,POINT (-71.051042021999933 42.362971429000027),-71.051042021999933,42.362971429000027
{9EB14F36-6153-4F98-B531-06C20603904A},2/7/2025 0:58:30.270,,2/7/2025 0:58:30.270,,2/7/2025 0:51:00.000,walks,,roadwaymaint,,This section of N. Washington street is like a mine field of uneven pavement making crossing the street a challenge - even for an able bodied person. And it's a wide street that needs a longer light to get across. Plus drivers regularly run the light to beat the traffic coming in from the right.,POINT (-71.05838995299996 42.364908271000047),-71.058389952999960,42.364908271000047
{9C9116A8-2D3A-41F8-8A31-4AC80A4D4B6D},2/10/2025 15:47:39.420,,2/10/2025 15:47:39.420,,2/10/2025 15:44:00.000,walks,,speeding,,"Hello, I'm reaching out about a sharp bend on Centre Street in West Roxbury that has seen at least two accidents each year for the past decade. Speeding around this curve is a serious public safety concern. Although I’ve been informed that speed humps are not permitted here due to its designation as a major roadway and MBTA bus route, I respectfully request alternative traffic-calming solutions. Examples include reconfiguring lanes, adding raised crosswalks, or installing curb bump-outs—anything that physically encourages drivers to slow down. It’s only a matter of time before someone is severely injured, and I hope we can work together under the Vision Zero initiative to ensure this does not happen. Thank you for your attention to this critical safety issue.",POINT (-71.142620890999979 42.288877177000074),-71.142620890999979,42.288877177000074
{63CFBEA7-D1AA-4964-A801-973598D629C4},2/11/2025 17:03:07.691,,2/11/2025 17:03:07.691,,2/11/2025 17:01:00.000,bikes,,doublepark,,People constantly park in the bike lane and/or double park to wait for food deliveries. At a minimum bollards are needed to prevent this behavior,POINT (-71.104561562999947 42.337580079000077),-71.104561562999947,42.337580079000077
{A5462845-34E4-459B-BE00-74D9DB6CB913},2/11/2025 17:06:12.556,,2/11/2025 17:06:12.556,,2/11/2025 17:03:00.000,bikes,,toomanylanes,,"Extremely wide intersection means the most vulnerable road users are in the streets for too long. Traffic coming off the bridge cuts across the bike lane to turn right onto common wealth, westbound drivers on commonwealth cut the corner in the bike lane making the right onto the bridge. There is no bike access to the river path on the boston side of the bridge. ",POINT (-71.110934491999956 42.350633488000028),-71.110934491999956,42.350633488000028
{7009CF7C-E959-45D4-8B16-7D79B904B7A3},2/11/2025 17:09:08.529,,2/11/2025 17:09:08.529,,2/11/2025 17:06:00.000,bikes,,yieldturn,,Extremely unclear infrastructure here. Bike lane goes from separate+protected to in the street at an intersection with no stop or yield for traffic or bikes in the direction of travel. Unclear where cyclists should ride northbound as road goes from oneway to two-ways.,POINT (-71.111250991999952 42.349503595000044),-71.111250991999952,42.349503595000044
{8DF3D94A-BA1E-4814-92D8-D28B08354307},2/11/2025 17:14:53.758,,2/11/2025 17:14:53.758,,2/11/2025 17:12:00.000,bikes,,yieldturn,,"Vehicles consistently make the left turn onto westbound Commonwealth from the right hand lane, either running the red light in the process, or forcing their way across the bike lane during the left turn light cycle. ",POINT (-71.10955583599997 42.350419404000036),-71.109555835999970,42.350419404000036
{1F854C1B-FFA3-49DF-BDEA-581AE4AE8863},2/11/2025 17:19:45.249,,2/11/2025 17:19:45.249,,2/11/2025 17:18:00.000,bikes,,bikefacility,,Bike infrastructure needed to safely access Paul Dudley White Bike Path,POINT (-71.160104746999934 42.358500674000027),-71.160104746999934,42.358500674000027
{1A322E73-5F78-4B95-BBC9-9DADF4FBD97A},2/11/2025 17:20:28.494,,2/11/2025 17:20:28.494,,2/11/2025 17:19:00.000,bikes,,bikefacility,,Protected Bike infrastructure needed to safely access the Paul Dudley White Bike Path,POINT (-71.146135802999936 42.361586442000032),-71.146135802999936,42.361586442000032
{A9F6252C-C238-4907-92AD-18B42ADC4178},2/11/2025 17:22:01.447,,2/11/2025 17:22:01.447,,2/11/2025 17:20:00.000,bikes,,bikefacility,,Protected Bike infrastructure needed to safely access Paul Dudley White Bike Path,POINT (-71.13542842399994 42.364717772000063),-71.135428423999940,42.364717772000063
{8E5777CB-9BA5-4421-8067-DB1E0014FBD4},2/11/2025 17:23:16.149,,2/11/2025 17:23:16.149,,2/11/2025 17:22:00.000,bikes,,bikefacility,,Bike Infrastructure needed to connect bike facilities/infrastucture to Paul Dudley White Bike Path,POINT (-71.131523127999969 42.366628203000062),-71.131523127999969,42.366628203000062
{92BC09D0-648D-4CCF-A5BA-F256885383E1},2/11/2025 17:25:24.352,,2/11/2025 17:25:24.352,,2/11/2025 17:24:00.000,bikes,,sidewalk,,No bike/handicap accessible way to cross storrow dr to access Paul Dudley Bike Path,POINT (-71.100677723999979 42.350899108000078),-71.100677723999979,42.350899108000078
{73B8F091-58A7-4D21-A09E-035CCED33E4C},2/19/2025 23:56:50.451,,2/19/2025 23:56:50.451,,2/19/2025 23:50:00.000,bikes,,bikefacility,,"I ride this route (and the south-bound branch of main st) on my daily commute. On both roads there are barely marked, small ""bike lanes"" that are too close to parked cars. At first, I tried to stay in the bike lane and let cars pass but found it extremely unsafe as cars pass far too close. Especially now with cars parked further into the road due to snow. 

Tonight, as I was riding home from my commute, a driver ""laid on their horn"" and physically threatened me by driving immediately behind my rear tire. Obviously the driver is problematic here, but I believe most cars are mislead by the existence of the bike lane that it is safe to pass bikers when it is not.

As this is essentially a quiet residential road with many crosswalks, the speed limit should be 20 mph here, and there is no need to pass a biker if they are going a reasonable speed. Clear, ""share the road"" markings would match actual safety conditions with driver expectations on both these roads, along with 20 or 15 mph signs.",POINT (-71.061149411999963 42.373317021000048),-71.061149411999963,42.373317021000048
{E2126F35-C479-4BC2-9777-8F5B5DEA5D9C},2/20/2025 0:02:06.594,,2/20/2025 0:02:06.594,,2/19/2025 23:57:00.000,walks,,walksignal,,"This crossing features a beg button on both directions of Rutherford Ave. After pushing, pedestrians have to wait for at least a minute (I have not timed this, it may be 2 minutes) for the signal to change. During this time, cars pass loudly pass at high speeds making it very uncomfortable to wait. This is then repeated on the other side of Rutherford Ave, meaning the total crossing time is in the range of several minutes.",POINT (-71.071887419999939 42.381492253000033),-71.071887419999939,42.381492253000033
{303E3547-9900-4A06-8680-99CB0E6A66C5},2/27/2025 11:32:47.957,,2/27/2025 11:32:47.957,,2/27/2025 11:29:00.000,walks,,speeding,,Drivers slingshot around the Park Drive curve near Clemente Field at 20+ mph above the posted speed limit. The curve makes it impossible for them to see the pedestrian crossing ahead and so they create a life-threatening situation for pedestrians and fail to yield consistently. DCR has not lowered the speed limit or installed flashing pedestrian crossing signs. Someone is going to get hit here. ,POINT (-71.099734613999942 42.34077850400007),-71.099734613999942,42.340778504000070
{271356DA-2DEF-4043-8EE4-07A93047981D},2/27/2025 21:24:23.889,,2/27/2025 21:24:23.889,,2/27/2025 21:21:00.000,walks,,yieldgoing,,I believe the sign that it is a crosswalk is out of the typical sightline of drivers on both sides. Because of that people do not stop as the law permits them to. ,POINT (-71.087345804999984 42.341063691000045),-71.087345804999984,42.341063691000045
{0D6BCD9D-D076-458F-93B7-FD7F1BD217DD},3/26/2025 14:24:31.082,,3/26/2025 14:24:31.082,,3/26/2025 14:09:00.000,bikes,,bikefacility,,"This section of arborway northbound is a death trap for cyclists. I mean that quite literally in the sense that you are trapped and in serious physical danger if you don't know it's coming. On arborway southbound, there is a bike/parking lane with ample room, so when I was going on an out-and-back trip, I assumed there will be a decent bike lane in the other direction. I was dead wrong. Not only is the bike lane northbound much narrower, it thins down to nothing in this section, leaving bikes fully exposed in a lane where cars are typically driving 40+ mph (lethal speed) in both lanes. There is ample evidence of crashes in this stretch of road (check the fence on google street view, or 311 history), and traffic calming is desperately needed for cyclist and driver safety. Having a bi-directional bike route through this corridor will help extend bike connections to forest hills, and keep high-speed bikes out of the pedestrian-speed arboretum paths.",POINT (-71.119352998999943 42.30695170100006),-71.119352998999943,42.306951701000060
{64F10D90-4A1C-445E-8635-E152B2763FBB},3/31/2025 12:10:30.272,,3/31/2025 12:10:30.272,,3/31/2025 12:07:00.000,walks,,notenoughtime,,"There needs to be proactive safety measures in place due to the amount of commercial vehicle traffic and pedestrian traffic in this location. It is also the location of a BPS pick up and drop off location so child safety is a risk and a concern. The solution is simple, have a BPS person there to oversee and monitor the traffic activity.",POINT (-71.057837481999968 42.353467908000027),-71.057837481999968,42.353467908000027
{27A10512-B03D-4DBC-9E32-BD8C5CDC22E7},4/26/2025 19:29:00.978,,4/26/2025 19:29:00.978,,4/26/2025 19:26:00.000,walks,,speeding,,"Residential street with young children, cars speed down this street with no regard to people getting in and out of parked cars",POINT (-71.112734326999941 42.324032486000078),-71.112734326999941,42.324032486000078
{2C79E091-7A55-492B-B549-B4BAB002609E},4/28/2025 19:11:07.332,,4/28/2025 19:11:07.332,,4/28/2025 18:51:00.000,walks,,yieldturn,,"Most drivers this intersection ignore traffic signals and signs, even in areas with clear visibility—not blind corners—where pedestrians are plainly visible. Despite this, drivers routinely speed up instead of stopping for crosswalks, cutting off pedestrians mid-crossing. This dangerous behavior is rampant. Tragically, a few years ago, a young girl was killed near the intersection of Hyde Park Ave and American Legion Highway by drivers accelerating through the crosswalk. If an officer stand there to ticket violators, they could easily issue 100 of dozens of citations daily due to the sheer volume of infractions. even some #14 bus cutting off pedestrians from forest hills station. I feel its not good idea allowing cars turn left from hyde park ave.
Installing speed bumps on Hyde Park Ave would be a practical solution. The road’s long, straight stretches encourage speeding despite its low speed limit. Speed bumps would physically enforce slower driving and protect pedestrians.",POINT (-71.119970004999971 42.272513540000034),-71.119970004999971,42.272513540000034
{282A0E96-CFCE-4DD9-A729-F7A5BD254200},5/2/2025 12:31:00.207,,5/2/2025 12:31:00.207,,5/2/2025 12:23:00.000,walks,,other,Cars  do not yield to pedestrians attempting to cross at crosswalk,Unreasonable speed of cars in Savin Hill in general and do not respect crosswalks when pedestrians are present.  I have nearly been hit numerous times by cars not paying attention or yielding when I am in the crosswalk.,POINT (-71.052659104999975 42.310971832000064),-71.052659104999975,42.310971832000064
{141EAC79-8239-44FE-8200-C1843EE51388},5/19/2025 13:10:26.220,,5/19/2025 13:10:26.220,,5/19/2025 13:09:00.000,walks,,other,wrong way driving on one-way road,,POINT (-71.158313366999948 42.369704221000063),-71.158313366999948,42.369704221000063
{F2897D4E-355A-4FE6-91D1-8AA5E16B8545},5/19/2025 13:11:24.023,,5/19/2025 13:11:24.023,,5/19/2025 13:10:00.000,drives,,runlightssigns,,,POINT (-71.157821087999935 42.371343813000067),-71.157821087999935,42.371343813000067
{1E56EC04-F31D-4B66-A177-4666EF86C57B},5/19/2025 23:04:53.946,,5/19/2025 23:04:53.946,,5/19/2025 23:03:00.000,drives,,visibility,,Difficulty to see oncoming traffic when taking a left turn,POINT (-71.033352267999987 42.338111990000073),-71.033352267999987,42.338111990000073
{23A8A8BB-E943-4A00-AC79-A7B30CE4EB31},5/19/2025 23:07:17.685,,5/19/2025 23:07:17.685,,5/19/2025 23:05:00.000,drives,,awayfromside,,Pedestrians do not pay attention to the cross signal at the four way intersection. They are walking into the street not paying attention to the street light and cross signal. Multiple times I’ve had to stop short when turning onto E 5th from L street due to a pedestrian Jay walking ,POINT (-71.035233870999946 42.333951546000037),-71.035233870999946,42.333951546000037
{65C2C4F5-1000-4246-B8D4-9690194E7955},5/29/2025 18:19:39.821,,5/29/2025 18:19:39.821,,5/29/2025 18:18:00.000,bikes,,notenoughtime,,Too fast ,POINT (-71.014623406999988 42.338141467000071),-71.014623406999988,42.338141467000071
{6CEDCB17-6A17-45E2-B350-788838823153},6/8/2025 2:38:52.826,,6/8/2025 2:38:52.826,,6/8/2025 2:29:00.000,walks,,walksignal,,The intersection of Austin and Main Street is overly car centric. The length of the traffic light cycle is far too long  not consistent with the actual volume of traffic in this pedestrian zone and most people cross illegally due to the excessive wait. The walk signal only activates once per light cycle (after both traffic directions have received very long green) and often does not activate at all (MULTIPLE light cycle occurs before walk signal). Length of green to each direction should be shortened.  Consider giving walk signals with a delayed green to allow pedestrians to get a head start and twice per cycle -- similar to many intersections on Main street in Cambridge-Kendall Square. Walk signal should be given regardless of if button is depressed. Excessively long green lights are provided even when no traffic or little traffic is present which should be corrected with a modern signaling system.,POINT (-71.064461531999939 42.37555059400006),-71.064461531999939,42.375550594000060
{C0E468CB-58F0-40BA-8C1E-C32C82ADEE9A},6/8/2025 2:52:25.125,,6/8/2025 2:52:25.125,,6/8/2025 2:39:00.000,walks,,walksignal,,This is the primary pedestrian artery to/from the Orange Line and Charlestown.  This intersection is severely oversized for the volume of traffic. The intersection size should be greatly reduced since the traffic bottleneck is at Charles river Dam and mostly not at this location. The southbound slip lane towards Cambridge should be eliminated- car traffic takes this slip lane at very high speed and it is a great danger to pedestrians. A traditional right turn should be provided instead to clam traffic. The wait time for the walk signal is EXCESSIVELY LONG and it takes SEVERAL MINUTES to cross legally. EVERYONE crosses illegally in an area with high speed traffic. This intersection is due for redesign however several immediate steps can be taken to improve prior to redesign. The walk signals should be improved to allow crossing when there are no traffic conflicts. The slip lane should be blocked off. Austin street leading into Charlestown should be narrowed and more crosswalks provided.,POINT (-71.067742879999969 42.374271195000063),-71.067742879999969,42.374271195000063
{0FFC64BC-8153-4104-ADF1-3360EE8AC46C},6/9/2025 14:37:42.949,,6/9/2025 14:37:42.949,,6/9/2025 14:33:00.000,walks,,runlightssigns,,"I was struck while in a cross walk with a walk sign by a Boston City Inspector f150 who ran a red light on December 5th, 2024 (a police report was filed and LP# MB2.504). I sustained serious injury - including getting surgery on my left chest artery and nerves as a direct result. I noticed there have been other accidents on the site map - I do not see my accident as a pedestrian reflected. ",POINT (-71.052349657999969 42.339662030000056),-71.052349657999969,42.339662030000056
{7DB0E245-8122-4D62-88B7-6CCAA4A72DB2},6/10/2025 18:58:36.555,,6/10/2025 18:58:36.555,,6/10/2025 18:57:00.000,walks,,notenoughtime,,At the intersection of warren/commonwealth there is not enough time to cross the street(commonwealth),POINT (-71.140292012999964 42.348636995000049),-71.140292012999964,42.348636995000049
{324C61C1-981B-4CB7-9E16-059B6060A2AC},6/12/2025 23:15:32.436,,6/12/2025 23:15:32.436,,6/12/2025 22:58:00.000,bikes,,other,Bike Lane Signage,"Poplar is a one way street going south.It also has a counterflow bike lane going North. Cars from Florence turn left across the bike lane. Because Poplar is a one way, cars turning from Florence onto Poplar don't look for bikes coming from the opposite direction - they only look North for incoming cars and forget to look South for incoming bikes. I cross this intersection on a bike daily and see/experieence car-and-bike near misses often. I don't know what the correct approach would be to make this intersection safer, but I do think that the current signage to cars to let them know they are turning across a bike lane could be investigated. Thanks!",POINT (-71.128677115999949 42.284967893000044),-71.128677115999949,42.284967893000044
{29058CDA-927D-4A46-A62C-C55B61DE39A3},6/17/2025 1:32:46.772,,6/17/2025 1:32:46.772,,6/17/2025 1:30:00.000,walks,,yieldgoing,,"The rotary near Rutherford ave is extremely dangerous for pedestrians. The walk signals imply that it is safe to walk or that drivers will yield for pedestrians, however, there is no light for cars so they just drive through the walk signal all the time. It is nearly impossible to cross safely here without running across between traffic lights",POINT (-71.073690426999974 42.383782435000057),-71.073690426999974,42.383782435000057
{D033DE1A-F047-49F2-B813-CE5B78D4C0AA},6/17/2025 1:34:50.792,,6/17/2025 1:34:50.792,,6/17/2025 1:33:00.000,walks,,yieldturn,,Drivers frequently pull right into the crosswalk extremely quickly while looking to their left for oncoming traffic. This means that they almost never look to their right if there are pedestrians cross.ing. I have almost been hit crossing multiple times due to thinking a driver will not go only for them to try and accelerate right in front of me. It is also extremely risky for cyclists as the cars pull into the bike lane to look for oncoming traffic,POINT (-71.073222758999975 42.383763087000034),-71.073222758999975,42.383763087000034
{C97EB441-9BB4-4E1D-95D4-CEA39CB0DEA9},6/18/2025 20:20:34.569,,6/18/2025 20:20:34.569,,6/18/2025 20:13:00.000,walks,,visibility,,"At this end of Warren St it is difficult for pedestrians to see cars coming around the corner. Compounded with the prevalence of speeding along Warren St, this makes for a dangerous situation, evident by the pedestrian accidents at either side of the curve that can be seen on the Vision Zero Crash Map. ",POINT (-71.141441936999968 42.349187289000042),-71.141441936999968,42.349187289000042
{74EC6F39-9E86-4AE6-8AA4-E230D1EE59FD},6/18/2025 20:39:19.201,,6/18/2025 20:39:19.201,,6/18/2025 20:21:00.000,walks,,speeding,,"Vehicles often speed the length of Warren St between Cambridge St and Comm Ave. There are no speed limit or warning signs visible. Given the locations of Brighton High, Boston Green Academy, and Kennedy Day School, can part of this street be designated and signed as a School Zone? 
Based on the other buildings and their occupants along this stretch of road - Franciscan Children's taking care of kids, Brighton Marine serving the veteran community - additional signage on Warren Street is needed. ",POINT (-71.145223851999958 42.349856309000074),-71.145223851999958,42.349856309000074
{9E124CAF-C083-40D6-867C-D8706BEEEFCF},6/20/2025 8:51:42.117,,6/20/2025 8:51:42.117,,6/20/2025 8:41:00.000,walks,,other,Drivers do not respect No U-Turn sign,"


I thank the City for responding to my earlier report regarding the visibility of the “No U-Turn” sign at Castlegate Road and Blue Hill Avenue in Dorchester. I appreciate the city's effort in pruning the tree that had been obstructing the sign.

However, since the initial corrective action, I’ve continued to observe frequent illegal turns at the intersection. 

To address this 

1. **Full Removal of the Tree** – This would eliminate partial obstruction.
2. **Enhanced Pavement Markings** – Add “NO U-TURN” or directional arrows on the road surface to reinforce the sign.
3. **Supplemental Signage** – Consider adding an overhead or mirrored “No U- Turn” sign.
4. **Targeted Enforcement or Data Collection** – A short monitoring period could provide clarity on violation frequency.
5. **Design Modification** – Consider low-cost channelization (e.g., flexible bollards or curb extensions) to physically discourage the turn.


",POINT (-71.051784511999983 42.34978024000003),-71.051784511999983,42.349780240000030
{1C38CAA8-00FF-436B-8AB4-EABCDE7DDE65},7/1/2025 13:00:26.501,,7/1/2025 13:00:26.501,,7/1/2025 12:52:00.000,walks,,notenoughtime,,"Hello, I've been walking from North Station to Beacon Hill for 3 years, and previously walked from Charles Street Station to Beacon Hill for several years. To get to work, I have to cross both Bowdoin St and Cambridge St at that intersection. There is only about 10 seconds allotted for pedestrians during the walk signal, which applies to all of the crosswalks at the same time. That is barely enough time to cross one street, let alone both. As a result, pedestrians often get caught in the middle of the street as the light is changing, or take the risk to cross the street when traffic is moving in that direction but when there is a break in cars turning. Given how many people commute by foot in this area, I think it would be great if the City considered adding 10 more seconds to the signal so pedestrians can safely get across the street without running or taking any unnecessary risks, which is more in line with other signals on Cambridge St.",POINT (-71.062887925999974 42.361225421000029),-71.062887925999974,42.361225421000029
{5B1D5C14-457B-4E26-864D-0FDC77051CCE},7/6/2025 22:02:19.963,,7/6/2025 22:02:19.963,,7/6/2025 22:00:00.000,walks,,notenoughtime,,Intersection of Commonwealth Ave & Chestnut Hill Ave.  Walk signal is not nearly long enough to cross all 6 lanes + train tracks.  Frequently have to jog to make it in time.,POINT (-71.153324122999948 42.338137073000041),-71.153324122999948,42.338137073000041
{AC63BEC0-54AD-4F4E-966B-4E289F3F3411},7/6/2025 22:04:48.510,,7/6/2025 22:04:48.510,,7/6/2025 22:02:00.000,walks,,yieldgoing,,"Despite new blinking signage, drivers frequently do not yield to pedestrians.  Also, drivers frequently drive at speed into the bike lane to go around cars waiting to turn, endangering anyone riding in the bike and also those waiting to cross.",POINT (-71.153355039999951 42.344508449000045),-71.153355039999951,42.344508449000045
{BFA831ED-0B06-4A17-B80E-AB7BDEF8924A},7/6/2025 22:06:23.358,,7/6/2025 22:06:23.358,,7/6/2025 22:05:00.000,walks,,speeding,,"Union St is next to a playground.  Cars frequently speed downhill.  This has already been flagged by the city as a street with frequent speeding, but nothing has been done about it.",POINT (-71.151647741999966 42.345907034000049),-71.151647741999966,42.345907034000049
{25925A10-763C-494E-B374-E797B0859983},7/13/2025 15:02:17.100,,7/13/2025 15:02:17.100,,7/13/2025 14:55:00.000,walks,,walksignal,,"This intersection was just re-worked for the new Bill Russel Bridge.  The timing of the signals at this intersection results in excessively long wait times for walk signals (several minutes).  As a result, nearly everyone crosses illegally. Often there are few cars present (high traffic volume is only doing peak commuting hours) yet the long light cycle continues with few cars present. The city is overly focused on maximizing car throughput which is is at odds with vision zero and desire to increase use of public transportation. There is no reason why bike and walk signals cannot be given additional priority at this and many other similar intersections except that there is concern over inconveniencing drivers. Please reevaluate the model for these intersections.",POINT (-71.06183933799997 42.371203753000032),-71.061839337999970,42.371203753000032
{6CA13536-E0CE-459C-9D26-A9F86F69DAB1},7/13/2025 15:11:45.434,,7/13/2025 15:11:45.434,,7/13/2025 15:05:00.000,walks,,other,Crosswalks/Road Design,"Crosswalk infrastructure and road design needs improvement. People are generally forced to cross and the very busy Rutherford Ave/Austin Street intersection however there are ample opportunities to provide crossings further down on Austin street, heading towards Charlestown.  Austin street is overly wide for the volume of traffic resulting in excessive speeds and longer than necessary crossings at locations with no crosswalks. Narrower roads and traffic calming measures coupled with bike infrastructure and crosswalks should be implemented in this corridor, which is part of the otherwise walkable heart of Charlestown.",POINT (-71.065922115999967 42.374841480000043),-71.065922115999967,42.374841480000043
{C9B52AE9-E39F-40B4-84EF-953ED455DF5B},8/6/2025 11:48:54.679,,8/6/2025 11:48:54.679,,8/6/2025 11:45:00.000,drives,,other,People ignore road signage,"At the intersection of Arborway and Washington going eastbound, there is a right-turn only lane that many, many people ignore and either zoom straight and cut in to the middle lane.  This is obviously dangerous.  Either you need to police this area or change the physical roads as they are just ignoring the red arrow signal as well as the right-turn symbol in the road.",POINT (-71.112553562999949 42.301324512000065),-71.112553562999949,42.301324512000065
{7370036B-5352-4AD7-A288-687FCC7AC9C9},8/6/2025 11:54:16.345,,8/6/2025 11:54:16.345,,8/6/2025 11:50:00.000,drives,,runlightssigns,,"The light at the intersection of Arborway and Morton Street many times stays red while the next light over at Morton/Arborway and Forest Hills Ave changes 3 times.  This makes people run the light (especially those turning left toward the zoo).  Is there a sensor at this light?  If so, it may not be working properly or the sunlight affects it.  The rotary that used to be at this place worked so much better.",POINT (-71.106689950999964 42.300488098000073),-71.106689950999964,42.300488098000073
{2ED0C3C7-99B7-4453-B753-80846CF327BB},8/6/2025 11:58:43.296,,8/6/2025 11:58:43.296,,8/6/2025 11:55:00.000,drives,,other,hard to see pedestrians,"Pedestrian walkways and lights anywhere near this rotary is dangerous.  Who puts a pedestrian walkway where the pedestrian is in a blind spot while turning?  And the traffic lights near the rotary cause the traffic to bunch up.  Combined with that other concern from 2023 which obviously hasn't been addressed, does it mean that this site is useless?  Anybody actually have any vision?  Who designs these roads anyway?",POINT (-71.122183974999984 42.309025819000055),-71.122183974999984,42.309025819000055
{C62E2010-D516-410C-9B5E-6B0CFC8B9974},8/6/2025 17:54:47.800,,8/6/2025 17:54:47.800,,8/6/2025 17:51:00.000,walks,,yieldturn,,I cross this street 4 days a week and cars almost hit me or others almost every time. The walk sign used to come on first and we had a few second of lead time. Now it's the opposite. Cars turn very fast  and are coming close to hitting pedestrians so often ,POINT (-71.066804563999938 42.326765027000079),-71.066804563999938,42.326765027000079
{95A7DEFF-3AB5-4387-AC61-4C811F59F409},8/13/2025 15:40:09.292,,8/13/2025 15:40:09.292,,8/13/2025 15:31:00.000,walks,,runlightssigns,,"At the pedestrian crossing on Park Drive by the Fenway MBTA station, cars often fail to yield to pedestrians crossing, despite the lights signaling to cross. Additionally, and perhaps more concerning, when one vehicle (often a large car or bus) yields and signals for pedestrians to cross, the vehicle behind the stopped car changes to the empty lane and speeds across the pedestrian crossing. The pedestrian has poor visibility of the second lane due to the yielded car. This crossing is extremely dangerous, and I have almost been hit by cars on numerous occasions. Please address this before a serious accident occurs!",POINT (-71.104559497999958 42.345374604000028),-71.104559497999958,42.345374604000028
{14CA099D-217E-46D2-8B28-6B17CB2952BA},9/1/2025 1:51:26.445,,9/1/2025 1:51:26.445,,9/1/2025 1:49:00.000,walks,,notenoughtime,,"it is a major train stop, the walk sign is not long enough for pedestrians and people end up crossing dangerously because there is no room to stand and wait. I have observed this while walking, biking, and as a passenger on the green line. ",POINT (-71.137678981999954 42.348477187000071),-71.137678981999954,42.348477187000071
{74CCE8D1-79C4-4A61-9E3B-C16E6B742EEA},9/1/2025 1:55:33.637,,9/1/2025 1:55:33.637,,9/1/2025 1:51:00.000,walks,,yieldturn,,People don't yield to the train or other vehicles when turning from Commonwealth onto Allston. The Vision Zero crash map has 9+ crashes at this intersection and I have personally observed seven crashes at this intersection in the last thirteen months. I am extremely concerned about safety at this intersection. ,POINT (-71.137737543999947 42.348446213000045),-71.137737543999947,42.348446213000045
{33A09DC9-DC9B-49CF-BF18-8B72B48A249C},9/1/2025 19:59:34.531,,9/1/2025 19:59:34.531,,9/1/2025 19:56:00.000,bikes,,bikefacility,,"There is a bike lane here but the markings are ambiguous. Turning vehicles yell at cyclists and try to force them out of the bike line (because they cannot see them clearly and deny that there is a bike lane, because green paint is not used to clearly mark it)",POINT (-71.073230008999985 42.333515179000074),-71.073230008999985,42.333515179000074
{FE012482-956E-4B81-B7AD-6E3DB07E3FD5},9/2/2025 2:17:30.900,,9/2/2025 2:17:30.900,,9/2/2025 2:15:00.000,walks,,runlightssigns,,"The walk light is very responsive at this intersection. However, from either direction, 2-3 cars will run the red light which makes it dangerous to cross. ",POINT (-71.134228216999986 42.348807095000041),-71.134228216999986,42.348807095000041
{74C1217F-A971-40E4-A4B2-179AC2626EA6},9/2/2025 2:21:22.041,,9/2/2025 2:21:22.041,,9/2/2025 2:18:00.000,walks,,notenoughtime,,"This intersection is incredibly dangerous. There is a major train station, a major bus station, many restaurants and businesses, and a major intersection. There is not enough time for the pedestrians to cross and clear the train platform. Cars overshoot the lights and end up blocking the intersection during the pedestrian light. The entire intersection needs an overhaul. See Coolidge Corner for an example. ",POINT (-71.131007250999971 42.350369884000031),-71.131007250999971,42.350369884000031
{F25D4DD0-DB8D-49EC-823E-835DD32568F5},9/2/2025 2:23:30.553,,9/2/2025 2:23:30.553,,9/2/2025 2:21:00.000,bikes,,doublepark,,"Food delivery vehicles block an already narrow pathway for cars, cyclists, and pedestrians",POINT (-71.131422997999948 42.351152045000049),-71.131422997999948,42.351152045000049
{A5A8EF62-A32B-4D45-946D-D4FD846351E6},9/22/2025 18:14:35.345,,9/22/2025 18:14:35.345,,9/22/2025 17:57:00.000,other,I live 3 stops from stop sign and witness drive through stop sign at excessive speed every single day.  ,other,Cars run stop sign all the time and at excessive speeds. We have had close calls -- a woman pushing a stroller crossing just beyond stop sign -- kids on bicycles heading straight for that curve where the stop sign sits... this happens regularly. ,"1) Drivers do not stop at stop sign and often pick up speed as they approach the sign because of the curve of the road-psychological effect? 2) Excessive speed 3) Has been major cut through for decades after being discovered as VFW Parkway curb replacement was taking place. The increase in cars traveling down our street has increased significantly since then. It is now a thoroughfare--a regular route for too many drivers. Drivers can start their drive on Baker and travel all the ways to Forest Hills via Dwinell, Weld, etc. In summary, Cars failing to stop, excessive speeds, excessive number of cars for our residential neighborhood. ",POINT (-71.164979985999935 42.288729983000053),-71.164979985999935,42.288729983000053
{A9056A36-98C8-4016-87C2-21FE5CF460D5},9/22/2025 21:28:10.097,,9/22/2025 21:28:10.097,,9/22/2025 21:25:00.000,bikes,,bikefacility,,"Navigating down Essex Street from the wonderful bike lanes of back bay towards South Station is a nightmare for cyclists. Fast-moving vehicles make erratic lane changes on this portion of the road, and the bike/bus shared lane is not sufficient for cyclist safety. Additionally, connecting through the intersection of Essex and JFK surface road offers no connectivity, so no matter the route the cyclist chooses, cars are frustrated and aggressive.",POINT (-71.058502669999939 42.352474838000035),-71.058502669999939,42.352474838000035
{143C7C8F-9C06-456A-8066-0FC5C44361AF},9/23/2025 20:27:37.638,,9/23/2025 20:27:37.638,,9/23/2025 20:25:00.000,walks,,notenoughtime,,"People are not given enough time to cross, the wait for the walk sign is too long. In one direction (towards Forest Hills) the walk sign is only 5 seconds, drivers run the light and try to turn while pedestrians are crossing because the walk countdown is so short. ",POINT (-71.093926603999932 42.287643612000068),-71.093926603999932,42.287643612000068
{0CAD187E-DCE4-49B5-A257-217AC3AA7370},9/23/2025 20:30:39.777,,9/23/2025 20:30:39.777,,9/23/2025 20:28:00.000,walks,,runlightssigns,,The walk sign is only 5 seconds crossing Morton St to get to the bus stop at Morton St and Harvard St (in the Forest Hills direction). I worry that someone will get hit here because cars run the light while people are trying to cross. ,POINT (-71.093911181999943 42.287767130000077),-71.093911181999943,42.287767130000077
{96F098FF-DE3E-457A-A34C-7F9570ED4DD7},9/24/2025 13:42:36.388,,9/24/2025 13:42:36.388,,9/24/2025 13:38:00.000,walks,,yieldturn,,this is an incredibly dangerous intersection with two major streets (Commonwealth and Allston) and the MBTA green line station. The cars do not yield to the train when turning onto Allston Street resulting in many dangerous close calls,POINT (-71.137772677999976 42.348521237000057),-71.137772677999976,42.348521237000057
{A3393F58-CA00-40F0-8915-CE07C630C031},9/24/2025 13:46:33.147,,9/24/2025 13:46:33.147,,9/24/2025 13:43:00.000,bikes,,other,"road becomes one-way at this intersection, people ignore it and drive uphill on a one-way street",Brainerd street becomes one-way at Walbridge street. There are two DO NOT ENTER signs but people routinely ignore them. In the last two weeks I have personally observed three vehicles blowing straight through resulting in an incredibly dangerous situation.,POINT (-71.134718980999935 42.346814187000064),-71.134718980999935,42.346814187000064
{C6715AAE-4531-4C8C-B811-BB53497CFF33},9/25/2025 12:09:40.309,,9/25/2025 12:09:40.309,,9/25/2025 12:08:00.000,bikes,,yieldturn,,Northbound cars on South St turning right onto the Arborway don't yield to pedestrians or bikes and frequently block the crosswalks.,POINT (-71.114428068999985 42.301663396000038),-71.114428068999985,42.301663396000038
{448650E4-E23A-44EA-B55E-CFB8AD9AFC1D},9/25/2025 12:11:27.087,,9/25/2025 12:11:27.087,,9/25/2025 12:10:00.000,drives,,speeding,,Speeding cars along Deforest St caused a multi-car accident in the last couple of years. It feels very risky to cross Deforest St as a pedestrian.,POINT (-71.129119868999965 42.266889070000047),-71.129119868999965,42.266889070000047
{E56A0936-2656-4CF6-B24E-C513267E0A8C},9/25/2025 12:13:03.883,,9/25/2025 12:13:03.883,,9/25/2025 12:11:00.000,bikes,,other,Dangerous driving,Vehicles speed very close to cyclists in the bike lane. Drivers cut into the slight curve of the road and take up part of the unprotected bike lane.,POINT (-71.085787276999952 42.343461840000032),-71.085787276999952,42.343461840000032
{F13D972D-C844-47BC-B7A2-C656558DBE86},9/25/2025 12:14:32.462,,9/25/2025 12:14:32.462,,9/25/2025 12:13:00.000,bikes,,doublepark,,Double parked vehicles block the bike lanes and force cyclists into speeding traffic.,POINT (-71.087438340999938 42.346876882000061),-71.087438340999938,42.346876882000061
{997B52FF-DAAD-4E26-812F-5309AFD1AACC},9/26/2025 14:29:15.622,,9/26/2025 14:29:15.622,,9/26/2025 14:25:00.000,walks,,speeding,,"I feel unsafe crossing the intersection at Border and Decatur. Although there are crosswalk signs, many cars still speed. Some cars will speed and then barely break before getting to the crosswalk. Sometimes the cars do not see me as I am crossing because there are cars parks on both sides of the street (parked cars block sight of pedestrians). I am wondering if there could be speed bumps. I think that an additional crosswalk can be added at the intersection because pedestrians will sometimes cross on the other side of Decatur street, too.",POINT (-71.041190004999976 42.373000003000072),-71.041190004999976,42.373000003000072
{BA94C71E-C12D-433A-865B-60D2A90417B4},10/8/2025 3:05:59.436,,10/8/2025 3:05:59.436,,10/8/2025 3:02:00.000,walks,,speeding,,"This is an incredibly dangerous intersection. There is no mechanism to manage the speed of cars on Bunker Hill, so people do not yield for pedestrians because they’re traveling at such high speeds. I have several near misses PER WEEK because of the complete disregard for pedestrians in cross walks.",POINT (-71.062603468999953 42.379001143000039),-71.062603468999953,42.379001143000039
{1CA6B2A5-E716-4438-818D-FADC572132D8},10/14/2025 4:27:20.004,,10/14/2025 4:27:20.004,,10/14/2025 4:22:00.000,bikes,,bikefacility,,"I respectfully request the consideration of installing a Bluebikes station at the East Boston Public Library. This addition would provide equitable access, promote sustainable mobility, and strengthen the library’s role as a central and inclusive hub for learning and community engagement.
I am writing to express my concern about the lack of accessible transportation options to the East Boston Public Library, a key community space for residents, families, and youth. Currently, there is no direct public transportation route serving this location, making it difficult for many community members to reach the library safely and efficiently.",POINT (-71.028188343999943 42.378002256000059),-71.028188343999943,42.378002256000059
{AD76C3A9-339F-4A4C-8CB5-A85E75DEEF29},11/8/2025 14:07:13.006,,11/8/2025 14:07:13.006,,11/8/2025 14:04:00.000,walks,,other,"Roadway, tracks dangerous for bikes, people and cars.","The entire intersection and station area needs repaving, safer rubberized transitions between track and street.",POINT (-71.150859194999953 42.335981401000026),-71.150859194999953,42.335981401000026
{0FE6A5EA-475A-4AAD-A3D3-1E5DC3BC02CC},11/11/2025 1:14:21.065,,11/11/2025 1:14:21.065,,11/11/2025 1:12:00.000,walks,,runlightssigns,,This intersection needs to have the traffic light fully functioning with red/yellow/green. The current situation is dangerous for all users because it is confusing and there is no visibility. ,POINT (-71.033670815999983 42.376840896000033),-71.033670815999983,42.376840896000033
{A0C43D97-1B1F-4171-9FAA-332FAA8B4FEB},11/23/2025 16:36:19.656,,11/23/2025 16:36:19.656,,11/23/2025 16:30:00.000,other,I have lived at this intersection for 4 years,runlightssigns,,"The intersection of Lexington and Border in East Boston needs more traffic control devices. Currently there is one stop sign on the Lexington side and that is not enough. Please, look at the traffic records and you will see the amount of accidents that occur at this intersection regularly. There needs to be either a stop light installed or
more stop signs added in the other directions. This intersection is near a grocery store and school. It is heavily trafficked by both pedestrians and vehicles. I have emailed the office of Gabriela Colletta and they & BTD did not think more traffic devices were needed which is short sighted and ignores the needs of the East Boston community. ",POINT (-71.039876895999953 42.377131701000053),-71.039876895999953,42.377131701000053
{FC0EA71D-A4BC-4BEF-8CA4-0D555CC4FE67},12/1/2025 15:16:29.793,,12/1/2025 15:16:29.793,,12/1/2025 15:12:00.000,walks,,yieldgoing,,"cars constantly speed on Everett street and do not yield, even when pedestrians are in the crosswalk. this is a serious issue because pedestrians are often crossing Everett to enter the Star Market shopping plaza, and there are two schools within a block (German International School and the Gardner Pilot Academy). some sort of speed mitigation is needed on this road",POINT (-71.13581895599998 42.36204254300003),-71.135818955999980,42.362042543000030
{D2BDE079-6ABD-4ED8-A39A-FACCC43098FE},12/12/2025 16:59:09.130,,12/12/2025 16:59:09.130,,12/12/2025 16:57:00.000,drives,,yieldturn,,This crossing is exremely dangerous. People crossing into Park Drive barely ever yield or stop. It's likely that the bike line paint is confusing drivers. Every time I drive through here I see a near collision. ,POINT (-71.099884292999946 42.340807307000034),-71.099884292999946,42.340807307000034
{C9E2D095-BA03-4B6F-AA1B-295D2F1BB16E},12/13/2025 2:52:42.725,,12/13/2025 2:52:42.725,,12/13/2025 2:51:00.000,walks,,runlightssigns,,,POINT (-71.106277618999968 42.304179730000044),-71.106277618999968,42.304179730000044
{1B5D7F49-9D92-4D86-8120-C13C23305359},12/13/2025 2:54:44.878,,12/13/2025 2:54:44.878,,12/13/2025 2:53:00.000,walks,,speeding,,,POINT (-71.106611336999947 42.304429330000062),-71.106611336999947,42.304429330000062
{9017ECDD-7AC7-4627-93CD-9D9E85623438},12/26/2025 17:04:11.518,,12/26/2025 17:04:11.518,,12/26/2025 17:01:00.000,walks,,notenoughtime,,There is no pedestrian phase for the Berkeley St SB approach crosswalk.  ,POINT (-71.074418897999976 42.354026627000053),-71.074418897999976,42.354026627000053
{7472F0CB-0352-4563-AFD3-E6DF3D9DC93D},1/29/2026 14:23:19.284,,1/29/2026 14:23:19.284,,1/29/2026 14:22:00.000,bikes,,bikefacility,,Bike lanes are too narrow entering Boston and cars do not respect them,POINT (-71.070032587999947 42.367520511000066),-71.070032587999947,42.367520511000066
{63968DD7-349C-401B-BBB3-76823A39F01C},1/29/2026 14:25:53.225,,1/29/2026 14:25:53.225,,1/29/2026 14:24:00.000,bikes,,doublepark,,Double parking is rife in the evening and weekends. ,POINT (-71.054409618999955 42.363880982000069),-71.054409618999955,42.363880982000069
{E8C8F4A9-A0BA-4BB3-95E0-33CC8899CFBB},1/29/2026 14:52:49.411,,1/29/2026 14:52:49.411,,1/29/2026 14:51:00.000,bikes,,bikefacility,,Bike lane is narrow and cars do not respect it as they drive fast along this stretch of Cross Street. ,POINT (-71.053459221999958 42.361350629000071),-71.053459221999958,42.361350629000071
{BFBC32E3-2396-40F6-A685-1A12B54BF5EF},1/29/2026 14:56:58.389,,1/29/2026 14:56:58.389,,1/29/2026 14:55:00.000,bikes,,awayfromside,,Pedestrians walk in the bike lane and stand in the bike lane while waiting to cross. Perhaps a wider sidewalk would help? ,POINT (-71.062625224999977 42.352531826000074),-71.062625224999977,42.352531826000074
{3B1E71E7-0CE4-4AC4-9FE1-2794523658DD},1/29/2026 15:01:09.403,,1/29/2026 15:01:09.403,,1/29/2026 14:58:00.000,walks,,other,,Cars block the intersection regularly and do not respect pedestrians crossing with a walk sign. Gridlock is common during the evening rush hour. ,POINT (-71.058437402999971 42.365150500000027),-71.058437402999971,42.365150500000027
{6DF330AB-7865-44EA-9406-1C8271DC6ED2},1/29/2026 15:06:33.167,,1/29/2026 15:06:33.167,,1/29/2026 15:02:00.000,bikes,,runlightssigns,,Cars from Charlestown turning right onto Causeway St run the red turn arrow endangering pedestrians crossing Causeway St and bikes going straight. ,POINT (-71.058655554999973 42.366923516000043),-71.058655554999973,42.366923516000043
{5198AF47-B2D0-4211-8A5C-5931CE346AEF},1/29/2026 15:08:33.510,,1/29/2026 15:08:33.510,,1/29/2026 15:07:00.000,bikes,,runlightssigns,,Cars from Cambridge turning right onto Storrow run the red turn arrow. They endanger both bikes going straight and pedestrians crossing Storrow. ,POINT (-71.068364257999974 42.366676624000036),-71.068364257999974,42.366676624000036
{8B0F9F60-74DE-4C03-B268-A73CE7096C8F},1/29/2026 15:18:39.770,,1/29/2026 15:18:39.770,,1/29/2026 15:08:00.000,bikes,,bikefacility,,"The Comm Ave/Packards corner is dangerous as a bike. Coming from Comm Ave traveling west, there is no good way to turn/follow Comm Ave westward. ",POINT (-71.124516133999975 42.352214833000062),-71.124516133999975,42.352214833000062
{E90BD309-D5CB-4CF7-BFE5-72784D6F3130},1/29/2026 15:23:50.978,,1/29/2026 15:23:50.978,,1/29/2026 15:20:00.000,walks,,visibility,,Cars park illegally on the south corner in the striped lines outside Dino's and the crosswalk. This makes it difficult for pedestrians to see and for cars to turn from Salem right onto Prince.  ,POINT (-71.055389515999934 42.365085926000063),-71.055389515999934,42.365085926000063
{195E4707-B6BB-40DE-AA97-CC4F4B7879CD},1/29/2026 15:30:35.960,,1/29/2026 15:30:35.960,,1/29/2026 15:28:00.000,bikes,,bikefacility,,"There are many lanes for cars/parking, we need a two-way bike lane here. As is, we share the lanes with cars and they act unpredictably as they look for parking on either side. ",POINT (-71.069780464999951 42.356814696000072),-71.069780464999951,42.356814696000072
{28665403-D0EA-44AB-A6EA-2BF6D4CCC365},1/29/2026 15:38:50.557,,1/29/2026 15:38:50.557,,1/29/2026 15:37:00.000,bikes,,bikefacility,,"This business district in JP could use a proper protected bike lane. As is, we are cheek by jowl with cars. ",POINT (-71.114424944999939 42.311367272000041),-71.114424944999939,42.311367272000041
{C7432B63-F9F4-451E-8986-BFEE2082D3D5},1/29/2026 15:41:13.995,,1/29/2026 15:41:13.995,,1/29/2026 15:40:00.000,bikes,,bikefacility,,We need a proper connection for bikes between the esplanade and the emerald necklace.,POINT (-71.09212789999998 42.349682306000034),-71.092127899999980,42.349682306000034
{43774BA6-991F-45FF-9DB1-2F11B0377DAE},1/29/2026 20:42:47.634,,1/29/2026 20:42:47.634,,1/29/2026 20:02:00.000,bikes,,speeding,,"Cars often speed when turning onto Charles Street, creating unsafe conditions for pedestrians. More visible signage is needed to remind drivers to slow down and yield. Someone tragically lost their life at this exact location last year, yet no meaningful safety improvements have been made.

The area between the liquor store and barbershop is frequently chaotic. Illegal parking forces cyclists onto sidewalks, which are already narrowed by business activities and parked mopeds. This pushes pedestrians into the street just to pass through.

Speeding vehicles, blocked sidewalks, and poor enforcement create a serious safety hazard. Traffic calming measures, clearer signage, better parking enforcement, and improved pedestrian and bike infrastructure are urgently needed.",POINT (-71.060033319999945 42.300760652000065),-71.060033319999945,42.300760652000065
{169BE06F-D3C0-47AD-BFBA-C30D4956CA06},2/4/2026 2:27:36.807,,2/4/2026 2:27:36.807,,2/4/2026 2:23:00.000,drives,,doublepark,,Double parking gets really bad on the weekends and holiday's and the nearby connecting streets. ,POINT (-71.073982612999941 42.340106946000049),-71.073982612999941,42.340106946000049
{CF6EA5D5-FCCB-4AE6-B22A-AC60AA1A4DC3},2/6/2026 14:27:56.535,,2/6/2026 14:27:56.535,,2/6/2026 14:21:00.000,walks,,runlightssigns,,"The following things happen on a daily basis:
- After the left turn light has turned red, multiple cars are still turning left from the bridge onto Commercial St., even as the walk sign is on and pedestrians are waiting to cross Commercial. 
- Cars from both Endicott St. and N. Washington St. are turning right while they have a red light and there is a walk sign for pedestrians crossing Commercial, and they are not yielding to pedestrians or trying to speed through, only to slam on the brakes / almost hit pedestrians
- Cars on Commercial St. turning right onto the bridge will not yield to pedestrians when there is a red light for them and a walk signal for pedestrians crossing Commercial.",POINT (-71.058373923999966 42.367025740000031),-71.058373923999966,42.367025740000031
{891E4D7F-271B-41EF-ACC3-9E544FA78AF1},2/11/2026 15:13:31.757,,2/11/2026 15:13:31.757,,2/11/2026 15:07:00.000,walks,,visibility,,"It's very difficult for pedestrians to cross the street because of a)  low visibility due to parked cars and b) excess speeding in the area. I Street has become a major cut through with backups regularly occurring during afternoon commuting hours. Often, traffic is backed up onto 1st Street, which further adds to visibility issues for pedestrians.  ",POINT (-71.039983294999956 42.338070448000053),-71.039983294999956,42.338070448000053
{732AF62B-D320-4555-8421-0D091256BB98},2/14/2026 13:06:48.506,,2/14/2026 13:06:48.506,,2/14/2026 13:04:00.000,walks,,speeding,,This road Linden Street is a cut through to the highway and people use it as such. Families are walking with their kids while people are speeding up to Cambridge street. We need more crosswalks with those nice blinking lights and speed bumps ,POINT (-71.130052313999954 42.35432098800004),-71.130052313999954,42.354320988000040
{3B3DA47B-C63A-4547-B4B8-5649BCE036B8},2/14/2026 13:09:06.982,,2/14/2026 13:09:06.982,,2/14/2026 13:07:00.000,walks,,yieldturn,,"This intersection is crazy! I have almost been hit crossing cambridge street from the highway sign so many times. It is like a five lane road and no one expects pedestrians. So people turning from where the 525 Line building is, left onto Cambridge street blow right through the crosswalk without care.",POINT (-71.128094541999985 42.357321732000059),-71.128094541999985,42.357321732000059
{023FCF02-A80F-4FBE-9267-0BB8846EE69E},2/14/2026 13:10:19.628,,2/14/2026 13:10:19.628,,2/14/2026 13:09:00.000,walks,,walksignal,,It needs to be made clearer that you HAVE to push the button or you won’t get the walk. And then once you do push the button it takes so long for the light to change.,POINT (-71.130232321999983 42.35277635500006),-71.130232321999983,42.352776355000060
{D9685247-3081-4DA3-8927-767DABBD3D6C},2/14/2026 13:11:44.469,,2/14/2026 13:11:44.469,,2/14/2026 13:10:00.000,walks,,runlightssigns,,Coming from packages corner direction down comm ave this is no turn on red but the sign is barely visible from the linden supérette and no one cares. So you can fully have the walk and cars fully have the red and then they just drive into you to turn right on red onto linden street  ,POINT (-71.130190410999944 42.352879982000047),-71.130190410999944,42.352879982000047
{9EC82E9F-3011-4830-AD26-DB7E2F5670DE},2/14/2026 13:14:27.887,,2/14/2026 13:14:27.887,,2/14/2026 13:11:00.000,walks,,awayfromside,,"Makes nooo sense that you have to walk down Cambridge street to the light, cross, and then go back up Cambridge street to access the foot bridge that connects Allston to so many essential resources in lower Allston. Literally no one does that they play frogged across the street even with children. This city needs to work for pedestrians the cars can honestly wait. You should be able to get cross right over to meet the footbridge. If you’re in a wheelchair going down the hill just to go back up it is heinous or if you have a stroller or groceries or grocery cart. It needs to change.",POINT (-71.131870908999986 42.355909420000046),-71.131870908999986,42.355909420000046
{F9C15E4D-51CB-4390-A83C-482E9D28854D},2/19/2026 3:50:49.999,,2/19/2026 3:50:49.999,,2/19/2026 3:47:00.000,uses an assistive device,,runlightssigns,,People have sped through this particular intersection even when they have a red light indicating for them to completely stop. ,POINT (-71.073490853999942 42.352066506000028),-71.073490853999942,42.352066506000028
{FF53E864-77FC-4460-83EC-34D059CCD68F},2/23/2026 12:16:36.677,,2/23/2026 12:16:36.677,,2/23/2026 12:10:00.000,drives,,visibility,,intersection at Soldier Monument on Centre Street & South Street needs a traffic light to allow vehicles to turn left or right. And Parking around The Monument inhibits drivers from seeing oncoming traffic. ,POINT (-71.115730280999969 42.309331793000069),-71.115730280999969,42.309331793000069
{104070FF-6F7F-4E8B-A732-A31CD91015D1},2/28/2026 23:02:10.617,,2/28/2026 23:02:10.617,,2/28/2026 23:00:00.000,walks,,speeding,,People speed and don't yield to pedestrians at the pedestrian crossing,POINT (-71.093714939999984 42.340778893000049),-71.093714939999984,42.340778893000049
{B40D58CC-0EF5-489C-8AE5-08609F624601},2/28/2026 23:05:25.005,,2/28/2026 23:05:25.005,,2/28/2026 23:04:00.000,walks,,speeding,,People speed and don't yield to pedestrians in the crosswalk,POINT (-71.092122786999937 42.34142692000006),-71.092122786999937,42.341426920000060
{FF8FE760-F059-4F82-B920-97C15D9974CE},3/18/2026 16:55:49.267,,3/18/2026 16:55:49.267,,3/18/2026 16:54:00.000,walks,,bikefacility,,Bike lanes need new flex posts - drivers blocking lanes,POINT (-71.054892416999962 42.359193116000029),-71.054892416999962,42.359193116000029
{B910446C-B178-4FBA-914F-B2FE05FC4033},3/18/2026 17:59:03.676,,3/18/2026 17:59:03.676,,3/18/2026 17:56:00.000,walks,,speeding,,The crosswalk at LaGrange St and Westmount Ave in West Roxbury is an accident waiting to happen for a pedestrian. Cars speed through and do not stop. The city is well aware of this issue.,POINT (-71.160815018999983 42.282600003000027),-71.160815018999983,42.282600003000027
{09746D39-5933-4969-ADAB-68855AF30547},3/22/2026 17:33:26.103,,3/22/2026 17:33:26.103,,3/22/2026 17:31:00.000,bikes,,other,Gas powered mopeds riding in bike lane,"This is an issue all over the city, not just on Boylston street. ",POINT (-71.076257510999937 42.350386054000069),-71.076257510999937,42.350386054000069
{EBE38FAD-7EF7-4A33-B5A0-AFA3BD82ED89},4/2/2026 15:33:40.399,,4/2/2026 15:33:40.399,,4/2/2026 15:32:00.000,walks,,yieldturn,,"just such a dangerous intersection. cars race in front of pedestrians trying to get the bus stop, trader joes, the library, etc. this intersection needs to change and slow down cars.",POINT (-71.128064209999934 42.357334751000053),-71.128064209999934,42.357334751000053
{7E1926ED-33C7-4455-B810-E38FC4D4C15A},4/7/2026 15:03:59.509,,4/7/2026 15:03:59.509,,4/7/2026 15:02:00.000,bikes,,yieldturn,,I have been yelled at by drivers when crossing Arborway N/S with a ""walk"" sign. Drivers will not yield to pedestrians and cyclists using the crosswalk.,POINT (-71.11429127599996 42.301593963000073),-71.114291275999960,42.301593963000073
{463B5022-1514-4907-83BA-5EA5902FE385},4/27/2026 22:32:36.447,,4/27/2026 22:32:36.447,,4/27/2026 22:30:00.000,walks,,speeding,,"So many people driving bike in the parks and toddlers are walking around. The park rule written that there are no bikes or vehicles allowed wheel. And police stood and then do nothing. I walk and almost a bike hit me and my dog , it was next to me 3 feet when the teen riding the gas scooter at 40 miles/ hours",POINT (-71.073358728999949 42.285594458000048),-71.073358728999949,42.285594458000048
{960144A6-BFD5-4528-ACB0-F7A9A517DF6D},5/7/2026 15:22:15.376,,5/7/2026 15:22:15.376,,5/7/2026 15:16:00.000,walks,,visibility,,"It is very hard for cars to see when they are turning onto Corey Road from Bellvista Road, particularly from the north but also from the south if a vehicle is pulled over on the eastbound side of Corey. Cars also often drive far too fast on Corey, particularly downhill on either side of Summit St. I live at this corner and there are accidents all the time, and just now there was a serious one - a car flipped over onto a parked car after being clipped by a turning car whose driver had an obstructed view. It’s a danger not just to drivers but to residents, and this neighborhood has many small children. I think this should be a 4-way stop.",POINT (-71.13651903899995 42.345591335000051),-71.136519038999950,42.345591335000051
{51F5DFCD-7C39-4BEB-8E5C-47318186D816},5/10/2026 22:36:10.356,,5/10/2026 22:36:10.356,,5/10/2026 22:24:00.000,walks,,runlightssigns,,"Almost all drivers coming down Webster St approaching Orleans St take a right turn onto Orleans. The traffic on Orleans has no stop sign, and many drivers coming down Webster get fixated looking left and roll into the intersection as they turn right without looking for pedestrians or coming to a stop.

I’ve watched a couple dozen close calls and have had quite a for myself and my dogs as a pedestrian. What’s particularly frightening is that the drivers rolling through the stop sign often don’t even seem to realize they came just a couple feet from hitting a pedestrian and continue their turn without every looking to the right.

I don’t know if a four-way stop would help here, or if something else would be a better solution, but it’s hard to imagine someone won’t get hit at some point if something doesn’t change, especially as ride-share traffic picks up from the Tall Ship",POINT (-71.038478648999956 42.367374159000065),-71.038478648999956,42.367374159000065
{CC52DB7D-F96E-4056-A1D7-59DD86C52E35},5/18/2026 17:37:37.127,,5/18/2026 17:37:37.127,,5/18/2026 17:35:00.000,drives,,visibility,,Nearly impossible to see cyclists in the bike lane while I’m taking a right turn at a green light. The cars parked on the side of the road lead to little or no visibility of who or what is in the bike lane. ,POINT (-71.112249816999963 42.323926768000035),-71.112249816999963,42.323926768000035
{439E881B-5E04-4B55-9E79-D38C0D374DC2},5/22/2026 14:42:24.109,,5/22/2026 14:42:24.109,,5/22/2026 14:40:00.000,walks,,runlightssigns,,"People turn right from Oak Square onto Faneuil without stopping, slowing down, or looking for pedestrians. 
",POINT (-71.167557710999972 42.35117934200008),-71.167557710999972,42.351179342000080
{03E86E52-6334-4A17-B2AE-38C983A861AD},5/22/2026 14:59:36.151,,5/22/2026 14:59:36.151,,5/22/2026 14:57:00.000,walks,,speeding,,Cars use Nonantum St as a cut through to get to Oak Square from Waverly St. Many go WAY too fast down the street. This is especially dangerous with pedestrians crossing the street to get to and from the Rev. James J Murphy path that leads to the 57/501/503 bus stops.,POINT (-71.172211175999962 42.349983308000049),-71.172211175999962,42.349983308000049
{053DEA29-C1F6-41F9-8B39-9D59D2C0640D},5/22/2026 15:05:26.508,,5/22/2026 15:05:26.508,,5/22/2026 15:02:00.000,drives,,speeding,,"Cars come flying down Faneuil Street between Parsons St & Oak Square way above the speed limit, ignoring the cross walks and the low-visibility turns from side streets.  Mitigated during rush hour by traffic volumes, but especially dangerous during business hours, evenings, and weekends. ",POINT (-71.162759781999966 42.352438893000055),-71.162759781999966,42.352438893000055
{A76C81D4-6160-44E0-9A95-FE5D73535DD1},5/22/2026 16:51:19.525,,5/22/2026 16:51:19.525,,5/22/2026 16:49:00.000,drives,,runlightssigns,,"With a blinking yellow and periodic red light at this intersection, I and my neighbors continually witness:
• Vehicles proceeding through red lights on Centre Street
• Confusion regarding left-turn procedures from Louders Lane
• Drivers unsure who has the legal right of way
• Vehicles ignoring flashing pedestrian signals nearby
• Delayed or inconsistent signal changes, especially on weekends
• Concerns involving pedestrians, cyclists, families, and school children

My concerns have increased with a recent incident in which my neighbor's vehicle was struck by another going through the red light, while he had the right of way exiting Louders Lane onto Centre Street. His car was totaled, but thankfully did not experience serious injuries. ",POINT (-71.124454668999988 42.306074515000034),-71.124454668999988,42.306074515000034
{A9E77908-1346-4B71-9BB8-B7654E045F9F},6/4/2026 18:04:26.938,,6/4/2026 18:04:26.938,,6/4/2026 17:54:00.000,drives,,visibility,,"This intersection, and many others along Meridian St., and specially those organized along  acute and/or obtuse angles and geometries (`triangle intersections') are hard for drivers to navigate and require strained head turning and bad visibility. Maybe some type of geometry changes, corner parking elimination, curb extensions, might help and also create new public spaces there (increase the ROW real-estate for pedestrians and adjacent businesses), whilst helping drivers in navigating safer intersection for crossing and merging traffic. e.g., perpendicular intersections there and/or off-sets

",POINT (-71.039029831999983 42.372136089000037),-71.039029831999983,42.372136089000037
{FFD34CB5-DAE4-4DAD-9E21-BC0F4FDB7FBF},6/4/2026 18:22:57.886,,6/4/2026 18:22:57.886,,6/4/2026 18:16:00.000,walks,,speeding,,"people often drive at high speeds along this street, Border st., and feels unsafe for pedestrians and bicyclists. The street seems to wide for its purpose and might benefit form some dieting, and perhaps new bike lane, buffered or on sidewalk, linking Central Square with the highly used Lopresti park. Also, mid-block crossings might be very effective in elongated blocks in East Boston, like those found along Border and other streets there. Start with improving conditions for pedestrians, midblock crossings, then worry about bicycle facilities (that seems to be a political hot topic here).",POINT (-71.041183645999979 42.373011937000058),-71.041183645999979,42.373011937000058
{2D8DD8F7-51B4-4B8F-BFC4-2779931F0AAD},6/5/2026 17:42:41.886,,6/5/2026 17:42:41.886,,6/5/2026 17:21:00.000,bikes,,other,very confusing intersection and access/egress to/from Maverick Square  for pedestrians and bicyclists.,"Unclear pathways into and out from the Square. The entire Square should be redesigned with pedestrians in mind so as to function as a real 'Square', and realign re-accommodate bus feeder routes to be less disruptive of communal space and of pedestrians and bicyclists flow; whilst still functioning as a key transit hub for the city. This is essentially an urban design problem, and thinking 'outside the box' is needed, including repositioning bus access routes and stops along perpendicular local roads to the West of the Square....among other changes that will require coordination and dialogue with MBTA. The city needs to adopt a modal hierarchy policy: pedestrians --> transit --> automobiles. The changes in bus feeder routes and stop locations will not necessarily change current route nor dwell times if well designed and coordinated with MBTA; the city needs to assist in evolving this transit hub into a more dignified Square/Plaza for residents, visitors, and those transferring ",POINT (-71.038986916999988 42.370201055000052),-71.038986916999988,42.370201055000052
{86A21434-D8AC-4C4C-B2E4-573BF331F656},6/9/2026 20:47:58.142,,6/9/2026 20:47:58.142,,6/9/2026 20:39:00.000,drives,,speeding,,"Hello,
I have lived on Richmond Street for 8 years now and am increasingly alarmed about the drivers who speed on the street despite stop signs at the three-way intersection with Butler Street. Several neighbors and I have discussed this and want to understand what action(s) can be taken. Suggestions include trimming the trees on the south side of Richmond Steet before Butler to improve visibility of the stop sign; painting STOP on the road before the stop lines in all three locations at the intersection; and, adding a speed bump.
Today, June 9, I spoke with Liam in City Councilor John FitzGerald's office and he promised to mention it to the Councilman. Also, Liam gave me the address for the Boston Transportation Department and I will mail a letter tomorrow with the message above.
I appreciate your attention.
Deborah Kane
100 Richmond St
Boston, MA 02124
M 617.716.9619",POINT (-71.064625042999978 42.274738331000037),-71.064625042999978,42.274738331000037
{5CD9B126-61AB-47AA-9AD7-F627057A9788},6/10/2026 1:09:24.855,,6/10/2026 1:09:24.855,,6/10/2026 0:59:00.000,walks,,other,Daily near-miss pedestrian hazard at Border St & Central Sq. Drivers often roll stop sign and enter crosswalk while people are crossing. Frequent unsafe conditions needing Vision Zero review.,"I am submitting a serious pedestrian safety concern for Border Street and Central Square in East Boston.

I cross this intersection multiple times per day and regularly experience near-miss incidents where vehicles fail to fully stop at the stop sign and enter or encroach into the marked crosswalk while pedestrians are actively crossing. This is a consistent daily pattern of unsafe driver behavior and failure to yield.

This creates a high-risk pedestrian environment at a residential crossing with frequent foot traffic.

There has also been a confirmed fatal pedestrian crash at the nearby intersection of Meridian Street and Central Square within the past year, indicating elevated risk in this corridor.

Given repeated near-misses, stop-sign noncompliance, and proximity to a recent fatality, I request urgent Vision Zero review as a connected safety corridor, including enforcement and engineering interventions such as daylighting, curb extensions, or raised crosswalks.",POINT (-71.039624301999936 42.375425072000041),-71.039624301999936,42.375425072000041
{FD55C56E-CEE2-4FC0-8A82-E2A2E01BE40F},6/12/2026 11:07:29.782,,6/12/2026 11:07:29.782,,6/12/2026 11:00:00.000,other,resident,runlightssigns,,"I'm a longtime resident at this corner, and I have concerns about the constant speeding on Richmond Street. People do not stop at the stop signs between dusk and dawn. Late night racing is a problem. ",POINT (-71.064875597999958 42.274677290000056),-71.064875597999958,42.274677290000056
{BCE84E63-04CB-414C-BD91-65645FB2A84C},6/12/2026 18:35:09.087,,6/12/2026 18:35:09.087,,6/12/2026 18:24:00.000,walks,,runlightssigns,,"Drivers routinely run the stop signs at the intersection of Richmond and Butler Streets. Drivers speed down these streets every day, all day. Drivers have hit telephone poles, trees, and parked cars along these streets. Our own car was smashed into by an out of control driver a couple of years ago when it was parked on Richmond. Walking in the crosswalk feels dangerous since drivers don't even slow down at the stop signs. At one point these streets were on the list for speed bump installation but then we were removed from the list. No idea why since it would help the situation here. There is a school at the corner of Richmond and Dorchester, there are children and elderly in the neighborhood. People just want to feel safe walking and living here.",POINT (-71.064864870999941 42.274619708000046),-71.064864870999941,42.274619708000046
{A4132D81-1E64-4D23-ADC5-A9FBAF7C3264},6/17/2026 21:53:11.061,,6/17/2026 21:53:11.061,,6/17/2026 21:49:00.000,walks,,speeding,,"I was nearly hit by a cyclist speeding down the sidewalk, going at least 20 mph. She then proceeded to flip me off for not getting out of her way and then nearly plowed through a crowd of pedestrians behind me, as well as another cyclist. She also looked like she was wearing scrubs so I assume she works at one of the hospitals nearby. I'm sorry - how is this behavior ok? ",POINT (-71.112604128999976 42.332924973000047),-71.112604128999976,42.332924973000047
{277B24FA-B442-497A-81A5-9AF556261204},6/29/2026 13:28:05.147,,6/29/2026 13:28:05.147,,6/29/2026 13:24:00.000,walks,,speeding,,"I live on Horace and countless people are bypassing Bennington St by taking Horace St (between Harmony St and Moore St).  They are driving well above the speed limit and there are children on this road.  We need some drive slow signage.  Would be nice to have someone monitor the speed people are driving on this road.

",POINT (-71.01990215099994 42.381229502000053),-71.019902150999940,42.381229502000053
{2A99DD2F-DAFC-4EC6-A516-262A53B77C3D},7/9/2026 22:36:48.503,,7/9/2026 22:36:48.503,,7/9/2026 22:32:00.000,bikes,,bikefacility,,"The entire bike lane along Cambridge St. near MGH is essentially serving as a pick-up and drop-off area for drivers (including Ubers, taxis, also private vehicles) who collect or drop off patients at MGH or are just getting their takeout. Every. Single. Time that I walk or bike down this street, the lanes are completely blocked with multiple drivers stopped. I often ask them to move/remind them that it's a bike lane and just get the same response: that it's none of my business. I've reported this to Boston 311 many times and have still never seen anyone ticketed. This bike lane is a joke.",POINT (-71.065285438999979 42.361297217000072),-71.065285438999979,42.361297217000072
{A02B5C03-EF37-4B57-A86A-F680DDE77521},7/9/2026 22:41:28.219,,7/9/2026 22:41:28.219,,7/9/2026 22:39:00.000,walks,,runlightssigns,,Delivery drivers often shoot through this intersection at red lights or weave in and out of bike lanes on this street. I feel very unsafe walking here.,POINT (-71.063774819999935 42.361309901000027),-71.063774819999935,42.361309901000027
{D9EDD2A0-E58F-44DC-9140-39457559A22A},7/10/2026 12:31:00.697,,7/10/2026 12:31:00.697,,7/10/2026 12:29:00.000,bikes,,bikefacility,,The bike lane is so potholed that you need a mountain bike to navigate it. Or else bike in the middle of the road in front of cars.,POINT (-71.077181572999962 42.344178821000071),-71.077181572999962,42.344178821000071
{B69DA714-4125-433F-A9CF-863074FCEC59},7/10/2026 13:24:43.031,,7/10/2026 13:24:43.031,,7/10/2026 13:17:00.000,walks,,visibility,,"at the corner of Amory Street and School Street in Jamaica Plain, the crosswalk is not very visible to people coming up the hill from the south. it's a very dangerous pedestrian crossing with a lot of school-age kids. we really need a push button flasher to warn people in cars that someone is crossing the street. It's only a matter of time before there is a pedestrian fatality. at the very least it needs daylighting",POINT (-71.101934799999981 42.317671200000063),-71.101934799999981,42.317671200000063
{E61F522F-5D7A-49E0-B7D1-D621D92023B9},7/10/2026 21:15:20.483,,7/10/2026 21:15:20.483,,7/10/2026 20:49:00.000,bikes,,bikefacility,,"The whole stretch of Washington Street around the Egleston Square area (particularly from Columbus Ave to Forest Hills St) is very dangerous for bikes - there's no bike lane, the street is narrow and there is heavy traffic at nearly all hours. 

After getting doored on this stretch a few years back (despite riding at 10mph, using lights and being aware of my surroundings) and getting a concussion, I've avoided riding on this street despite the convenience it would offer. I hope that someday it will be safe to ride once again. ",POINT (-71.099243630999979 42.314853491000065),-71.099243630999979,42.314853491000065
{7C229B87-FDB6-4437-98C5-EFDFC40AD2D1},7/10/2026 21:20:34.494,,7/10/2026 21:20:34.494,,7/10/2026 21:17:00.000,walks,,speeding,,"Drivers and motorcycles/mopeds speed constantly on MLK Jr Blvd, throughout the day but also at night - I live near the street so I hear them racing past again and again throughout the night. I wish there were some speed bumps or other traffic calming measures to slow people down in the stretches between the traffic lights. ",POINT (-71.090494277999937 42.32088961200003),-71.090494277999937,42.320889612000030
{17A95025-3904-409A-812B-31029B29E2A4},7/10/2026 21:28:21.684,,7/10/2026 21:28:21.684,,7/10/2026 21:22:00.000,bikes,,roadwaymaint,,"Most of Magazine Street, but especially the part between Cedric Street and Mass Ave, has so many potholes (and old sewer drains that rise up instead of laying flat) that it's difficult and unsafe to bike - bikers are forced to veer into the center of the lane because the potholes take up the usual biking space. There are so many potholes I don't even know where to start with a 311 pothole request- the whole stretch of street just needs to be repaved. For anyone working or visiting 1010, improving this stretch would mean a safer way to commute. ",POINT (-71.070953388999953 42.326882792000049),-71.070953388999953,42.326882792000049
{E17BFC60-4290-424D-9C74-736BEE3A8437},7/13/2026 14:59:59.740,,7/13/2026 14:59:59.740,,7/13/2026 14:57:00.000,bikes,,bikefacility,,Columbus Ave after Ruggles needs substantial improvement. The roadway needs to be paved and maintenanced. The bike lanes are not usable due to the conditions and bikes are at risk of being doored. This requires cyclists to ride in the middle of the lane in front of cars which is not safe. ,POINT (-71.074252726999987 42.34667145800006),-71.074252726999987,42.346671458000060
{377572CB-1400-405E-8CD2-8A5DE8052F75},7/13/2026 15:01:07.741,,7/13/2026 15:01:07.741,,7/13/2026 15:00:00.000,bikes,,bikefacility,,"Being at the end of the SW corridor, Dartmouth St NEEDS appropriate bike travel lanes in both directions to either Stuart St or Columbus. ",POINT (-71.075820351999937 42.347109685000078),-71.075820351999937,42.347109685000078
{AAF8C932-AD6D-4484-8403-7B2512C611B5},7/13/2026 15:06:37.686,,7/13/2026 15:06:37.686,,7/13/2026 15:03:00.000,walks,,speeding,,People speed much faster than posted limits in a very residential and pedestrian heavy roadway. There should be a limit of 25 mph and speed humps. ,POINT (-71.10567752999998 42.328080360000058),-71.105677529999980,42.328080360000058
{1821E5B8-6865-4AC3-A6AF-CB7CD09308E0},7/13/2026 15:35:30.764,,7/13/2026 15:35:30.764,,7/10/2026 21:28:00.000,walks,,runlightssigns,,"I work at 1010 so I go through this intersection about twice a day. When the light switches to red and the pedestrian crossing light turns on, at least one and sometimes two cars run the red light, especially at the morning and evening rush hours. Pedestrians are constantly at risk crossing here. I wish someday there could be cameras that would catch license plates every time someone runs the light.",POINT (-71.067885924999985 42.328040409000039),-71.067885924999985,42.328040409000039
{02E69DBA-3626-4D62-B1F8-7C1CFD810796},7/14/2026 19:39:36.791,,7/14/2026 19:39:36.791,,7/14/2026 19:33:00.000,bikes,,bikefacility,,Bikes need protection approaching the curb cut to the sidewalk for the Arborway. Vehicles will drive over the buffer and the bike lane in advance of the roadway widening from one lane to two. I was nearly hit when a vehicle sped past me just as I was approaching the curb cut. Putting some sort of barrier (flexpost or a raised curb) in the buffer would prevent vehicles from entering the second lane too soon and endangering bicyclists.,POINT (-71.117999723999958 42.302623739000069),-71.117999723999958,42.302623739000069
{B4026FDC-F502-4120-B762-A4CE019FF776},7/14/2026 19:46:25.768,,7/14/2026 19:46:25.768,,7/14/2026 19:42:00.000,bikes,,sidewalk,,"I avoid the rotary by traveling between the Arborway carriage road and Orchard St. Admittedly, I bike the wrong way on Orchard St, but this is safer than biking on the Arborway north of Center St. But having a crosswalk and RRFB across Center St at Orchard St would make things safer for me. It would also put a crosswalk where there are bus stops. The nearest crosswalk is ~500' at Ballard St.",POINT (-71.120119257999988 42.309059423000065),-71.120119257999988,42.309059423000065
{57F39758-0187-409E-9921-1E2BF63833E4},7/14/2026 19:52:34.332,,7/14/2026 19:52:34.332,,7/14/2026 19:50:00.000,bikes,,bikefacility,,"The Emerald Necklace pathway is halfway covered by overgrown bushes. It reduces the path to a single lane, which is unsafe because it is around a corner (so sight lines are limited) and on a hill, so bicyclists going downhill are going fast and may not see a bicyclist coming up the hill.",POINT (-71.112125525999943 42.328211901000032),-71.112125525999943,42.328211901000032
{E4A1ACF2-6CE4-4CE7-95A2-7D37133769E5},7/15/2026 20:57:29.514,,7/15/2026 20:57:29.514,,7/15/2026 20:53:00.000,walks,,notenoughtime,,Drivers turning right are not respecting the crosswalk signals. Crossing needs to be divided up to allow for shorter walking segments for pedestrians who aren’t as fast. ,POINT (-71.059801186999948 42.363022845000046),-71.059801186999948,42.363022845000046
{70629CB6-6EBC-40C4-A12D-91BA0E437811},7/17/2026 16:31:02.761,,7/17/2026 16:31:02.761,,7/17/2026 16:29:00.000,drives,,visibility,,I live on Alcott Street and it is always very difficult to see if cars/bikes are coming down Franklin street in either direction because cars are parked too close to the intersection. This seems like a perfect spot for some curb extensions to improve visibility and safety,POINT (-71.133009071999936 42.357742291000079),-71.133009071999936,42.357742291000079
{08F50222-064B-405D-B621-D81A2253A464},7/18/2026 0:38:14.768,,7/18/2026 0:38:14.768,,7/18/2026 0:36:00.000,walks,,speeding,,This turn is dangerous and people speed up and down during rush hour ,POINT (-71.017079963999947 42.380890014000045),-71.017079963999947,42.380890014000045
